{"encodedId":"6CB4CS","displayName":"Sarah C.","gender":"FEMALE","dateOfBirth":"1997-02-18","age":22,"height":63.77952755905512,"weight":0.0,"strideLengthWalking":26.338582677165356,"strideLengthRunning":39.13385826771653,"fullName":"Sarah Cook","firstName":"Sarah","lastName":"Cook","displayNameSetting":"name","memberSince":[2018,1,11],"timezone":"America/Los_Angeles","offsetFromUTCMillis":-28800000,"locale":"en_US","weightUnit":"en_US","distanceUnit":"en_US","heightUnit":"en_US","glucoseUnit":"en_US","swimUnit":"en_US","startDayOfWeek":"SUNDAY","topBadges":[{"encodedId":"228TPW","badgeType":"DAILY_STEPS","value":35000,"timesAchieved":1,"dateTime":"2018-03-24","image50px":"https://static0.fitbit.com/images/badges_new/badge_daily_steps35k.png","image75px":"https://static0.fitbit.com/images/badges_new/75px/badge_daily_steps35k.png","image100px":"https://static0.fitbit.com/images/badges_new/100px/badge_daily_steps35k.png","image125px":"https://static0.fitbit.com/images/badges_new/125px/badge_daily_steps35k.png","image300px":"https://static0.fitbit.com/images/badges_new/300px/badge_daily_steps35k.png","shareImage640px":"https://static0.fitbit.com/images/badges_new/386px/shareLocalized/en_US/badge_daily_steps35k.png","name":"Hiking Boot (35,000 steps in a day)","shortName":"Hiking Boot","earnedMessage":"Congrats on earning your first Hiking Boot badge!","description":"35,000 steps in a day","shortDescription":"35,000 steps","mobileDescription":"Woot, woot! There's no mountain you can't climb and no goal you can't get.","marketingDescription":"You've walked 35,000 steps  And earned the Hiking Boot badge!","category":"Daily Steps","shareText":"I took 35,000 steps and earned the Hiking Boot badge! #Fitbit","badgeGradientStartColor":"D24958","badgeGradientEndColor":"FF677C"},{"encodedId":"22B8MD","badgeType":"LIFETIME_DISTANCE","value":990,"unit":"MILES","timesAchieved":1,"dateTime":"2018-06-28","image50px":"https://static0.fitbit.com/images/badges_new/badge_lifetime_miles990.png","image75px":"https://static0.fitbit.com/images/badges_new/75px/badge_lifetime_miles990.png","image100px":"https://static0.fitbit.com/images/badges_new/100px/badge_lifetime_miles990.png","image125px":"https://static0.fitbit.com/images/badges_new/125px/badge_lifetime_miles990.png","image300px":"https://static0.fitbit.com/images/badges_new/300px/badge_lifetime_miles990.png","shareImage640px":"https://static0.fitbit.com/images/badges_new/386px/shareLocalized/en_US/badge_lifetime_miles990.png","name":"New Zealand (990 lifetime miles)","shortName":"New Zealand","earnedMessage":"Whoa! You've earned the New Zealand badge!","description":"990 lifetime miles","shortDescription":"990 miles","mobileDescription":"You've walked the entire length of New Zealand.","marketingDescription":"By reaching 990 lifetime miles, you've earned the New Zealand badge!","category":"Lifetime Distance","shareText":"I covered 990 miles with my #Fitbit and earned the New Zealand badge.","badgeGradientStartColor":"D99123","badgeGradientEndColor":"FFDB01"}],"averageDailySteps":16258,"strideLengthWalkingType":"default","strideLengthRunningType":"manual","clockTimeDisplayFormat":"TWELVE_HOUR","child":false}