[{
  "dateTime" : "07/23/18 09:17:00",
  "value" : "10"
},{
  "dateTime" : "07/23/18 09:31:00",
  "value" : "10"
},{
  "dateTime" : "07/23/18 09:32:00",
  "value" : "10"
},{
  "dateTime" : "07/23/18 09:33:00",
  "value" : "20"
},{
  "dateTime" : "07/23/18 11:38:00",
  "value" : "30"
},{
  "dateTime" : "07/23/18 11:39:00",
  "value" : "10"
},{
  "dateTime" : "07/23/18 13:40:00",
  "value" : "10"
},{
  "dateTime" : "07/23/18 13:41:00",
  "value" : "30"
},{
  "dateTime" : "07/23/18 15:15:00",
  "value" : "10"
},{
  "dateTime" : "07/23/18 17:22:00",
  "value" : "20"
},{
  "dateTime" : "07/23/18 17:23:00",
  "value" : "10"
},{
  "dateTime" : "07/23/18 17:40:00",
  "value" : "10"
},{
  "dateTime" : "07/23/18 18:30:00",
  "value" : "10"
},{
  "dateTime" : "07/23/18 18:38:00",
  "value" : "10"
},{
  "dateTime" : "07/23/18 18:45:00",
  "value" : "10"
},{
  "dateTime" : "07/23/18 20:55:00",
  "value" : "20"
},{
  "dateTime" : "07/23/18 20:56:00",
  "value" : "10"
},{
  "dateTime" : "07/23/18 23:09:00",
  "value" : "20"
},{
  "dateTime" : "07/24/18 02:07:00",
  "value" : "10"
},{
  "dateTime" : "07/24/18 02:08:00",
  "value" : "20"
},{
  "dateTime" : "07/24/18 09:44:00",
  "value" : "20"
},{
  "dateTime" : "07/24/18 09:47:00",
  "value" : "10"
},{
  "dateTime" : "07/24/18 09:48:00",
  "value" : "10"
},{
  "dateTime" : "07/24/18 12:29:00",
  "value" : "10"
},{
  "dateTime" : "07/24/18 12:40:00",
  "value" : "10"
},{
  "dateTime" : "07/24/18 13:58:00",
  "value" : "10"
},{
  "dateTime" : "07/24/18 14:01:00",
  "value" : "10"
},{
  "dateTime" : "07/24/18 14:02:00",
  "value" : "20"
},{
  "dateTime" : "07/24/18 18:10:00",
  "value" : "10"
},{
  "dateTime" : "07/24/18 19:02:00",
  "value" : "10"
},{
  "dateTime" : "07/24/18 19:55:00",
  "value" : "20"
},{
  "dateTime" : "07/24/18 20:49:00",
  "value" : "10"
},{
  "dateTime" : "07/24/18 21:04:00",
  "value" : "10"
},{
  "dateTime" : "07/24/18 21:05:00",
  "value" : "20"
},{
  "dateTime" : "07/25/18 14:45:00",
  "value" : "10"
},{
  "dateTime" : "07/25/18 14:46:00",
  "value" : "10"
},{
  "dateTime" : "07/25/18 14:47:00",
  "value" : "10"
},{
  "dateTime" : "07/25/18 14:48:00",
  "value" : "10"
},{
  "dateTime" : "07/25/18 16:07:00",
  "value" : "10"
},{
  "dateTime" : "07/25/18 16:33:00",
  "value" : "10"
},{
  "dateTime" : "07/25/18 16:34:00",
  "value" : "10"
},{
  "dateTime" : "07/25/18 16:40:00",
  "value" : "20"
},{
  "dateTime" : "07/25/18 20:36:00",
  "value" : "10"
},{
  "dateTime" : "07/25/18 21:36:00",
  "value" : "10"
},{
  "dateTime" : "07/25/18 21:37:00",
  "value" : "30"
},{
  "dateTime" : "07/25/18 21:38:00",
  "value" : "20"
},{
  "dateTime" : "07/25/18 21:39:00",
  "value" : "20"
},{
  "dateTime" : "07/25/18 21:45:00",
  "value" : "10"
},{
  "dateTime" : "07/25/18 21:46:00",
  "value" : "10"
},{
  "dateTime" : "07/25/18 22:30:00",
  "value" : "10"
},{
  "dateTime" : "07/25/18 22:31:00",
  "value" : "10"
},{
  "dateTime" : "07/25/18 22:37:00",
  "value" : "10"
},{
  "dateTime" : "07/25/18 22:38:00",
  "value" : "10"
},{
  "dateTime" : "07/25/18 22:41:00",
  "value" : "10"
},{
  "dateTime" : "07/25/18 22:42:00",
  "value" : "10"
},{
  "dateTime" : "07/25/18 23:09:00",
  "value" : "20"
},{
  "dateTime" : "07/25/18 23:11:00",
  "value" : "20"
},{
  "dateTime" : "07/26/18 07:26:00",
  "value" : "10"
},{
  "dateTime" : "07/26/18 07:28:00",
  "value" : "10"
},{
  "dateTime" : "07/26/18 10:38:00",
  "value" : "10"
},{
  "dateTime" : "07/26/18 10:40:00",
  "value" : "20"
},{
  "dateTime" : "07/26/18 10:52:00",
  "value" : "10"
},{
  "dateTime" : "07/26/18 10:53:00",
  "value" : "10"
},{
  "dateTime" : "07/26/18 11:10:00",
  "value" : "20"
},{
  "dateTime" : "07/26/18 11:25:00",
  "value" : "10"
},{
  "dateTime" : "07/26/18 11:30:00",
  "value" : "10"
},{
  "dateTime" : "07/26/18 11:31:00",
  "value" : "10"
},{
  "dateTime" : "07/26/18 11:39:00",
  "value" : "10"
},{
  "dateTime" : "07/26/18 11:40:00",
  "value" : "20"
},{
  "dateTime" : "07/26/18 11:42:00",
  "value" : "10"
},{
  "dateTime" : "07/26/18 11:43:00",
  "value" : "10"
},{
  "dateTime" : "07/26/18 11:54:00",
  "value" : "10"
},{
  "dateTime" : "07/26/18 11:56:00",
  "value" : "20"
},{
  "dateTime" : "07/26/18 13:03:00",
  "value" : "10"
},{
  "dateTime" : "07/26/18 13:18:00",
  "value" : "10"
},{
  "dateTime" : "07/26/18 13:26:00",
  "value" : "10"
},{
  "dateTime" : "07/26/18 14:55:00",
  "value" : "10"
},{
  "dateTime" : "07/26/18 15:03:00",
  "value" : "10"
},{
  "dateTime" : "07/26/18 15:13:00",
  "value" : "10"
},{
  "dateTime" : "07/26/18 15:18:00",
  "value" : "10"
},{
  "dateTime" : "07/26/18 16:27:00",
  "value" : "10"
},{
  "dateTime" : "07/26/18 16:35:00",
  "value" : "10"
},{
  "dateTime" : "07/26/18 17:00:00",
  "value" : "10"
},{
  "dateTime" : "07/26/18 19:26:00",
  "value" : "10"
},{
  "dateTime" : "07/26/18 19:27:00",
  "value" : "20"
},{
  "dateTime" : "07/26/18 19:28:00",
  "value" : "10"
},{
  "dateTime" : "07/26/18 23:08:00",
  "value" : "10"
},{
  "dateTime" : "07/26/18 23:11:00",
  "value" : "10"
},{
  "dateTime" : "07/27/18 07:35:00",
  "value" : "10"
},{
  "dateTime" : "07/27/18 07:36:00",
  "value" : "20"
},{
  "dateTime" : "07/27/18 07:44:00",
  "value" : "10"
},{
  "dateTime" : "07/27/18 10:29:00",
  "value" : "10"
},{
  "dateTime" : "07/27/18 15:27:00",
  "value" : "10"
},{
  "dateTime" : "07/27/18 15:41:00",
  "value" : "10"
},{
  "dateTime" : "07/27/18 16:14:00",
  "value" : "10"
},{
  "dateTime" : "07/27/18 18:06:00",
  "value" : "30"
},{
  "dateTime" : "07/27/18 18:34:00",
  "value" : "10"
},{
  "dateTime" : "07/27/18 18:49:00",
  "value" : "10"
},{
  "dateTime" : "07/27/18 20:50:00",
  "value" : "40"
},{
  "dateTime" : "07/28/18 15:02:00",
  "value" : "20"
},{
  "dateTime" : "07/28/18 15:27:00",
  "value" : "10"
},{
  "dateTime" : "07/28/18 15:53:00",
  "value" : "10"
},{
  "dateTime" : "07/28/18 16:09:00",
  "value" : "10"
},{
  "dateTime" : "07/28/18 16:46:00",
  "value" : "10"
},{
  "dateTime" : "07/28/18 16:52:00",
  "value" : "10"
},{
  "dateTime" : "07/28/18 16:58:00",
  "value" : "10"
},{
  "dateTime" : "07/28/18 17:10:00",
  "value" : "10"
},{
  "dateTime" : "07/28/18 20:09:00",
  "value" : "10"
},{
  "dateTime" : "07/28/18 20:10:00",
  "value" : "10"
},{
  "dateTime" : "07/28/18 21:58:00",
  "value" : "20"
},{
  "dateTime" : "07/28/18 21:59:00",
  "value" : "20"
},{
  "dateTime" : "07/28/18 22:04:00",
  "value" : "10"
},{
  "dateTime" : "07/29/18 09:18:00",
  "value" : "30"
},{
  "dateTime" : "07/29/18 09:19:00",
  "value" : "10"
},{
  "dateTime" : "07/29/18 14:16:00",
  "value" : "10"
},{
  "dateTime" : "07/29/18 14:17:00",
  "value" : "30"
},{
  "dateTime" : "07/29/18 18:45:00",
  "value" : "20"
},{
  "dateTime" : "07/29/18 18:46:00",
  "value" : "20"
},{
  "dateTime" : "07/30/18 00:14:00",
  "value" : "10"
},{
  "dateTime" : "07/30/18 00:15:00",
  "value" : "20"
},{
  "dateTime" : "07/30/18 00:56:00",
  "value" : "20"
},{
  "dateTime" : "07/30/18 01:55:00",
  "value" : "10"
},{
  "dateTime" : "07/30/18 01:56:00",
  "value" : "10"
},{
  "dateTime" : "07/30/18 02:02:00",
  "value" : "20"
},{
  "dateTime" : "07/30/18 09:23:00",
  "value" : "20"
},{
  "dateTime" : "07/30/18 09:24:00",
  "value" : "20"
},{
  "dateTime" : "07/30/18 13:03:00",
  "value" : "10"
},{
  "dateTime" : "07/30/18 13:04:00",
  "value" : "20"
},{
  "dateTime" : "07/30/18 17:23:00",
  "value" : "30"
},{
  "dateTime" : "07/30/18 18:06:00",
  "value" : "10"
},{
  "dateTime" : "07/30/18 18:21:00",
  "value" : "10"
},{
  "dateTime" : "07/30/18 21:34:00",
  "value" : "10"
},{
  "dateTime" : "07/30/18 22:58:00",
  "value" : "10"
},{
  "dateTime" : "07/30/18 23:31:00",
  "value" : "10"
},{
  "dateTime" : "07/30/18 23:32:00",
  "value" : "10"
},{
  "dateTime" : "07/30/18 23:33:00",
  "value" : "20"
},{
  "dateTime" : "07/30/18 23:41:00",
  "value" : "10"
},{
  "dateTime" : "07/30/18 23:45:00",
  "value" : "30"
},{
  "dateTime" : "07/30/18 23:46:00",
  "value" : "10"
},{
  "dateTime" : "07/31/18 07:42:00",
  "value" : "10"
},{
  "dateTime" : "07/31/18 08:57:00",
  "value" : "10"
},{
  "dateTime" : "07/31/18 19:03:00",
  "value" : "20"
},{
  "dateTime" : "07/31/18 19:05:00",
  "value" : "10"
},{
  "dateTime" : "07/31/18 19:25:00",
  "value" : "10"
},{
  "dateTime" : "07/31/18 19:26:00",
  "value" : "10"
},{
  "dateTime" : "07/31/18 19:27:00",
  "value" : "10"
},{
  "dateTime" : "07/31/18 19:28:00",
  "value" : "10"
},{
  "dateTime" : "07/31/18 20:01:00",
  "value" : "10"
},{
  "dateTime" : "07/31/18 20:07:00",
  "value" : "10"
},{
  "dateTime" : "07/31/18 20:08:00",
  "value" : "10"
},{
  "dateTime" : "07/31/18 21:21:00",
  "value" : "20"
},{
  "dateTime" : "07/31/18 21:50:00",
  "value" : "20"
},{
  "dateTime" : "07/31/18 21:51:00",
  "value" : "10"
},{
  "dateTime" : "07/31/18 22:52:00",
  "value" : "10"
},{
  "dateTime" : "07/31/18 22:53:00",
  "value" : "10"
},{
  "dateTime" : "08/01/18 01:30:00",
  "value" : "30"
},{
  "dateTime" : "08/01/18 01:31:00",
  "value" : "10"
},{
  "dateTime" : "08/01/18 09:26:00",
  "value" : "40"
},{
  "dateTime" : "08/01/18 14:12:00",
  "value" : "20"
},{
  "dateTime" : "08/01/18 14:13:00",
  "value" : "10"
},{
  "dateTime" : "08/01/18 14:49:00",
  "value" : "10"
},{
  "dateTime" : "08/01/18 15:07:00",
  "value" : "10"
},{
  "dateTime" : "08/01/18 18:15:00",
  "value" : "10"
},{
  "dateTime" : "08/01/18 20:17:00",
  "value" : "10"
},{
  "dateTime" : "08/01/18 22:38:00",
  "value" : "10"
},{
  "dateTime" : "08/01/18 22:39:00",
  "value" : "10"
},{
  "dateTime" : "08/01/18 22:48:00",
  "value" : "10"
},{
  "dateTime" : "08/01/18 22:52:00",
  "value" : "10"
},{
  "dateTime" : "08/01/18 22:53:00",
  "value" : "10"
},{
  "dateTime" : "08/01/18 22:58:00",
  "value" : "10"
},{
  "dateTime" : "08/01/18 22:59:00",
  "value" : "20"
},{
  "dateTime" : "08/01/18 23:25:00",
  "value" : "20"
},{
  "dateTime" : "08/02/18 09:37:00",
  "value" : "10"
},{
  "dateTime" : "08/02/18 09:38:00",
  "value" : "30"
},{
  "dateTime" : "08/02/18 15:14:00",
  "value" : "30"
},{
  "dateTime" : "08/02/18 15:15:00",
  "value" : "10"
},{
  "dateTime" : "08/02/18 17:35:00",
  "value" : "10"
},{
  "dateTime" : "08/02/18 19:19:00",
  "value" : "10"
},{
  "dateTime" : "08/02/18 19:20:00",
  "value" : "10"
},{
  "dateTime" : "08/02/18 19:58:00",
  "value" : "30"
},{
  "dateTime" : "08/02/18 19:59:00",
  "value" : "10"
},{
  "dateTime" : "08/02/18 22:04:00",
  "value" : "10"
},{
  "dateTime" : "08/02/18 22:07:00",
  "value" : "20"
},{
  "dateTime" : "08/02/18 22:13:00",
  "value" : "10"
},{
  "dateTime" : "08/03/18 01:14:00",
  "value" : "10"
},{
  "dateTime" : "08/03/18 01:16:00",
  "value" : "10"
},{
  "dateTime" : "08/03/18 01:22:00",
  "value" : "10"
},{
  "dateTime" : "08/03/18 01:23:00",
  "value" : "20"
},{
  "dateTime" : "08/03/18 12:12:00",
  "value" : "10"
},{
  "dateTime" : "08/03/18 13:13:00",
  "value" : "10"
},{
  "dateTime" : "08/03/18 14:00:00",
  "value" : "10"
},{
  "dateTime" : "08/03/18 14:25:00",
  "value" : "20"
},{
  "dateTime" : "08/03/18 14:26:00",
  "value" : "20"
},{
  "dateTime" : "08/03/18 15:35:00",
  "value" : "10"
},{
  "dateTime" : "08/03/18 15:36:00",
  "value" : "20"
},{
  "dateTime" : "08/03/18 16:33:00",
  "value" : "20"
},{
  "dateTime" : "08/03/18 16:34:00",
  "value" : "10"
},{
  "dateTime" : "08/03/18 17:31:00",
  "value" : "10"
},{
  "dateTime" : "08/03/18 17:32:00",
  "value" : "20"
},{
  "dateTime" : "08/03/18 18:11:00",
  "value" : "10"
},{
  "dateTime" : "08/03/18 19:02:00",
  "value" : "10"
},{
  "dateTime" : "08/03/18 19:43:00",
  "value" : "10"
},{
  "dateTime" : "08/03/18 19:59:00",
  "value" : "10"
},{
  "dateTime" : "08/03/18 20:04:00",
  "value" : "10"
},{
  "dateTime" : "08/03/18 22:50:00",
  "value" : "10"
},{
  "dateTime" : "08/03/18 22:51:00",
  "value" : "10"
},{
  "dateTime" : "08/04/18 01:43:00",
  "value" : "10"
},{
  "dateTime" : "08/04/18 01:44:00",
  "value" : "10"
},{
  "dateTime" : "08/04/18 03:51:00",
  "value" : "40"
},{
  "dateTime" : "08/04/18 15:01:00",
  "value" : "10"
},{
  "dateTime" : "08/04/18 18:41:00",
  "value" : "10"
},{
  "dateTime" : "08/04/18 18:42:00",
  "value" : "10"
},{
  "dateTime" : "08/04/18 18:47:00",
  "value" : "40"
},{
  "dateTime" : "08/05/18 07:58:00",
  "value" : "10"
},{
  "dateTime" : "08/05/18 09:08:00",
  "value" : "10"
},{
  "dateTime" : "08/05/18 14:12:00",
  "value" : "10"
},{
  "dateTime" : "08/05/18 14:14:00",
  "value" : "20"
},{
  "dateTime" : "08/05/18 14:20:00",
  "value" : "10"
},{
  "dateTime" : "08/05/18 14:41:00",
  "value" : "30"
},{
  "dateTime" : "08/05/18 14:42:00",
  "value" : "10"
},{
  "dateTime" : "08/05/18 14:43:00",
  "value" : "10"
},{
  "dateTime" : "08/05/18 14:51:00",
  "value" : "10"
},{
  "dateTime" : "08/05/18 15:32:00",
  "value" : "10"
},{
  "dateTime" : "08/05/18 15:34:00",
  "value" : "20"
},{
  "dateTime" : "08/05/18 15:35:00",
  "value" : "20"
},{
  "dateTime" : "08/05/18 15:36:00",
  "value" : "10"
},{
  "dateTime" : "08/05/18 18:17:00",
  "value" : "10"
},{
  "dateTime" : "08/05/18 20:58:00",
  "value" : "10"
},{
  "dateTime" : "08/05/18 21:02:00",
  "value" : "10"
},{
  "dateTime" : "08/05/18 21:03:00",
  "value" : "10"
},{
  "dateTime" : "08/05/18 21:08:00",
  "value" : "20"
},{
  "dateTime" : "08/05/18 21:09:00",
  "value" : "10"
},{
  "dateTime" : "08/06/18 08:50:00",
  "value" : "30"
},{
  "dateTime" : "08/06/18 09:31:00",
  "value" : "20"
},{
  "dateTime" : "08/06/18 09:32:00",
  "value" : "20"
},{
  "dateTime" : "08/06/18 13:00:00",
  "value" : "10"
},{
  "dateTime" : "08/06/18 13:50:00",
  "value" : "10"
},{
  "dateTime" : "08/06/18 17:46:00",
  "value" : "10"
},{
  "dateTime" : "08/06/18 17:50:00",
  "value" : "10"
},{
  "dateTime" : "08/06/18 17:51:00",
  "value" : "30"
},{
  "dateTime" : "08/06/18 18:14:00",
  "value" : "10"
},{
  "dateTime" : "08/06/18 18:21:00",
  "value" : "10"
},{
  "dateTime" : "08/06/18 18:22:00",
  "value" : "10"
},{
  "dateTime" : "08/06/18 18:31:00",
  "value" : "10"
},{
  "dateTime" : "08/06/18 18:32:00",
  "value" : "10"
},{
  "dateTime" : "08/06/18 18:39:00",
  "value" : "10"
},{
  "dateTime" : "08/06/18 18:40:00",
  "value" : "20"
},{
  "dateTime" : "08/06/18 18:43:00",
  "value" : "10"
},{
  "dateTime" : "08/06/18 20:25:00",
  "value" : "10"
},{
  "dateTime" : "08/06/18 21:12:00",
  "value" : "20"
},{
  "dateTime" : "08/06/18 21:53:00",
  "value" : "10"
},{
  "dateTime" : "08/06/18 21:55:00",
  "value" : "10"
},{
  "dateTime" : "08/06/18 23:51:00",
  "value" : "10"
},{
  "dateTime" : "08/06/18 23:52:00",
  "value" : "10"
},{
  "dateTime" : "08/07/18 01:47:00",
  "value" : "10"
},{
  "dateTime" : "08/07/18 01:48:00",
  "value" : "10"
},{
  "dateTime" : "08/07/18 07:47:00",
  "value" : "10"
},{
  "dateTime" : "08/07/18 19:48:00",
  "value" : "40"
},{
  "dateTime" : "08/07/18 22:39:00",
  "value" : "20"
},{
  "dateTime" : "08/07/18 22:40:00",
  "value" : "10"
},{
  "dateTime" : "08/08/18 09:57:00",
  "value" : "10"
},{
  "dateTime" : "08/08/18 10:12:00",
  "value" : "10"
},{
  "dateTime" : "08/08/18 10:15:00",
  "value" : "10"
},{
  "dateTime" : "08/08/18 10:19:00",
  "value" : "10"
},{
  "dateTime" : "08/08/18 10:26:00",
  "value" : "20"
},{
  "dateTime" : "08/08/18 10:54:00",
  "value" : "20"
},{
  "dateTime" : "08/08/18 12:09:00",
  "value" : "20"
},{
  "dateTime" : "08/08/18 12:18:00",
  "value" : "10"
},{
  "dateTime" : "08/08/18 12:59:00",
  "value" : "10"
},{
  "dateTime" : "08/08/18 13:23:00",
  "value" : "10"
},{
  "dateTime" : "08/08/18 13:57:00",
  "value" : "10"
},{
  "dateTime" : "08/08/18 14:10:00",
  "value" : "10"
},{
  "dateTime" : "08/08/18 14:24:00",
  "value" : "20"
},{
  "dateTime" : "08/08/18 14:26:00",
  "value" : "10"
},{
  "dateTime" : "08/08/18 14:38:00",
  "value" : "10"
},{
  "dateTime" : "08/08/18 14:39:00",
  "value" : "20"
},{
  "dateTime" : "08/08/18 18:50:00",
  "value" : "30"
},{
  "dateTime" : "08/08/18 18:51:00",
  "value" : "10"
},{
  "dateTime" : "08/08/18 20:52:00",
  "value" : "10"
},{
  "dateTime" : "08/08/18 20:53:00",
  "value" : "30"
},{
  "dateTime" : "08/08/18 23:09:00",
  "value" : "10"
},{
  "dateTime" : "08/09/18 02:38:00",
  "value" : "10"
},{
  "dateTime" : "08/09/18 03:00:00",
  "value" : "10"
},{
  "dateTime" : "08/09/18 04:52:00",
  "value" : "40"
},{
  "dateTime" : "08/09/18 10:11:00",
  "value" : "10"
},{
  "dateTime" : "08/09/18 10:23:00",
  "value" : "30"
},{
  "dateTime" : "08/09/18 10:24:00",
  "value" : "10"
},{
  "dateTime" : "08/09/18 10:54:00",
  "value" : "10"
},{
  "dateTime" : "08/09/18 11:07:00",
  "value" : "10"
},{
  "dateTime" : "08/09/18 11:29:00",
  "value" : "10"
},{
  "dateTime" : "08/09/18 11:36:00",
  "value" : "10"
},{
  "dateTime" : "08/09/18 11:41:00",
  "value" : "30"
},{
  "dateTime" : "08/09/18 12:06:00",
  "value" : "30"
},{
  "dateTime" : "08/09/18 12:36:00",
  "value" : "10"
},{
  "dateTime" : "08/09/18 12:46:00",
  "value" : "10"
},{
  "dateTime" : "08/09/18 12:47:00",
  "value" : "10"
},{
  "dateTime" : "08/09/18 13:35:00",
  "value" : "10"
},{
  "dateTime" : "08/09/18 13:49:00",
  "value" : "10"
},{
  "dateTime" : "08/09/18 13:50:00",
  "value" : "20"
},{
  "dateTime" : "08/09/18 13:55:00",
  "value" : "10"
},{
  "dateTime" : "08/09/18 13:56:00",
  "value" : "20"
},{
  "dateTime" : "08/09/18 18:55:00",
  "value" : "10"
},{
  "dateTime" : "08/09/18 18:56:00",
  "value" : "10"
},{
  "dateTime" : "08/09/18 21:50:00",
  "value" : "10"
},{
  "dateTime" : "08/10/18 11:36:00",
  "value" : "20"
},{
  "dateTime" : "08/10/18 12:55:00",
  "value" : "10"
},{
  "dateTime" : "08/10/18 14:06:00",
  "value" : "10"
},{
  "dateTime" : "08/10/18 14:37:00",
  "value" : "10"
},{
  "dateTime" : "08/10/18 15:23:00",
  "value" : "10"
},{
  "dateTime" : "08/10/18 15:26:00",
  "value" : "10"
},{
  "dateTime" : "08/10/18 16:50:00",
  "value" : "10"
},{
  "dateTime" : "08/10/18 17:34:00",
  "value" : "10"
},{
  "dateTime" : "08/10/18 18:29:00",
  "value" : "10"
},{
  "dateTime" : "08/10/18 19:02:00",
  "value" : "10"
},{
  "dateTime" : "08/10/18 19:03:00",
  "value" : "10"
},{
  "dateTime" : "08/10/18 19:04:00",
  "value" : "10"
},{
  "dateTime" : "08/10/18 19:29:00",
  "value" : "10"
},{
  "dateTime" : "08/10/18 23:46:00",
  "value" : "10"
},{
  "dateTime" : "08/10/18 23:49:00",
  "value" : "10"
},{
  "dateTime" : "08/11/18 08:29:00",
  "value" : "10"
},{
  "dateTime" : "08/11/18 10:07:00",
  "value" : "10"
},{
  "dateTime" : "08/11/18 10:09:00",
  "value" : "10"
},{
  "dateTime" : "08/11/18 10:10:00",
  "value" : "10"
},{
  "dateTime" : "08/11/18 10:11:00",
  "value" : "10"
},{
  "dateTime" : "08/11/18 10:13:00",
  "value" : "10"
},{
  "dateTime" : "08/11/18 10:15:00",
  "value" : "10"
},{
  "dateTime" : "08/11/18 10:16:00",
  "value" : "10"
},{
  "dateTime" : "08/11/18 10:17:00",
  "value" : "10"
},{
  "dateTime" : "08/11/18 10:18:00",
  "value" : "10"
},{
  "dateTime" : "08/11/18 10:20:00",
  "value" : "20"
},{
  "dateTime" : "08/11/18 10:21:00",
  "value" : "10"
},{
  "dateTime" : "08/11/18 10:22:00",
  "value" : "20"
},{
  "dateTime" : "08/11/18 10:23:00",
  "value" : "60"
},{
  "dateTime" : "08/11/18 10:24:00",
  "value" : "10"
},{
  "dateTime" : "08/11/18 10:26:00",
  "value" : "10"
},{
  "dateTime" : "08/11/18 10:31:00",
  "value" : "10"
},{
  "dateTime" : "08/11/18 10:32:00",
  "value" : "50"
},{
  "dateTime" : "08/11/18 10:34:00",
  "value" : "10"
},{
  "dateTime" : "08/11/18 10:35:00",
  "value" : "20"
},{
  "dateTime" : "08/11/18 10:39:00",
  "value" : "20"
},{
  "dateTime" : "08/11/18 10:40:00",
  "value" : "20"
},{
  "dateTime" : "08/11/18 10:41:00",
  "value" : "30"
},{
  "dateTime" : "08/11/18 10:42:00",
  "value" : "30"
},{
  "dateTime" : "08/11/18 10:43:00",
  "value" : "20"
},{
  "dateTime" : "08/11/18 10:44:00",
  "value" : "10"
},{
  "dateTime" : "08/11/18 10:45:00",
  "value" : "20"
},{
  "dateTime" : "08/11/18 10:46:00",
  "value" : "30"
},{
  "dateTime" : "08/11/18 10:47:00",
  "value" : "20"
},{
  "dateTime" : "08/11/18 10:48:00",
  "value" : "20"
},{
  "dateTime" : "08/11/18 10:49:00",
  "value" : "10"
},{
  "dateTime" : "08/11/18 10:50:00",
  "value" : "10"
},{
  "dateTime" : "08/11/18 10:52:00",
  "value" : "10"
},{
  "dateTime" : "08/11/18 10:54:00",
  "value" : "10"
},{
  "dateTime" : "08/11/18 10:58:00",
  "value" : "20"
},{
  "dateTime" : "08/11/18 10:59:00",
  "value" : "10"
},{
  "dateTime" : "08/11/18 11:00:00",
  "value" : "20"
},{
  "dateTime" : "08/11/18 11:02:00",
  "value" : "10"
},{
  "dateTime" : "08/11/18 11:03:00",
  "value" : "10"
},{
  "dateTime" : "08/11/18 11:05:00",
  "value" : "20"
},{
  "dateTime" : "08/11/18 11:06:00",
  "value" : "10"
},{
  "dateTime" : "08/11/18 12:20:00",
  "value" : "10"
},{
  "dateTime" : "08/11/18 15:01:00",
  "value" : "10"
},{
  "dateTime" : "08/11/18 15:06:00",
  "value" : "10"
},{
  "dateTime" : "08/11/18 15:13:00",
  "value" : "10"
},{
  "dateTime" : "08/11/18 15:15:00",
  "value" : "10"
},{
  "dateTime" : "08/11/18 15:24:00",
  "value" : "10"
},{
  "dateTime" : "08/11/18 21:36:00",
  "value" : "10"
},{
  "dateTime" : "08/12/18 08:26:00",
  "value" : "10"
},{
  "dateTime" : "08/12/18 08:27:00",
  "value" : "10"
},{
  "dateTime" : "08/12/18 08:28:00",
  "value" : "10"
},{
  "dateTime" : "08/12/18 08:30:00",
  "value" : "10"
},{
  "dateTime" : "08/12/18 08:31:00",
  "value" : "20"
},{
  "dateTime" : "08/12/18 08:32:00",
  "value" : "20"
},{
  "dateTime" : "08/12/18 08:33:00",
  "value" : "10"
},{
  "dateTime" : "08/12/18 08:34:00",
  "value" : "10"
},{
  "dateTime" : "08/12/18 08:35:00",
  "value" : "10"
},{
  "dateTime" : "08/12/18 08:39:00",
  "value" : "10"
},{
  "dateTime" : "08/12/18 08:40:00",
  "value" : "20"
},{
  "dateTime" : "08/12/18 08:41:00",
  "value" : "40"
},{
  "dateTime" : "08/12/18 08:42:00",
  "value" : "30"
},{
  "dateTime" : "08/12/18 08:43:00",
  "value" : "20"
},{
  "dateTime" : "08/12/18 08:46:00",
  "value" : "10"
},{
  "dateTime" : "08/12/18 08:47:00",
  "value" : "10"
},{
  "dateTime" : "08/12/18 08:51:00",
  "value" : "30"
},{
  "dateTime" : "08/12/18 08:52:00",
  "value" : "30"
},{
  "dateTime" : "08/12/18 08:54:00",
  "value" : "10"
},{
  "dateTime" : "08/12/18 08:55:00",
  "value" : "20"
},{
  "dateTime" : "08/12/18 08:59:00",
  "value" : "10"
},{
  "dateTime" : "08/12/18 09:00:00",
  "value" : "30"
},{
  "dateTime" : "08/12/18 09:01:00",
  "value" : "20"
},{
  "dateTime" : "08/12/18 09:02:00",
  "value" : "40"
},{
  "dateTime" : "08/12/18 09:03:00",
  "value" : "20"
},{
  "dateTime" : "08/12/18 09:04:00",
  "value" : "10"
},{
  "dateTime" : "08/12/18 09:05:00",
  "value" : "20"
},{
  "dateTime" : "08/12/18 09:06:00",
  "value" : "30"
},{
  "dateTime" : "08/12/18 09:07:00",
  "value" : "20"
},{
  "dateTime" : "08/12/18 09:08:00",
  "value" : "20"
},{
  "dateTime" : "08/12/18 09:09:00",
  "value" : "10"
},{
  "dateTime" : "08/12/18 09:10:00",
  "value" : "10"
},{
  "dateTime" : "08/12/18 09:11:00",
  "value" : "10"
},{
  "dateTime" : "08/12/18 09:12:00",
  "value" : "10"
},{
  "dateTime" : "08/12/18 09:14:00",
  "value" : "10"
},{
  "dateTime" : "08/12/18 09:16:00",
  "value" : "20"
},{
  "dateTime" : "08/12/18 09:17:00",
  "value" : "10"
},{
  "dateTime" : "08/12/18 09:18:00",
  "value" : "20"
},{
  "dateTime" : "08/12/18 09:19:00",
  "value" : "10"
},{
  "dateTime" : "08/12/18 09:20:00",
  "value" : "10"
},{
  "dateTime" : "08/12/18 09:21:00",
  "value" : "10"
},{
  "dateTime" : "08/12/18 09:22:00",
  "value" : "20"
},{
  "dateTime" : "08/12/18 09:23:00",
  "value" : "10"
},{
  "dateTime" : "08/12/18 11:06:00",
  "value" : "10"
},{
  "dateTime" : "08/12/18 14:32:00",
  "value" : "10"
},{
  "dateTime" : "08/12/18 14:36:00",
  "value" : "10"
},{
  "dateTime" : "08/12/18 14:42:00",
  "value" : "10"
},{
  "dateTime" : "08/12/18 15:32:00",
  "value" : "10"
},{
  "dateTime" : "08/12/18 15:45:00",
  "value" : "10"
},{
  "dateTime" : "08/12/18 15:53:00",
  "value" : "10"
},{
  "dateTime" : "08/12/18 16:05:00",
  "value" : "10"
},{
  "dateTime" : "08/12/18 16:09:00",
  "value" : "10"
},{
  "dateTime" : "08/12/18 16:12:00",
  "value" : "10"
},{
  "dateTime" : "08/12/18 17:27:00",
  "value" : "10"
},{
  "dateTime" : "08/12/18 17:59:00",
  "value" : "10"
},{
  "dateTime" : "08/12/18 18:50:00",
  "value" : "10"
},{
  "dateTime" : "08/12/18 19:10:00",
  "value" : "10"
},{
  "dateTime" : "08/12/18 19:22:00",
  "value" : "10"
},{
  "dateTime" : "08/12/18 19:30:00",
  "value" : "10"
},{
  "dateTime" : "08/12/18 21:15:00",
  "value" : "10"
},{
  "dateTime" : "08/12/18 22:37:00",
  "value" : "10"
},{
  "dateTime" : "08/13/18 09:14:00",
  "value" : "10"
},{
  "dateTime" : "08/13/18 11:55:00",
  "value" : "10"
},{
  "dateTime" : "08/13/18 13:57:00",
  "value" : "10"
},{
  "dateTime" : "08/13/18 15:49:00",
  "value" : "10"
},{
  "dateTime" : "08/13/18 15:54:00",
  "value" : "10"
},{
  "dateTime" : "08/13/18 16:44:00",
  "value" : "10"
},{
  "dateTime" : "08/13/18 16:54:00",
  "value" : "10"
},{
  "dateTime" : "08/13/18 16:56:00",
  "value" : "10"
},{
  "dateTime" : "08/13/18 17:01:00",
  "value" : "10"
},{
  "dateTime" : "08/13/18 18:13:00",
  "value" : "10"
},{
  "dateTime" : "08/13/18 18:15:00",
  "value" : "10"
},{
  "dateTime" : "08/13/18 18:22:00",
  "value" : "10"
},{
  "dateTime" : "08/13/18 18:25:00",
  "value" : "10"
},{
  "dateTime" : "08/13/18 18:26:00",
  "value" : "10"
},{
  "dateTime" : "08/13/18 18:32:00",
  "value" : "10"
},{
  "dateTime" : "08/13/18 18:46:00",
  "value" : "10"
},{
  "dateTime" : "08/13/18 18:47:00",
  "value" : "20"
},{
  "dateTime" : "08/13/18 18:48:00",
  "value" : "20"
},{
  "dateTime" : "08/13/18 18:49:00",
  "value" : "20"
},{
  "dateTime" : "08/13/18 18:50:00",
  "value" : "20"
},{
  "dateTime" : "08/13/18 18:51:00",
  "value" : "20"
},{
  "dateTime" : "08/13/18 18:52:00",
  "value" : "10"
},{
  "dateTime" : "08/13/18 18:53:00",
  "value" : "10"
},{
  "dateTime" : "08/13/18 18:54:00",
  "value" : "10"
},{
  "dateTime" : "08/13/18 18:55:00",
  "value" : "20"
},{
  "dateTime" : "08/13/18 18:56:00",
  "value" : "20"
},{
  "dateTime" : "08/13/18 18:57:00",
  "value" : "20"
},{
  "dateTime" : "08/13/18 18:58:00",
  "value" : "10"
},{
  "dateTime" : "08/13/18 18:59:00",
  "value" : "10"
},{
  "dateTime" : "08/13/18 19:00:00",
  "value" : "20"
},{
  "dateTime" : "08/13/18 19:01:00",
  "value" : "10"
},{
  "dateTime" : "08/13/18 19:02:00",
  "value" : "20"
},{
  "dateTime" : "08/13/18 19:03:00",
  "value" : "20"
},{
  "dateTime" : "08/13/18 19:04:00",
  "value" : "30"
},{
  "dateTime" : "08/13/18 19:05:00",
  "value" : "10"
},{
  "dateTime" : "08/13/18 19:08:00",
  "value" : "20"
},{
  "dateTime" : "08/13/18 19:09:00",
  "value" : "20"
},{
  "dateTime" : "08/13/18 19:10:00",
  "value" : "20"
},{
  "dateTime" : "08/13/18 19:11:00",
  "value" : "10"
},{
  "dateTime" : "08/13/18 19:12:00",
  "value" : "20"
},{
  "dateTime" : "08/13/18 19:13:00",
  "value" : "10"
},{
  "dateTime" : "08/13/18 19:14:00",
  "value" : "20"
},{
  "dateTime" : "08/13/18 20:39:00",
  "value" : "10"
},{
  "dateTime" : "08/13/18 22:00:00",
  "value" : "10"
},{
  "dateTime" : "08/14/18 08:25:00",
  "value" : "10"
},{
  "dateTime" : "08/14/18 09:32:00",
  "value" : "10"
},{
  "dateTime" : "08/14/18 09:41:00",
  "value" : "10"
},{
  "dateTime" : "08/14/18 11:50:00",
  "value" : "10"
},{
  "dateTime" : "08/14/18 11:52:00",
  "value" : "10"
},{
  "dateTime" : "08/14/18 13:39:00",
  "value" : "10"
},{
  "dateTime" : "08/14/18 17:11:00",
  "value" : "10"
},{
  "dateTime" : "08/14/18 17:20:00",
  "value" : "10"
},{
  "dateTime" : "08/14/18 18:27:00",
  "value" : "10"
},{
  "dateTime" : "08/14/18 19:15:00",
  "value" : "10"
},{
  "dateTime" : "08/14/18 19:16:00",
  "value" : "10"
},{
  "dateTime" : "08/14/18 20:26:00",
  "value" : "10"
},{
  "dateTime" : "08/14/18 20:33:00",
  "value" : "10"
},{
  "dateTime" : "08/14/18 20:36:00",
  "value" : "10"
},{
  "dateTime" : "08/14/18 20:38:00",
  "value" : "10"
},{
  "dateTime" : "08/14/18 21:05:00",
  "value" : "10"
},{
  "dateTime" : "08/14/18 22:07:00",
  "value" : "10"
},{
  "dateTime" : "08/14/18 23:26:00",
  "value" : "10"
},{
  "dateTime" : "08/15/18 08:10:00",
  "value" : "10"
},{
  "dateTime" : "08/15/18 08:11:00",
  "value" : "10"
},{
  "dateTime" : "08/15/18 08:12:00",
  "value" : "10"
},{
  "dateTime" : "08/15/18 08:14:00",
  "value" : "10"
},{
  "dateTime" : "08/15/18 08:15:00",
  "value" : "10"
},{
  "dateTime" : "08/15/18 08:16:00",
  "value" : "10"
},{
  "dateTime" : "08/15/18 08:17:00",
  "value" : "10"
},{
  "dateTime" : "08/15/18 08:19:00",
  "value" : "10"
},{
  "dateTime" : "08/15/18 08:20:00",
  "value" : "10"
},{
  "dateTime" : "08/15/18 08:21:00",
  "value" : "20"
},{
  "dateTime" : "08/15/18 08:22:00",
  "value" : "20"
},{
  "dateTime" : "08/15/18 08:23:00",
  "value" : "10"
},{
  "dateTime" : "08/15/18 08:24:00",
  "value" : "20"
},{
  "dateTime" : "08/15/18 08:28:00",
  "value" : "10"
},{
  "dateTime" : "08/15/18 09:07:00",
  "value" : "10"
},{
  "dateTime" : "08/15/18 10:01:00",
  "value" : "10"
},{
  "dateTime" : "08/15/18 11:23:00",
  "value" : "10"
},{
  "dateTime" : "08/15/18 15:09:00",
  "value" : "10"
},{
  "dateTime" : "08/15/18 16:59:00",
  "value" : "10"
},{
  "dateTime" : "08/15/18 17:03:00",
  "value" : "10"
},{
  "dateTime" : "08/15/18 17:12:00",
  "value" : "20"
},{
  "dateTime" : "08/15/18 17:13:00",
  "value" : "10"
},{
  "dateTime" : "08/15/18 17:14:00",
  "value" : "20"
},{
  "dateTime" : "08/15/18 17:25:00",
  "value" : "10"
},{
  "dateTime" : "08/15/18 17:26:00",
  "value" : "10"
},{
  "dateTime" : "08/15/18 17:27:00",
  "value" : "20"
},{
  "dateTime" : "08/15/18 17:28:00",
  "value" : "10"
},{
  "dateTime" : "08/15/18 17:29:00",
  "value" : "10"
},{
  "dateTime" : "08/15/18 17:39:00",
  "value" : "10"
},{
  "dateTime" : "08/15/18 17:40:00",
  "value" : "10"
},{
  "dateTime" : "08/15/18 17:42:00",
  "value" : "10"
},{
  "dateTime" : "08/15/18 17:43:00",
  "value" : "10"
},{
  "dateTime" : "08/15/18 20:03:00",
  "value" : "20"
},{
  "dateTime" : "08/15/18 20:04:00",
  "value" : "10"
},{
  "dateTime" : "08/15/18 20:07:00",
  "value" : "20"
},{
  "dateTime" : "08/15/18 22:03:00",
  "value" : "10"
},{
  "dateTime" : "08/15/18 22:09:00",
  "value" : "10"
},{
  "dateTime" : "08/16/18 07:57:00",
  "value" : "10"
},{
  "dateTime" : "08/16/18 08:13:00",
  "value" : "10"
},{
  "dateTime" : "08/16/18 08:15:00",
  "value" : "10"
},{
  "dateTime" : "08/16/18 08:16:00",
  "value" : "10"
},{
  "dateTime" : "08/16/18 08:18:00",
  "value" : "10"
},{
  "dateTime" : "08/16/18 08:19:00",
  "value" : "10"
},{
  "dateTime" : "08/16/18 08:20:00",
  "value" : "10"
},{
  "dateTime" : "08/16/18 08:21:00",
  "value" : "10"
},{
  "dateTime" : "08/16/18 08:23:00",
  "value" : "10"
},{
  "dateTime" : "08/16/18 08:24:00",
  "value" : "20"
},{
  "dateTime" : "08/16/18 08:25:00",
  "value" : "20"
},{
  "dateTime" : "08/16/18 08:26:00",
  "value" : "10"
},{
  "dateTime" : "08/16/18 08:27:00",
  "value" : "10"
},{
  "dateTime" : "08/16/18 08:28:00",
  "value" : "20"
},{
  "dateTime" : "08/16/18 08:29:00",
  "value" : "10"
},{
  "dateTime" : "08/16/18 08:32:00",
  "value" : "10"
},{
  "dateTime" : "08/16/18 10:11:00",
  "value" : "10"
},{
  "dateTime" : "08/16/18 10:36:00",
  "value" : "10"
},{
  "dateTime" : "08/16/18 11:01:00",
  "value" : "10"
},{
  "dateTime" : "08/16/18 11:02:00",
  "value" : "10"
},{
  "dateTime" : "08/16/18 11:33:00",
  "value" : "10"
},{
  "dateTime" : "08/16/18 12:08:00",
  "value" : "10"
},{
  "dateTime" : "08/16/18 12:09:00",
  "value" : "10"
},{
  "dateTime" : "08/16/18 13:01:00",
  "value" : "20"
},{
  "dateTime" : "08/16/18 13:14:00",
  "value" : "10"
},{
  "dateTime" : "08/16/18 13:15:00",
  "value" : "10"
},{
  "dateTime" : "08/16/18 13:16:00",
  "value" : "10"
},{
  "dateTime" : "08/16/18 13:17:00",
  "value" : "10"
},{
  "dateTime" : "08/16/18 13:18:00",
  "value" : "10"
},{
  "dateTime" : "08/16/18 13:21:00",
  "value" : "10"
},{
  "dateTime" : "08/16/18 13:32:00",
  "value" : "10"
},{
  "dateTime" : "08/16/18 13:34:00",
  "value" : "10"
},{
  "dateTime" : "08/16/18 13:36:00",
  "value" : "10"
},{
  "dateTime" : "08/16/18 13:38:00",
  "value" : "10"
},{
  "dateTime" : "08/16/18 13:43:00",
  "value" : "30"
},{
  "dateTime" : "08/16/18 13:47:00",
  "value" : "10"
},{
  "dateTime" : "08/16/18 13:48:00",
  "value" : "10"
},{
  "dateTime" : "08/16/18 13:50:00",
  "value" : "10"
},{
  "dateTime" : "08/16/18 13:52:00",
  "value" : "10"
},{
  "dateTime" : "08/16/18 13:53:00",
  "value" : "10"
},{
  "dateTime" : "08/16/18 13:54:00",
  "value" : "10"
},{
  "dateTime" : "08/16/18 13:58:00",
  "value" : "10"
},{
  "dateTime" : "08/16/18 13:59:00",
  "value" : "10"
},{
  "dateTime" : "08/16/18 14:00:00",
  "value" : "20"
},{
  "dateTime" : "08/16/18 14:01:00",
  "value" : "10"
},{
  "dateTime" : "08/16/18 14:04:00",
  "value" : "10"
},{
  "dateTime" : "08/16/18 14:05:00",
  "value" : "30"
},{
  "dateTime" : "08/16/18 14:19:00",
  "value" : "10"
},{
  "dateTime" : "08/16/18 14:26:00",
  "value" : "10"
},{
  "dateTime" : "08/16/18 14:27:00",
  "value" : "10"
},{
  "dateTime" : "08/16/18 14:28:00",
  "value" : "10"
},{
  "dateTime" : "08/16/18 14:35:00",
  "value" : "20"
},{
  "dateTime" : "08/16/18 14:36:00",
  "value" : "20"
},{
  "dateTime" : "08/16/18 14:38:00",
  "value" : "10"
},{
  "dateTime" : "08/16/18 15:14:00",
  "value" : "10"
},{
  "dateTime" : "08/16/18 16:44:00",
  "value" : "10"
},{
  "dateTime" : "08/16/18 16:50:00",
  "value" : "10"
},{
  "dateTime" : "08/16/18 17:41:00",
  "value" : "10"
},{
  "dateTime" : "08/16/18 18:42:00",
  "value" : "10"
},{
  "dateTime" : "08/16/18 19:14:00",
  "value" : "10"
},{
  "dateTime" : "08/16/18 22:26:00",
  "value" : "10"
},{
  "dateTime" : "08/17/18 08:22:00",
  "value" : "10"
},{
  "dateTime" : "08/17/18 08:29:00",
  "value" : "10"
},{
  "dateTime" : "08/17/18 08:30:00",
  "value" : "20"
},{
  "dateTime" : "08/17/18 08:31:00",
  "value" : "10"
},{
  "dateTime" : "08/17/18 08:32:00",
  "value" : "10"
},{
  "dateTime" : "08/17/18 08:50:00",
  "value" : "20"
},{
  "dateTime" : "08/17/18 08:52:00",
  "value" : "10"
},{
  "dateTime" : "08/17/18 11:48:00",
  "value" : "10"
},{
  "dateTime" : "08/17/18 12:32:00",
  "value" : "10"
},{
  "dateTime" : "08/17/18 12:48:00",
  "value" : "10"
},{
  "dateTime" : "08/17/18 12:49:00",
  "value" : "10"
},{
  "dateTime" : "08/17/18 12:54:00",
  "value" : "10"
},{
  "dateTime" : "08/17/18 12:55:00",
  "value" : "10"
},{
  "dateTime" : "08/17/18 12:56:00",
  "value" : "20"
},{
  "dateTime" : "08/17/18 12:57:00",
  "value" : "20"
},{
  "dateTime" : "08/17/18 13:01:00",
  "value" : "10"
},{
  "dateTime" : "08/17/18 15:05:00",
  "value" : "10"
},{
  "dateTime" : "08/17/18 15:35:00",
  "value" : "10"
},{
  "dateTime" : "08/17/18 15:55:00",
  "value" : "10"
},{
  "dateTime" : "08/17/18 15:59:00",
  "value" : "10"
},{
  "dateTime" : "08/17/18 18:53:00",
  "value" : "10"
},{
  "dateTime" : "08/17/18 19:03:00",
  "value" : "10"
},{
  "dateTime" : "08/17/18 19:04:00",
  "value" : "20"
},{
  "dateTime" : "08/17/18 20:36:00",
  "value" : "10"
},{
  "dateTime" : "08/17/18 20:41:00",
  "value" : "10"
},{
  "dateTime" : "08/17/18 21:49:00",
  "value" : "10"
},{
  "dateTime" : "08/17/18 21:51:00",
  "value" : "10"
},{
  "dateTime" : "08/17/18 22:17:00",
  "value" : "10"
},{
  "dateTime" : "08/17/18 22:18:00",
  "value" : "10"
},{
  "dateTime" : "08/17/18 22:28:00",
  "value" : "10"
},{
  "dateTime" : "08/17/18 23:17:00",
  "value" : "20"
},{
  "dateTime" : "08/17/18 23:18:00",
  "value" : "10"
},{
  "dateTime" : "08/17/18 23:19:00",
  "value" : "10"
},{
  "dateTime" : "08/17/18 23:27:00",
  "value" : "10"
},{
  "dateTime" : "08/17/18 23:55:00",
  "value" : "10"
},{
  "dateTime" : "08/18/18 00:04:00",
  "value" : "10"
},{
  "dateTime" : "08/18/18 09:07:00",
  "value" : "10"
},{
  "dateTime" : "08/18/18 09:23:00",
  "value" : "10"
},{
  "dateTime" : "08/18/18 09:26:00",
  "value" : "20"
},{
  "dateTime" : "08/18/18 09:27:00",
  "value" : "10"
},{
  "dateTime" : "08/18/18 09:28:00",
  "value" : "20"
},{
  "dateTime" : "08/18/18 09:29:00",
  "value" : "10"
},{
  "dateTime" : "08/18/18 09:30:00",
  "value" : "10"
},{
  "dateTime" : "08/18/18 12:06:00",
  "value" : "10"
},{
  "dateTime" : "08/18/18 12:08:00",
  "value" : "10"
},{
  "dateTime" : "08/18/18 13:02:00",
  "value" : "20"
},{
  "dateTime" : "08/18/18 13:03:00",
  "value" : "10"
},{
  "dateTime" : "08/18/18 13:05:00",
  "value" : "10"
},{
  "dateTime" : "08/18/18 13:06:00",
  "value" : "10"
},{
  "dateTime" : "08/18/18 13:07:00",
  "value" : "10"
},{
  "dateTime" : "08/18/18 13:08:00",
  "value" : "10"
},{
  "dateTime" : "08/18/18 13:09:00",
  "value" : "10"
},{
  "dateTime" : "08/18/18 14:28:00",
  "value" : "10"
},{
  "dateTime" : "08/18/18 15:24:00",
  "value" : "10"
},{
  "dateTime" : "08/18/18 15:55:00",
  "value" : "10"
},{
  "dateTime" : "08/18/18 16:19:00",
  "value" : "10"
},{
  "dateTime" : "08/18/18 16:29:00",
  "value" : "10"
},{
  "dateTime" : "08/18/18 16:38:00",
  "value" : "10"
},{
  "dateTime" : "08/18/18 16:53:00",
  "value" : "10"
},{
  "dateTime" : "08/18/18 16:56:00",
  "value" : "10"
},{
  "dateTime" : "08/18/18 17:24:00",
  "value" : "10"
},{
  "dateTime" : "08/18/18 17:58:00",
  "value" : "10"
},{
  "dateTime" : "08/18/18 18:01:00",
  "value" : "10"
},{
  "dateTime" : "08/18/18 20:07:00",
  "value" : "10"
},{
  "dateTime" : "08/18/18 20:08:00",
  "value" : "10"
},{
  "dateTime" : "08/18/18 20:09:00",
  "value" : "20"
},{
  "dateTime" : "08/18/18 20:11:00",
  "value" : "10"
},{
  "dateTime" : "08/18/18 20:12:00",
  "value" : "10"
},{
  "dateTime" : "08/18/18 20:13:00",
  "value" : "10"
},{
  "dateTime" : "08/18/18 20:15:00",
  "value" : "10"
},{
  "dateTime" : "08/18/18 20:16:00",
  "value" : "10"
},{
  "dateTime" : "08/18/18 20:17:00",
  "value" : "10"
},{
  "dateTime" : "08/18/18 20:19:00",
  "value" : "10"
},{
  "dateTime" : "08/18/18 20:20:00",
  "value" : "10"
},{
  "dateTime" : "08/18/18 20:21:00",
  "value" : "10"
},{
  "dateTime" : "08/18/18 20:26:00",
  "value" : "10"
},{
  "dateTime" : "08/18/18 21:58:00",
  "value" : "10"
},{
  "dateTime" : "08/18/18 21:59:00",
  "value" : "10"
},{
  "dateTime" : "08/18/18 22:00:00",
  "value" : "10"
},{
  "dateTime" : "08/18/18 22:02:00",
  "value" : "10"
},{
  "dateTime" : "08/18/18 22:03:00",
  "value" : "10"
},{
  "dateTime" : "08/18/18 22:04:00",
  "value" : "20"
},{
  "dateTime" : "08/18/18 22:05:00",
  "value" : "10"
},{
  "dateTime" : "08/18/18 22:06:00",
  "value" : "20"
},{
  "dateTime" : "08/18/18 22:07:00",
  "value" : "20"
},{
  "dateTime" : "08/18/18 22:11:00",
  "value" : "10"
},{
  "dateTime" : "08/18/18 22:12:00",
  "value" : "10"
},{
  "dateTime" : "08/18/18 23:10:00",
  "value" : "10"
},{
  "dateTime" : "08/18/18 23:15:00",
  "value" : "10"
},{
  "dateTime" : "08/18/18 23:20:00",
  "value" : "10"
},{
  "dateTime" : "08/18/18 23:22:00",
  "value" : "10"
},{
  "dateTime" : "08/18/18 23:33:00",
  "value" : "10"
},{
  "dateTime" : "08/18/18 23:37:00",
  "value" : "10"
},{
  "dateTime" : "08/18/18 23:38:00",
  "value" : "20"
},{
  "dateTime" : "08/18/18 23:40:00",
  "value" : "10"
},{
  "dateTime" : "08/19/18 01:19:00",
  "value" : "10"
},{
  "dateTime" : "08/19/18 09:09:00",
  "value" : "10"
},{
  "dateTime" : "08/19/18 10:16:00",
  "value" : "10"
},{
  "dateTime" : "08/19/18 12:02:00",
  "value" : "10"
},{
  "dateTime" : "08/19/18 12:47:00",
  "value" : "10"
},{
  "dateTime" : "08/19/18 12:48:00",
  "value" : "10"
},{
  "dateTime" : "08/19/18 12:49:00",
  "value" : "10"
},{
  "dateTime" : "08/19/18 12:51:00",
  "value" : "20"
},{
  "dateTime" : "08/19/18 12:52:00",
  "value" : "10"
},{
  "dateTime" : "08/19/18 12:53:00",
  "value" : "20"
},{
  "dateTime" : "08/19/18 12:56:00",
  "value" : "10"
},{
  "dateTime" : "08/19/18 13:10:00",
  "value" : "10"
},{
  "dateTime" : "08/19/18 13:22:00",
  "value" : "10"
},{
  "dateTime" : "08/19/18 14:02:00",
  "value" : "10"
},{
  "dateTime" : "08/19/18 14:41:00",
  "value" : "10"
},{
  "dateTime" : "08/19/18 15:11:00",
  "value" : "10"
},{
  "dateTime" : "08/19/18 15:42:00",
  "value" : "10"
},{
  "dateTime" : "08/19/18 16:54:00",
  "value" : "10"
},{
  "dateTime" : "08/19/18 18:10:00",
  "value" : "10"
},{
  "dateTime" : "08/19/18 19:47:00",
  "value" : "10"
},{
  "dateTime" : "08/19/18 20:17:00",
  "value" : "10"
},{
  "dateTime" : "08/19/18 20:19:00",
  "value" : "10"
},{
  "dateTime" : "08/19/18 20:21:00",
  "value" : "10"
},{
  "dateTime" : "08/19/18 20:22:00",
  "value" : "10"
},{
  "dateTime" : "08/19/18 20:24:00",
  "value" : "10"
},{
  "dateTime" : "08/19/18 20:27:00",
  "value" : "10"
},{
  "dateTime" : "08/19/18 20:29:00",
  "value" : "10"
},{
  "dateTime" : "08/19/18 20:30:00",
  "value" : "10"
},{
  "dateTime" : "08/19/18 20:31:00",
  "value" : "20"
},{
  "dateTime" : "08/19/18 20:32:00",
  "value" : "10"
},{
  "dateTime" : "08/19/18 20:34:00",
  "value" : "20"
},{
  "dateTime" : "08/19/18 20:40:00",
  "value" : "10"
},{
  "dateTime" : "08/19/18 21:55:00",
  "value" : "10"
},{
  "dateTime" : "08/19/18 21:56:00",
  "value" : "30"
},{
  "dateTime" : "08/20/18 01:12:00",
  "value" : "10"
},{
  "dateTime" : "08/20/18 01:20:00",
  "value" : "10"
},{
  "dateTime" : "08/20/18 08:38:00",
  "value" : "10"
},{
  "dateTime" : "08/20/18 08:40:00",
  "value" : "10"
},{
  "dateTime" : "08/20/18 08:41:00",
  "value" : "10"
},{
  "dateTime" : "08/20/18 08:43:00",
  "value" : "10"
},{
  "dateTime" : "08/20/18 08:44:00",
  "value" : "10"
},{
  "dateTime" : "08/20/18 08:47:00",
  "value" : "10"
},{
  "dateTime" : "08/20/18 11:39:00",
  "value" : "10"
},{
  "dateTime" : "08/20/18 11:40:00",
  "value" : "20"
},{
  "dateTime" : "08/20/18 11:42:00",
  "value" : "20"
},{
  "dateTime" : "08/20/18 12:19:00",
  "value" : "10"
},{
  "dateTime" : "08/20/18 12:25:00",
  "value" : "10"
},{
  "dateTime" : "08/20/18 12:34:00",
  "value" : "10"
},{
  "dateTime" : "08/20/18 12:35:00",
  "value" : "10"
},{
  "dateTime" : "08/20/18 12:36:00",
  "value" : "10"
},{
  "dateTime" : "08/20/18 12:37:00",
  "value" : "10"
},{
  "dateTime" : "08/20/18 12:50:00",
  "value" : "10"
},{
  "dateTime" : "08/20/18 12:53:00",
  "value" : "10"
},{
  "dateTime" : "08/20/18 14:12:00",
  "value" : "10"
},{
  "dateTime" : "08/20/18 14:19:00",
  "value" : "10"
},{
  "dateTime" : "08/20/18 14:42:00",
  "value" : "10"
},{
  "dateTime" : "08/20/18 15:41:00",
  "value" : "10"
},{
  "dateTime" : "08/20/18 15:51:00",
  "value" : "10"
},{
  "dateTime" : "08/20/18 18:41:00",
  "value" : "10"
},{
  "dateTime" : "08/20/18 19:51:00",
  "value" : "10"
},{
  "dateTime" : "08/20/18 19:52:00",
  "value" : "10"
},{
  "dateTime" : "08/20/18 19:56:00",
  "value" : "10"
},{
  "dateTime" : "08/20/18 19:58:00",
  "value" : "10"
},{
  "dateTime" : "08/20/18 20:00:00",
  "value" : "10"
},{
  "dateTime" : "08/20/18 20:02:00",
  "value" : "10"
},{
  "dateTime" : "08/20/18 20:11:00",
  "value" : "10"
},{
  "dateTime" : "08/20/18 20:13:00",
  "value" : "10"
},{
  "dateTime" : "08/20/18 20:14:00",
  "value" : "20"
},{
  "dateTime" : "08/20/18 20:15:00",
  "value" : "20"
},{
  "dateTime" : "08/20/18 22:18:00",
  "value" : "10"
},{
  "dateTime" : "08/21/18 09:06:00",
  "value" : "10"
},{
  "dateTime" : "08/21/18 09:07:00",
  "value" : "10"
},{
  "dateTime" : "08/21/18 09:10:00",
  "value" : "10"
},{
  "dateTime" : "08/21/18 09:11:00",
  "value" : "10"
},{
  "dateTime" : "08/21/18 09:12:00",
  "value" : "10"
},{
  "dateTime" : "08/21/18 09:14:00",
  "value" : "10"
},{
  "dateTime" : "08/21/18 09:17:00",
  "value" : "20"
},{
  "dateTime" : "08/21/18 09:18:00",
  "value" : "10"
},{
  "dateTime" : "08/21/18 09:19:00",
  "value" : "20"
},{
  "dateTime" : "08/21/18 09:20:00",
  "value" : "10"
},{
  "dateTime" : "08/21/18 09:22:00",
  "value" : "10"
},{
  "dateTime" : "08/21/18 09:23:00",
  "value" : "20"
},{
  "dateTime" : "08/21/18 09:40:00",
  "value" : "10"
},{
  "dateTime" : "08/21/18 10:11:00",
  "value" : "10"
},{
  "dateTime" : "08/21/18 10:51:00",
  "value" : "20"
},{
  "dateTime" : "08/21/18 11:20:00",
  "value" : "10"
},{
  "dateTime" : "08/21/18 13:06:00",
  "value" : "10"
},{
  "dateTime" : "08/21/18 13:07:00",
  "value" : "10"
},{
  "dateTime" : "08/21/18 13:08:00",
  "value" : "10"
},{
  "dateTime" : "08/21/18 13:14:00",
  "value" : "10"
},{
  "dateTime" : "08/21/18 13:15:00",
  "value" : "10"
},{
  "dateTime" : "08/21/18 13:16:00",
  "value" : "20"
},{
  "dateTime" : "08/21/18 13:17:00",
  "value" : "10"
},{
  "dateTime" : "08/21/18 13:18:00",
  "value" : "10"
},{
  "dateTime" : "08/21/18 13:20:00",
  "value" : "10"
},{
  "dateTime" : "08/21/18 13:23:00",
  "value" : "10"
},{
  "dateTime" : "08/21/18 13:24:00",
  "value" : "10"
},{
  "dateTime" : "08/21/18 14:33:00",
  "value" : "30"
},{
  "dateTime" : "08/21/18 14:36:00",
  "value" : "10"
},{
  "dateTime" : "08/21/18 15:15:00",
  "value" : "10"
},{
  "dateTime" : "08/21/18 15:55:00",
  "value" : "10"
},{
  "dateTime" : "08/21/18 15:56:00",
  "value" : "10"
},{
  "dateTime" : "08/21/18 15:57:00",
  "value" : "10"
},{
  "dateTime" : "08/21/18 16:30:00",
  "value" : "10"
},{
  "dateTime" : "08/21/18 17:20:00",
  "value" : "10"
},{
  "dateTime" : "08/21/18 17:45:00",
  "value" : "10"
},{
  "dateTime" : "08/21/18 17:46:00",
  "value" : "10"
},{
  "dateTime" : "08/21/18 17:49:00",
  "value" : "10"
},{
  "dateTime" : "08/21/18 17:50:00",
  "value" : "10"
},{
  "dateTime" : "08/21/18 21:12:00",
  "value" : "20"
},{
  "dateTime" : "08/21/18 21:15:00",
  "value" : "10"
},{
  "dateTime" : "08/21/18 21:16:00",
  "value" : "10"
},{
  "dateTime" : "08/21/18 21:17:00",
  "value" : "10"
},{
  "dateTime" : "08/21/18 21:18:00",
  "value" : "10"
},{
  "dateTime" : "08/21/18 21:19:00",
  "value" : "10"
},{
  "dateTime" : "08/21/18 21:37:00",
  "value" : "10"
},{
  "dateTime" : "08/21/18 21:38:00",
  "value" : "10"
},{
  "dateTime" : "08/21/18 21:39:00",
  "value" : "20"
},{
  "dateTime" : "08/21/18 21:43:00",
  "value" : "20"
},{
  "dateTime" : "08/21/18 21:44:00",
  "value" : "20"
},{
  "dateTime" : "08/21/18 21:45:00",
  "value" : "10"
},{
  "dateTime" : "08/21/18 21:47:00",
  "value" : "10"
},{
  "dateTime" : "08/21/18 22:20:00",
  "value" : "10"
}]