[{
  "dateTime" : "09/26/17 10:03:00",
  "value" : "10"
},{
  "dateTime" : "09/26/17 10:04:00",
  "value" : "10"
},{
  "dateTime" : "09/26/17 12:21:00",
  "value" : "20"
},{
  "dateTime" : "09/26/17 12:30:00",
  "value" : "10"
},{
  "dateTime" : "09/26/17 12:31:00",
  "value" : "10"
},{
  "dateTime" : "09/26/17 13:59:00",
  "value" : "10"
},{
  "dateTime" : "09/26/17 15:40:00",
  "value" : "10"
},{
  "dateTime" : "09/26/17 15:42:00",
  "value" : "10"
},{
  "dateTime" : "09/26/17 16:00:00",
  "value" : "10"
},{
  "dateTime" : "09/26/17 16:01:00",
  "value" : "10"
},{
  "dateTime" : "09/26/17 16:02:00",
  "value" : "10"
},{
  "dateTime" : "09/26/17 16:12:00",
  "value" : "10"
},{
  "dateTime" : "09/26/17 17:21:00",
  "value" : "10"
},{
  "dateTime" : "09/26/17 18:01:00",
  "value" : "10"
},{
  "dateTime" : "09/26/17 18:02:00",
  "value" : "20"
},{
  "dateTime" : "09/26/17 18:03:00",
  "value" : "10"
},{
  "dateTime" : "09/26/17 18:04:00",
  "value" : "20"
},{
  "dateTime" : "09/26/17 18:05:00",
  "value" : "30"
},{
  "dateTime" : "09/26/17 18:08:00",
  "value" : "10"
},{
  "dateTime" : "09/26/17 19:19:00",
  "value" : "10"
},{
  "dateTime" : "09/26/17 19:20:00",
  "value" : "10"
},{
  "dateTime" : "09/26/17 19:58:00",
  "value" : "10"
},{
  "dateTime" : "09/26/17 21:08:00",
  "value" : "10"
},{
  "dateTime" : "09/26/17 21:09:00",
  "value" : "10"
},{
  "dateTime" : "09/26/17 21:10:00",
  "value" : "10"
},{
  "dateTime" : "09/26/17 21:16:00",
  "value" : "20"
},{
  "dateTime" : "09/26/17 21:17:00",
  "value" : "10"
},{
  "dateTime" : "09/26/17 21:21:00",
  "value" : "10"
},{
  "dateTime" : "09/26/17 21:22:00",
  "value" : "10"
},{
  "dateTime" : "09/26/17 21:26:00",
  "value" : "10"
},{
  "dateTime" : "09/26/17 22:21:00",
  "value" : "10"
},{
  "dateTime" : "09/26/17 23:35:00",
  "value" : "10"
},{
  "dateTime" : "09/27/17 07:46:00",
  "value" : "20"
},{
  "dateTime" : "09/27/17 07:50:00",
  "value" : "10"
},{
  "dateTime" : "09/27/17 07:52:00",
  "value" : "10"
},{
  "dateTime" : "09/27/17 08:00:00",
  "value" : "10"
},{
  "dateTime" : "09/27/17 09:03:00",
  "value" : "20"
},{
  "dateTime" : "09/27/17 09:04:00",
  "value" : "10"
},{
  "dateTime" : "09/27/17 09:06:00",
  "value" : "10"
},{
  "dateTime" : "09/27/17 09:09:00",
  "value" : "10"
},{
  "dateTime" : "09/27/17 09:10:00",
  "value" : "20"
},{
  "dateTime" : "09/27/17 09:11:00",
  "value" : "20"
},{
  "dateTime" : "09/27/17 09:15:00",
  "value" : "30"
},{
  "dateTime" : "09/27/17 09:16:00",
  "value" : "10"
},{
  "dateTime" : "09/27/17 09:53:00",
  "value" : "20"
},{
  "dateTime" : "09/27/17 09:54:00",
  "value" : "20"
},{
  "dateTime" : "09/27/17 09:55:00",
  "value" : "10"
},{
  "dateTime" : "09/27/17 10:00:00",
  "value" : "20"
},{
  "dateTime" : "09/27/17 10:07:00",
  "value" : "10"
},{
  "dateTime" : "09/27/17 10:09:00",
  "value" : "10"
},{
  "dateTime" : "09/27/17 10:10:00",
  "value" : "10"
},{
  "dateTime" : "09/27/17 10:11:00",
  "value" : "10"
},{
  "dateTime" : "09/27/17 10:13:00",
  "value" : "10"
},{
  "dateTime" : "09/27/17 10:14:00",
  "value" : "10"
},{
  "dateTime" : "09/27/17 10:23:00",
  "value" : "10"
},{
  "dateTime" : "09/27/17 10:24:00",
  "value" : "10"
},{
  "dateTime" : "09/27/17 10:26:00",
  "value" : "20"
},{
  "dateTime" : "09/27/17 10:27:00",
  "value" : "10"
},{
  "dateTime" : "09/27/17 10:29:00",
  "value" : "10"
},{
  "dateTime" : "09/27/17 10:30:00",
  "value" : "10"
},{
  "dateTime" : "09/27/17 10:32:00",
  "value" : "20"
},{
  "dateTime" : "09/27/17 10:33:00",
  "value" : "20"
},{
  "dateTime" : "09/27/17 10:35:00",
  "value" : "20"
},{
  "dateTime" : "09/27/17 10:37:00",
  "value" : "20"
},{
  "dateTime" : "09/27/17 11:50:00",
  "value" : "20"
},{
  "dateTime" : "09/27/17 11:55:00",
  "value" : "10"
},{
  "dateTime" : "09/27/17 11:57:00",
  "value" : "10"
},{
  "dateTime" : "09/27/17 11:58:00",
  "value" : "10"
},{
  "dateTime" : "09/27/17 12:00:00",
  "value" : "10"
},{
  "dateTime" : "09/27/17 12:03:00",
  "value" : "10"
},{
  "dateTime" : "09/27/17 13:00:00",
  "value" : "20"
},{
  "dateTime" : "09/27/17 13:05:00",
  "value" : "10"
},{
  "dateTime" : "09/27/17 13:06:00",
  "value" : "10"
},{
  "dateTime" : "09/27/17 15:09:00",
  "value" : "10"
},{
  "dateTime" : "09/27/17 15:10:00",
  "value" : "20"
},{
  "dateTime" : "09/27/17 15:15:00",
  "value" : "10"
},{
  "dateTime" : "09/27/17 15:16:00",
  "value" : "20"
},{
  "dateTime" : "09/27/17 15:17:00",
  "value" : "10"
},{
  "dateTime" : "09/27/17 15:18:00",
  "value" : "10"
},{
  "dateTime" : "09/27/17 15:19:00",
  "value" : "20"
},{
  "dateTime" : "09/27/17 18:18:00",
  "value" : "10"
},{
  "dateTime" : "09/27/17 18:37:00",
  "value" : "10"
},{
  "dateTime" : "09/27/17 18:39:00",
  "value" : "10"
},{
  "dateTime" : "09/27/17 18:47:00",
  "value" : "10"
},{
  "dateTime" : "09/27/17 20:39:00",
  "value" : "10"
},{
  "dateTime" : "09/27/17 20:41:00",
  "value" : "10"
},{
  "dateTime" : "09/27/17 20:47:00",
  "value" : "10"
},{
  "dateTime" : "09/27/17 20:48:00",
  "value" : "20"
},{
  "dateTime" : "09/27/17 20:53:00",
  "value" : "10"
},{
  "dateTime" : "09/27/17 20:54:00",
  "value" : "10"
},{
  "dateTime" : "09/27/17 23:32:00",
  "value" : "10"
},{
  "dateTime" : "09/27/17 23:37:00",
  "value" : "10"
},{
  "dateTime" : "09/28/17 08:52:00",
  "value" : "20"
},{
  "dateTime" : "09/28/17 08:58:00",
  "value" : "10"
},{
  "dateTime" : "09/28/17 09:23:00",
  "value" : "10"
},{
  "dateTime" : "09/28/17 09:44:00",
  "value" : "10"
},{
  "dateTime" : "09/28/17 09:46:00",
  "value" : "10"
},{
  "dateTime" : "09/28/17 12:34:00",
  "value" : "20"
},{
  "dateTime" : "09/28/17 12:36:00",
  "value" : "10"
},{
  "dateTime" : "09/28/17 14:02:00",
  "value" : "10"
},{
  "dateTime" : "09/28/17 15:30:00",
  "value" : "10"
},{
  "dateTime" : "09/28/17 15:31:00",
  "value" : "10"
},{
  "dateTime" : "09/28/17 15:32:00",
  "value" : "20"
},{
  "dateTime" : "09/28/17 15:33:00",
  "value" : "20"
},{
  "dateTime" : "09/28/17 15:34:00",
  "value" : "10"
},{
  "dateTime" : "09/28/17 15:35:00",
  "value" : "10"
},{
  "dateTime" : "09/28/17 15:36:00",
  "value" : "10"
},{
  "dateTime" : "09/28/17 15:59:00",
  "value" : "10"
},{
  "dateTime" : "09/28/17 16:00:00",
  "value" : "10"
},{
  "dateTime" : "09/28/17 16:01:00",
  "value" : "10"
},{
  "dateTime" : "09/28/17 16:03:00",
  "value" : "10"
},{
  "dateTime" : "09/28/17 16:04:00",
  "value" : "20"
},{
  "dateTime" : "09/28/17 17:17:00",
  "value" : "10"
},{
  "dateTime" : "09/28/17 17:19:00",
  "value" : "10"
},{
  "dateTime" : "09/28/17 17:20:00",
  "value" : "10"
},{
  "dateTime" : "09/28/17 18:31:00",
  "value" : "10"
},{
  "dateTime" : "09/28/17 18:32:00",
  "value" : "10"
},{
  "dateTime" : "09/28/17 18:34:00",
  "value" : "10"
},{
  "dateTime" : "09/28/17 18:35:00",
  "value" : "10"
},{
  "dateTime" : "09/28/17 18:36:00",
  "value" : "20"
},{
  "dateTime" : "09/28/17 19:52:00",
  "value" : "20"
},{
  "dateTime" : "09/28/17 19:56:00",
  "value" : "10"
},{
  "dateTime" : "09/28/17 21:37:00",
  "value" : "20"
},{
  "dateTime" : "09/29/17 09:04:00",
  "value" : "10"
},{
  "dateTime" : "09/29/17 09:05:00",
  "value" : "30"
},{
  "dateTime" : "09/29/17 09:06:00",
  "value" : "40"
},{
  "dateTime" : "09/29/17 09:07:00",
  "value" : "50"
},{
  "dateTime" : "09/29/17 10:23:00",
  "value" : "10"
},{
  "dateTime" : "09/29/17 10:28:00",
  "value" : "10"
},{
  "dateTime" : "09/29/17 10:29:00",
  "value" : "10"
},{
  "dateTime" : "09/29/17 10:30:00",
  "value" : "10"
},{
  "dateTime" : "09/29/17 12:03:00",
  "value" : "10"
},{
  "dateTime" : "09/29/17 12:04:00",
  "value" : "10"
},{
  "dateTime" : "09/29/17 12:05:00",
  "value" : "10"
},{
  "dateTime" : "09/29/17 12:06:00",
  "value" : "10"
},{
  "dateTime" : "09/29/17 12:07:00",
  "value" : "10"
},{
  "dateTime" : "09/29/17 12:08:00",
  "value" : "10"
},{
  "dateTime" : "09/29/17 12:09:00",
  "value" : "10"
},{
  "dateTime" : "09/29/17 12:10:00",
  "value" : "20"
},{
  "dateTime" : "09/29/17 12:12:00",
  "value" : "20"
},{
  "dateTime" : "09/29/17 12:52:00",
  "value" : "20"
},{
  "dateTime" : "09/29/17 13:23:00",
  "value" : "20"
},{
  "dateTime" : "09/29/17 13:51:00",
  "value" : "10"
},{
  "dateTime" : "09/29/17 13:53:00",
  "value" : "10"
},{
  "dateTime" : "09/29/17 14:01:00",
  "value" : "10"
},{
  "dateTime" : "09/29/17 14:02:00",
  "value" : "10"
},{
  "dateTime" : "09/29/17 15:11:00",
  "value" : "10"
},{
  "dateTime" : "09/29/17 15:12:00",
  "value" : "20"
},{
  "dateTime" : "09/29/17 15:13:00",
  "value" : "10"
},{
  "dateTime" : "09/29/17 15:14:00",
  "value" : "10"
},{
  "dateTime" : "09/29/17 15:15:00",
  "value" : "20"
},{
  "dateTime" : "09/29/17 15:16:00",
  "value" : "10"
},{
  "dateTime" : "09/29/17 15:17:00",
  "value" : "10"
},{
  "dateTime" : "09/29/17 15:18:00",
  "value" : "10"
},{
  "dateTime" : "09/29/17 15:22:00",
  "value" : "20"
},{
  "dateTime" : "09/29/17 17:25:00",
  "value" : "10"
},{
  "dateTime" : "09/29/17 17:26:00",
  "value" : "10"
},{
  "dateTime" : "09/29/17 18:55:00",
  "value" : "20"
},{
  "dateTime" : "09/29/17 20:48:00",
  "value" : "10"
},{
  "dateTime" : "09/29/17 20:52:00",
  "value" : "10"
},{
  "dateTime" : "09/29/17 20:53:00",
  "value" : "10"
},{
  "dateTime" : "09/29/17 20:54:00",
  "value" : "10"
},{
  "dateTime" : "09/29/17 20:56:00",
  "value" : "20"
},{
  "dateTime" : "09/29/17 21:14:00",
  "value" : "10"
},{
  "dateTime" : "09/29/17 21:16:00",
  "value" : "10"
},{
  "dateTime" : "09/29/17 21:40:00",
  "value" : "20"
},{
  "dateTime" : "09/29/17 22:16:00",
  "value" : "10"
},{
  "dateTime" : "09/29/17 22:18:00",
  "value" : "10"
},{
  "dateTime" : "09/29/17 23:14:00",
  "value" : "10"
},{
  "dateTime" : "09/29/17 23:16:00",
  "value" : "10"
},{
  "dateTime" : "09/29/17 23:58:00",
  "value" : "10"
},{
  "dateTime" : "09/29/17 23:59:00",
  "value" : "10"
},{
  "dateTime" : "09/30/17 00:00:00",
  "value" : "10"
},{
  "dateTime" : "09/30/17 09:30:00",
  "value" : "10"
},{
  "dateTime" : "09/30/17 09:52:00",
  "value" : "10"
},{
  "dateTime" : "09/30/17 09:59:00",
  "value" : "10"
},{
  "dateTime" : "09/30/17 10:00:00",
  "value" : "10"
},{
  "dateTime" : "09/30/17 11:14:00",
  "value" : "10"
},{
  "dateTime" : "09/30/17 11:15:00",
  "value" : "10"
},{
  "dateTime" : "09/30/17 11:16:00",
  "value" : "10"
},{
  "dateTime" : "09/30/17 11:17:00",
  "value" : "10"
},{
  "dateTime" : "09/30/17 11:21:00",
  "value" : "20"
},{
  "dateTime" : "09/30/17 11:22:00",
  "value" : "10"
},{
  "dateTime" : "09/30/17 11:23:00",
  "value" : "10"
},{
  "dateTime" : "09/30/17 11:25:00",
  "value" : "10"
},{
  "dateTime" : "09/30/17 11:26:00",
  "value" : "20"
},{
  "dateTime" : "09/30/17 11:27:00",
  "value" : "10"
},{
  "dateTime" : "09/30/17 11:28:00",
  "value" : "10"
},{
  "dateTime" : "09/30/17 11:33:00",
  "value" : "20"
},{
  "dateTime" : "09/30/17 12:09:00",
  "value" : "10"
},{
  "dateTime" : "09/30/17 12:11:00",
  "value" : "10"
},{
  "dateTime" : "09/30/17 12:12:00",
  "value" : "10"
},{
  "dateTime" : "09/30/17 12:13:00",
  "value" : "10"
},{
  "dateTime" : "09/30/17 12:15:00",
  "value" : "10"
},{
  "dateTime" : "09/30/17 12:21:00",
  "value" : "20"
},{
  "dateTime" : "09/30/17 12:23:00",
  "value" : "20"
},{
  "dateTime" : "09/30/17 12:24:00",
  "value" : "10"
},{
  "dateTime" : "09/30/17 12:25:00",
  "value" : "30"
},{
  "dateTime" : "09/30/17 12:26:00",
  "value" : "10"
},{
  "dateTime" : "09/30/17 12:27:00",
  "value" : "10"
},{
  "dateTime" : "09/30/17 13:11:00",
  "value" : "10"
},{
  "dateTime" : "09/30/17 13:52:00",
  "value" : "10"
},{
  "dateTime" : "09/30/17 14:01:00",
  "value" : "10"
},{
  "dateTime" : "09/30/17 14:08:00",
  "value" : "10"
},{
  "dateTime" : "09/30/17 14:09:00",
  "value" : "20"
},{
  "dateTime" : "09/30/17 17:19:00",
  "value" : "10"
},{
  "dateTime" : "09/30/17 18:14:00",
  "value" : "30"
},{
  "dateTime" : "09/30/17 18:35:00",
  "value" : "10"
},{
  "dateTime" : "09/30/17 18:49:00",
  "value" : "10"
},{
  "dateTime" : "09/30/17 20:35:00",
  "value" : "10"
},{
  "dateTime" : "10/01/17 11:08:00",
  "value" : "10"
},{
  "dateTime" : "10/01/17 11:27:00",
  "value" : "10"
},{
  "dateTime" : "10/01/17 11:35:00",
  "value" : "10"
},{
  "dateTime" : "10/01/17 12:03:00",
  "value" : "10"
},{
  "dateTime" : "10/01/17 15:40:00",
  "value" : "10"
},{
  "dateTime" : "10/01/17 15:56:00",
  "value" : "10"
},{
  "dateTime" : "10/01/17 16:26:00",
  "value" : "10"
},{
  "dateTime" : "10/01/17 16:30:00",
  "value" : "10"
},{
  "dateTime" : "10/01/17 17:32:00",
  "value" : "10"
},{
  "dateTime" : "10/01/17 19:51:00",
  "value" : "20"
},{
  "dateTime" : "10/01/17 19:55:00",
  "value" : "10"
},{
  "dateTime" : "10/01/17 19:57:00",
  "value" : "10"
},{
  "dateTime" : "10/01/17 19:58:00",
  "value" : "10"
},{
  "dateTime" : "10/01/17 19:59:00",
  "value" : "20"
},{
  "dateTime" : "10/01/17 20:00:00",
  "value" : "10"
},{
  "dateTime" : "10/01/17 20:02:00",
  "value" : "10"
},{
  "dateTime" : "10/01/17 20:03:00",
  "value" : "10"
},{
  "dateTime" : "10/01/17 20:04:00",
  "value" : "10"
},{
  "dateTime" : "10/01/17 20:05:00",
  "value" : "10"
},{
  "dateTime" : "10/01/17 20:06:00",
  "value" : "10"
},{
  "dateTime" : "10/01/17 20:07:00",
  "value" : "10"
},{
  "dateTime" : "10/01/17 20:12:00",
  "value" : "10"
},{
  "dateTime" : "10/01/17 20:13:00",
  "value" : "10"
},{
  "dateTime" : "10/01/17 20:14:00",
  "value" : "10"
},{
  "dateTime" : "10/01/17 20:16:00",
  "value" : "10"
},{
  "dateTime" : "10/01/17 20:39:00",
  "value" : "10"
},{
  "dateTime" : "10/01/17 20:40:00",
  "value" : "10"
},{
  "dateTime" : "10/01/17 22:08:00",
  "value" : "10"
},{
  "dateTime" : "10/01/17 22:09:00",
  "value" : "30"
},{
  "dateTime" : "10/01/17 22:10:00",
  "value" : "10"
},{
  "dateTime" : "10/02/17 07:54:00",
  "value" : "10"
},{
  "dateTime" : "10/02/17 07:56:00",
  "value" : "10"
},{
  "dateTime" : "10/02/17 08:05:00",
  "value" : "10"
},{
  "dateTime" : "10/02/17 09:08:00",
  "value" : "10"
},{
  "dateTime" : "10/02/17 10:31:00",
  "value" : "10"
},{
  "dateTime" : "10/02/17 10:41:00",
  "value" : "10"
},{
  "dateTime" : "10/02/17 10:48:00",
  "value" : "20"
},{
  "dateTime" : "10/02/17 10:49:00",
  "value" : "10"
},{
  "dateTime" : "10/02/17 10:50:00",
  "value" : "20"
},{
  "dateTime" : "10/02/17 10:51:00",
  "value" : "10"
},{
  "dateTime" : "10/02/17 10:57:00",
  "value" : "10"
},{
  "dateTime" : "10/02/17 12:02:00",
  "value" : "10"
},{
  "dateTime" : "10/02/17 12:05:00",
  "value" : "20"
},{
  "dateTime" : "10/02/17 12:08:00",
  "value" : "10"
},{
  "dateTime" : "10/02/17 12:09:00",
  "value" : "20"
},{
  "dateTime" : "10/02/17 12:11:00",
  "value" : "10"
},{
  "dateTime" : "10/02/17 12:12:00",
  "value" : "10"
},{
  "dateTime" : "10/02/17 12:13:00",
  "value" : "10"
},{
  "dateTime" : "10/02/17 12:49:00",
  "value" : "10"
},{
  "dateTime" : "10/02/17 12:51:00",
  "value" : "10"
},{
  "dateTime" : "10/02/17 12:52:00",
  "value" : "10"
},{
  "dateTime" : "10/02/17 13:05:00",
  "value" : "10"
},{
  "dateTime" : "10/02/17 13:06:00",
  "value" : "10"
},{
  "dateTime" : "10/02/17 14:00:00",
  "value" : "10"
},{
  "dateTime" : "10/02/17 14:02:00",
  "value" : "10"
},{
  "dateTime" : "10/02/17 14:03:00",
  "value" : "10"
},{
  "dateTime" : "10/02/17 14:04:00",
  "value" : "20"
},{
  "dateTime" : "10/02/17 14:05:00",
  "value" : "10"
},{
  "dateTime" : "10/02/17 15:12:00",
  "value" : "10"
},{
  "dateTime" : "10/02/17 15:24:00",
  "value" : "10"
},{
  "dateTime" : "10/02/17 15:25:00",
  "value" : "20"
},{
  "dateTime" : "10/02/17 15:30:00",
  "value" : "20"
},{
  "dateTime" : "10/02/17 15:31:00",
  "value" : "20"
},{
  "dateTime" : "10/02/17 15:36:00",
  "value" : "20"
},{
  "dateTime" : "10/02/17 15:39:00",
  "value" : "10"
},{
  "dateTime" : "10/02/17 15:42:00",
  "value" : "20"
},{
  "dateTime" : "10/02/17 15:51:00",
  "value" : "20"
},{
  "dateTime" : "10/02/17 17:07:00",
  "value" : "20"
},{
  "dateTime" : "10/02/17 17:14:00",
  "value" : "10"
},{
  "dateTime" : "10/02/17 17:20:00",
  "value" : "10"
},{
  "dateTime" : "10/02/17 17:22:00",
  "value" : "10"
},{
  "dateTime" : "10/02/17 17:23:00",
  "value" : "20"
},{
  "dateTime" : "10/02/17 17:30:00",
  "value" : "10"
},{
  "dateTime" : "10/02/17 18:09:00",
  "value" : "20"
},{
  "dateTime" : "10/02/17 18:30:00",
  "value" : "20"
},{
  "dateTime" : "10/02/17 18:39:00",
  "value" : "10"
},{
  "dateTime" : "10/02/17 18:40:00",
  "value" : "10"
},{
  "dateTime" : "10/02/17 20:58:00",
  "value" : "20"
},{
  "dateTime" : "10/02/17 22:33:00",
  "value" : "10"
},{
  "dateTime" : "10/03/17 09:03:00",
  "value" : "20"
},{
  "dateTime" : "10/03/17 10:37:00",
  "value" : "20"
},{
  "dateTime" : "10/03/17 10:44:00",
  "value" : "20"
},{
  "dateTime" : "10/03/17 11:01:00",
  "value" : "10"
},{
  "dateTime" : "10/03/17 12:05:00",
  "value" : "10"
},{
  "dateTime" : "10/03/17 12:06:00",
  "value" : "20"
},{
  "dateTime" : "10/03/17 12:07:00",
  "value" : "10"
},{
  "dateTime" : "10/03/17 12:08:00",
  "value" : "10"
},{
  "dateTime" : "10/03/17 12:26:00",
  "value" : "10"
},{
  "dateTime" : "10/03/17 12:27:00",
  "value" : "10"
},{
  "dateTime" : "10/03/17 12:28:00",
  "value" : "10"
},{
  "dateTime" : "10/03/17 12:36:00",
  "value" : "10"
},{
  "dateTime" : "10/03/17 14:03:00",
  "value" : "10"
},{
  "dateTime" : "10/03/17 14:09:00",
  "value" : "10"
},{
  "dateTime" : "10/03/17 15:31:00",
  "value" : "10"
},{
  "dateTime" : "10/03/17 15:35:00",
  "value" : "10"
},{
  "dateTime" : "10/03/17 15:37:00",
  "value" : "10"
},{
  "dateTime" : "10/03/17 15:38:00",
  "value" : "10"
},{
  "dateTime" : "10/03/17 15:39:00",
  "value" : "20"
},{
  "dateTime" : "10/03/17 15:41:00",
  "value" : "10"
},{
  "dateTime" : "10/03/17 15:42:00",
  "value" : "10"
},{
  "dateTime" : "10/03/17 16:06:00",
  "value" : "10"
},{
  "dateTime" : "10/03/17 16:07:00",
  "value" : "10"
},{
  "dateTime" : "10/03/17 16:08:00",
  "value" : "20"
},{
  "dateTime" : "10/03/17 16:09:00",
  "value" : "10"
},{
  "dateTime" : "10/03/17 16:12:00",
  "value" : "10"
},{
  "dateTime" : "10/03/17 16:13:00",
  "value" : "20"
},{
  "dateTime" : "10/03/17 18:49:00",
  "value" : "20"
},{
  "dateTime" : "10/03/17 19:51:00",
  "value" : "10"
},{
  "dateTime" : "10/03/17 19:53:00",
  "value" : "10"
},{
  "dateTime" : "10/03/17 21:05:00",
  "value" : "10"
},{
  "dateTime" : "10/03/17 21:06:00",
  "value" : "10"
},{
  "dateTime" : "10/03/17 21:07:00",
  "value" : "10"
},{
  "dateTime" : "10/03/17 21:10:00",
  "value" : "10"
},{
  "dateTime" : "10/03/17 21:11:00",
  "value" : "10"
},{
  "dateTime" : "10/03/17 21:12:00",
  "value" : "10"
},{
  "dateTime" : "10/03/17 21:18:00",
  "value" : "10"
},{
  "dateTime" : "10/03/17 21:23:00",
  "value" : "20"
},{
  "dateTime" : "10/03/17 23:10:00",
  "value" : "10"
},{
  "dateTime" : "10/04/17 07:54:00",
  "value" : "10"
},{
  "dateTime" : "10/04/17 07:56:00",
  "value" : "10"
},{
  "dateTime" : "10/04/17 08:03:00",
  "value" : "10"
},{
  "dateTime" : "10/04/17 09:03:00",
  "value" : "10"
},{
  "dateTime" : "10/04/17 09:08:00",
  "value" : "10"
},{
  "dateTime" : "10/04/17 12:02:00",
  "value" : "10"
},{
  "dateTime" : "10/04/17 12:03:00",
  "value" : "10"
},{
  "dateTime" : "10/04/17 12:04:00",
  "value" : "10"
},{
  "dateTime" : "10/04/17 12:05:00",
  "value" : "10"
},{
  "dateTime" : "10/04/17 12:06:00",
  "value" : "20"
},{
  "dateTime" : "10/04/17 12:07:00",
  "value" : "20"
},{
  "dateTime" : "10/04/17 15:07:00",
  "value" : "10"
},{
  "dateTime" : "10/04/17 15:43:00",
  "value" : "10"
},{
  "dateTime" : "10/04/17 15:44:00",
  "value" : "10"
},{
  "dateTime" : "10/04/17 15:45:00",
  "value" : "30"
},{
  "dateTime" : "10/04/17 15:46:00",
  "value" : "10"
},{
  "dateTime" : "10/04/17 17:15:00",
  "value" : "20"
},{
  "dateTime" : "10/04/17 17:16:00",
  "value" : "10"
},{
  "dateTime" : "10/04/17 17:17:00",
  "value" : "20"
},{
  "dateTime" : "10/04/17 17:23:00",
  "value" : "10"
},{
  "dateTime" : "10/04/17 17:28:00",
  "value" : "10"
},{
  "dateTime" : "10/04/17 17:29:00",
  "value" : "20"
},{
  "dateTime" : "10/04/17 17:54:00",
  "value" : "20"
},{
  "dateTime" : "10/04/17 17:55:00",
  "value" : "10"
},{
  "dateTime" : "10/04/17 17:56:00",
  "value" : "10"
},{
  "dateTime" : "10/04/17 18:01:00",
  "value" : "10"
},{
  "dateTime" : "10/04/17 18:02:00",
  "value" : "10"
},{
  "dateTime" : "10/04/17 18:04:00",
  "value" : "10"
},{
  "dateTime" : "10/04/17 18:06:00",
  "value" : "20"
},{
  "dateTime" : "10/04/17 18:11:00",
  "value" : "10"
},{
  "dateTime" : "10/04/17 18:12:00",
  "value" : "10"
},{
  "dateTime" : "10/04/17 18:13:00",
  "value" : "10"
},{
  "dateTime" : "10/04/17 18:14:00",
  "value" : "10"
},{
  "dateTime" : "10/04/17 18:15:00",
  "value" : "10"
},{
  "dateTime" : "10/04/17 18:17:00",
  "value" : "10"
},{
  "dateTime" : "10/04/17 18:18:00",
  "value" : "10"
},{
  "dateTime" : "10/04/17 18:19:00",
  "value" : "30"
},{
  "dateTime" : "10/04/17 18:20:00",
  "value" : "10"
},{
  "dateTime" : "10/04/17 18:21:00",
  "value" : "10"
},{
  "dateTime" : "10/04/17 18:22:00",
  "value" : "10"
},{
  "dateTime" : "10/04/17 18:25:00",
  "value" : "20"
},{
  "dateTime" : "10/04/17 18:51:00",
  "value" : "20"
},{
  "dateTime" : "10/04/17 18:55:00",
  "value" : "10"
},{
  "dateTime" : "10/04/17 18:57:00",
  "value" : "10"
},{
  "dateTime" : "10/04/17 18:58:00",
  "value" : "10"
},{
  "dateTime" : "10/04/17 19:00:00",
  "value" : "10"
},{
  "dateTime" : "10/04/17 19:03:00",
  "value" : "10"
},{
  "dateTime" : "10/04/17 20:24:00",
  "value" : "10"
},{
  "dateTime" : "10/04/17 20:25:00",
  "value" : "10"
},{
  "dateTime" : "10/04/17 20:26:00",
  "value" : "10"
},{
  "dateTime" : "10/04/17 20:27:00",
  "value" : "10"
},{
  "dateTime" : "10/04/17 20:28:00",
  "value" : "10"
},{
  "dateTime" : "10/04/17 20:30:00",
  "value" : "10"
},{
  "dateTime" : "10/05/17 08:22:00",
  "value" : "10"
},{
  "dateTime" : "10/05/17 09:03:00",
  "value" : "10"
},{
  "dateTime" : "10/05/17 09:24:00",
  "value" : "10"
},{
  "dateTime" : "10/05/17 09:40:00",
  "value" : "10"
},{
  "dateTime" : "10/05/17 09:42:00",
  "value" : "10"
},{
  "dateTime" : "10/05/17 09:49:00",
  "value" : "10"
},{
  "dateTime" : "10/05/17 12:24:00",
  "value" : "10"
},{
  "dateTime" : "10/05/17 12:26:00",
  "value" : "10"
},{
  "dateTime" : "10/05/17 12:27:00",
  "value" : "10"
},{
  "dateTime" : "10/05/17 13:54:00",
  "value" : "20"
},{
  "dateTime" : "10/05/17 15:37:00",
  "value" : "10"
},{
  "dateTime" : "10/05/17 15:38:00",
  "value" : "10"
},{
  "dateTime" : "10/05/17 15:50:00",
  "value" : "20"
},{
  "dateTime" : "10/05/17 15:51:00",
  "value" : "10"
},{
  "dateTime" : "10/05/17 15:53:00",
  "value" : "20"
},{
  "dateTime" : "10/05/17 15:54:00",
  "value" : "10"
},{
  "dateTime" : "10/05/17 15:55:00",
  "value" : "10"
},{
  "dateTime" : "10/05/17 15:56:00",
  "value" : "10"
},{
  "dateTime" : "10/05/17 16:00:00",
  "value" : "10"
},{
  "dateTime" : "10/05/17 16:01:00",
  "value" : "10"
},{
  "dateTime" : "10/05/17 17:56:00",
  "value" : "20"
},{
  "dateTime" : "10/05/17 18:02:00",
  "value" : "10"
},{
  "dateTime" : "10/05/17 18:04:00",
  "value" : "10"
},{
  "dateTime" : "10/05/17 18:05:00",
  "value" : "10"
},{
  "dateTime" : "10/05/17 18:06:00",
  "value" : "10"
},{
  "dateTime" : "10/05/17 18:07:00",
  "value" : "10"
},{
  "dateTime" : "10/05/17 19:05:00",
  "value" : "10"
},{
  "dateTime" : "10/05/17 19:06:00",
  "value" : "20"
},{
  "dateTime" : "10/05/17 19:42:00",
  "value" : "10"
},{
  "dateTime" : "10/05/17 19:43:00",
  "value" : "20"
},{
  "dateTime" : "10/05/17 19:44:00",
  "value" : "30"
},{
  "dateTime" : "10/05/17 19:45:00",
  "value" : "10"
},{
  "dateTime" : "10/05/17 19:54:00",
  "value" : "20"
},{
  "dateTime" : "10/05/17 19:55:00",
  "value" : "20"
},{
  "dateTime" : "10/05/17 22:37:00",
  "value" : "10"
},{
  "dateTime" : "10/06/17 00:04:00",
  "value" : "10"
},{
  "dateTime" : "10/06/17 09:02:00",
  "value" : "10"
},{
  "dateTime" : "10/06/17 09:03:00",
  "value" : "10"
},{
  "dateTime" : "10/06/17 09:18:00",
  "value" : "10"
},{
  "dateTime" : "10/06/17 09:19:00",
  "value" : "10"
},{
  "dateTime" : "10/06/17 09:30:00",
  "value" : "30"
},{
  "dateTime" : "10/06/17 09:31:00",
  "value" : "30"
},{
  "dateTime" : "10/06/17 09:32:00",
  "value" : "20"
},{
  "dateTime" : "10/06/17 10:56:00",
  "value" : "20"
},{
  "dateTime" : "10/06/17 11:00:00",
  "value" : "10"
},{
  "dateTime" : "10/06/17 11:02:00",
  "value" : "20"
},{
  "dateTime" : "10/06/17 11:59:00",
  "value" : "20"
},{
  "dateTime" : "10/06/17 12:08:00",
  "value" : "10"
},{
  "dateTime" : "10/06/17 13:27:00",
  "value" : "10"
},{
  "dateTime" : "10/06/17 15:12:00",
  "value" : "10"
},{
  "dateTime" : "10/06/17 15:14:00",
  "value" : "10"
},{
  "dateTime" : "10/06/17 15:21:00",
  "value" : "10"
},{
  "dateTime" : "10/06/17 15:22:00",
  "value" : "20"
},{
  "dateTime" : "10/06/17 15:23:00",
  "value" : "10"
},{
  "dateTime" : "10/06/17 15:24:00",
  "value" : "10"
},{
  "dateTime" : "10/06/17 18:53:00",
  "value" : "10"
},{
  "dateTime" : "10/06/17 18:56:00",
  "value" : "20"
},{
  "dateTime" : "10/06/17 18:59:00",
  "value" : "10"
},{
  "dateTime" : "10/06/17 19:01:00",
  "value" : "10"
},{
  "dateTime" : "10/06/17 19:02:00",
  "value" : "10"
},{
  "dateTime" : "10/06/17 20:05:00",
  "value" : "10"
},{
  "dateTime" : "10/06/17 20:08:00",
  "value" : "10"
},{
  "dateTime" : "10/06/17 20:09:00",
  "value" : "10"
},{
  "dateTime" : "10/06/17 20:11:00",
  "value" : "20"
},{
  "dateTime" : "10/06/17 21:44:00",
  "value" : "10"
},{
  "dateTime" : "10/06/17 21:46:00",
  "value" : "10"
},{
  "dateTime" : "10/06/17 21:50:00",
  "value" : "10"
},{
  "dateTime" : "10/06/17 21:52:00",
  "value" : "10"
},{
  "dateTime" : "10/06/17 21:56:00",
  "value" : "10"
},{
  "dateTime" : "10/06/17 21:57:00",
  "value" : "20"
},{
  "dateTime" : "10/06/17 21:58:00",
  "value" : "10"
},{
  "dateTime" : "10/06/17 21:59:00",
  "value" : "10"
},{
  "dateTime" : "10/06/17 22:01:00",
  "value" : "10"
},{
  "dateTime" : "10/06/17 22:20:00",
  "value" : "20"
},{
  "dateTime" : "10/06/17 22:25:00",
  "value" : "20"
},{
  "dateTime" : "10/07/17 09:33:00",
  "value" : "10"
},{
  "dateTime" : "10/07/17 10:37:00",
  "value" : "10"
},{
  "dateTime" : "10/07/17 11:20:00",
  "value" : "10"
},{
  "dateTime" : "10/07/17 11:33:00",
  "value" : "10"
},{
  "dateTime" : "10/07/17 13:46:00",
  "value" : "10"
},{
  "dateTime" : "10/07/17 13:48:00",
  "value" : "20"
},{
  "dateTime" : "10/07/17 15:12:00",
  "value" : "10"
},{
  "dateTime" : "10/07/17 16:16:00",
  "value" : "10"
},{
  "dateTime" : "10/07/17 16:22:00",
  "value" : "10"
},{
  "dateTime" : "10/07/17 16:23:00",
  "value" : "20"
},{
  "dateTime" : "10/07/17 16:26:00",
  "value" : "10"
},{
  "dateTime" : "10/07/17 16:27:00",
  "value" : "10"
},{
  "dateTime" : "10/07/17 16:56:00",
  "value" : "10"
},{
  "dateTime" : "10/07/17 16:59:00",
  "value" : "10"
},{
  "dateTime" : "10/07/17 17:02:00",
  "value" : "10"
},{
  "dateTime" : "10/07/17 17:04:00",
  "value" : "10"
},{
  "dateTime" : "10/07/17 17:09:00",
  "value" : "10"
},{
  "dateTime" : "10/07/17 17:11:00",
  "value" : "20"
},{
  "dateTime" : "10/07/17 17:12:00",
  "value" : "20"
},{
  "dateTime" : "10/07/17 17:13:00",
  "value" : "10"
},{
  "dateTime" : "10/07/17 17:14:00",
  "value" : "10"
},{
  "dateTime" : "10/07/17 17:16:00",
  "value" : "20"
},{
  "dateTime" : "10/07/17 18:10:00",
  "value" : "10"
},{
  "dateTime" : "10/07/17 19:23:00",
  "value" : "10"
},{
  "dateTime" : "10/07/17 19:24:00",
  "value" : "20"
},{
  "dateTime" : "10/07/17 22:21:00",
  "value" : "10"
},{
  "dateTime" : "10/07/17 22:46:00",
  "value" : "10"
},{
  "dateTime" : "10/07/17 23:00:00",
  "value" : "10"
},{
  "dateTime" : "10/08/17 11:04:00",
  "value" : "10"
},{
  "dateTime" : "10/08/17 11:05:00",
  "value" : "10"
},{
  "dateTime" : "10/08/17 11:06:00",
  "value" : "10"
},{
  "dateTime" : "10/08/17 11:07:00",
  "value" : "10"
},{
  "dateTime" : "10/08/17 12:11:00",
  "value" : "10"
},{
  "dateTime" : "10/08/17 12:22:00",
  "value" : "10"
},{
  "dateTime" : "10/08/17 12:23:00",
  "value" : "20"
},{
  "dateTime" : "10/08/17 12:24:00",
  "value" : "10"
},{
  "dateTime" : "10/08/17 12:25:00",
  "value" : "10"
},{
  "dateTime" : "10/08/17 12:30:00",
  "value" : "20"
},{
  "dateTime" : "10/08/17 14:14:00",
  "value" : "10"
},{
  "dateTime" : "10/08/17 14:15:00",
  "value" : "10"
},{
  "dateTime" : "10/08/17 14:29:00",
  "value" : "20"
},{
  "dateTime" : "10/08/17 14:42:00",
  "value" : "10"
},{
  "dateTime" : "10/08/17 14:47:00",
  "value" : "10"
},{
  "dateTime" : "10/08/17 15:13:00",
  "value" : "10"
},{
  "dateTime" : "10/08/17 15:59:00",
  "value" : "10"
},{
  "dateTime" : "10/08/17 16:02:00",
  "value" : "10"
},{
  "dateTime" : "10/08/17 19:00:00",
  "value" : "10"
},{
  "dateTime" : "10/08/17 19:01:00",
  "value" : "10"
},{
  "dateTime" : "10/08/17 19:03:00",
  "value" : "10"
},{
  "dateTime" : "10/08/17 19:04:00",
  "value" : "20"
},{
  "dateTime" : "10/08/17 19:12:00",
  "value" : "20"
},{
  "dateTime" : "10/08/17 19:13:00",
  "value" : "10"
},{
  "dateTime" : "10/08/17 19:24:00",
  "value" : "10"
},{
  "dateTime" : "10/08/17 19:27:00",
  "value" : "30"
},{
  "dateTime" : "10/08/17 21:13:00",
  "value" : "10"
},{
  "dateTime" : "10/08/17 22:41:00",
  "value" : "10"
},{
  "dateTime" : "10/09/17 07:59:00",
  "value" : "10"
},{
  "dateTime" : "10/09/17 08:01:00",
  "value" : "10"
},{
  "dateTime" : "10/09/17 08:08:00",
  "value" : "10"
},{
  "dateTime" : "10/09/17 09:06:00",
  "value" : "10"
},{
  "dateTime" : "10/09/17 09:09:00",
  "value" : "10"
},{
  "dateTime" : "10/09/17 11:02:00",
  "value" : "10"
},{
  "dateTime" : "10/09/17 12:28:00",
  "value" : "10"
},{
  "dateTime" : "10/09/17 14:00:00",
  "value" : "10"
},{
  "dateTime" : "10/09/17 14:02:00",
  "value" : "10"
},{
  "dateTime" : "10/09/17 14:03:00",
  "value" : "10"
},{
  "dateTime" : "10/09/17 14:04:00",
  "value" : "10"
},{
  "dateTime" : "10/09/17 14:05:00",
  "value" : "20"
},{
  "dateTime" : "10/09/17 14:58:00",
  "value" : "10"
},{
  "dateTime" : "10/09/17 16:00:00",
  "value" : "10"
},{
  "dateTime" : "10/09/17 16:01:00",
  "value" : "20"
},{
  "dateTime" : "10/09/17 16:02:00",
  "value" : "20"
},{
  "dateTime" : "10/09/17 17:09:00",
  "value" : "10"
},{
  "dateTime" : "10/09/17 17:10:00",
  "value" : "10"
},{
  "dateTime" : "10/09/17 17:17:00",
  "value" : "10"
},{
  "dateTime" : "10/09/17 17:26:00",
  "value" : "20"
},{
  "dateTime" : "10/09/17 18:52:00",
  "value" : "20"
},{
  "dateTime" : "10/09/17 20:00:00",
  "value" : "10"
},{
  "dateTime" : "10/09/17 20:01:00",
  "value" : "10"
},{
  "dateTime" : "10/09/17 21:24:00",
  "value" : "10"
},{
  "dateTime" : "10/09/17 21:27:00",
  "value" : "10"
},{
  "dateTime" : "10/10/17 09:02:00",
  "value" : "20"
},{
  "dateTime" : "10/10/17 09:03:00",
  "value" : "10"
},{
  "dateTime" : "10/10/17 09:30:00",
  "value" : "10"
},{
  "dateTime" : "10/10/17 09:31:00",
  "value" : "10"
},{
  "dateTime" : "10/10/17 09:32:00",
  "value" : "10"
},{
  "dateTime" : "10/10/17 09:33:00",
  "value" : "10"
},{
  "dateTime" : "10/10/17 09:36:00",
  "value" : "10"
},{
  "dateTime" : "10/10/17 09:37:00",
  "value" : "10"
},{
  "dateTime" : "10/10/17 09:39:00",
  "value" : "10"
},{
  "dateTime" : "10/10/17 09:42:00",
  "value" : "10"
},{
  "dateTime" : "10/10/17 09:43:00",
  "value" : "10"
},{
  "dateTime" : "10/10/17 09:45:00",
  "value" : "10"
},{
  "dateTime" : "10/10/17 09:46:00",
  "value" : "20"
},{
  "dateTime" : "10/10/17 09:47:00",
  "value" : "20"
},{
  "dateTime" : "10/10/17 09:48:00",
  "value" : "10"
},{
  "dateTime" : "10/10/17 09:52:00",
  "value" : "10"
},{
  "dateTime" : "10/10/17 09:53:00",
  "value" : "10"
},{
  "dateTime" : "10/10/17 09:54:00",
  "value" : "10"
},{
  "dateTime" : "10/10/17 09:56:00",
  "value" : "10"
},{
  "dateTime" : "10/10/17 09:57:00",
  "value" : "10"
},{
  "dateTime" : "10/10/17 09:58:00",
  "value" : "10"
},{
  "dateTime" : "10/10/17 10:00:00",
  "value" : "10"
},{
  "dateTime" : "10/10/17 10:01:00",
  "value" : "10"
},{
  "dateTime" : "10/10/17 10:03:00",
  "value" : "10"
},{
  "dateTime" : "10/10/17 10:10:00",
  "value" : "10"
},{
  "dateTime" : "10/10/17 10:11:00",
  "value" : "10"
},{
  "dateTime" : "10/10/17 10:12:00",
  "value" : "10"
},{
  "dateTime" : "10/10/17 10:13:00",
  "value" : "10"
},{
  "dateTime" : "10/10/17 10:14:00",
  "value" : "10"
},{
  "dateTime" : "10/10/17 10:16:00",
  "value" : "10"
},{
  "dateTime" : "10/10/17 10:17:00",
  "value" : "10"
},{
  "dateTime" : "10/10/17 10:18:00",
  "value" : "10"
},{
  "dateTime" : "10/10/17 10:19:00",
  "value" : "10"
},{
  "dateTime" : "10/10/17 10:20:00",
  "value" : "10"
},{
  "dateTime" : "10/10/17 10:21:00",
  "value" : "10"
},{
  "dateTime" : "10/10/17 10:22:00",
  "value" : "10"
},{
  "dateTime" : "10/10/17 10:24:00",
  "value" : "10"
},{
  "dateTime" : "10/10/17 10:25:00",
  "value" : "10"
},{
  "dateTime" : "10/10/17 10:28:00",
  "value" : "10"
},{
  "dateTime" : "10/10/17 10:29:00",
  "value" : "10"
},{
  "dateTime" : "10/10/17 11:55:00",
  "value" : "10"
},{
  "dateTime" : "10/10/17 11:57:00",
  "value" : "20"
},{
  "dateTime" : "10/10/17 12:31:00",
  "value" : "10"
},{
  "dateTime" : "10/10/17 14:02:00",
  "value" : "10"
},{
  "dateTime" : "10/10/17 14:10:00",
  "value" : "10"
},{
  "dateTime" : "10/10/17 15:34:00",
  "value" : "10"
},{
  "dateTime" : "10/10/17 15:36:00",
  "value" : "10"
},{
  "dateTime" : "10/10/17 15:37:00",
  "value" : "10"
},{
  "dateTime" : "10/10/17 16:17:00",
  "value" : "10"
},{
  "dateTime" : "10/10/17 16:18:00",
  "value" : "10"
},{
  "dateTime" : "10/10/17 16:19:00",
  "value" : "10"
},{
  "dateTime" : "10/10/17 16:21:00",
  "value" : "10"
},{
  "dateTime" : "10/10/17 16:22:00",
  "value" : "20"
},{
  "dateTime" : "10/10/17 16:23:00",
  "value" : "10"
},{
  "dateTime" : "10/10/17 16:24:00",
  "value" : "10"
},{
  "dateTime" : "10/10/17 16:26:00",
  "value" : "20"
},{
  "dateTime" : "10/10/17 16:53:00",
  "value" : "10"
},{
  "dateTime" : "10/10/17 16:55:00",
  "value" : "10"
},{
  "dateTime" : "10/10/17 16:56:00",
  "value" : "10"
},{
  "dateTime" : "10/10/17 17:00:00",
  "value" : "10"
},{
  "dateTime" : "10/10/17 17:27:00",
  "value" : "10"
},{
  "dateTime" : "10/10/17 17:28:00",
  "value" : "10"
},{
  "dateTime" : "10/10/17 17:34:00",
  "value" : "10"
},{
  "dateTime" : "10/10/17 18:14:00",
  "value" : "10"
},{
  "dateTime" : "10/10/17 18:15:00",
  "value" : "10"
},{
  "dateTime" : "10/10/17 18:44:00",
  "value" : "10"
},{
  "dateTime" : "10/10/17 18:45:00",
  "value" : "20"
},{
  "dateTime" : "10/10/17 18:46:00",
  "value" : "10"
},{
  "dateTime" : "10/10/17 18:47:00",
  "value" : "10"
},{
  "dateTime" : "10/10/17 18:48:00",
  "value" : "20"
},{
  "dateTime" : "10/10/17 18:49:00",
  "value" : "10"
},{
  "dateTime" : "10/10/17 18:50:00",
  "value" : "10"
},{
  "dateTime" : "10/10/17 19:03:00",
  "value" : "10"
},{
  "dateTime" : "10/10/17 19:58:00",
  "value" : "10"
},{
  "dateTime" : "10/10/17 20:55:00",
  "value" : "10"
},{
  "dateTime" : "10/10/17 20:57:00",
  "value" : "20"
},{
  "dateTime" : "10/10/17 21:03:00",
  "value" : "10"
},{
  "dateTime" : "10/10/17 21:04:00",
  "value" : "20"
},{
  "dateTime" : "10/10/17 21:05:00",
  "value" : "10"
},{
  "dateTime" : "10/10/17 21:07:00",
  "value" : "10"
},{
  "dateTime" : "10/10/17 22:38:00",
  "value" : "10"
},{
  "dateTime" : "10/10/17 23:00:00",
  "value" : "10"
},{
  "dateTime" : "10/10/17 23:12:00",
  "value" : "20"
},{
  "dateTime" : "10/11/17 00:44:00",
  "value" : "10"
},{
  "dateTime" : "10/11/17 07:55:00",
  "value" : "10"
},{
  "dateTime" : "10/11/17 07:57:00",
  "value" : "10"
},{
  "dateTime" : "10/11/17 08:06:00",
  "value" : "10"
},{
  "dateTime" : "10/11/17 09:08:00",
  "value" : "10"
},{
  "dateTime" : "10/11/17 10:57:00",
  "value" : "10"
},{
  "dateTime" : "10/11/17 12:02:00",
  "value" : "10"
},{
  "dateTime" : "10/11/17 12:03:00",
  "value" : "10"
},{
  "dateTime" : "10/11/17 12:04:00",
  "value" : "10"
},{
  "dateTime" : "10/11/17 12:05:00",
  "value" : "10"
},{
  "dateTime" : "10/11/17 12:06:00",
  "value" : "10"
},{
  "dateTime" : "10/11/17 12:07:00",
  "value" : "30"
},{
  "dateTime" : "10/11/17 12:55:00",
  "value" : "20"
},{
  "dateTime" : "10/11/17 13:05:00",
  "value" : "10"
},{
  "dateTime" : "10/11/17 13:16:00",
  "value" : "20"
},{
  "dateTime" : "10/11/17 13:51:00",
  "value" : "10"
},{
  "dateTime" : "10/11/17 13:53:00",
  "value" : "10"
},{
  "dateTime" : "10/11/17 14:01:00",
  "value" : "20"
},{
  "dateTime" : "10/11/17 15:05:00",
  "value" : "30"
},{
  "dateTime" : "10/11/17 15:06:00",
  "value" : "10"
},{
  "dateTime" : "10/11/17 17:54:00",
  "value" : "10"
},{
  "dateTime" : "10/11/17 17:55:00",
  "value" : "10"
},{
  "dateTime" : "10/11/17 18:05:00",
  "value" : "10"
},{
  "dateTime" : "10/11/17 18:36:00",
  "value" : "20"
},{
  "dateTime" : "10/11/17 18:53:00",
  "value" : "10"
},{
  "dateTime" : "10/11/17 18:55:00",
  "value" : "10"
},{
  "dateTime" : "10/11/17 18:56:00",
  "value" : "10"
},{
  "dateTime" : "10/11/17 18:58:00",
  "value" : "10"
},{
  "dateTime" : "10/11/17 18:59:00",
  "value" : "10"
},{
  "dateTime" : "10/11/17 19:01:00",
  "value" : "10"
},{
  "dateTime" : "10/11/17 20:22:00",
  "value" : "20"
},{
  "dateTime" : "10/11/17 20:23:00",
  "value" : "10"
},{
  "dateTime" : "10/11/17 20:30:00",
  "value" : "10"
},{
  "dateTime" : "10/11/17 20:31:00",
  "value" : "10"
},{
  "dateTime" : "10/11/17 20:46:00",
  "value" : "10"
},{
  "dateTime" : "10/12/17 09:05:00",
  "value" : "10"
},{
  "dateTime" : "10/12/17 09:07:00",
  "value" : "10"
},{
  "dateTime" : "10/12/17 09:13:00",
  "value" : "10"
},{
  "dateTime" : "10/12/17 12:14:00",
  "value" : "20"
},{
  "dateTime" : "10/12/17 12:15:00",
  "value" : "10"
},{
  "dateTime" : "10/12/17 12:17:00",
  "value" : "10"
},{
  "dateTime" : "10/12/17 12:18:00",
  "value" : "20"
},{
  "dateTime" : "10/12/17 12:19:00",
  "value" : "10"
},{
  "dateTime" : "10/12/17 12:20:00",
  "value" : "10"
},{
  "dateTime" : "10/12/17 12:21:00",
  "value" : "10"
},{
  "dateTime" : "10/12/17 12:23:00",
  "value" : "20"
},{
  "dateTime" : "10/12/17 12:52:00",
  "value" : "10"
},{
  "dateTime" : "10/12/17 13:48:00",
  "value" : "10"
},{
  "dateTime" : "10/12/17 13:51:00",
  "value" : "10"
},{
  "dateTime" : "10/12/17 13:53:00",
  "value" : "10"
},{
  "dateTime" : "10/12/17 13:54:00",
  "value" : "10"
},{
  "dateTime" : "10/12/17 14:01:00",
  "value" : "10"
},{
  "dateTime" : "10/12/17 14:08:00",
  "value" : "10"
},{
  "dateTime" : "10/12/17 14:13:00",
  "value" : "10"
},{
  "dateTime" : "10/12/17 15:33:00",
  "value" : "10"
},{
  "dateTime" : "10/12/17 15:35:00",
  "value" : "10"
},{
  "dateTime" : "10/12/17 15:36:00",
  "value" : "20"
},{
  "dateTime" : "10/12/17 15:37:00",
  "value" : "10"
},{
  "dateTime" : "10/12/17 15:38:00",
  "value" : "20"
},{
  "dateTime" : "10/12/17 15:40:00",
  "value" : "10"
},{
  "dateTime" : "10/12/17 15:45:00",
  "value" : "10"
},{
  "dateTime" : "10/12/17 15:46:00",
  "value" : "10"
},{
  "dateTime" : "10/12/17 15:47:00",
  "value" : "10"
},{
  "dateTime" : "10/12/17 15:48:00",
  "value" : "10"
},{
  "dateTime" : "10/12/17 15:52:00",
  "value" : "20"
},{
  "dateTime" : "10/12/17 18:00:00",
  "value" : "10"
},{
  "dateTime" : "10/12/17 18:07:00",
  "value" : "10"
},{
  "dateTime" : "10/12/17 19:06:00",
  "value" : "10"
},{
  "dateTime" : "10/12/17 19:08:00",
  "value" : "10"
},{
  "dateTime" : "10/12/17 19:16:00",
  "value" : "10"
},{
  "dateTime" : "10/12/17 19:56:00",
  "value" : "20"
},{
  "dateTime" : "10/12/17 20:03:00",
  "value" : "10"
},{
  "dateTime" : "10/12/17 20:06:00",
  "value" : "10"
},{
  "dateTime" : "10/12/17 20:07:00",
  "value" : "10"
},{
  "dateTime" : "10/12/17 21:06:00",
  "value" : "10"
},{
  "dateTime" : "10/12/17 21:14:00",
  "value" : "10"
},{
  "dateTime" : "10/13/17 08:49:00",
  "value" : "20"
},{
  "dateTime" : "10/13/17 10:09:00",
  "value" : "10"
},{
  "dateTime" : "10/13/17 12:46:00",
  "value" : "10"
},{
  "dateTime" : "10/13/17 12:56:00",
  "value" : "10"
},{
  "dateTime" : "10/13/17 13:40:00",
  "value" : "10"
},{
  "dateTime" : "10/13/17 13:42:00",
  "value" : "10"
},{
  "dateTime" : "10/13/17 13:50:00",
  "value" : "20"
},{
  "dateTime" : "10/13/17 14:53:00",
  "value" : "10"
},{
  "dateTime" : "10/13/17 15:18:00",
  "value" : "10"
},{
  "dateTime" : "10/13/17 15:19:00",
  "value" : "20"
},{
  "dateTime" : "10/13/17 15:20:00",
  "value" : "10"
},{
  "dateTime" : "10/13/17 15:21:00",
  "value" : "10"
},{
  "dateTime" : "10/13/17 15:22:00",
  "value" : "20"
},{
  "dateTime" : "10/13/17 15:23:00",
  "value" : "10"
},{
  "dateTime" : "10/13/17 15:24:00",
  "value" : "10"
},{
  "dateTime" : "10/13/17 15:25:00",
  "value" : "10"
},{
  "dateTime" : "10/13/17 15:26:00",
  "value" : "10"
},{
  "dateTime" : "10/13/17 17:17:00",
  "value" : "10"
},{
  "dateTime" : "10/13/17 18:49:00",
  "value" : "20"
},{
  "dateTime" : "10/13/17 19:04:00",
  "value" : "10"
},{
  "dateTime" : "10/13/17 21:11:00",
  "value" : "10"
},{
  "dateTime" : "10/13/17 21:17:00",
  "value" : "10"
},{
  "dateTime" : "10/13/17 21:20:00",
  "value" : "20"
},{
  "dateTime" : "10/13/17 22:44:00",
  "value" : "10"
},{
  "dateTime" : "10/13/17 23:40:00",
  "value" : "10"
},{
  "dateTime" : "10/14/17 00:27:00",
  "value" : "10"
},{
  "dateTime" : "10/14/17 00:33:00",
  "value" : "10"
},{
  "dateTime" : "10/14/17 00:34:00",
  "value" : "20"
},{
  "dateTime" : "10/14/17 00:37:00",
  "value" : "20"
},{
  "dateTime" : "10/14/17 10:15:00",
  "value" : "10"
},{
  "dateTime" : "10/14/17 10:22:00",
  "value" : "10"
},{
  "dateTime" : "10/14/17 10:29:00",
  "value" : "10"
},{
  "dateTime" : "10/14/17 10:30:00",
  "value" : "10"
},{
  "dateTime" : "10/14/17 10:31:00",
  "value" : "10"
},{
  "dateTime" : "10/14/17 10:32:00",
  "value" : "20"
},{
  "dateTime" : "10/14/17 11:59:00",
  "value" : "10"
},{
  "dateTime" : "10/14/17 12:00:00",
  "value" : "10"
},{
  "dateTime" : "10/14/17 12:02:00",
  "value" : "10"
},{
  "dateTime" : "10/14/17 12:11:00",
  "value" : "10"
},{
  "dateTime" : "10/14/17 12:13:00",
  "value" : "10"
},{
  "dateTime" : "10/14/17 12:15:00",
  "value" : "20"
},{
  "dateTime" : "10/14/17 12:52:00",
  "value" : "20"
},{
  "dateTime" : "10/14/17 14:16:00",
  "value" : "20"
},{
  "dateTime" : "10/14/17 16:32:00",
  "value" : "10"
},{
  "dateTime" : "10/14/17 19:06:00",
  "value" : "10"
},{
  "dateTime" : "10/14/17 19:12:00",
  "value" : "10"
},{
  "dateTime" : "10/14/17 19:14:00",
  "value" : "10"
},{
  "dateTime" : "10/14/17 19:16:00",
  "value" : "10"
},{
  "dateTime" : "10/14/17 19:17:00",
  "value" : "10"
},{
  "dateTime" : "10/14/17 19:18:00",
  "value" : "20"
},{
  "dateTime" : "10/14/17 19:20:00",
  "value" : "10"
},{
  "dateTime" : "10/14/17 19:23:00",
  "value" : "10"
},{
  "dateTime" : "10/14/17 19:24:00",
  "value" : "10"
},{
  "dateTime" : "10/14/17 21:49:00",
  "value" : "10"
},{
  "dateTime" : "10/14/17 21:50:00",
  "value" : "20"
},{
  "dateTime" : "10/14/17 21:56:00",
  "value" : "10"
},{
  "dateTime" : "10/14/17 22:00:00",
  "value" : "20"
},{
  "dateTime" : "10/14/17 22:01:00",
  "value" : "20"
},{
  "dateTime" : "10/15/17 01:05:00",
  "value" : "10"
},{
  "dateTime" : "10/15/17 01:06:00",
  "value" : "10"
},{
  "dateTime" : "10/15/17 01:14:00",
  "value" : "20"
},{
  "dateTime" : "10/15/17 09:31:00",
  "value" : "10"
},{
  "dateTime" : "10/15/17 09:34:00",
  "value" : "30"
},{
  "dateTime" : "10/15/17 09:35:00",
  "value" : "30"
},{
  "dateTime" : "10/15/17 09:36:00",
  "value" : "40"
},{
  "dateTime" : "10/15/17 09:37:00",
  "value" : "50"
},{
  "dateTime" : "10/15/17 09:38:00",
  "value" : "20"
},{
  "dateTime" : "10/15/17 09:39:00",
  "value" : "40"
},{
  "dateTime" : "10/15/17 09:40:00",
  "value" : "40"
},{
  "dateTime" : "10/15/17 09:41:00",
  "value" : "20"
},{
  "dateTime" : "10/15/17 09:42:00",
  "value" : "30"
},{
  "dateTime" : "10/15/17 09:43:00",
  "value" : "30"
},{
  "dateTime" : "10/15/17 09:44:00",
  "value" : "40"
},{
  "dateTime" : "10/15/17 09:47:00",
  "value" : "10"
},{
  "dateTime" : "10/15/17 09:49:00",
  "value" : "20"
},{
  "dateTime" : "10/15/17 09:50:00",
  "value" : "30"
},{
  "dateTime" : "10/15/17 09:51:00",
  "value" : "40"
},{
  "dateTime" : "10/15/17 09:52:00",
  "value" : "50"
},{
  "dateTime" : "10/15/17 09:53:00",
  "value" : "20"
},{
  "dateTime" : "10/15/17 09:54:00",
  "value" : "30"
},{
  "dateTime" : "10/15/17 09:55:00",
  "value" : "40"
},{
  "dateTime" : "10/15/17 09:56:00",
  "value" : "30"
},{
  "dateTime" : "10/15/17 09:59:00",
  "value" : "20"
},{
  "dateTime" : "10/15/17 10:00:00",
  "value" : "30"
},{
  "dateTime" : "10/15/17 10:01:00",
  "value" : "50"
},{
  "dateTime" : "10/15/17 10:02:00",
  "value" : "40"
},{
  "dateTime" : "10/15/17 10:03:00",
  "value" : "10"
},{
  "dateTime" : "10/15/17 10:05:00",
  "value" : "30"
},{
  "dateTime" : "10/15/17 10:15:00",
  "value" : "10"
},{
  "dateTime" : "10/15/17 10:25:00",
  "value" : "20"
},{
  "dateTime" : "10/15/17 13:43:00",
  "value" : "20"
},{
  "dateTime" : "10/15/17 15:53:00",
  "value" : "10"
},{
  "dateTime" : "10/15/17 15:54:00",
  "value" : "10"
},{
  "dateTime" : "10/15/17 15:55:00",
  "value" : "20"
},{
  "dateTime" : "10/15/17 15:58:00",
  "value" : "20"
},{
  "dateTime" : "10/15/17 15:59:00",
  "value" : "20"
},{
  "dateTime" : "10/15/17 16:03:00",
  "value" : "10"
},{
  "dateTime" : "10/15/17 16:04:00",
  "value" : "10"
},{
  "dateTime" : "10/15/17 16:05:00",
  "value" : "10"
},{
  "dateTime" : "10/15/17 18:51:00",
  "value" : "20"
},{
  "dateTime" : "10/15/17 20:06:00",
  "value" : "10"
},{
  "dateTime" : "10/15/17 20:36:00",
  "value" : "10"
},{
  "dateTime" : "10/15/17 20:37:00",
  "value" : "10"
},{
  "dateTime" : "10/15/17 20:39:00",
  "value" : "10"
},{
  "dateTime" : "10/15/17 20:40:00",
  "value" : "10"
},{
  "dateTime" : "10/15/17 20:41:00",
  "value" : "10"
},{
  "dateTime" : "10/15/17 20:42:00",
  "value" : "10"
},{
  "dateTime" : "10/15/17 20:43:00",
  "value" : "10"
},{
  "dateTime" : "10/15/17 20:44:00",
  "value" : "10"
},{
  "dateTime" : "10/15/17 20:45:00",
  "value" : "30"
},{
  "dateTime" : "10/15/17 20:46:00",
  "value" : "10"
},{
  "dateTime" : "10/15/17 20:50:00",
  "value" : "10"
},{
  "dateTime" : "10/15/17 20:53:00",
  "value" : "10"
},{
  "dateTime" : "10/15/17 20:54:00",
  "value" : "10"
},{
  "dateTime" : "10/16/17 07:53:00",
  "value" : "10"
},{
  "dateTime" : "10/16/17 07:55:00",
  "value" : "10"
},{
  "dateTime" : "10/16/17 08:02:00",
  "value" : "20"
},{
  "dateTime" : "10/16/17 09:12:00",
  "value" : "20"
},{
  "dateTime" : "10/16/17 11:05:00",
  "value" : "10"
},{
  "dateTime" : "10/16/17 12:58:00",
  "value" : "10"
},{
  "dateTime" : "10/16/17 13:25:00",
  "value" : "10"
},{
  "dateTime" : "10/16/17 14:01:00",
  "value" : "10"
},{
  "dateTime" : "10/16/17 14:02:00",
  "value" : "10"
},{
  "dateTime" : "10/16/17 14:03:00",
  "value" : "10"
},{
  "dateTime" : "10/16/17 14:04:00",
  "value" : "10"
},{
  "dateTime" : "10/16/17 14:05:00",
  "value" : "10"
},{
  "dateTime" : "10/16/17 14:56:00",
  "value" : "10"
},{
  "dateTime" : "10/16/17 14:59:00",
  "value" : "10"
},{
  "dateTime" : "10/16/17 15:01:00",
  "value" : "10"
},{
  "dateTime" : "10/16/17 15:11:00",
  "value" : "10"
},{
  "dateTime" : "10/16/17 15:12:00",
  "value" : "20"
},{
  "dateTime" : "10/16/17 15:13:00",
  "value" : "20"
},{
  "dateTime" : "10/16/17 15:15:00",
  "value" : "20"
},{
  "dateTime" : "10/16/17 15:52:00",
  "value" : "10"
},{
  "dateTime" : "10/16/17 15:53:00",
  "value" : "10"
},{
  "dateTime" : "10/16/17 15:55:00",
  "value" : "10"
},{
  "dateTime" : "10/16/17 15:56:00",
  "value" : "10"
},{
  "dateTime" : "10/16/17 16:02:00",
  "value" : "10"
},{
  "dateTime" : "10/16/17 17:07:00",
  "value" : "20"
},{
  "dateTime" : "10/16/17 17:09:00",
  "value" : "20"
},{
  "dateTime" : "10/16/17 17:10:00",
  "value" : "10"
},{
  "dateTime" : "10/16/17 17:25:00",
  "value" : "10"
},{
  "dateTime" : "10/16/17 17:26:00",
  "value" : "10"
},{
  "dateTime" : "10/16/17 17:59:00",
  "value" : "20"
},{
  "dateTime" : "10/16/17 18:51:00",
  "value" : "10"
},{
  "dateTime" : "10/16/17 18:52:00",
  "value" : "10"
},{
  "dateTime" : "10/16/17 20:11:00",
  "value" : "20"
},{
  "dateTime" : "10/16/17 21:22:00",
  "value" : "10"
},{
  "dateTime" : "10/16/17 22:47:00",
  "value" : "10"
},{
  "dateTime" : "10/17/17 08:23:00",
  "value" : "10"
},{
  "dateTime" : "10/17/17 08:24:00",
  "value" : "10"
},{
  "dateTime" : "10/17/17 08:36:00",
  "value" : "10"
},{
  "dateTime" : "10/17/17 08:38:00",
  "value" : "10"
},{
  "dateTime" : "10/17/17 08:45:00",
  "value" : "10"
},{
  "dateTime" : "10/17/17 09:26:00",
  "value" : "10"
},{
  "dateTime" : "10/17/17 09:27:00",
  "value" : "10"
},{
  "dateTime" : "10/17/17 09:28:00",
  "value" : "10"
},{
  "dateTime" : "10/17/17 09:29:00",
  "value" : "10"
},{
  "dateTime" : "10/17/17 09:30:00",
  "value" : "10"
},{
  "dateTime" : "10/17/17 09:31:00",
  "value" : "10"
},{
  "dateTime" : "10/17/17 09:32:00",
  "value" : "10"
},{
  "dateTime" : "10/17/17 09:33:00",
  "value" : "10"
},{
  "dateTime" : "10/17/17 09:39:00",
  "value" : "10"
},{
  "dateTime" : "10/17/17 09:40:00",
  "value" : "10"
},{
  "dateTime" : "10/17/17 09:57:00",
  "value" : "20"
},{
  "dateTime" : "10/17/17 10:07:00",
  "value" : "10"
},{
  "dateTime" : "10/17/17 10:08:00",
  "value" : "10"
},{
  "dateTime" : "10/17/17 10:16:00",
  "value" : "10"
},{
  "dateTime" : "10/17/17 10:22:00",
  "value" : "10"
},{
  "dateTime" : "10/17/17 10:23:00",
  "value" : "30"
},{
  "dateTime" : "10/17/17 10:24:00",
  "value" : "30"
},{
  "dateTime" : "10/17/17 10:25:00",
  "value" : "40"
},{
  "dateTime" : "10/17/17 10:26:00",
  "value" : "40"
},{
  "dateTime" : "10/17/17 11:05:00",
  "value" : "10"
},{
  "dateTime" : "10/17/17 11:06:00",
  "value" : "10"
},{
  "dateTime" : "10/17/17 11:07:00",
  "value" : "30"
},{
  "dateTime" : "10/17/17 11:13:00",
  "value" : "10"
},{
  "dateTime" : "10/17/17 11:16:00",
  "value" : "20"
},{
  "dateTime" : "10/17/17 12:12:00",
  "value" : "20"
},{
  "dateTime" : "10/17/17 12:33:00",
  "value" : "10"
},{
  "dateTime" : "10/17/17 14:05:00",
  "value" : "10"
},{
  "dateTime" : "10/17/17 15:39:00",
  "value" : "10"
},{
  "dateTime" : "10/17/17 15:40:00",
  "value" : "10"
},{
  "dateTime" : "10/17/17 15:50:00",
  "value" : "20"
},{
  "dateTime" : "10/17/17 15:51:00",
  "value" : "10"
},{
  "dateTime" : "10/17/17 15:55:00",
  "value" : "20"
},{
  "dateTime" : "10/17/17 15:56:00",
  "value" : "10"
},{
  "dateTime" : "10/17/17 15:57:00",
  "value" : "10"
},{
  "dateTime" : "10/17/17 15:58:00",
  "value" : "20"
},{
  "dateTime" : "10/17/17 17:52:00",
  "value" : "20"
},{
  "dateTime" : "10/17/17 17:54:00",
  "value" : "10"
},{
  "dateTime" : "10/17/17 17:58:00",
  "value" : "10"
},{
  "dateTime" : "10/17/17 18:00:00",
  "value" : "10"
},{
  "dateTime" : "10/17/17 18:01:00",
  "value" : "10"
},{
  "dateTime" : "10/17/17 18:03:00",
  "value" : "10"
},{
  "dateTime" : "10/17/17 18:38:00",
  "value" : "20"
},{
  "dateTime" : "10/17/17 18:46:00",
  "value" : "10"
},{
  "dateTime" : "10/17/17 18:49:00",
  "value" : "20"
},{
  "dateTime" : "10/17/17 18:58:00",
  "value" : "20"
},{
  "dateTime" : "10/17/17 19:02:00",
  "value" : "20"
},{
  "dateTime" : "10/17/17 19:36:00",
  "value" : "10"
},{
  "dateTime" : "10/17/17 21:14:00",
  "value" : "10"
},{
  "dateTime" : "10/17/17 21:15:00",
  "value" : "10"
},{
  "dateTime" : "10/17/17 21:19:00",
  "value" : "10"
},{
  "dateTime" : "10/17/17 21:20:00",
  "value" : "10"
},{
  "dateTime" : "10/17/17 22:56:00",
  "value" : "20"
},{
  "dateTime" : "10/18/17 07:54:00",
  "value" : "10"
},{
  "dateTime" : "10/18/17 07:56:00",
  "value" : "10"
},{
  "dateTime" : "10/18/17 08:03:00",
  "value" : "10"
},{
  "dateTime" : "10/18/17 09:06:00",
  "value" : "10"
},{
  "dateTime" : "10/18/17 09:08:00",
  "value" : "10"
},{
  "dateTime" : "10/18/17 12:03:00",
  "value" : "10"
},{
  "dateTime" : "10/18/17 12:04:00",
  "value" : "10"
},{
  "dateTime" : "10/18/17 12:05:00",
  "value" : "10"
},{
  "dateTime" : "10/18/17 12:06:00",
  "value" : "10"
},{
  "dateTime" : "10/18/17 12:07:00",
  "value" : "20"
},{
  "dateTime" : "10/18/17 12:08:00",
  "value" : "20"
},{
  "dateTime" : "10/18/17 15:06:00",
  "value" : "10"
},{
  "dateTime" : "10/18/17 15:07:00",
  "value" : "10"
},{
  "dateTime" : "10/18/17 15:08:00",
  "value" : "20"
},{
  "dateTime" : "10/18/17 15:11:00",
  "value" : "30"
},{
  "dateTime" : "10/18/17 15:12:00",
  "value" : "10"
},{
  "dateTime" : "10/18/17 17:06:00",
  "value" : "20"
},{
  "dateTime" : "10/18/17 17:08:00",
  "value" : "20"
},{
  "dateTime" : "10/18/17 17:09:00",
  "value" : "10"
},{
  "dateTime" : "10/18/17 17:22:00",
  "value" : "10"
},{
  "dateTime" : "10/18/17 17:49:00",
  "value" : "20"
},{
  "dateTime" : "10/18/17 18:03:00",
  "value" : "10"
},{
  "dateTime" : "10/18/17 18:15:00",
  "value" : "10"
},{
  "dateTime" : "10/18/17 18:16:00",
  "value" : "10"
},{
  "dateTime" : "10/18/17 18:20:00",
  "value" : "10"
},{
  "dateTime" : "10/18/17 18:21:00",
  "value" : "10"
},{
  "dateTime" : "10/18/17 18:22:00",
  "value" : "10"
},{
  "dateTime" : "10/18/17 18:23:00",
  "value" : "10"
},{
  "dateTime" : "10/18/17 18:26:00",
  "value" : "10"
},{
  "dateTime" : "10/18/17 18:27:00",
  "value" : "10"
},{
  "dateTime" : "10/18/17 18:28:00",
  "value" : "10"
},{
  "dateTime" : "10/18/17 18:29:00",
  "value" : "20"
},{
  "dateTime" : "10/18/17 18:31:00",
  "value" : "10"
},{
  "dateTime" : "10/18/17 18:32:00",
  "value" : "20"
},{
  "dateTime" : "10/18/17 18:33:00",
  "value" : "10"
},{
  "dateTime" : "10/18/17 18:34:00",
  "value" : "10"
},{
  "dateTime" : "10/18/17 20:07:00",
  "value" : "10"
},{
  "dateTime" : "10/18/17 20:08:00",
  "value" : "10"
},{
  "dateTime" : "10/18/17 20:09:00",
  "value" : "10"
},{
  "dateTime" : "10/18/17 20:16:00",
  "value" : "10"
},{
  "dateTime" : "10/18/17 20:20:00",
  "value" : "20"
},{
  "dateTime" : "10/18/17 23:12:00",
  "value" : "20"
},{
  "dateTime" : "10/19/17 09:15:00",
  "value" : "20"
},{
  "dateTime" : "10/19/17 09:34:00",
  "value" : "10"
},{
  "dateTime" : "10/19/17 09:36:00",
  "value" : "10"
},{
  "dateTime" : "10/19/17 09:37:00",
  "value" : "10"
},{
  "dateTime" : "10/19/17 09:44:00",
  "value" : "10"
},{
  "dateTime" : "10/19/17 12:19:00",
  "value" : "10"
},{
  "dateTime" : "10/19/17 12:20:00",
  "value" : "10"
},{
  "dateTime" : "10/19/17 12:21:00",
  "value" : "10"
},{
  "dateTime" : "10/19/17 12:22:00",
  "value" : "10"
},{
  "dateTime" : "10/19/17 12:26:00",
  "value" : "10"
},{
  "dateTime" : "10/19/17 14:01:00",
  "value" : "10"
},{
  "dateTime" : "10/19/17 15:31:00",
  "value" : "10"
},{
  "dateTime" : "10/19/17 15:35:00",
  "value" : "20"
},{
  "dateTime" : "10/19/17 15:36:00",
  "value" : "10"
},{
  "dateTime" : "10/19/17 15:37:00",
  "value" : "10"
},{
  "dateTime" : "10/19/17 15:38:00",
  "value" : "20"
},{
  "dateTime" : "10/19/17 15:39:00",
  "value" : "10"
},{
  "dateTime" : "10/19/17 15:40:00",
  "value" : "40"
},{
  "dateTime" : "10/19/17 15:41:00",
  "value" : "10"
},{
  "dateTime" : "10/19/17 17:02:00",
  "value" : "20"
},{
  "dateTime" : "10/19/17 17:03:00",
  "value" : "20"
},{
  "dateTime" : "10/19/17 17:15:00",
  "value" : "10"
},{
  "dateTime" : "10/19/17 18:30:00",
  "value" : "10"
},{
  "dateTime" : "10/19/17 18:31:00",
  "value" : "10"
},{
  "dateTime" : "10/19/17 18:33:00",
  "value" : "10"
},{
  "dateTime" : "10/19/17 19:31:00",
  "value" : "20"
},{
  "dateTime" : "10/19/17 19:36:00",
  "value" : "10"
},{
  "dateTime" : "10/19/17 19:37:00",
  "value" : "10"
},{
  "dateTime" : "10/19/17 19:39:00",
  "value" : "20"
},{
  "dateTime" : "10/19/17 22:34:00",
  "value" : "20"
},{
  "dateTime" : "10/20/17 09:53:00",
  "value" : "10"
},{
  "dateTime" : "10/20/17 09:54:00",
  "value" : "10"
},{
  "dateTime" : "10/20/17 09:55:00",
  "value" : "10"
},{
  "dateTime" : "10/20/17 09:56:00",
  "value" : "10"
},{
  "dateTime" : "10/20/17 10:01:00",
  "value" : "10"
},{
  "dateTime" : "10/20/17 10:02:00",
  "value" : "10"
},{
  "dateTime" : "10/20/17 10:03:00",
  "value" : "10"
},{
  "dateTime" : "10/20/17 10:04:00",
  "value" : "10"
},{
  "dateTime" : "10/20/17 10:07:00",
  "value" : "10"
},{
  "dateTime" : "10/20/17 10:08:00",
  "value" : "10"
},{
  "dateTime" : "10/20/17 10:09:00",
  "value" : "20"
},{
  "dateTime" : "10/20/17 10:10:00",
  "value" : "10"
},{
  "dateTime" : "10/20/17 10:13:00",
  "value" : "10"
},{
  "dateTime" : "10/20/17 10:14:00",
  "value" : "10"
},{
  "dateTime" : "10/20/17 12:12:00",
  "value" : "10"
},{
  "dateTime" : "10/20/17 13:40:00",
  "value" : "20"
},{
  "dateTime" : "10/20/17 13:54:00",
  "value" : "10"
},{
  "dateTime" : "10/20/17 13:56:00",
  "value" : "10"
},{
  "dateTime" : "10/20/17 14:04:00",
  "value" : "20"
},{
  "dateTime" : "10/20/17 15:06:00",
  "value" : "10"
},{
  "dateTime" : "10/20/17 15:07:00",
  "value" : "10"
},{
  "dateTime" : "10/20/17 15:08:00",
  "value" : "20"
},{
  "dateTime" : "10/20/17 15:14:00",
  "value" : "10"
},{
  "dateTime" : "10/20/17 15:15:00",
  "value" : "10"
},{
  "dateTime" : "10/20/17 15:16:00",
  "value" : "10"
},{
  "dateTime" : "10/20/17 15:17:00",
  "value" : "10"
},{
  "dateTime" : "10/20/17 15:18:00",
  "value" : "10"
},{
  "dateTime" : "10/20/17 16:54:00",
  "value" : "20"
},{
  "dateTime" : "10/20/17 16:57:00",
  "value" : "20"
},{
  "dateTime" : "10/20/17 17:39:00",
  "value" : "20"
},{
  "dateTime" : "10/20/17 17:40:00",
  "value" : "10"
},{
  "dateTime" : "10/20/17 17:47:00",
  "value" : "10"
},{
  "dateTime" : "10/20/17 17:48:00",
  "value" : "10"
},{
  "dateTime" : "10/20/17 18:37:00",
  "value" : "10"
},{
  "dateTime" : "10/20/17 18:38:00",
  "value" : "10"
},{
  "dateTime" : "10/20/17 18:39:00",
  "value" : "20"
},{
  "dateTime" : "10/20/17 18:40:00",
  "value" : "10"
},{
  "dateTime" : "10/20/17 18:41:00",
  "value" : "10"
},{
  "dateTime" : "10/20/17 18:43:00",
  "value" : "10"
},{
  "dateTime" : "10/20/17 18:46:00",
  "value" : "20"
},{
  "dateTime" : "10/20/17 18:47:00",
  "value" : "20"
},{
  "dateTime" : "10/20/17 19:00:00",
  "value" : "10"
},{
  "dateTime" : "10/20/17 20:02:00",
  "value" : "10"
},{
  "dateTime" : "10/20/17 20:05:00",
  "value" : "10"
},{
  "dateTime" : "10/20/17 20:06:00",
  "value" : "20"
},{
  "dateTime" : "10/20/17 20:35:00",
  "value" : "10"
},{
  "dateTime" : "10/20/17 21:39:00",
  "value" : "10"
},{
  "dateTime" : "10/20/17 22:55:00",
  "value" : "20"
},{
  "dateTime" : "10/20/17 23:05:00",
  "value" : "20"
},{
  "dateTime" : "10/20/17 23:06:00",
  "value" : "10"
},{
  "dateTime" : "10/20/17 23:08:00",
  "value" : "20"
},{
  "dateTime" : "10/20/17 23:09:00",
  "value" : "10"
},{
  "dateTime" : "10/20/17 23:10:00",
  "value" : "10"
},{
  "dateTime" : "10/20/17 23:11:00",
  "value" : "10"
},{
  "dateTime" : "10/20/17 23:14:00",
  "value" : "20"
},{
  "dateTime" : "10/21/17 09:04:00",
  "value" : "20"
},{
  "dateTime" : "10/21/17 11:57:00",
  "value" : "10"
},{
  "dateTime" : "10/21/17 13:01:00",
  "value" : "10"
},{
  "dateTime" : "10/21/17 13:02:00",
  "value" : "10"
},{
  "dateTime" : "10/21/17 14:47:00",
  "value" : "10"
},{
  "dateTime" : "10/21/17 15:54:00",
  "value" : "10"
},{
  "dateTime" : "10/21/17 15:55:00",
  "value" : "20"
},{
  "dateTime" : "10/21/17 15:58:00",
  "value" : "10"
},{
  "dateTime" : "10/21/17 16:02:00",
  "value" : "10"
},{
  "dateTime" : "10/21/17 16:03:00",
  "value" : "10"
},{
  "dateTime" : "10/21/17 16:04:00",
  "value" : "10"
},{
  "dateTime" : "10/21/17 16:14:00",
  "value" : "10"
},{
  "dateTime" : "10/21/17 16:16:00",
  "value" : "10"
},{
  "dateTime" : "10/21/17 16:18:00",
  "value" : "10"
},{
  "dateTime" : "10/21/17 16:20:00",
  "value" : "10"
},{
  "dateTime" : "10/21/17 16:21:00",
  "value" : "10"
},{
  "dateTime" : "10/21/17 16:23:00",
  "value" : "10"
},{
  "dateTime" : "10/21/17 16:25:00",
  "value" : "10"
},{
  "dateTime" : "10/21/17 16:26:00",
  "value" : "10"
},{
  "dateTime" : "10/21/17 16:30:00",
  "value" : "10"
},{
  "dateTime" : "10/21/17 16:31:00",
  "value" : "10"
},{
  "dateTime" : "10/21/17 16:33:00",
  "value" : "30"
},{
  "dateTime" : "10/21/17 16:34:00",
  "value" : "10"
},{
  "dateTime" : "10/21/17 16:35:00",
  "value" : "10"
},{
  "dateTime" : "10/21/17 16:36:00",
  "value" : "10"
},{
  "dateTime" : "10/21/17 16:38:00",
  "value" : "10"
},{
  "dateTime" : "10/21/17 16:45:00",
  "value" : "20"
},{
  "dateTime" : "10/21/17 17:16:00",
  "value" : "10"
},{
  "dateTime" : "10/21/17 17:17:00",
  "value" : "10"
},{
  "dateTime" : "10/21/17 17:18:00",
  "value" : "10"
},{
  "dateTime" : "10/21/17 17:19:00",
  "value" : "10"
},{
  "dateTime" : "10/21/17 17:22:00",
  "value" : "10"
},{
  "dateTime" : "10/21/17 17:23:00",
  "value" : "30"
},{
  "dateTime" : "10/21/17 17:24:00",
  "value" : "20"
},{
  "dateTime" : "10/21/17 17:25:00",
  "value" : "10"
},{
  "dateTime" : "10/21/17 18:29:00",
  "value" : "30"
},{
  "dateTime" : "10/21/17 18:30:00",
  "value" : "10"
},{
  "dateTime" : "10/21/17 20:12:00",
  "value" : "10"
},{
  "dateTime" : "10/21/17 20:13:00",
  "value" : "10"
},{
  "dateTime" : "10/21/17 20:14:00",
  "value" : "10"
},{
  "dateTime" : "10/21/17 20:15:00",
  "value" : "10"
},{
  "dateTime" : "10/21/17 20:17:00",
  "value" : "20"
},{
  "dateTime" : "10/21/17 20:19:00",
  "value" : "10"
},{
  "dateTime" : "10/21/17 20:25:00",
  "value" : "10"
},{
  "dateTime" : "10/21/17 20:26:00",
  "value" : "20"
},{
  "dateTime" : "10/21/17 20:33:00",
  "value" : "10"
},{
  "dateTime" : "10/21/17 20:34:00",
  "value" : "10"
},{
  "dateTime" : "10/21/17 20:35:00",
  "value" : "20"
},{
  "dateTime" : "10/21/17 23:46:00",
  "value" : "10"
},{
  "dateTime" : "10/22/17 08:55:00",
  "value" : "20"
},{
  "dateTime" : "10/22/17 09:06:00",
  "value" : "10"
},{
  "dateTime" : "10/22/17 09:08:00",
  "value" : "10"
},{
  "dateTime" : "10/22/17 09:31:00",
  "value" : "20"
},{
  "dateTime" : "10/22/17 10:01:00",
  "value" : "10"
},{
  "dateTime" : "10/22/17 10:02:00",
  "value" : "20"
},{
  "dateTime" : "10/22/17 12:21:00",
  "value" : "10"
},{
  "dateTime" : "10/22/17 12:40:00",
  "value" : "20"
},{
  "dateTime" : "10/22/17 13:57:00",
  "value" : "10"
},{
  "dateTime" : "10/22/17 15:02:00",
  "value" : "10"
},{
  "dateTime" : "10/22/17 15:06:00",
  "value" : "10"
},{
  "dateTime" : "10/22/17 15:07:00",
  "value" : "10"
},{
  "dateTime" : "10/22/17 15:20:00",
  "value" : "10"
},{
  "dateTime" : "10/22/17 16:28:00",
  "value" : "10"
},{
  "dateTime" : "10/22/17 17:17:00",
  "value" : "10"
},{
  "dateTime" : "10/22/17 17:24:00",
  "value" : "10"
},{
  "dateTime" : "10/22/17 17:30:00",
  "value" : "10"
},{
  "dateTime" : "10/22/17 17:31:00",
  "value" : "10"
},{
  "dateTime" : "10/22/17 17:32:00",
  "value" : "20"
},{
  "dateTime" : "10/22/17 17:33:00",
  "value" : "10"
},{
  "dateTime" : "10/22/17 17:34:00",
  "value" : "10"
},{
  "dateTime" : "10/22/17 17:46:00",
  "value" : "10"
},{
  "dateTime" : "10/22/17 17:49:00",
  "value" : "20"
},{
  "dateTime" : "10/22/17 17:50:00",
  "value" : "20"
},{
  "dateTime" : "10/22/17 20:51:00",
  "value" : "10"
},{
  "dateTime" : "10/22/17 20:53:00",
  "value" : "20"
},{
  "dateTime" : "10/22/17 23:50:00",
  "value" : "10"
},{
  "dateTime" : "10/23/17 07:56:00",
  "value" : "10"
},{
  "dateTime" : "10/23/17 07:58:00",
  "value" : "10"
},{
  "dateTime" : "10/23/17 08:06:00",
  "value" : "10"
},{
  "dateTime" : "10/23/17 09:10:00",
  "value" : "20"
},{
  "dateTime" : "10/23/17 10:32:00",
  "value" : "10"
},{
  "dateTime" : "10/23/17 10:52:00",
  "value" : "10"
},{
  "dateTime" : "10/23/17 11:02:00",
  "value" : "20"
},{
  "dateTime" : "10/23/17 12:03:00",
  "value" : "10"
},{
  "dateTime" : "10/23/17 12:06:00",
  "value" : "10"
},{
  "dateTime" : "10/23/17 12:10:00",
  "value" : "10"
},{
  "dateTime" : "10/23/17 12:11:00",
  "value" : "20"
},{
  "dateTime" : "10/23/17 12:12:00",
  "value" : "10"
},{
  "dateTime" : "10/23/17 12:13:00",
  "value" : "10"
},{
  "dateTime" : "10/23/17 12:42:00",
  "value" : "10"
},{
  "dateTime" : "10/23/17 12:47:00",
  "value" : "10"
},{
  "dateTime" : "10/23/17 12:49:00",
  "value" : "10"
},{
  "dateTime" : "10/23/17 12:54:00",
  "value" : "10"
},{
  "dateTime" : "10/23/17 12:57:00",
  "value" : "20"
},{
  "dateTime" : "10/23/17 13:03:00",
  "value" : "10"
},{
  "dateTime" : "10/23/17 14:00:00",
  "value" : "10"
},{
  "dateTime" : "10/23/17 14:01:00",
  "value" : "10"
},{
  "dateTime" : "10/23/17 14:02:00",
  "value" : "10"
},{
  "dateTime" : "10/23/17 14:03:00",
  "value" : "10"
},{
  "dateTime" : "10/23/17 14:04:00",
  "value" : "10"
},{
  "dateTime" : "10/23/17 14:05:00",
  "value" : "10"
},{
  "dateTime" : "10/23/17 14:53:00",
  "value" : "10"
},{
  "dateTime" : "10/23/17 14:59:00",
  "value" : "10"
},{
  "dateTime" : "10/23/17 15:03:00",
  "value" : "10"
},{
  "dateTime" : "10/23/17 15:04:00",
  "value" : "20"
},{
  "dateTime" : "10/23/17 15:05:00",
  "value" : "10"
},{
  "dateTime" : "10/23/17 15:06:00",
  "value" : "10"
},{
  "dateTime" : "10/23/17 17:04:00",
  "value" : "10"
},{
  "dateTime" : "10/23/17 17:05:00",
  "value" : "10"
},{
  "dateTime" : "10/23/17 17:12:00",
  "value" : "10"
},{
  "dateTime" : "10/23/17 17:20:00",
  "value" : "20"
},{
  "dateTime" : "10/23/17 18:05:00",
  "value" : "10"
},{
  "dateTime" : "10/23/17 18:09:00",
  "value" : "10"
},{
  "dateTime" : "10/23/17 20:14:00",
  "value" : "20"
},{
  "dateTime" : "10/23/17 23:20:00",
  "value" : "10"
},{
  "dateTime" : "10/24/17 06:44:00",
  "value" : "10"
},{
  "dateTime" : "10/24/17 06:46:00",
  "value" : "20"
},{
  "dateTime" : "10/24/17 07:28:00",
  "value" : "10"
},{
  "dateTime" : "10/24/17 10:49:00",
  "value" : "10"
},{
  "dateTime" : "10/24/17 10:50:00",
  "value" : "20"
},{
  "dateTime" : "10/24/17 10:59:00",
  "value" : "10"
},{
  "dateTime" : "10/24/17 12:21:00",
  "value" : "30"
},{
  "dateTime" : "10/24/17 12:27:00",
  "value" : "10"
},{
  "dateTime" : "10/24/17 12:29:00",
  "value" : "10"
},{
  "dateTime" : "10/24/17 12:40:00",
  "value" : "10"
},{
  "dateTime" : "10/24/17 14:03:00",
  "value" : "10"
},{
  "dateTime" : "10/24/17 15:32:00",
  "value" : "10"
},{
  "dateTime" : "10/24/17 15:37:00",
  "value" : "10"
},{
  "dateTime" : "10/24/17 15:38:00",
  "value" : "20"
},{
  "dateTime" : "10/24/17 15:39:00",
  "value" : "10"
},{
  "dateTime" : "10/24/17 15:40:00",
  "value" : "20"
},{
  "dateTime" : "10/24/17 15:41:00",
  "value" : "20"
},{
  "dateTime" : "10/24/17 15:42:00",
  "value" : "20"
},{
  "dateTime" : "10/24/17 17:00:00",
  "value" : "20"
},{
  "dateTime" : "10/24/17 17:01:00",
  "value" : "10"
},{
  "dateTime" : "10/24/17 17:02:00",
  "value" : "10"
},{
  "dateTime" : "10/24/17 17:10:00",
  "value" : "10"
},{
  "dateTime" : "10/24/17 17:16:00",
  "value" : "10"
},{
  "dateTime" : "10/24/17 17:17:00",
  "value" : "10"
},{
  "dateTime" : "10/24/17 17:20:00",
  "value" : "10"
},{
  "dateTime" : "10/24/17 17:21:00",
  "value" : "10"
},{
  "dateTime" : "10/24/17 17:23:00",
  "value" : "10"
},{
  "dateTime" : "10/24/17 17:24:00",
  "value" : "20"
},{
  "dateTime" : "10/24/17 17:28:00",
  "value" : "10"
},{
  "dateTime" : "10/24/17 17:58:00",
  "value" : "10"
},{
  "dateTime" : "10/24/17 18:00:00",
  "value" : "10"
},{
  "dateTime" : "10/24/17 18:01:00",
  "value" : "10"
},{
  "dateTime" : "10/24/17 21:04:00",
  "value" : "10"
},{
  "dateTime" : "10/24/17 21:05:00",
  "value" : "10"
},{
  "dateTime" : "10/24/17 21:10:00",
  "value" : "10"
},{
  "dateTime" : "10/24/17 21:11:00",
  "value" : "20"
},{
  "dateTime" : "10/24/17 21:12:00",
  "value" : "10"
},{
  "dateTime" : "10/24/17 21:13:00",
  "value" : "10"
},{
  "dateTime" : "10/24/17 21:20:00",
  "value" : "10"
},{
  "dateTime" : "10/24/17 21:22:00",
  "value" : "10"
},{
  "dateTime" : "10/24/17 23:16:00",
  "value" : "10"
},{
  "dateTime" : "10/25/17 07:57:00",
  "value" : "10"
},{
  "dateTime" : "10/25/17 07:59:00",
  "value" : "10"
},{
  "dateTime" : "10/25/17 08:07:00",
  "value" : "10"
},{
  "dateTime" : "10/25/17 09:03:00",
  "value" : "10"
},{
  "dateTime" : "10/25/17 09:04:00",
  "value" : "10"
},{
  "dateTime" : "10/25/17 09:05:00",
  "value" : "10"
},{
  "dateTime" : "10/25/17 09:06:00",
  "value" : "10"
},{
  "dateTime" : "10/25/17 09:12:00",
  "value" : "10"
},{
  "dateTime" : "10/25/17 09:13:00",
  "value" : "20"
},{
  "dateTime" : "10/25/17 09:14:00",
  "value" : "10"
},{
  "dateTime" : "10/25/17 09:16:00",
  "value" : "20"
},{
  "dateTime" : "10/25/17 10:57:00",
  "value" : "10"
},{
  "dateTime" : "10/25/17 10:59:00",
  "value" : "10"
},{
  "dateTime" : "10/25/17 12:07:00",
  "value" : "20"
},{
  "dateTime" : "10/25/17 12:09:00",
  "value" : "10"
},{
  "dateTime" : "10/25/17 12:10:00",
  "value" : "20"
},{
  "dateTime" : "10/25/17 12:11:00",
  "value" : "20"
},{
  "dateTime" : "10/25/17 12:12:00",
  "value" : "10"
},{
  "dateTime" : "10/25/17 15:08:00",
  "value" : "10"
},{
  "dateTime" : "10/25/17 15:20:00",
  "value" : "10"
},{
  "dateTime" : "10/25/17 15:21:00",
  "value" : "10"
},{
  "dateTime" : "10/25/17 15:22:00",
  "value" : "10"
},{
  "dateTime" : "10/25/17 17:05:00",
  "value" : "20"
},{
  "dateTime" : "10/25/17 17:06:00",
  "value" : "10"
},{
  "dateTime" : "10/25/17 17:07:00",
  "value" : "10"
},{
  "dateTime" : "10/25/17 17:15:00",
  "value" : "10"
},{
  "dateTime" : "10/25/17 17:23:00",
  "value" : "10"
},{
  "dateTime" : "10/25/17 17:24:00",
  "value" : "20"
},{
  "dateTime" : "10/25/17 17:40:00",
  "value" : "20"
},{
  "dateTime" : "10/25/17 18:52:00",
  "value" : "10"
},{
  "dateTime" : "10/25/17 18:53:00",
  "value" : "10"
},{
  "dateTime" : "10/25/17 19:00:00",
  "value" : "10"
},{
  "dateTime" : "10/25/17 19:01:00",
  "value" : "10"
},{
  "dateTime" : "10/25/17 19:03:00",
  "value" : "10"
},{
  "dateTime" : "10/25/17 19:04:00",
  "value" : "10"
},{
  "dateTime" : "10/25/17 19:07:00",
  "value" : "10"
},{
  "dateTime" : "10/25/17 20:59:00",
  "value" : "30"
},{
  "dateTime" : "10/25/17 21:11:00",
  "value" : "10"
},{
  "dateTime" : "10/25/17 21:13:00",
  "value" : "10"
},{
  "dateTime" : "10/25/17 21:15:00",
  "value" : "10"
},{
  "dateTime" : "10/25/17 23:27:00",
  "value" : "10"
}]