[{
  "dateTime" : "05/30/17 11:34:00",
  "value" : "10"
},{
  "dateTime" : "05/30/17 11:49:00",
  "value" : "10"
},{
  "dateTime" : "05/30/17 12:24:00",
  "value" : "10"
},{
  "dateTime" : "05/30/17 12:27:00",
  "value" : "10"
},{
  "dateTime" : "05/30/17 12:28:00",
  "value" : "10"
},{
  "dateTime" : "05/30/17 12:29:00",
  "value" : "10"
},{
  "dateTime" : "05/30/17 13:32:00",
  "value" : "10"
},{
  "dateTime" : "05/30/17 14:25:00",
  "value" : "10"
},{
  "dateTime" : "05/30/17 17:08:00",
  "value" : "10"
},{
  "dateTime" : "05/30/17 23:40:00",
  "value" : "10"
},{
  "dateTime" : "05/30/17 23:51:00",
  "value" : "10"
},{
  "dateTime" : "05/31/17 10:06:00",
  "value" : "10"
},{
  "dateTime" : "05/31/17 10:34:00",
  "value" : "10"
},{
  "dateTime" : "05/31/17 16:39:00",
  "value" : "10"
},{
  "dateTime" : "05/31/17 21:54:00",
  "value" : "10"
},{
  "dateTime" : "06/01/17 09:15:00",
  "value" : "10"
},{
  "dateTime" : "06/01/17 09:23:00",
  "value" : "10"
},{
  "dateTime" : "06/01/17 13:22:00",
  "value" : "10"
},{
  "dateTime" : "06/01/17 19:05:00",
  "value" : "10"
},{
  "dateTime" : "06/02/17 05:54:00",
  "value" : "10"
},{
  "dateTime" : "06/02/17 06:50:00",
  "value" : "10"
},{
  "dateTime" : "06/02/17 06:51:00",
  "value" : "20"
},{
  "dateTime" : "06/02/17 10:11:00",
  "value" : "20"
},{
  "dateTime" : "06/02/17 11:18:00",
  "value" : "10"
},{
  "dateTime" : "06/02/17 12:48:00",
  "value" : "10"
},{
  "dateTime" : "06/02/17 12:49:00",
  "value" : "10"
},{
  "dateTime" : "06/02/17 12:50:00",
  "value" : "10"
},{
  "dateTime" : "06/02/17 12:51:00",
  "value" : "10"
},{
  "dateTime" : "06/02/17 12:52:00",
  "value" : "10"
},{
  "dateTime" : "06/02/17 12:59:00",
  "value" : "20"
},{
  "dateTime" : "06/02/17 13:36:00",
  "value" : "20"
},{
  "dateTime" : "06/02/17 13:37:00",
  "value" : "20"
},{
  "dateTime" : "06/02/17 13:38:00",
  "value" : "10"
},{
  "dateTime" : "06/02/17 13:39:00",
  "value" : "20"
},{
  "dateTime" : "06/02/17 13:40:00",
  "value" : "10"
},{
  "dateTime" : "06/02/17 13:41:00",
  "value" : "30"
},{
  "dateTime" : "06/02/17 13:42:00",
  "value" : "10"
},{
  "dateTime" : "06/02/17 13:43:00",
  "value" : "10"
},{
  "dateTime" : "06/02/17 13:44:00",
  "value" : "20"
},{
  "dateTime" : "06/02/17 15:39:00",
  "value" : "10"
},{
  "dateTime" : "06/02/17 15:40:00",
  "value" : "10"
},{
  "dateTime" : "06/02/17 15:41:00",
  "value" : "10"
},{
  "dateTime" : "06/02/17 15:42:00",
  "value" : "10"
},{
  "dateTime" : "06/02/17 15:49:00",
  "value" : "10"
},{
  "dateTime" : "06/02/17 15:50:00",
  "value" : "20"
},{
  "dateTime" : "06/02/17 18:20:00",
  "value" : "10"
},{
  "dateTime" : "06/02/17 18:22:00",
  "value" : "40"
},{
  "dateTime" : "06/02/17 18:26:00",
  "value" : "20"
},{
  "dateTime" : "06/02/17 18:29:00",
  "value" : "20"
},{
  "dateTime" : "06/02/17 18:31:00",
  "value" : "10"
},{
  "dateTime" : "06/02/17 18:46:00",
  "value" : "10"
},{
  "dateTime" : "06/02/17 18:57:00",
  "value" : "10"
},{
  "dateTime" : "06/02/17 19:14:00",
  "value" : "10"
},{
  "dateTime" : "06/02/17 19:15:00",
  "value" : "10"
},{
  "dateTime" : "06/02/17 19:16:00",
  "value" : "10"
},{
  "dateTime" : "06/02/17 19:23:00",
  "value" : "10"
},{
  "dateTime" : "06/02/17 19:36:00",
  "value" : "10"
},{
  "dateTime" : "06/02/17 19:37:00",
  "value" : "10"
},{
  "dateTime" : "06/02/17 19:38:00",
  "value" : "20"
},{
  "dateTime" : "06/02/17 19:39:00",
  "value" : "10"
},{
  "dateTime" : "06/02/17 20:00:00",
  "value" : "10"
},{
  "dateTime" : "06/02/17 20:01:00",
  "value" : "10"
},{
  "dateTime" : "06/02/17 20:03:00",
  "value" : "10"
},{
  "dateTime" : "06/02/17 20:04:00",
  "value" : "10"
},{
  "dateTime" : "06/02/17 20:06:00",
  "value" : "20"
},{
  "dateTime" : "06/02/17 20:07:00",
  "value" : "10"
},{
  "dateTime" : "06/02/17 20:11:00",
  "value" : "10"
},{
  "dateTime" : "06/02/17 20:13:00",
  "value" : "10"
},{
  "dateTime" : "06/03/17 08:21:00",
  "value" : "10"
},{
  "dateTime" : "06/03/17 08:28:00",
  "value" : "10"
},{
  "dateTime" : "06/03/17 08:30:00",
  "value" : "10"
},{
  "dateTime" : "06/03/17 09:02:00",
  "value" : "10"
},{
  "dateTime" : "06/03/17 13:10:00",
  "value" : "10"
},{
  "dateTime" : "06/03/17 14:20:00",
  "value" : "10"
},{
  "dateTime" : "06/03/17 15:35:00",
  "value" : "10"
},{
  "dateTime" : "06/03/17 18:18:00",
  "value" : "10"
},{
  "dateTime" : "06/03/17 20:51:00",
  "value" : "10"
},{
  "dateTime" : "06/03/17 21:45:00",
  "value" : "10"
},{
  "dateTime" : "06/04/17 07:08:00",
  "value" : "10"
},{
  "dateTime" : "06/04/17 07:17:00",
  "value" : "10"
},{
  "dateTime" : "06/04/17 07:19:00",
  "value" : "10"
},{
  "dateTime" : "06/04/17 07:20:00",
  "value" : "10"
},{
  "dateTime" : "06/04/17 07:23:00",
  "value" : "10"
},{
  "dateTime" : "06/04/17 07:24:00",
  "value" : "20"
},{
  "dateTime" : "06/04/17 07:25:00",
  "value" : "10"
},{
  "dateTime" : "06/04/17 07:26:00",
  "value" : "10"
},{
  "dateTime" : "06/04/17 07:27:00",
  "value" : "10"
},{
  "dateTime" : "06/04/17 07:28:00",
  "value" : "20"
},{
  "dateTime" : "06/04/17 07:29:00",
  "value" : "10"
},{
  "dateTime" : "06/04/17 07:31:00",
  "value" : "10"
},{
  "dateTime" : "06/04/17 07:33:00",
  "value" : "10"
},{
  "dateTime" : "06/04/17 08:48:00",
  "value" : "10"
},{
  "dateTime" : "06/04/17 08:52:00",
  "value" : "20"
},{
  "dateTime" : "06/04/17 08:54:00",
  "value" : "30"
},{
  "dateTime" : "06/04/17 08:56:00",
  "value" : "10"
},{
  "dateTime" : "06/04/17 08:58:00",
  "value" : "10"
},{
  "dateTime" : "06/04/17 09:08:00",
  "value" : "10"
},{
  "dateTime" : "06/04/17 09:09:00",
  "value" : "10"
},{
  "dateTime" : "06/04/17 09:10:00",
  "value" : "10"
},{
  "dateTime" : "06/04/17 09:11:00",
  "value" : "10"
},{
  "dateTime" : "06/04/17 09:32:00",
  "value" : "10"
},{
  "dateTime" : "06/04/17 09:34:00",
  "value" : "10"
},{
  "dateTime" : "06/04/17 09:36:00",
  "value" : "10"
},{
  "dateTime" : "06/04/17 09:37:00",
  "value" : "10"
},{
  "dateTime" : "06/04/17 09:49:00",
  "value" : "20"
},{
  "dateTime" : "06/04/17 10:03:00",
  "value" : "10"
},{
  "dateTime" : "06/04/17 10:47:00",
  "value" : "10"
},{
  "dateTime" : "06/04/17 10:48:00",
  "value" : "10"
},{
  "dateTime" : "06/04/17 11:34:00",
  "value" : "10"
},{
  "dateTime" : "06/04/17 11:35:00",
  "value" : "20"
},{
  "dateTime" : "06/04/17 11:49:00",
  "value" : "10"
},{
  "dateTime" : "06/04/17 11:50:00",
  "value" : "10"
},{
  "dateTime" : "06/04/17 11:51:00",
  "value" : "10"
},{
  "dateTime" : "06/04/17 11:52:00",
  "value" : "20"
},{
  "dateTime" : "06/04/17 11:53:00",
  "value" : "10"
},{
  "dateTime" : "06/04/17 11:54:00",
  "value" : "10"
},{
  "dateTime" : "06/04/17 11:55:00",
  "value" : "20"
},{
  "dateTime" : "06/04/17 11:56:00",
  "value" : "10"
},{
  "dateTime" : "06/04/17 11:57:00",
  "value" : "10"
},{
  "dateTime" : "06/04/17 11:58:00",
  "value" : "10"
},{
  "dateTime" : "06/04/17 11:59:00",
  "value" : "20"
},{
  "dateTime" : "06/04/17 12:00:00",
  "value" : "10"
},{
  "dateTime" : "06/04/17 12:01:00",
  "value" : "20"
},{
  "dateTime" : "06/04/17 12:02:00",
  "value" : "20"
},{
  "dateTime" : "06/04/17 12:03:00",
  "value" : "10"
},{
  "dateTime" : "06/04/17 12:04:00",
  "value" : "20"
},{
  "dateTime" : "06/04/17 12:37:00",
  "value" : "10"
},{
  "dateTime" : "06/04/17 12:38:00",
  "value" : "10"
},{
  "dateTime" : "06/04/17 12:57:00",
  "value" : "10"
},{
  "dateTime" : "06/04/17 13:02:00",
  "value" : "10"
},{
  "dateTime" : "06/04/17 14:15:00",
  "value" : "10"
},{
  "dateTime" : "06/04/17 15:43:00",
  "value" : "10"
},{
  "dateTime" : "06/04/17 17:49:00",
  "value" : "10"
},{
  "dateTime" : "06/04/17 19:05:00",
  "value" : "10"
},{
  "dateTime" : "06/04/17 19:54:00",
  "value" : "10"
},{
  "dateTime" : "06/05/17 01:26:00",
  "value" : "10"
},{
  "dateTime" : "06/05/17 14:48:00",
  "value" : "10"
},{
  "dateTime" : "06/05/17 19:28:00",
  "value" : "10"
},{
  "dateTime" : "06/05/17 19:34:00",
  "value" : "10"
},{
  "dateTime" : "06/05/17 20:16:00",
  "value" : "10"
},{
  "dateTime" : "06/05/17 20:17:00",
  "value" : "10"
},{
  "dateTime" : "06/06/17 02:08:00",
  "value" : "10"
},{
  "dateTime" : "06/06/17 17:22:00",
  "value" : "20"
},{
  "dateTime" : "06/06/17 18:45:00",
  "value" : "10"
},{
  "dateTime" : "06/06/17 18:49:00",
  "value" : "10"
},{
  "dateTime" : "06/06/17 19:47:00",
  "value" : "10"
},{
  "dateTime" : "06/06/17 19:50:00",
  "value" : "10"
},{
  "dateTime" : "06/06/17 20:00:00",
  "value" : "10"
},{
  "dateTime" : "06/06/17 20:15:00",
  "value" : "10"
},{
  "dateTime" : "06/07/17 08:37:00",
  "value" : "10"
},{
  "dateTime" : "06/07/17 18:35:00",
  "value" : "10"
},{
  "dateTime" : "06/07/17 18:57:00",
  "value" : "10"
},{
  "dateTime" : "06/07/17 19:35:00",
  "value" : "10"
},{
  "dateTime" : "06/07/17 20:45:00",
  "value" : "10"
},{
  "dateTime" : "06/08/17 10:28:00",
  "value" : "10"
},{
  "dateTime" : "06/08/17 10:29:00",
  "value" : "10"
},{
  "dateTime" : "06/08/17 20:12:00",
  "value" : "10"
},{
  "dateTime" : "06/08/17 20:51:00",
  "value" : "10"
},{
  "dateTime" : "06/09/17 08:53:00",
  "value" : "20"
},{
  "dateTime" : "06/09/17 21:23:00",
  "value" : "10"
},{
  "dateTime" : "06/09/17 22:47:00",
  "value" : "10"
},{
  "dateTime" : "06/09/17 22:48:00",
  "value" : "10"
},{
  "dateTime" : "06/09/17 23:50:00",
  "value" : "10"
},{
  "dateTime" : "06/10/17 00:21:00",
  "value" : "10"
},{
  "dateTime" : "06/10/17 00:49:00",
  "value" : "10"
},{
  "dateTime" : "06/10/17 10:25:00",
  "value" : "10"
},{
  "dateTime" : "06/10/17 14:26:00",
  "value" : "10"
},{
  "dateTime" : "06/10/17 14:27:00",
  "value" : "10"
},{
  "dateTime" : "06/10/17 14:31:00",
  "value" : "10"
},{
  "dateTime" : "06/10/17 14:32:00",
  "value" : "10"
},{
  "dateTime" : "06/10/17 14:33:00",
  "value" : "10"
},{
  "dateTime" : "06/10/17 14:40:00",
  "value" : "10"
},{
  "dateTime" : "06/10/17 14:41:00",
  "value" : "10"
},{
  "dateTime" : "06/10/17 14:42:00",
  "value" : "10"
},{
  "dateTime" : "06/10/17 15:05:00",
  "value" : "10"
},{
  "dateTime" : "06/10/17 15:15:00",
  "value" : "10"
},{
  "dateTime" : "06/10/17 15:35:00",
  "value" : "10"
},{
  "dateTime" : "06/10/17 16:26:00",
  "value" : "10"
},{
  "dateTime" : "06/10/17 17:28:00",
  "value" : "10"
},{
  "dateTime" : "06/10/17 18:44:00",
  "value" : "10"
},{
  "dateTime" : "06/10/17 18:51:00",
  "value" : "10"
},{
  "dateTime" : "06/10/17 19:37:00",
  "value" : "10"
},{
  "dateTime" : "06/10/17 19:53:00",
  "value" : "10"
},{
  "dateTime" : "06/11/17 08:54:00",
  "value" : "10"
},{
  "dateTime" : "06/11/17 09:06:00",
  "value" : "10"
},{
  "dateTime" : "06/11/17 09:08:00",
  "value" : "10"
},{
  "dateTime" : "06/11/17 10:09:00",
  "value" : "10"
},{
  "dateTime" : "06/11/17 10:10:00",
  "value" : "10"
},{
  "dateTime" : "06/11/17 11:06:00",
  "value" : "10"
},{
  "dateTime" : "06/11/17 11:22:00",
  "value" : "10"
},{
  "dateTime" : "06/11/17 11:28:00",
  "value" : "10"
},{
  "dateTime" : "06/11/17 11:32:00",
  "value" : "10"
},{
  "dateTime" : "06/11/17 11:33:00",
  "value" : "10"
},{
  "dateTime" : "06/11/17 11:41:00",
  "value" : "10"
},{
  "dateTime" : "06/11/17 13:45:00",
  "value" : "10"
},{
  "dateTime" : "06/11/17 15:01:00",
  "value" : "10"
},{
  "dateTime" : "06/11/17 22:15:00",
  "value" : "10"
},{
  "dateTime" : "06/12/17 09:07:00",
  "value" : "30"
},{
  "dateTime" : "06/12/17 15:44:00",
  "value" : "10"
},{
  "dateTime" : "06/12/17 15:45:00",
  "value" : "10"
},{
  "dateTime" : "06/12/17 21:36:00",
  "value" : "10"
},{
  "dateTime" : "06/13/17 08:59:00",
  "value" : "20"
},{
  "dateTime" : "06/13/17 16:05:00",
  "value" : "10"
},{
  "dateTime" : "06/13/17 16:06:00",
  "value" : "10"
},{
  "dateTime" : "06/13/17 17:11:00",
  "value" : "10"
},{
  "dateTime" : "06/13/17 17:12:00",
  "value" : "20"
},{
  "dateTime" : "06/13/17 19:27:00",
  "value" : "10"
},{
  "dateTime" : "06/13/17 19:30:00",
  "value" : "10"
},{
  "dateTime" : "06/13/17 21:45:00",
  "value" : "10"
},{
  "dateTime" : "06/13/17 21:46:00",
  "value" : "10"
},{
  "dateTime" : "06/13/17 22:28:00",
  "value" : "10"
},{
  "dateTime" : "06/13/17 22:29:00",
  "value" : "20"
},{
  "dateTime" : "06/13/17 22:30:00",
  "value" : "10"
},{
  "dateTime" : "06/13/17 22:37:00",
  "value" : "10"
},{
  "dateTime" : "06/14/17 02:32:00",
  "value" : "10"
},{
  "dateTime" : "06/14/17 09:56:00",
  "value" : "10"
},{
  "dateTime" : "06/14/17 09:58:00",
  "value" : "10"
},{
  "dateTime" : "06/14/17 10:08:00",
  "value" : "20"
},{
  "dateTime" : "06/14/17 15:25:00",
  "value" : "10"
},{
  "dateTime" : "06/14/17 23:02:00",
  "value" : "10"
},{
  "dateTime" : "06/15/17 09:01:00",
  "value" : "10"
},{
  "dateTime" : "06/15/17 21:14:00",
  "value" : "10"
},{
  "dateTime" : "06/15/17 21:31:00",
  "value" : "10"
},{
  "dateTime" : "06/16/17 07:18:00",
  "value" : "10"
},{
  "dateTime" : "06/16/17 07:21:00",
  "value" : "10"
},{
  "dateTime" : "06/16/17 07:34:00",
  "value" : "10"
},{
  "dateTime" : "06/16/17 09:21:00",
  "value" : "10"
},{
  "dateTime" : "06/16/17 13:10:00",
  "value" : "10"
},{
  "dateTime" : "06/16/17 18:30:00",
  "value" : "10"
},{
  "dateTime" : "06/16/17 20:45:00",
  "value" : "10"
},{
  "dateTime" : "06/16/17 22:09:00",
  "value" : "10"
},{
  "dateTime" : "06/16/17 22:24:00",
  "value" : "10"
},{
  "dateTime" : "06/16/17 22:25:00",
  "value" : "20"
},{
  "dateTime" : "06/17/17 00:02:00",
  "value" : "10"
},{
  "dateTime" : "06/17/17 11:01:00",
  "value" : "10"
},{
  "dateTime" : "06/17/17 11:08:00",
  "value" : "10"
},{
  "dateTime" : "06/17/17 13:01:00",
  "value" : "10"
},{
  "dateTime" : "06/17/17 13:11:00",
  "value" : "10"
},{
  "dateTime" : "06/17/17 16:28:00",
  "value" : "10"
},{
  "dateTime" : "06/17/17 17:48:00",
  "value" : "10"
},{
  "dateTime" : "06/17/17 18:24:00",
  "value" : "10"
},{
  "dateTime" : "06/17/17 18:25:00",
  "value" : "10"
},{
  "dateTime" : "06/17/17 18:39:00",
  "value" : "10"
},{
  "dateTime" : "06/17/17 18:41:00",
  "value" : "10"
},{
  "dateTime" : "06/17/17 18:45:00",
  "value" : "10"
},{
  "dateTime" : "06/17/17 22:49:00",
  "value" : "10"
},{
  "dateTime" : "06/17/17 22:50:00",
  "value" : "20"
},{
  "dateTime" : "06/17/17 22:57:00",
  "value" : "10"
},{
  "dateTime" : "06/18/17 00:30:00",
  "value" : "10"
},{
  "dateTime" : "06/18/17 10:17:00",
  "value" : "10"
},{
  "dateTime" : "06/18/17 12:19:00",
  "value" : "10"
},{
  "dateTime" : "06/18/17 12:24:00",
  "value" : "10"
},{
  "dateTime" : "06/18/17 14:56:00",
  "value" : "10"
},{
  "dateTime" : "06/18/17 14:58:00",
  "value" : "10"
},{
  "dateTime" : "06/18/17 14:59:00",
  "value" : "10"
},{
  "dateTime" : "06/18/17 15:00:00",
  "value" : "10"
},{
  "dateTime" : "06/18/17 15:01:00",
  "value" : "10"
},{
  "dateTime" : "06/18/17 15:02:00",
  "value" : "10"
},{
  "dateTime" : "06/18/17 15:03:00",
  "value" : "10"
},{
  "dateTime" : "06/18/17 15:04:00",
  "value" : "10"
},{
  "dateTime" : "06/18/17 15:05:00",
  "value" : "10"
},{
  "dateTime" : "06/18/17 15:06:00",
  "value" : "10"
},{
  "dateTime" : "06/18/17 15:38:00",
  "value" : "10"
},{
  "dateTime" : "06/18/17 15:55:00",
  "value" : "20"
},{
  "dateTime" : "06/18/17 15:56:00",
  "value" : "10"
},{
  "dateTime" : "06/18/17 16:02:00",
  "value" : "10"
},{
  "dateTime" : "06/18/17 16:03:00",
  "value" : "10"
},{
  "dateTime" : "06/18/17 16:05:00",
  "value" : "10"
},{
  "dateTime" : "06/18/17 16:06:00",
  "value" : "10"
},{
  "dateTime" : "06/18/17 16:08:00",
  "value" : "10"
},{
  "dateTime" : "06/18/17 16:09:00",
  "value" : "10"
},{
  "dateTime" : "06/18/17 16:10:00",
  "value" : "10"
},{
  "dateTime" : "06/18/17 16:13:00",
  "value" : "10"
},{
  "dateTime" : "06/18/17 16:15:00",
  "value" : "10"
},{
  "dateTime" : "06/18/17 16:17:00",
  "value" : "10"
},{
  "dateTime" : "06/18/17 16:36:00",
  "value" : "10"
},{
  "dateTime" : "06/18/17 16:46:00",
  "value" : "10"
},{
  "dateTime" : "06/18/17 17:42:00",
  "value" : "10"
},{
  "dateTime" : "06/18/17 17:57:00",
  "value" : "10"
},{
  "dateTime" : "06/18/17 17:59:00",
  "value" : "20"
},{
  "dateTime" : "06/18/17 18:07:00",
  "value" : "10"
},{
  "dateTime" : "06/19/17 08:41:00",
  "value" : "20"
},{
  "dateTime" : "06/19/17 21:37:00",
  "value" : "10"
},{
  "dateTime" : "06/20/17 07:11:00",
  "value" : "10"
},{
  "dateTime" : "06/20/17 07:32:00",
  "value" : "10"
},{
  "dateTime" : "06/20/17 09:02:00",
  "value" : "10"
},{
  "dateTime" : "06/20/17 09:22:00",
  "value" : "10"
},{
  "dateTime" : "06/20/17 09:36:00",
  "value" : "10"
},{
  "dateTime" : "06/20/17 09:40:00",
  "value" : "10"
},{
  "dateTime" : "06/20/17 12:14:00",
  "value" : "40"
},{
  "dateTime" : "06/20/17 12:15:00",
  "value" : "10"
},{
  "dateTime" : "06/20/17 14:46:00",
  "value" : "10"
},{
  "dateTime" : "06/20/17 22:55:00",
  "value" : "10"
},{
  "dateTime" : "06/21/17 09:18:00",
  "value" : "10"
},{
  "dateTime" : "06/21/17 09:40:00",
  "value" : "10"
},{
  "dateTime" : "06/21/17 10:59:00",
  "value" : "10"
},{
  "dateTime" : "06/21/17 11:00:00",
  "value" : "10"
},{
  "dateTime" : "06/21/17 11:09:00",
  "value" : "10"
},{
  "dateTime" : "06/21/17 11:11:00",
  "value" : "10"
},{
  "dateTime" : "06/21/17 11:49:00",
  "value" : "10"
},{
  "dateTime" : "06/21/17 12:02:00",
  "value" : "20"
},{
  "dateTime" : "06/21/17 12:03:00",
  "value" : "10"
},{
  "dateTime" : "06/21/17 12:35:00",
  "value" : "10"
},{
  "dateTime" : "06/21/17 12:41:00",
  "value" : "10"
},{
  "dateTime" : "06/21/17 12:42:00",
  "value" : "10"
},{
  "dateTime" : "06/21/17 22:20:00",
  "value" : "10"
},{
  "dateTime" : "06/22/17 09:07:00",
  "value" : "10"
},{
  "dateTime" : "06/22/17 09:08:00",
  "value" : "10"
},{
  "dateTime" : "06/22/17 09:18:00",
  "value" : "20"
},{
  "dateTime" : "06/22/17 11:31:00",
  "value" : "30"
},{
  "dateTime" : "06/22/17 15:39:00",
  "value" : "10"
},{
  "dateTime" : "06/22/17 19:45:00",
  "value" : "10"
},{
  "dateTime" : "06/23/17 10:43:00",
  "value" : "10"
},{
  "dateTime" : "06/23/17 10:51:00",
  "value" : "10"
},{
  "dateTime" : "06/23/17 10:52:00",
  "value" : "10"
},{
  "dateTime" : "06/23/17 16:23:00",
  "value" : "10"
},{
  "dateTime" : "06/23/17 20:17:00",
  "value" : "10"
},{
  "dateTime" : "06/23/17 20:18:00",
  "value" : "10"
},{
  "dateTime" : "06/23/17 20:28:00",
  "value" : "10"
},{
  "dateTime" : "06/23/17 22:56:00",
  "value" : "10"
},{
  "dateTime" : "06/23/17 23:25:00",
  "value" : "10"
},{
  "dateTime" : "06/23/17 23:54:00",
  "value" : "10"
},{
  "dateTime" : "06/24/17 10:43:00",
  "value" : "10"
},{
  "dateTime" : "06/24/17 12:20:00",
  "value" : "10"
},{
  "dateTime" : "06/24/17 12:23:00",
  "value" : "10"
},{
  "dateTime" : "06/24/17 12:34:00",
  "value" : "10"
},{
  "dateTime" : "06/24/17 14:07:00",
  "value" : "10"
},{
  "dateTime" : "06/24/17 14:14:00",
  "value" : "10"
},{
  "dateTime" : "06/24/17 14:16:00",
  "value" : "10"
},{
  "dateTime" : "06/24/17 14:26:00",
  "value" : "10"
},{
  "dateTime" : "06/24/17 14:28:00",
  "value" : "10"
},{
  "dateTime" : "06/24/17 14:29:00",
  "value" : "10"
},{
  "dateTime" : "06/24/17 14:31:00",
  "value" : "10"
},{
  "dateTime" : "06/24/17 14:46:00",
  "value" : "10"
},{
  "dateTime" : "06/24/17 14:55:00",
  "value" : "20"
},{
  "dateTime" : "06/24/17 14:59:00",
  "value" : "10"
},{
  "dateTime" : "06/24/17 15:07:00",
  "value" : "10"
},{
  "dateTime" : "06/24/17 15:08:00",
  "value" : "10"
},{
  "dateTime" : "06/24/17 15:09:00",
  "value" : "10"
},{
  "dateTime" : "06/24/17 15:13:00",
  "value" : "10"
},{
  "dateTime" : "06/24/17 15:33:00",
  "value" : "10"
},{
  "dateTime" : "06/24/17 15:34:00",
  "value" : "10"
},{
  "dateTime" : "06/24/17 17:24:00",
  "value" : "10"
},{
  "dateTime" : "06/24/17 17:26:00",
  "value" : "20"
},{
  "dateTime" : "06/24/17 17:56:00",
  "value" : "20"
},{
  "dateTime" : "06/24/17 22:34:00",
  "value" : "10"
},{
  "dateTime" : "06/25/17 09:08:00",
  "value" : "10"
},{
  "dateTime" : "06/25/17 09:19:00",
  "value" : "10"
},{
  "dateTime" : "06/25/17 09:55:00",
  "value" : "10"
},{
  "dateTime" : "06/25/17 10:04:00",
  "value" : "10"
},{
  "dateTime" : "06/25/17 11:02:00",
  "value" : "10"
},{
  "dateTime" : "06/25/17 11:03:00",
  "value" : "10"
},{
  "dateTime" : "06/25/17 12:32:00",
  "value" : "10"
},{
  "dateTime" : "06/25/17 14:01:00",
  "value" : "10"
},{
  "dateTime" : "06/25/17 15:12:00",
  "value" : "10"
},{
  "dateTime" : "06/25/17 15:40:00",
  "value" : "10"
},{
  "dateTime" : "06/25/17 16:07:00",
  "value" : "10"
},{
  "dateTime" : "06/25/17 16:27:00",
  "value" : "10"
},{
  "dateTime" : "06/25/17 16:29:00",
  "value" : "10"
},{
  "dateTime" : "06/25/17 16:43:00",
  "value" : "10"
},{
  "dateTime" : "06/25/17 19:50:00",
  "value" : "10"
},{
  "dateTime" : "06/25/17 19:51:00",
  "value" : "10"
},{
  "dateTime" : "06/25/17 21:01:00",
  "value" : "10"
},{
  "dateTime" : "06/25/17 21:32:00",
  "value" : "10"
},{
  "dateTime" : "06/25/17 21:35:00",
  "value" : "10"
},{
  "dateTime" : "06/26/17 06:38:00",
  "value" : "10"
},{
  "dateTime" : "06/26/17 07:17:00",
  "value" : "10"
},{
  "dateTime" : "06/26/17 07:53:00",
  "value" : "10"
},{
  "dateTime" : "06/26/17 08:44:00",
  "value" : "10"
},{
  "dateTime" : "06/26/17 09:35:00",
  "value" : "20"
},{
  "dateTime" : "06/26/17 09:42:00",
  "value" : "10"
},{
  "dateTime" : "06/26/17 09:55:00",
  "value" : "10"
},{
  "dateTime" : "06/26/17 10:21:00",
  "value" : "10"
},{
  "dateTime" : "06/26/17 20:37:00",
  "value" : "10"
},{
  "dateTime" : "06/26/17 22:39:00",
  "value" : "10"
},{
  "dateTime" : "06/27/17 09:07:00",
  "value" : "10"
},{
  "dateTime" : "06/27/17 11:31:00",
  "value" : "10"
},{
  "dateTime" : "06/27/17 11:46:00",
  "value" : "10"
},{
  "dateTime" : "06/27/17 11:47:00",
  "value" : "20"
},{
  "dateTime" : "06/27/17 15:44:00",
  "value" : "10"
},{
  "dateTime" : "06/27/17 16:01:00",
  "value" : "10"
},{
  "dateTime" : "06/27/17 16:02:00",
  "value" : "10"
},{
  "dateTime" : "06/27/17 16:17:00",
  "value" : "10"
},{
  "dateTime" : "06/27/17 16:24:00",
  "value" : "10"
},{
  "dateTime" : "06/27/17 16:26:00",
  "value" : "30"
},{
  "dateTime" : "06/27/17 23:00:00",
  "value" : "10"
}]