[{
  "dateTime" : "05/24/18 11:31:00",
  "value" : "10"
},{
  "dateTime" : "05/24/18 12:21:00",
  "value" : "20"
},{
  "dateTime" : "05/24/18 13:10:00",
  "value" : "10"
},{
  "dateTime" : "05/24/18 14:21:00",
  "value" : "10"
},{
  "dateTime" : "05/24/18 19:19:00",
  "value" : "10"
},{
  "dateTime" : "05/24/18 20:09:00",
  "value" : "10"
},{
  "dateTime" : "05/24/18 20:10:00",
  "value" : "20"
},{
  "dateTime" : "05/24/18 20:21:00",
  "value" : "10"
},{
  "dateTime" : "05/24/18 20:22:00",
  "value" : "20"
},{
  "dateTime" : "05/24/18 20:45:00",
  "value" : "10"
},{
  "dateTime" : "05/24/18 22:40:00",
  "value" : "10"
},{
  "dateTime" : "05/25/18 12:27:00",
  "value" : "10"
},{
  "dateTime" : "05/25/18 13:45:00",
  "value" : "10"
},{
  "dateTime" : "05/25/18 15:07:00",
  "value" : "10"
},{
  "dateTime" : "05/25/18 15:11:00",
  "value" : "10"
},{
  "dateTime" : "05/25/18 15:36:00",
  "value" : "10"
},{
  "dateTime" : "05/26/18 07:26:00",
  "value" : "10"
},{
  "dateTime" : "05/26/18 07:27:00",
  "value" : "10"
},{
  "dateTime" : "05/26/18 07:38:00",
  "value" : "10"
},{
  "dateTime" : "05/26/18 07:39:00",
  "value" : "10"
},{
  "dateTime" : "05/26/18 17:36:00",
  "value" : "10"
},{
  "dateTime" : "05/26/18 17:41:00",
  "value" : "10"
},{
  "dateTime" : "05/26/18 17:47:00",
  "value" : "10"
},{
  "dateTime" : "05/26/18 17:49:00",
  "value" : "10"
},{
  "dateTime" : "05/26/18 18:20:00",
  "value" : "10"
},{
  "dateTime" : "05/26/18 18:45:00",
  "value" : "10"
},{
  "dateTime" : "05/26/18 19:19:00",
  "value" : "10"
},{
  "dateTime" : "05/26/18 21:32:00",
  "value" : "20"
},{
  "dateTime" : "05/27/18 10:08:00",
  "value" : "10"
},{
  "dateTime" : "05/27/18 10:37:00",
  "value" : "10"
},{
  "dateTime" : "05/27/18 10:46:00",
  "value" : "10"
},{
  "dateTime" : "05/27/18 10:47:00",
  "value" : "10"
},{
  "dateTime" : "05/27/18 11:25:00",
  "value" : "10"
},{
  "dateTime" : "05/27/18 11:26:00",
  "value" : "10"
},{
  "dateTime" : "05/27/18 13:45:00",
  "value" : "10"
},{
  "dateTime" : "05/27/18 14:40:00",
  "value" : "10"
},{
  "dateTime" : "05/27/18 14:53:00",
  "value" : "10"
},{
  "dateTime" : "05/27/18 15:01:00",
  "value" : "10"
},{
  "dateTime" : "05/27/18 15:54:00",
  "value" : "10"
},{
  "dateTime" : "05/27/18 16:16:00",
  "value" : "10"
},{
  "dateTime" : "05/27/18 16:17:00",
  "value" : "10"
},{
  "dateTime" : "05/27/18 16:23:00",
  "value" : "10"
},{
  "dateTime" : "05/27/18 17:02:00",
  "value" : "20"
},{
  "dateTime" : "05/27/18 17:16:00",
  "value" : "10"
},{
  "dateTime" : "05/27/18 17:17:00",
  "value" : "10"
},{
  "dateTime" : "05/27/18 17:39:00",
  "value" : "20"
},{
  "dateTime" : "05/27/18 17:44:00",
  "value" : "10"
},{
  "dateTime" : "05/27/18 17:45:00",
  "value" : "10"
},{
  "dateTime" : "05/27/18 19:26:00",
  "value" : "10"
},{
  "dateTime" : "05/27/18 19:51:00",
  "value" : "10"
},{
  "dateTime" : "05/27/18 21:34:00",
  "value" : "10"
},{
  "dateTime" : "05/27/18 21:38:00",
  "value" : "10"
},{
  "dateTime" : "05/27/18 21:50:00",
  "value" : "10"
},{
  "dateTime" : "05/27/18 23:51:00",
  "value" : "10"
},{
  "dateTime" : "05/28/18 00:01:00",
  "value" : "20"
},{
  "dateTime" : "05/28/18 00:16:00",
  "value" : "10"
},{
  "dateTime" : "05/28/18 09:46:00",
  "value" : "10"
},{
  "dateTime" : "05/28/18 09:50:00",
  "value" : "10"
},{
  "dateTime" : "05/28/18 10:49:00",
  "value" : "10"
},{
  "dateTime" : "05/28/18 11:38:00",
  "value" : "10"
},{
  "dateTime" : "05/28/18 13:15:00",
  "value" : "10"
},{
  "dateTime" : "05/28/18 13:16:00",
  "value" : "10"
},{
  "dateTime" : "05/28/18 13:17:00",
  "value" : "10"
},{
  "dateTime" : "05/28/18 13:18:00",
  "value" : "10"
},{
  "dateTime" : "05/28/18 13:19:00",
  "value" : "10"
},{
  "dateTime" : "05/28/18 13:20:00",
  "value" : "10"
},{
  "dateTime" : "05/28/18 13:21:00",
  "value" : "20"
},{
  "dateTime" : "05/28/18 13:22:00",
  "value" : "10"
},{
  "dateTime" : "05/28/18 14:40:00",
  "value" : "10"
},{
  "dateTime" : "05/28/18 16:10:00",
  "value" : "10"
},{
  "dateTime" : "05/28/18 16:11:00",
  "value" : "30"
},{
  "dateTime" : "05/28/18 16:12:00",
  "value" : "10"
},{
  "dateTime" : "05/28/18 17:29:00",
  "value" : "10"
},{
  "dateTime" : "05/28/18 20:26:00",
  "value" : "20"
},{
  "dateTime" : "05/29/18 10:22:00",
  "value" : "10"
},{
  "dateTime" : "05/29/18 10:23:00",
  "value" : "10"
},{
  "dateTime" : "05/29/18 10:24:00",
  "value" : "10"
},{
  "dateTime" : "05/29/18 10:36:00",
  "value" : "10"
},{
  "dateTime" : "05/29/18 10:37:00",
  "value" : "10"
},{
  "dateTime" : "05/29/18 11:08:00",
  "value" : "10"
},{
  "dateTime" : "05/29/18 11:10:00",
  "value" : "10"
},{
  "dateTime" : "05/29/18 11:11:00",
  "value" : "10"
},{
  "dateTime" : "05/29/18 11:16:00",
  "value" : "10"
},{
  "dateTime" : "05/29/18 11:19:00",
  "value" : "10"
},{
  "dateTime" : "05/29/18 11:49:00",
  "value" : "20"
},{
  "dateTime" : "05/29/18 11:55:00",
  "value" : "10"
},{
  "dateTime" : "05/29/18 12:01:00",
  "value" : "10"
},{
  "dateTime" : "05/29/18 14:48:00",
  "value" : "10"
},{
  "dateTime" : "05/29/18 14:49:00",
  "value" : "10"
},{
  "dateTime" : "05/29/18 14:55:00",
  "value" : "10"
},{
  "dateTime" : "05/29/18 15:17:00",
  "value" : "20"
},{
  "dateTime" : "05/29/18 17:22:00",
  "value" : "10"
},{
  "dateTime" : "05/29/18 17:24:00",
  "value" : "10"
},{
  "dateTime" : "05/29/18 17:26:00",
  "value" : "10"
},{
  "dateTime" : "05/29/18 17:28:00",
  "value" : "20"
},{
  "dateTime" : "05/29/18 17:29:00",
  "value" : "10"
},{
  "dateTime" : "05/29/18 17:31:00",
  "value" : "10"
},{
  "dateTime" : "05/29/18 17:33:00",
  "value" : "10"
},{
  "dateTime" : "05/29/18 19:18:00",
  "value" : "10"
},{
  "dateTime" : "05/29/18 22:39:00",
  "value" : "10"
},{
  "dateTime" : "05/30/18 00:18:00",
  "value" : "10"
},{
  "dateTime" : "05/30/18 00:19:00",
  "value" : "20"
},{
  "dateTime" : "05/30/18 11:25:00",
  "value" : "10"
},{
  "dateTime" : "05/30/18 11:26:00",
  "value" : "10"
},{
  "dateTime" : "05/30/18 11:54:00",
  "value" : "10"
},{
  "dateTime" : "05/30/18 13:27:00",
  "value" : "10"
},{
  "dateTime" : "05/30/18 15:51:00",
  "value" : "10"
},{
  "dateTime" : "05/30/18 16:17:00",
  "value" : "10"
},{
  "dateTime" : "05/30/18 16:45:00",
  "value" : "20"
},{
  "dateTime" : "05/30/18 16:46:00",
  "value" : "10"
},{
  "dateTime" : "05/30/18 17:01:00",
  "value" : "20"
},{
  "dateTime" : "05/30/18 18:13:00",
  "value" : "20"
},{
  "dateTime" : "05/30/18 18:54:00",
  "value" : "10"
},{
  "dateTime" : "05/30/18 19:06:00",
  "value" : "20"
},{
  "dateTime" : "05/30/18 19:07:00",
  "value" : "10"
},{
  "dateTime" : "05/30/18 19:16:00",
  "value" : "10"
},{
  "dateTime" : "05/30/18 19:17:00",
  "value" : "10"
},{
  "dateTime" : "05/30/18 21:23:00",
  "value" : "10"
},{
  "dateTime" : "05/30/18 22:05:00",
  "value" : "20"
},{
  "dateTime" : "05/30/18 22:16:00",
  "value" : "20"
},{
  "dateTime" : "05/31/18 04:37:00",
  "value" : "20"
},{
  "dateTime" : "05/31/18 07:56:00",
  "value" : "10"
},{
  "dateTime" : "05/31/18 07:57:00",
  "value" : "10"
},{
  "dateTime" : "05/31/18 09:58:00",
  "value" : "10"
},{
  "dateTime" : "05/31/18 14:43:00",
  "value" : "10"
},{
  "dateTime" : "05/31/18 15:16:00",
  "value" : "10"
},{
  "dateTime" : "05/31/18 15:28:00",
  "value" : "10"
},{
  "dateTime" : "05/31/18 15:50:00",
  "value" : "10"
},{
  "dateTime" : "05/31/18 16:15:00",
  "value" : "10"
},{
  "dateTime" : "05/31/18 18:37:00",
  "value" : "20"
},{
  "dateTime" : "05/31/18 21:25:00",
  "value" : "10"
},{
  "dateTime" : "06/01/18 10:12:00",
  "value" : "10"
},{
  "dateTime" : "06/01/18 10:16:00",
  "value" : "10"
},{
  "dateTime" : "06/01/18 12:45:00",
  "value" : "10"
},{
  "dateTime" : "06/01/18 15:57:00",
  "value" : "10"
},{
  "dateTime" : "06/01/18 16:02:00",
  "value" : "10"
},{
  "dateTime" : "06/01/18 16:31:00",
  "value" : "10"
},{
  "dateTime" : "06/01/18 16:46:00",
  "value" : "10"
},{
  "dateTime" : "06/01/18 16:47:00",
  "value" : "20"
},{
  "dateTime" : "06/01/18 17:44:00",
  "value" : "10"
},{
  "dateTime" : "06/01/18 18:08:00",
  "value" : "10"
},{
  "dateTime" : "06/01/18 18:13:00",
  "value" : "10"
},{
  "dateTime" : "06/01/18 18:41:00",
  "value" : "20"
},{
  "dateTime" : "06/01/18 20:02:00",
  "value" : "10"
},{
  "dateTime" : "06/01/18 21:38:00",
  "value" : "20"
},{
  "dateTime" : "06/01/18 22:48:00",
  "value" : "20"
},{
  "dateTime" : "06/01/18 23:02:00",
  "value" : "10"
},{
  "dateTime" : "06/01/18 23:40:00",
  "value" : "10"
},{
  "dateTime" : "06/02/18 01:49:00",
  "value" : "10"
},{
  "dateTime" : "06/02/18 01:51:00",
  "value" : "10"
},{
  "dateTime" : "06/02/18 01:52:00",
  "value" : "10"
},{
  "dateTime" : "06/02/18 01:56:00",
  "value" : "10"
},{
  "dateTime" : "06/02/18 02:28:00",
  "value" : "20"
},{
  "dateTime" : "06/02/18 02:47:00",
  "value" : "10"
},{
  "dateTime" : "06/02/18 03:03:00",
  "value" : "10"
},{
  "dateTime" : "06/02/18 10:43:00",
  "value" : "20"
},{
  "dateTime" : "06/02/18 11:23:00",
  "value" : "10"
},{
  "dateTime" : "06/02/18 11:27:00",
  "value" : "10"
},{
  "dateTime" : "06/02/18 13:13:00",
  "value" : "10"
},{
  "dateTime" : "06/02/18 13:50:00",
  "value" : "10"
},{
  "dateTime" : "06/02/18 14:53:00",
  "value" : "10"
},{
  "dateTime" : "06/02/18 17:15:00",
  "value" : "10"
},{
  "dateTime" : "06/02/18 17:19:00",
  "value" : "10"
},{
  "dateTime" : "06/02/18 17:53:00",
  "value" : "10"
},{
  "dateTime" : "06/02/18 18:12:00",
  "value" : "10"
},{
  "dateTime" : "06/02/18 18:16:00",
  "value" : "10"
},{
  "dateTime" : "06/02/18 20:38:00",
  "value" : "10"
},{
  "dateTime" : "06/02/18 23:10:00",
  "value" : "10"
},{
  "dateTime" : "06/02/18 23:26:00",
  "value" : "20"
},{
  "dateTime" : "06/03/18 07:37:00",
  "value" : "10"
},{
  "dateTime" : "06/03/18 08:08:00",
  "value" : "20"
},{
  "dateTime" : "06/03/18 09:50:00",
  "value" : "10"
},{
  "dateTime" : "06/03/18 09:51:00",
  "value" : "10"
},{
  "dateTime" : "06/03/18 13:17:00",
  "value" : "10"
},{
  "dateTime" : "06/03/18 15:28:00",
  "value" : "10"
},{
  "dateTime" : "06/03/18 15:36:00",
  "value" : "10"
},{
  "dateTime" : "06/03/18 17:38:00",
  "value" : "20"
},{
  "dateTime" : "06/03/18 20:41:00",
  "value" : "20"
},{
  "dateTime" : "06/03/18 23:38:00",
  "value" : "10"
},{
  "dateTime" : "06/04/18 09:59:00",
  "value" : "10"
},{
  "dateTime" : "06/04/18 10:11:00",
  "value" : "10"
},{
  "dateTime" : "06/04/18 10:12:00",
  "value" : "10"
},{
  "dateTime" : "06/04/18 10:17:00",
  "value" : "10"
},{
  "dateTime" : "06/04/18 10:18:00",
  "value" : "10"
},{
  "dateTime" : "06/04/18 11:17:00",
  "value" : "10"
},{
  "dateTime" : "06/04/18 11:19:00",
  "value" : "20"
},{
  "dateTime" : "06/04/18 11:27:00",
  "value" : "20"
},{
  "dateTime" : "06/04/18 11:32:00",
  "value" : "10"
},{
  "dateTime" : "06/04/18 11:48:00",
  "value" : "20"
},{
  "dateTime" : "06/04/18 11:49:00",
  "value" : "10"
},{
  "dateTime" : "06/04/18 12:00:00",
  "value" : "10"
},{
  "dateTime" : "06/04/18 12:24:00",
  "value" : "20"
},{
  "dateTime" : "06/04/18 12:30:00",
  "value" : "10"
},{
  "dateTime" : "06/04/18 12:31:00",
  "value" : "10"
},{
  "dateTime" : "06/04/18 12:38:00",
  "value" : "10"
},{
  "dateTime" : "06/04/18 12:56:00",
  "value" : "10"
},{
  "dateTime" : "06/04/18 13:10:00",
  "value" : "10"
},{
  "dateTime" : "06/04/18 13:44:00",
  "value" : "10"
},{
  "dateTime" : "06/04/18 13:45:00",
  "value" : "10"
},{
  "dateTime" : "06/04/18 13:59:00",
  "value" : "10"
},{
  "dateTime" : "06/04/18 15:06:00",
  "value" : "10"
},{
  "dateTime" : "06/04/18 15:14:00",
  "value" : "10"
},{
  "dateTime" : "06/04/18 15:15:00",
  "value" : "10"
},{
  "dateTime" : "06/04/18 15:16:00",
  "value" : "10"
},{
  "dateTime" : "06/04/18 15:27:00",
  "value" : "10"
},{
  "dateTime" : "06/04/18 15:30:00",
  "value" : "10"
},{
  "dateTime" : "06/04/18 15:31:00",
  "value" : "10"
},{
  "dateTime" : "06/04/18 15:32:00",
  "value" : "40"
},{
  "dateTime" : "06/04/18 15:33:00",
  "value" : "10"
},{
  "dateTime" : "06/04/18 15:35:00",
  "value" : "10"
},{
  "dateTime" : "06/04/18 15:36:00",
  "value" : "10"
},{
  "dateTime" : "06/04/18 15:37:00",
  "value" : "20"
},{
  "dateTime" : "06/04/18 15:43:00",
  "value" : "10"
},{
  "dateTime" : "06/04/18 16:25:00",
  "value" : "10"
},{
  "dateTime" : "06/04/18 16:26:00",
  "value" : "10"
},{
  "dateTime" : "06/04/18 16:51:00",
  "value" : "10"
},{
  "dateTime" : "06/04/18 16:55:00",
  "value" : "10"
},{
  "dateTime" : "06/04/18 18:02:00",
  "value" : "10"
},{
  "dateTime" : "06/04/18 18:03:00",
  "value" : "10"
},{
  "dateTime" : "06/04/18 18:10:00",
  "value" : "10"
},{
  "dateTime" : "06/04/18 18:11:00",
  "value" : "10"
},{
  "dateTime" : "06/04/18 18:37:00",
  "value" : "10"
},{
  "dateTime" : "06/04/18 19:29:00",
  "value" : "10"
},{
  "dateTime" : "06/04/18 19:56:00",
  "value" : "10"
},{
  "dateTime" : "06/04/18 22:28:00",
  "value" : "10"
},{
  "dateTime" : "06/05/18 08:43:00",
  "value" : "10"
},{
  "dateTime" : "06/05/18 18:18:00",
  "value" : "10"
},{
  "dateTime" : "06/05/18 22:01:00",
  "value" : "10"
},{
  "dateTime" : "06/06/18 10:05:00",
  "value" : "10"
},{
  "dateTime" : "06/06/18 10:07:00",
  "value" : "20"
},{
  "dateTime" : "06/06/18 10:08:00",
  "value" : "10"
},{
  "dateTime" : "06/06/18 11:41:00",
  "value" : "10"
},{
  "dateTime" : "06/06/18 11:42:00",
  "value" : "20"
},{
  "dateTime" : "06/06/18 12:27:00",
  "value" : "10"
},{
  "dateTime" : "06/06/18 12:40:00",
  "value" : "10"
},{
  "dateTime" : "06/06/18 12:59:00",
  "value" : "10"
},{
  "dateTime" : "06/06/18 13:13:00",
  "value" : "10"
},{
  "dateTime" : "06/06/18 13:54:00",
  "value" : "10"
},{
  "dateTime" : "06/06/18 14:12:00",
  "value" : "10"
},{
  "dateTime" : "06/06/18 14:13:00",
  "value" : "10"
},{
  "dateTime" : "06/06/18 14:31:00",
  "value" : "20"
},{
  "dateTime" : "06/06/18 14:34:00",
  "value" : "10"
},{
  "dateTime" : "06/06/18 16:17:00",
  "value" : "10"
},{
  "dateTime" : "06/06/18 16:22:00",
  "value" : "10"
},{
  "dateTime" : "06/06/18 17:04:00",
  "value" : "10"
},{
  "dateTime" : "06/06/18 20:47:00",
  "value" : "10"
},{
  "dateTime" : "06/06/18 20:49:00",
  "value" : "10"
},{
  "dateTime" : "06/06/18 22:07:00",
  "value" : "10"
},{
  "dateTime" : "06/06/18 22:12:00",
  "value" : "10"
},{
  "dateTime" : "06/06/18 23:46:00",
  "value" : "10"
},{
  "dateTime" : "06/07/18 02:24:00",
  "value" : "10"
},{
  "dateTime" : "06/07/18 02:29:00",
  "value" : "10"
},{
  "dateTime" : "06/07/18 04:15:00",
  "value" : "20"
},{
  "dateTime" : "06/07/18 10:30:00",
  "value" : "10"
},{
  "dateTime" : "06/07/18 10:32:00",
  "value" : "10"
},{
  "dateTime" : "06/07/18 11:06:00",
  "value" : "10"
},{
  "dateTime" : "06/07/18 11:14:00",
  "value" : "10"
},{
  "dateTime" : "06/07/18 11:27:00",
  "value" : "10"
},{
  "dateTime" : "06/07/18 11:32:00",
  "value" : "10"
},{
  "dateTime" : "06/07/18 12:27:00",
  "value" : "10"
},{
  "dateTime" : "06/07/18 15:22:00",
  "value" : "10"
},{
  "dateTime" : "06/07/18 15:27:00",
  "value" : "10"
},{
  "dateTime" : "06/07/18 16:49:00",
  "value" : "10"
},{
  "dateTime" : "06/07/18 16:56:00",
  "value" : "10"
},{
  "dateTime" : "06/07/18 17:12:00",
  "value" : "30"
},{
  "dateTime" : "06/07/18 23:33:00",
  "value" : "10"
},{
  "dateTime" : "06/08/18 07:09:00",
  "value" : "10"
},{
  "dateTime" : "06/08/18 12:13:00",
  "value" : "20"
},{
  "dateTime" : "06/08/18 12:51:00",
  "value" : "20"
},{
  "dateTime" : "06/08/18 14:28:00",
  "value" : "20"
},{
  "dateTime" : "06/08/18 14:35:00",
  "value" : "10"
},{
  "dateTime" : "06/08/18 14:47:00",
  "value" : "10"
},{
  "dateTime" : "06/08/18 14:49:00",
  "value" : "10"
},{
  "dateTime" : "06/08/18 15:56:00",
  "value" : "10"
},{
  "dateTime" : "06/08/18 16:11:00",
  "value" : "30"
},{
  "dateTime" : "06/08/18 16:12:00",
  "value" : "30"
},{
  "dateTime" : "06/08/18 16:13:00",
  "value" : "20"
},{
  "dateTime" : "06/08/18 16:47:00",
  "value" : "10"
},{
  "dateTime" : "06/08/18 16:55:00",
  "value" : "10"
},{
  "dateTime" : "06/08/18 17:06:00",
  "value" : "10"
},{
  "dateTime" : "06/08/18 17:36:00",
  "value" : "10"
},{
  "dateTime" : "06/08/18 18:04:00",
  "value" : "10"
},{
  "dateTime" : "06/08/18 18:06:00",
  "value" : "10"
},{
  "dateTime" : "06/08/18 20:33:00",
  "value" : "10"
},{
  "dateTime" : "06/08/18 20:51:00",
  "value" : "10"
},{
  "dateTime" : "06/09/18 00:35:00",
  "value" : "10"
},{
  "dateTime" : "06/09/18 11:34:00",
  "value" : "10"
},{
  "dateTime" : "06/09/18 11:52:00",
  "value" : "10"
},{
  "dateTime" : "06/09/18 11:54:00",
  "value" : "10"
},{
  "dateTime" : "06/09/18 11:55:00",
  "value" : "10"
},{
  "dateTime" : "06/09/18 11:56:00",
  "value" : "10"
},{
  "dateTime" : "06/09/18 11:57:00",
  "value" : "30"
},{
  "dateTime" : "06/09/18 11:58:00",
  "value" : "20"
},{
  "dateTime" : "06/09/18 11:59:00",
  "value" : "30"
},{
  "dateTime" : "06/09/18 12:00:00",
  "value" : "30"
},{
  "dateTime" : "06/09/18 12:01:00",
  "value" : "50"
},{
  "dateTime" : "06/09/18 12:52:00",
  "value" : "10"
},{
  "dateTime" : "06/09/18 12:58:00",
  "value" : "30"
},{
  "dateTime" : "06/09/18 13:01:00",
  "value" : "10"
},{
  "dateTime" : "06/09/18 13:02:00",
  "value" : "10"
},{
  "dateTime" : "06/09/18 13:03:00",
  "value" : "10"
},{
  "dateTime" : "06/09/18 13:04:00",
  "value" : "10"
},{
  "dateTime" : "06/09/18 13:07:00",
  "value" : "10"
},{
  "dateTime" : "06/09/18 13:09:00",
  "value" : "10"
},{
  "dateTime" : "06/09/18 13:10:00",
  "value" : "10"
},{
  "dateTime" : "06/09/18 13:11:00",
  "value" : "20"
},{
  "dateTime" : "06/09/18 15:52:00",
  "value" : "10"
},{
  "dateTime" : "06/09/18 15:54:00",
  "value" : "10"
},{
  "dateTime" : "06/09/18 16:12:00",
  "value" : "20"
},{
  "dateTime" : "06/09/18 16:13:00",
  "value" : "10"
},{
  "dateTime" : "06/09/18 21:17:00",
  "value" : "10"
},{
  "dateTime" : "06/10/18 00:05:00",
  "value" : "10"
},{
  "dateTime" : "06/10/18 00:13:00",
  "value" : "10"
},{
  "dateTime" : "06/10/18 00:22:00",
  "value" : "10"
},{
  "dateTime" : "06/10/18 03:29:00",
  "value" : "10"
},{
  "dateTime" : "06/10/18 15:40:00",
  "value" : "10"
},{
  "dateTime" : "06/10/18 15:57:00",
  "value" : "10"
},{
  "dateTime" : "06/10/18 15:58:00",
  "value" : "30"
},{
  "dateTime" : "06/10/18 16:01:00",
  "value" : "10"
},{
  "dateTime" : "06/10/18 16:13:00",
  "value" : "10"
},{
  "dateTime" : "06/10/18 16:14:00",
  "value" : "30"
},{
  "dateTime" : "06/10/18 16:15:00",
  "value" : "40"
},{
  "dateTime" : "06/10/18 16:17:00",
  "value" : "10"
},{
  "dateTime" : "06/10/18 16:18:00",
  "value" : "10"
},{
  "dateTime" : "06/10/18 16:19:00",
  "value" : "20"
},{
  "dateTime" : "06/10/18 16:24:00",
  "value" : "20"
},{
  "dateTime" : "06/10/18 16:37:00",
  "value" : "20"
},{
  "dateTime" : "06/10/18 16:47:00",
  "value" : "10"
},{
  "dateTime" : "06/10/18 17:07:00",
  "value" : "20"
},{
  "dateTime" : "06/10/18 17:09:00",
  "value" : "10"
},{
  "dateTime" : "06/10/18 17:10:00",
  "value" : "10"
},{
  "dateTime" : "06/10/18 17:11:00",
  "value" : "20"
},{
  "dateTime" : "06/10/18 17:14:00",
  "value" : "10"
},{
  "dateTime" : "06/10/18 17:27:00",
  "value" : "10"
},{
  "dateTime" : "06/10/18 17:39:00",
  "value" : "20"
},{
  "dateTime" : "06/10/18 17:40:00",
  "value" : "10"
},{
  "dateTime" : "06/10/18 17:42:00",
  "value" : "10"
},{
  "dateTime" : "06/10/18 18:43:00",
  "value" : "10"
},{
  "dateTime" : "06/10/18 18:47:00",
  "value" : "10"
},{
  "dateTime" : "06/10/18 18:53:00",
  "value" : "10"
},{
  "dateTime" : "06/10/18 18:55:00",
  "value" : "50"
},{
  "dateTime" : "06/10/18 18:56:00",
  "value" : "40"
},{
  "dateTime" : "06/10/18 18:57:00",
  "value" : "10"
},{
  "dateTime" : "06/10/18 19:04:00",
  "value" : "10"
},{
  "dateTime" : "06/10/18 19:06:00",
  "value" : "10"
},{
  "dateTime" : "06/10/18 19:11:00",
  "value" : "10"
},{
  "dateTime" : "06/10/18 19:33:00",
  "value" : "10"
},{
  "dateTime" : "06/10/18 19:34:00",
  "value" : "10"
},{
  "dateTime" : "06/10/18 19:38:00",
  "value" : "10"
},{
  "dateTime" : "06/10/18 19:40:00",
  "value" : "10"
},{
  "dateTime" : "06/10/18 19:47:00",
  "value" : "20"
},{
  "dateTime" : "06/10/18 19:48:00",
  "value" : "10"
},{
  "dateTime" : "06/10/18 20:34:00",
  "value" : "10"
},{
  "dateTime" : "06/10/18 23:13:00",
  "value" : "10"
},{
  "dateTime" : "06/10/18 23:14:00",
  "value" : "10"
},{
  "dateTime" : "06/10/18 23:21:00",
  "value" : "10"
},{
  "dateTime" : "06/10/18 23:33:00",
  "value" : "10"
},{
  "dateTime" : "06/10/18 23:52:00",
  "value" : "10"
},{
  "dateTime" : "06/10/18 23:55:00",
  "value" : "10"
},{
  "dateTime" : "06/11/18 02:14:00",
  "value" : "10"
},{
  "dateTime" : "06/11/18 02:15:00",
  "value" : "10"
},{
  "dateTime" : "06/11/18 04:49:00",
  "value" : "20"
},{
  "dateTime" : "06/11/18 05:40:00",
  "value" : "10"
},{
  "dateTime" : "06/11/18 09:54:00",
  "value" : "10"
},{
  "dateTime" : "06/11/18 09:55:00",
  "value" : "10"
},{
  "dateTime" : "06/11/18 12:18:00",
  "value" : "20"
},{
  "dateTime" : "06/11/18 12:22:00",
  "value" : "10"
},{
  "dateTime" : "06/11/18 14:47:00",
  "value" : "10"
},{
  "dateTime" : "06/11/18 22:06:00",
  "value" : "10"
},{
  "dateTime" : "06/11/18 22:07:00",
  "value" : "10"
},{
  "dateTime" : "06/11/18 23:21:00",
  "value" : "10"
},{
  "dateTime" : "06/11/18 23:22:00",
  "value" : "10"
},{
  "dateTime" : "06/12/18 13:50:00",
  "value" : "10"
},{
  "dateTime" : "06/12/18 14:02:00",
  "value" : "10"
},{
  "dateTime" : "06/12/18 14:17:00",
  "value" : "20"
},{
  "dateTime" : "06/12/18 14:18:00",
  "value" : "10"
},{
  "dateTime" : "06/12/18 14:50:00",
  "value" : "10"
},{
  "dateTime" : "06/12/18 16:07:00",
  "value" : "10"
},{
  "dateTime" : "06/12/18 16:14:00",
  "value" : "10"
},{
  "dateTime" : "06/12/18 16:15:00",
  "value" : "20"
},{
  "dateTime" : "06/12/18 16:28:00",
  "value" : "10"
},{
  "dateTime" : "06/12/18 18:34:00",
  "value" : "10"
},{
  "dateTime" : "06/12/18 18:35:00",
  "value" : "10"
},{
  "dateTime" : "06/12/18 18:36:00",
  "value" : "10"
},{
  "dateTime" : "06/12/18 18:42:00",
  "value" : "10"
},{
  "dateTime" : "06/12/18 18:53:00",
  "value" : "10"
},{
  "dateTime" : "06/12/18 19:06:00",
  "value" : "10"
},{
  "dateTime" : "06/12/18 19:15:00",
  "value" : "10"
},{
  "dateTime" : "06/12/18 21:32:00",
  "value" : "30"
},{
  "dateTime" : "06/12/18 21:38:00",
  "value" : "20"
},{
  "dateTime" : "06/12/18 21:39:00",
  "value" : "10"
},{
  "dateTime" : "06/12/18 22:23:00",
  "value" : "20"
},{
  "dateTime" : "06/12/18 22:24:00",
  "value" : "10"
},{
  "dateTime" : "06/12/18 22:26:00",
  "value" : "20"
},{
  "dateTime" : "06/12/18 22:28:00",
  "value" : "10"
},{
  "dateTime" : "06/13/18 09:57:00",
  "value" : "10"
},{
  "dateTime" : "06/13/18 09:58:00",
  "value" : "10"
},{
  "dateTime" : "06/13/18 14:11:00",
  "value" : "30"
},{
  "dateTime" : "06/13/18 15:56:00",
  "value" : "30"
},{
  "dateTime" : "06/13/18 15:57:00",
  "value" : "10"
},{
  "dateTime" : "06/13/18 16:31:00",
  "value" : "40"
},{
  "dateTime" : "06/13/18 17:02:00",
  "value" : "10"
},{
  "dateTime" : "06/13/18 17:03:00",
  "value" : "30"
},{
  "dateTime" : "06/13/18 17:36:00",
  "value" : "10"
},{
  "dateTime" : "06/13/18 17:56:00",
  "value" : "10"
},{
  "dateTime" : "06/13/18 17:57:00",
  "value" : "10"
},{
  "dateTime" : "06/13/18 17:58:00",
  "value" : "10"
},{
  "dateTime" : "06/13/18 17:59:00",
  "value" : "20"
},{
  "dateTime" : "06/13/18 21:18:00",
  "value" : "10"
},{
  "dateTime" : "06/13/18 21:20:00",
  "value" : "10"
},{
  "dateTime" : "06/14/18 06:46:00",
  "value" : "10"
},{
  "dateTime" : "06/14/18 07:14:00",
  "value" : "10"
},{
  "dateTime" : "06/14/18 10:13:00",
  "value" : "10"
},{
  "dateTime" : "06/14/18 11:07:00",
  "value" : "20"
},{
  "dateTime" : "06/14/18 11:08:00",
  "value" : "10"
},{
  "dateTime" : "06/14/18 11:15:00",
  "value" : "10"
},{
  "dateTime" : "06/14/18 11:16:00",
  "value" : "10"
},{
  "dateTime" : "06/14/18 11:17:00",
  "value" : "20"
},{
  "dateTime" : "06/14/18 11:19:00",
  "value" : "10"
},{
  "dateTime" : "06/14/18 15:48:00",
  "value" : "10"
},{
  "dateTime" : "06/14/18 16:01:00",
  "value" : "10"
},{
  "dateTime" : "06/14/18 16:04:00",
  "value" : "20"
},{
  "dateTime" : "06/14/18 17:17:00",
  "value" : "20"
},{
  "dateTime" : "06/14/18 18:00:00",
  "value" : "10"
},{
  "dateTime" : "06/14/18 18:03:00",
  "value" : "10"
},{
  "dateTime" : "06/14/18 18:04:00",
  "value" : "10"
},{
  "dateTime" : "06/14/18 18:10:00",
  "value" : "10"
},{
  "dateTime" : "06/15/18 08:43:00",
  "value" : "10"
},{
  "dateTime" : "06/15/18 09:02:00",
  "value" : "10"
},{
  "dateTime" : "06/15/18 10:27:00",
  "value" : "10"
},{
  "dateTime" : "06/15/18 12:42:00",
  "value" : "10"
},{
  "dateTime" : "06/15/18 14:13:00",
  "value" : "10"
},{
  "dateTime" : "06/15/18 14:20:00",
  "value" : "10"
},{
  "dateTime" : "06/15/18 15:05:00",
  "value" : "10"
},{
  "dateTime" : "06/15/18 15:26:00",
  "value" : "10"
},{
  "dateTime" : "06/15/18 15:45:00",
  "value" : "10"
},{
  "dateTime" : "06/15/18 16:29:00",
  "value" : "10"
},{
  "dateTime" : "06/15/18 21:54:00",
  "value" : "20"
},{
  "dateTime" : "06/16/18 01:20:00",
  "value" : "10"
},{
  "dateTime" : "06/16/18 01:21:00",
  "value" : "10"
},{
  "dateTime" : "06/16/18 01:22:00",
  "value" : "10"
},{
  "dateTime" : "06/16/18 01:23:00",
  "value" : "10"
},{
  "dateTime" : "06/16/18 01:24:00",
  "value" : "30"
},{
  "dateTime" : "06/16/18 01:25:00",
  "value" : "30"
},{
  "dateTime" : "06/16/18 01:26:00",
  "value" : "30"
},{
  "dateTime" : "06/16/18 01:27:00",
  "value" : "20"
},{
  "dateTime" : "06/16/18 01:28:00",
  "value" : "10"
},{
  "dateTime" : "06/16/18 01:29:00",
  "value" : "10"
},{
  "dateTime" : "06/16/18 01:30:00",
  "value" : "10"
},{
  "dateTime" : "06/16/18 01:41:00",
  "value" : "10"
},{
  "dateTime" : "06/16/18 11:55:00",
  "value" : "10"
},{
  "dateTime" : "06/16/18 11:56:00",
  "value" : "20"
},{
  "dateTime" : "06/16/18 11:57:00",
  "value" : "30"
},{
  "dateTime" : "06/16/18 11:58:00",
  "value" : "30"
},{
  "dateTime" : "06/16/18 11:59:00",
  "value" : "30"
},{
  "dateTime" : "06/16/18 12:00:00",
  "value" : "10"
},{
  "dateTime" : "06/16/18 12:01:00",
  "value" : "10"
},{
  "dateTime" : "06/16/18 12:04:00",
  "value" : "20"
},{
  "dateTime" : "06/16/18 12:05:00",
  "value" : "10"
},{
  "dateTime" : "06/16/18 12:06:00",
  "value" : "10"
},{
  "dateTime" : "06/16/18 12:08:00",
  "value" : "10"
},{
  "dateTime" : "06/16/18 12:13:00",
  "value" : "10"
},{
  "dateTime" : "06/16/18 16:03:00",
  "value" : "10"
},{
  "dateTime" : "06/16/18 16:08:00",
  "value" : "20"
},{
  "dateTime" : "06/16/18 16:10:00",
  "value" : "10"
},{
  "dateTime" : "06/16/18 16:11:00",
  "value" : "10"
},{
  "dateTime" : "06/16/18 17:22:00",
  "value" : "10"
},{
  "dateTime" : "06/16/18 17:23:00",
  "value" : "10"
},{
  "dateTime" : "06/16/18 21:31:00",
  "value" : "10"
},{
  "dateTime" : "06/16/18 21:32:00",
  "value" : "10"
},{
  "dateTime" : "06/16/18 23:03:00",
  "value" : "10"
},{
  "dateTime" : "06/16/18 23:04:00",
  "value" : "20"
},{
  "dateTime" : "06/17/18 09:14:00",
  "value" : "30"
},{
  "dateTime" : "06/17/18 09:15:00",
  "value" : "10"
},{
  "dateTime" : "06/17/18 12:52:00",
  "value" : "10"
},{
  "dateTime" : "06/17/18 15:41:00",
  "value" : "10"
},{
  "dateTime" : "06/17/18 17:20:00",
  "value" : "30"
},{
  "dateTime" : "06/17/18 17:21:00",
  "value" : "10"
},{
  "dateTime" : "06/17/18 18:33:00",
  "value" : "20"
},{
  "dateTime" : "06/17/18 18:34:00",
  "value" : "20"
},{
  "dateTime" : "06/17/18 19:07:00",
  "value" : "10"
},{
  "dateTime" : "06/17/18 20:07:00",
  "value" : "10"
},{
  "dateTime" : "06/17/18 20:08:00",
  "value" : "20"
},{
  "dateTime" : "06/17/18 20:44:00",
  "value" : "20"
},{
  "dateTime" : "06/17/18 20:45:00",
  "value" : "10"
},{
  "dateTime" : "06/17/18 21:29:00",
  "value" : "20"
},{
  "dateTime" : "06/17/18 21:57:00",
  "value" : "20"
},{
  "dateTime" : "06/17/18 22:38:00",
  "value" : "20"
},{
  "dateTime" : "06/18/18 01:48:00",
  "value" : "10"
},{
  "dateTime" : "06/18/18 01:56:00",
  "value" : "10"
},{
  "dateTime" : "06/18/18 02:00:00",
  "value" : "10"
},{
  "dateTime" : "06/18/18 02:01:00",
  "value" : "30"
},{
  "dateTime" : "06/18/18 09:06:00",
  "value" : "20"
},{
  "dateTime" : "06/18/18 09:07:00",
  "value" : "20"
},{
  "dateTime" : "06/18/18 13:08:00",
  "value" : "10"
},{
  "dateTime" : "06/18/18 13:09:00",
  "value" : "40"
},{
  "dateTime" : "06/18/18 15:47:00",
  "value" : "10"
},{
  "dateTime" : "06/18/18 15:48:00",
  "value" : "40"
},{
  "dateTime" : "06/18/18 15:52:00",
  "value" : "10"
},{
  "dateTime" : "06/18/18 15:53:00",
  "value" : "30"
},{
  "dateTime" : "06/18/18 15:54:00",
  "value" : "10"
},{
  "dateTime" : "06/18/18 15:59:00",
  "value" : "30"
},{
  "dateTime" : "06/18/18 16:00:00",
  "value" : "10"
},{
  "dateTime" : "06/18/18 16:55:00",
  "value" : "10"
},{
  "dateTime" : "06/18/18 16:56:00",
  "value" : "40"
},{
  "dateTime" : "06/18/18 18:46:00",
  "value" : "10"
},{
  "dateTime" : "06/18/18 18:48:00",
  "value" : "10"
},{
  "dateTime" : "06/18/18 18:50:00",
  "value" : "10"
},{
  "dateTime" : "06/18/18 18:55:00",
  "value" : "20"
},{
  "dateTime" : "06/18/18 18:56:00",
  "value" : "10"
},{
  "dateTime" : "06/18/18 20:21:00",
  "value" : "10"
},{
  "dateTime" : "06/18/18 21:36:00",
  "value" : "20"
},{
  "dateTime" : "06/18/18 21:37:00",
  "value" : "10"
},{
  "dateTime" : "06/18/18 22:03:00",
  "value" : "30"
},{
  "dateTime" : "06/19/18 02:17:00",
  "value" : "10"
},{
  "dateTime" : "06/19/18 02:18:00",
  "value" : "30"
},{
  "dateTime" : "06/19/18 09:28:00",
  "value" : "10"
},{
  "dateTime" : "06/19/18 09:29:00",
  "value" : "20"
},{
  "dateTime" : "06/19/18 10:02:00",
  "value" : "10"
},{
  "dateTime" : "06/19/18 13:03:00",
  "value" : "20"
},{
  "dateTime" : "06/19/18 13:04:00",
  "value" : "20"
},{
  "dateTime" : "06/19/18 15:58:00",
  "value" : "10"
},{
  "dateTime" : "06/19/18 16:03:00",
  "value" : "20"
},{
  "dateTime" : "06/19/18 16:04:00",
  "value" : "20"
},{
  "dateTime" : "06/19/18 20:42:00",
  "value" : "10"
},{
  "dateTime" : "06/19/18 21:41:00",
  "value" : "10"
},{
  "dateTime" : "06/19/18 21:42:00",
  "value" : "10"
},{
  "dateTime" : "06/19/18 22:34:00",
  "value" : "10"
},{
  "dateTime" : "06/19/18 22:37:00",
  "value" : "10"
},{
  "dateTime" : "06/19/18 22:54:00",
  "value" : "10"
},{
  "dateTime" : "06/19/18 22:55:00",
  "value" : "10"
},{
  "dateTime" : "06/19/18 23:03:00",
  "value" : "10"
},{
  "dateTime" : "06/19/18 23:04:00",
  "value" : "10"
},{
  "dateTime" : "06/19/18 23:05:00",
  "value" : "10"
},{
  "dateTime" : "06/19/18 23:07:00",
  "value" : "10"
},{
  "dateTime" : "06/19/18 23:22:00",
  "value" : "30"
},{
  "dateTime" : "06/19/18 23:32:00",
  "value" : "10"
},{
  "dateTime" : "06/19/18 23:45:00",
  "value" : "40"
},{
  "dateTime" : "06/20/18 09:28:00",
  "value" : "10"
},{
  "dateTime" : "06/20/18 09:29:00",
  "value" : "20"
},{
  "dateTime" : "06/20/18 13:37:00",
  "value" : "10"
},{
  "dateTime" : "06/20/18 15:43:00",
  "value" : "30"
},{
  "dateTime" : "06/20/18 15:44:00",
  "value" : "20"
},{
  "dateTime" : "06/20/18 17:38:00",
  "value" : "10"
},{
  "dateTime" : "06/20/18 17:41:00",
  "value" : "10"
},{
  "dateTime" : "06/20/18 17:45:00",
  "value" : "20"
},{
  "dateTime" : "06/20/18 17:46:00",
  "value" : "20"
},{
  "dateTime" : "06/20/18 18:05:00",
  "value" : "10"
},{
  "dateTime" : "06/20/18 19:59:00",
  "value" : "20"
},{
  "dateTime" : "06/20/18 20:25:00",
  "value" : "30"
},{
  "dateTime" : "06/20/18 20:26:00",
  "value" : "10"
},{
  "dateTime" : "06/20/18 21:24:00",
  "value" : "10"
},{
  "dateTime" : "06/20/18 21:56:00",
  "value" : "10"
},{
  "dateTime" : "06/20/18 22:01:00",
  "value" : "10"
},{
  "dateTime" : "06/20/18 22:02:00",
  "value" : "10"
},{
  "dateTime" : "06/20/18 22:06:00",
  "value" : "10"
},{
  "dateTime" : "06/20/18 22:12:00",
  "value" : "10"
},{
  "dateTime" : "06/20/18 22:14:00",
  "value" : "10"
},{
  "dateTime" : "06/21/18 06:41:00",
  "value" : "10"
},{
  "dateTime" : "06/21/18 06:50:00",
  "value" : "10"
},{
  "dateTime" : "06/21/18 07:26:00",
  "value" : "10"
},{
  "dateTime" : "06/21/18 13:34:00",
  "value" : "10"
},{
  "dateTime" : "06/21/18 19:28:00",
  "value" : "20"
},{
  "dateTime" : "06/21/18 19:29:00",
  "value" : "10"
},{
  "dateTime" : "06/21/18 20:34:00",
  "value" : "10"
},{
  "dateTime" : "06/21/18 21:05:00",
  "value" : "10"
},{
  "dateTime" : "06/21/18 21:06:00",
  "value" : "10"
},{
  "dateTime" : "06/21/18 21:47:00",
  "value" : "30"
},{
  "dateTime" : "06/21/18 23:15:00",
  "value" : "10"
},{
  "dateTime" : "06/21/18 23:16:00",
  "value" : "10"
},{
  "dateTime" : "06/22/18 01:44:00",
  "value" : "10"
},{
  "dateTime" : "06/22/18 04:02:00",
  "value" : "10"
},{
  "dateTime" : "06/22/18 04:12:00",
  "value" : "20"
},{
  "dateTime" : "06/22/18 12:45:00",
  "value" : "10"
},{
  "dateTime" : "06/22/18 13:56:00",
  "value" : "20"
},{
  "dateTime" : "06/22/18 14:19:00",
  "value" : "10"
},{
  "dateTime" : "06/22/18 14:55:00",
  "value" : "10"
},{
  "dateTime" : "06/22/18 15:41:00",
  "value" : "10"
},{
  "dateTime" : "06/22/18 16:07:00",
  "value" : "10"
},{
  "dateTime" : "06/22/18 18:22:00",
  "value" : "10"
},{
  "dateTime" : "06/22/18 19:52:00",
  "value" : "10"
},{
  "dateTime" : "06/22/18 19:53:00",
  "value" : "10"
},{
  "dateTime" : "06/22/18 19:54:00",
  "value" : "10"
},{
  "dateTime" : "06/22/18 20:02:00",
  "value" : "10"
},{
  "dateTime" : "06/22/18 20:06:00",
  "value" : "10"
},{
  "dateTime" : "06/22/18 20:07:00",
  "value" : "10"
},{
  "dateTime" : "06/22/18 20:11:00",
  "value" : "10"
},{
  "dateTime" : "06/22/18 20:12:00",
  "value" : "30"
},{
  "dateTime" : "06/22/18 21:56:00",
  "value" : "10"
},{
  "dateTime" : "06/22/18 22:33:00",
  "value" : "20"
},{
  "dateTime" : "06/22/18 23:34:00",
  "value" : "20"
},{
  "dateTime" : "06/22/18 23:35:00",
  "value" : "10"
},{
  "dateTime" : "06/22/18 23:36:00",
  "value" : "10"
}]