[{
  "dateTime" : "04/24/18 09:17:00",
  "value" : "10"
},{
  "dateTime" : "04/24/18 09:18:00",
  "value" : "10"
},{
  "dateTime" : "04/24/18 09:21:00",
  "value" : "10"
},{
  "dateTime" : "04/24/18 09:22:00",
  "value" : "10"
},{
  "dateTime" : "04/24/18 09:29:00",
  "value" : "10"
},{
  "dateTime" : "04/24/18 11:40:00",
  "value" : "10"
},{
  "dateTime" : "04/24/18 11:42:00",
  "value" : "10"
},{
  "dateTime" : "04/24/18 11:51:00",
  "value" : "10"
},{
  "dateTime" : "04/24/18 11:52:00",
  "value" : "20"
},{
  "dateTime" : "04/24/18 11:54:00",
  "value" : "10"
},{
  "dateTime" : "04/24/18 11:55:00",
  "value" : "10"
},{
  "dateTime" : "04/24/18 12:29:00",
  "value" : "10"
},{
  "dateTime" : "04/24/18 15:40:00",
  "value" : "10"
},{
  "dateTime" : "04/24/18 15:53:00",
  "value" : "10"
},{
  "dateTime" : "04/24/18 15:54:00",
  "value" : "10"
},{
  "dateTime" : "04/24/18 17:13:00",
  "value" : "10"
},{
  "dateTime" : "04/24/18 17:14:00",
  "value" : "10"
},{
  "dateTime" : "04/24/18 17:15:00",
  "value" : "10"
},{
  "dateTime" : "04/24/18 17:17:00",
  "value" : "10"
},{
  "dateTime" : "04/24/18 17:19:00",
  "value" : "20"
},{
  "dateTime" : "04/24/18 18:08:00",
  "value" : "10"
},{
  "dateTime" : "04/24/18 18:14:00",
  "value" : "10"
},{
  "dateTime" : "04/24/18 18:18:00",
  "value" : "10"
},{
  "dateTime" : "04/24/18 19:38:00",
  "value" : "10"
},{
  "dateTime" : "04/24/18 19:44:00",
  "value" : "10"
},{
  "dateTime" : "04/24/18 19:48:00",
  "value" : "10"
},{
  "dateTime" : "04/24/18 19:50:00",
  "value" : "10"
},{
  "dateTime" : "04/24/18 19:52:00",
  "value" : "10"
},{
  "dateTime" : "04/24/18 21:56:00",
  "value" : "20"
},{
  "dateTime" : "04/24/18 21:58:00",
  "value" : "20"
},{
  "dateTime" : "04/24/18 22:06:00",
  "value" : "10"
},{
  "dateTime" : "04/24/18 22:07:00",
  "value" : "10"
},{
  "dateTime" : "04/24/18 22:08:00",
  "value" : "20"
},{
  "dateTime" : "04/24/18 22:10:00",
  "value" : "20"
},{
  "dateTime" : "04/25/18 08:35:00",
  "value" : "20"
},{
  "dateTime" : "04/25/18 08:51:00",
  "value" : "10"
},{
  "dateTime" : "04/25/18 08:52:00",
  "value" : "10"
},{
  "dateTime" : "04/25/18 08:53:00",
  "value" : "10"
},{
  "dateTime" : "04/25/18 08:58:00",
  "value" : "10"
},{
  "dateTime" : "04/25/18 09:02:00",
  "value" : "10"
},{
  "dateTime" : "04/25/18 10:07:00",
  "value" : "10"
},{
  "dateTime" : "04/25/18 10:08:00",
  "value" : "10"
},{
  "dateTime" : "04/25/18 10:10:00",
  "value" : "10"
},{
  "dateTime" : "04/25/18 10:11:00",
  "value" : "10"
},{
  "dateTime" : "04/25/18 10:14:00",
  "value" : "10"
},{
  "dateTime" : "04/25/18 10:16:00",
  "value" : "20"
},{
  "dateTime" : "04/25/18 10:17:00",
  "value" : "20"
},{
  "dateTime" : "04/25/18 10:20:00",
  "value" : "10"
},{
  "dateTime" : "04/25/18 10:25:00",
  "value" : "10"
},{
  "dateTime" : "04/25/18 10:26:00",
  "value" : "10"
},{
  "dateTime" : "04/25/18 10:40:00",
  "value" : "10"
},{
  "dateTime" : "04/25/18 10:41:00",
  "value" : "30"
},{
  "dateTime" : "04/25/18 10:42:00",
  "value" : "30"
},{
  "dateTime" : "04/25/18 10:43:00",
  "value" : "40"
},{
  "dateTime" : "04/25/18 10:44:00",
  "value" : "40"
},{
  "dateTime" : "04/25/18 10:45:00",
  "value" : "40"
},{
  "dateTime" : "04/25/18 10:46:00",
  "value" : "50"
},{
  "dateTime" : "04/25/18 10:47:00",
  "value" : "20"
},{
  "dateTime" : "04/25/18 10:48:00",
  "value" : "10"
},{
  "dateTime" : "04/25/18 10:49:00",
  "value" : "10"
},{
  "dateTime" : "04/25/18 10:50:00",
  "value" : "40"
},{
  "dateTime" : "04/25/18 10:51:00",
  "value" : "20"
},{
  "dateTime" : "04/25/18 10:52:00",
  "value" : "10"
},{
  "dateTime" : "04/25/18 10:53:00",
  "value" : "10"
},{
  "dateTime" : "04/25/18 10:57:00",
  "value" : "20"
},{
  "dateTime" : "04/25/18 11:00:00",
  "value" : "10"
},{
  "dateTime" : "04/25/18 11:01:00",
  "value" : "30"
},{
  "dateTime" : "04/25/18 11:02:00",
  "value" : "50"
},{
  "dateTime" : "04/25/18 11:03:00",
  "value" : "40"
},{
  "dateTime" : "04/25/18 11:04:00",
  "value" : "20"
},{
  "dateTime" : "04/25/18 11:05:00",
  "value" : "40"
},{
  "dateTime" : "04/25/18 11:06:00",
  "value" : "20"
},{
  "dateTime" : "04/25/18 11:07:00",
  "value" : "30"
},{
  "dateTime" : "04/25/18 11:08:00",
  "value" : "30"
},{
  "dateTime" : "04/25/18 11:48:00",
  "value" : "20"
},{
  "dateTime" : "04/25/18 11:49:00",
  "value" : "30"
},{
  "dateTime" : "04/25/18 11:50:00",
  "value" : "60"
},{
  "dateTime" : "04/25/18 11:53:00",
  "value" : "40"
},{
  "dateTime" : "04/25/18 11:56:00",
  "value" : "10"
},{
  "dateTime" : "04/25/18 11:57:00",
  "value" : "10"
},{
  "dateTime" : "04/25/18 12:21:00",
  "value" : "10"
},{
  "dateTime" : "04/25/18 12:41:00",
  "value" : "20"
},{
  "dateTime" : "04/25/18 12:59:00",
  "value" : "10"
},{
  "dateTime" : "04/25/18 13:00:00",
  "value" : "10"
},{
  "dateTime" : "04/25/18 13:01:00",
  "value" : "10"
},{
  "dateTime" : "04/25/18 13:02:00",
  "value" : "10"
},{
  "dateTime" : "04/25/18 13:04:00",
  "value" : "10"
},{
  "dateTime" : "04/25/18 15:05:00",
  "value" : "10"
},{
  "dateTime" : "04/25/18 15:06:00",
  "value" : "20"
},{
  "dateTime" : "04/25/18 16:00:00",
  "value" : "10"
},{
  "dateTime" : "04/25/18 16:59:00",
  "value" : "10"
},{
  "dateTime" : "04/25/18 17:07:00",
  "value" : "10"
},{
  "dateTime" : "04/25/18 17:15:00",
  "value" : "20"
},{
  "dateTime" : "04/25/18 17:16:00",
  "value" : "10"
},{
  "dateTime" : "04/25/18 17:17:00",
  "value" : "10"
},{
  "dateTime" : "04/25/18 17:18:00",
  "value" : "10"
},{
  "dateTime" : "04/25/18 18:13:00",
  "value" : "10"
},{
  "dateTime" : "04/25/18 19:14:00",
  "value" : "10"
},{
  "dateTime" : "04/25/18 19:18:00",
  "value" : "10"
},{
  "dateTime" : "04/25/18 19:19:00",
  "value" : "10"
},{
  "dateTime" : "04/25/18 19:20:00",
  "value" : "10"
},{
  "dateTime" : "04/25/18 19:21:00",
  "value" : "10"
},{
  "dateTime" : "04/25/18 19:22:00",
  "value" : "10"
},{
  "dateTime" : "04/25/18 19:30:00",
  "value" : "10"
},{
  "dateTime" : "04/25/18 19:50:00",
  "value" : "10"
},{
  "dateTime" : "04/25/18 19:56:00",
  "value" : "10"
},{
  "dateTime" : "04/25/18 23:34:00",
  "value" : "10"
},{
  "dateTime" : "04/25/18 23:53:00",
  "value" : "10"
},{
  "dateTime" : "04/26/18 09:07:00",
  "value" : "20"
},{
  "dateTime" : "04/26/18 09:24:00",
  "value" : "10"
},{
  "dateTime" : "04/26/18 09:25:00",
  "value" : "10"
},{
  "dateTime" : "04/26/18 09:35:00",
  "value" : "10"
},{
  "dateTime" : "04/26/18 09:36:00",
  "value" : "10"
},{
  "dateTime" : "04/26/18 09:37:00",
  "value" : "10"
},{
  "dateTime" : "04/26/18 11:02:00",
  "value" : "20"
},{
  "dateTime" : "04/26/18 11:04:00",
  "value" : "20"
},{
  "dateTime" : "04/26/18 11:05:00",
  "value" : "50"
},{
  "dateTime" : "04/26/18 12:03:00",
  "value" : "20"
},{
  "dateTime" : "04/26/18 12:04:00",
  "value" : "20"
},{
  "dateTime" : "04/26/18 12:07:00",
  "value" : "10"
},{
  "dateTime" : "04/26/18 12:12:00",
  "value" : "10"
},{
  "dateTime" : "04/26/18 12:50:00",
  "value" : "10"
},{
  "dateTime" : "04/26/18 12:51:00",
  "value" : "10"
},{
  "dateTime" : "04/26/18 12:52:00",
  "value" : "10"
},{
  "dateTime" : "04/26/18 12:53:00",
  "value" : "10"
},{
  "dateTime" : "04/26/18 14:07:00",
  "value" : "10"
},{
  "dateTime" : "04/26/18 14:08:00",
  "value" : "10"
},{
  "dateTime" : "04/26/18 14:09:00",
  "value" : "10"
},{
  "dateTime" : "04/26/18 15:01:00",
  "value" : "10"
},{
  "dateTime" : "04/26/18 15:02:00",
  "value" : "10"
},{
  "dateTime" : "04/26/18 15:05:00",
  "value" : "10"
},{
  "dateTime" : "04/26/18 15:06:00",
  "value" : "20"
},{
  "dateTime" : "04/26/18 15:07:00",
  "value" : "10"
},{
  "dateTime" : "04/26/18 15:08:00",
  "value" : "10"
},{
  "dateTime" : "04/26/18 15:09:00",
  "value" : "20"
},{
  "dateTime" : "04/26/18 16:41:00",
  "value" : "10"
},{
  "dateTime" : "04/26/18 16:42:00",
  "value" : "10"
},{
  "dateTime" : "04/26/18 16:43:00",
  "value" : "10"
},{
  "dateTime" : "04/26/18 16:44:00",
  "value" : "10"
},{
  "dateTime" : "04/26/18 16:45:00",
  "value" : "10"
},{
  "dateTime" : "04/26/18 16:46:00",
  "value" : "10"
},{
  "dateTime" : "04/26/18 16:48:00",
  "value" : "10"
},{
  "dateTime" : "04/26/18 16:49:00",
  "value" : "10"
},{
  "dateTime" : "04/26/18 16:55:00",
  "value" : "10"
},{
  "dateTime" : "04/26/18 16:56:00",
  "value" : "10"
},{
  "dateTime" : "04/26/18 16:58:00",
  "value" : "10"
},{
  "dateTime" : "04/26/18 16:59:00",
  "value" : "20"
},{
  "dateTime" : "04/26/18 17:00:00",
  "value" : "20"
},{
  "dateTime" : "04/26/18 17:01:00",
  "value" : "20"
},{
  "dateTime" : "04/26/18 17:02:00",
  "value" : "10"
},{
  "dateTime" : "04/26/18 17:03:00",
  "value" : "10"
},{
  "dateTime" : "04/26/18 17:04:00",
  "value" : "20"
},{
  "dateTime" : "04/26/18 18:00:00",
  "value" : "10"
},{
  "dateTime" : "04/26/18 18:01:00",
  "value" : "10"
},{
  "dateTime" : "04/26/18 18:08:00",
  "value" : "10"
},{
  "dateTime" : "04/26/18 18:10:00",
  "value" : "10"
},{
  "dateTime" : "04/26/18 20:13:00",
  "value" : "10"
},{
  "dateTime" : "04/26/18 20:21:00",
  "value" : "10"
},{
  "dateTime" : "04/26/18 20:40:00",
  "value" : "10"
},{
  "dateTime" : "04/26/18 20:41:00",
  "value" : "10"
},{
  "dateTime" : "04/26/18 21:30:00",
  "value" : "10"
},{
  "dateTime" : "04/26/18 21:35:00",
  "value" : "10"
},{
  "dateTime" : "04/26/18 23:59:00",
  "value" : "10"
},{
  "dateTime" : "04/27/18 00:00:00",
  "value" : "10"
},{
  "dateTime" : "04/27/18 08:30:00",
  "value" : "20"
},{
  "dateTime" : "04/27/18 08:55:00",
  "value" : "10"
},{
  "dateTime" : "04/27/18 08:57:00",
  "value" : "10"
},{
  "dateTime" : "04/27/18 09:07:00",
  "value" : "10"
},{
  "dateTime" : "04/27/18 10:04:00",
  "value" : "10"
},{
  "dateTime" : "04/27/18 12:10:00",
  "value" : "20"
},{
  "dateTime" : "04/27/18 12:11:00",
  "value" : "10"
},{
  "dateTime" : "04/27/18 12:15:00",
  "value" : "10"
},{
  "dateTime" : "04/27/18 12:46:00",
  "value" : "10"
},{
  "dateTime" : "04/27/18 12:47:00",
  "value" : "20"
},{
  "dateTime" : "04/27/18 13:03:00",
  "value" : "10"
},{
  "dateTime" : "04/27/18 17:07:00",
  "value" : "10"
},{
  "dateTime" : "04/27/18 17:08:00",
  "value" : "10"
},{
  "dateTime" : "04/27/18 17:09:00",
  "value" : "10"
},{
  "dateTime" : "04/27/18 17:10:00",
  "value" : "10"
},{
  "dateTime" : "04/27/18 17:11:00",
  "value" : "10"
},{
  "dateTime" : "04/27/18 17:12:00",
  "value" : "20"
},{
  "dateTime" : "04/27/18 17:13:00",
  "value" : "20"
},{
  "dateTime" : "04/27/18 17:15:00",
  "value" : "10"
},{
  "dateTime" : "04/27/18 17:17:00",
  "value" : "20"
},{
  "dateTime" : "04/27/18 17:32:00",
  "value" : "20"
},{
  "dateTime" : "04/27/18 18:04:00",
  "value" : "10"
},{
  "dateTime" : "04/27/18 18:05:00",
  "value" : "10"
},{
  "dateTime" : "04/27/18 19:40:00",
  "value" : "10"
},{
  "dateTime" : "04/27/18 19:44:00",
  "value" : "10"
},{
  "dateTime" : "04/27/18 19:46:00",
  "value" : "10"
},{
  "dateTime" : "04/27/18 19:48:00",
  "value" : "10"
},{
  "dateTime" : "04/27/18 19:49:00",
  "value" : "10"
},{
  "dateTime" : "04/27/18 19:52:00",
  "value" : "10"
},{
  "dateTime" : "04/27/18 19:53:00",
  "value" : "10"
},{
  "dateTime" : "04/27/18 19:54:00",
  "value" : "10"
},{
  "dateTime" : "04/27/18 19:55:00",
  "value" : "20"
},{
  "dateTime" : "04/27/18 19:58:00",
  "value" : "10"
},{
  "dateTime" : "04/27/18 19:59:00",
  "value" : "10"
},{
  "dateTime" : "04/27/18 20:01:00",
  "value" : "20"
},{
  "dateTime" : "04/27/18 20:02:00",
  "value" : "20"
},{
  "dateTime" : "04/27/18 20:12:00",
  "value" : "10"
},{
  "dateTime" : "04/27/18 22:03:00",
  "value" : "20"
},{
  "dateTime" : "04/27/18 22:06:00",
  "value" : "20"
},{
  "dateTime" : "04/27/18 22:13:00",
  "value" : "10"
},{
  "dateTime" : "04/27/18 22:14:00",
  "value" : "10"
},{
  "dateTime" : "04/27/18 22:15:00",
  "value" : "20"
},{
  "dateTime" : "04/27/18 22:18:00",
  "value" : "10"
},{
  "dateTime" : "04/27/18 23:18:00",
  "value" : "10"
},{
  "dateTime" : "04/28/18 00:05:00",
  "value" : "10"
},{
  "dateTime" : "04/28/18 01:26:00",
  "value" : "10"
},{
  "dateTime" : "04/28/18 08:47:00",
  "value" : "10"
},{
  "dateTime" : "04/28/18 08:48:00",
  "value" : "10"
},{
  "dateTime" : "04/28/18 09:21:00",
  "value" : "10"
},{
  "dateTime" : "04/28/18 10:14:00",
  "value" : "10"
},{
  "dateTime" : "04/28/18 10:33:00",
  "value" : "20"
},{
  "dateTime" : "04/28/18 11:10:00",
  "value" : "10"
},{
  "dateTime" : "04/28/18 11:21:00",
  "value" : "10"
},{
  "dateTime" : "04/28/18 14:47:00",
  "value" : "10"
},{
  "dateTime" : "04/28/18 15:09:00",
  "value" : "10"
},{
  "dateTime" : "04/28/18 16:08:00",
  "value" : "10"
},{
  "dateTime" : "04/28/18 16:51:00",
  "value" : "10"
},{
  "dateTime" : "04/28/18 18:08:00",
  "value" : "10"
},{
  "dateTime" : "04/28/18 18:09:00",
  "value" : "10"
},{
  "dateTime" : "04/28/18 19:39:00",
  "value" : "10"
},{
  "dateTime" : "04/28/18 20:20:00",
  "value" : "10"
},{
  "dateTime" : "04/28/18 21:17:00",
  "value" : "20"
},{
  "dateTime" : "04/28/18 21:34:00",
  "value" : "10"
},{
  "dateTime" : "04/28/18 21:35:00",
  "value" : "10"
},{
  "dateTime" : "04/28/18 21:36:00",
  "value" : "10"
},{
  "dateTime" : "04/28/18 21:37:00",
  "value" : "10"
},{
  "dateTime" : "04/28/18 21:38:00",
  "value" : "10"
},{
  "dateTime" : "04/28/18 21:39:00",
  "value" : "10"
},{
  "dateTime" : "04/28/18 21:44:00",
  "value" : "10"
},{
  "dateTime" : "04/28/18 21:45:00",
  "value" : "30"
},{
  "dateTime" : "04/28/18 21:46:00",
  "value" : "40"
},{
  "dateTime" : "04/28/18 21:47:00",
  "value" : "10"
},{
  "dateTime" : "04/28/18 21:50:00",
  "value" : "10"
},{
  "dateTime" : "04/28/18 23:16:00",
  "value" : "10"
},{
  "dateTime" : "04/28/18 23:22:00",
  "value" : "10"
},{
  "dateTime" : "04/28/18 23:28:00",
  "value" : "10"
},{
  "dateTime" : "04/28/18 23:29:00",
  "value" : "30"
},{
  "dateTime" : "04/28/18 23:30:00",
  "value" : "10"
},{
  "dateTime" : "04/28/18 23:48:00",
  "value" : "10"
},{
  "dateTime" : "04/28/18 23:49:00",
  "value" : "10"
},{
  "dateTime" : "04/29/18 00:41:00",
  "value" : "10"
},{
  "dateTime" : "04/29/18 00:42:00",
  "value" : "10"
},{
  "dateTime" : "04/29/18 09:47:00",
  "value" : "10"
},{
  "dateTime" : "04/29/18 09:48:00",
  "value" : "10"
},{
  "dateTime" : "04/29/18 10:16:00",
  "value" : "20"
},{
  "dateTime" : "04/29/18 13:35:00",
  "value" : "10"
},{
  "dateTime" : "04/29/18 13:36:00",
  "value" : "10"
},{
  "dateTime" : "04/29/18 15:06:00",
  "value" : "10"
},{
  "dateTime" : "04/29/18 16:33:00",
  "value" : "10"
},{
  "dateTime" : "04/29/18 17:01:00",
  "value" : "10"
},{
  "dateTime" : "04/29/18 17:02:00",
  "value" : "10"
},{
  "dateTime" : "04/29/18 17:03:00",
  "value" : "20"
},{
  "dateTime" : "04/29/18 17:12:00",
  "value" : "10"
},{
  "dateTime" : "04/29/18 17:13:00",
  "value" : "10"
},{
  "dateTime" : "04/29/18 17:14:00",
  "value" : "10"
},{
  "dateTime" : "04/29/18 17:15:00",
  "value" : "10"
},{
  "dateTime" : "04/29/18 17:16:00",
  "value" : "10"
},{
  "dateTime" : "04/29/18 17:25:00",
  "value" : "10"
},{
  "dateTime" : "04/29/18 17:26:00",
  "value" : "30"
},{
  "dateTime" : "04/29/18 17:28:00",
  "value" : "10"
},{
  "dateTime" : "04/29/18 17:32:00",
  "value" : "10"
},{
  "dateTime" : "04/29/18 17:33:00",
  "value" : "10"
},{
  "dateTime" : "04/29/18 17:35:00",
  "value" : "10"
},{
  "dateTime" : "04/29/18 17:36:00",
  "value" : "10"
},{
  "dateTime" : "04/29/18 17:37:00",
  "value" : "10"
},{
  "dateTime" : "04/29/18 17:45:00",
  "value" : "10"
},{
  "dateTime" : "04/29/18 17:47:00",
  "value" : "10"
},{
  "dateTime" : "04/29/18 17:48:00",
  "value" : "10"
},{
  "dateTime" : "04/29/18 17:50:00",
  "value" : "10"
},{
  "dateTime" : "04/29/18 18:04:00",
  "value" : "10"
},{
  "dateTime" : "04/29/18 18:06:00",
  "value" : "10"
},{
  "dateTime" : "04/29/18 18:07:00",
  "value" : "10"
},{
  "dateTime" : "04/29/18 18:08:00",
  "value" : "10"
},{
  "dateTime" : "04/29/18 18:10:00",
  "value" : "10"
},{
  "dateTime" : "04/29/18 18:11:00",
  "value" : "10"
},{
  "dateTime" : "04/29/18 18:12:00",
  "value" : "10"
},{
  "dateTime" : "04/29/18 18:14:00",
  "value" : "10"
},{
  "dateTime" : "04/29/18 18:24:00",
  "value" : "10"
},{
  "dateTime" : "04/29/18 18:26:00",
  "value" : "10"
},{
  "dateTime" : "04/29/18 18:30:00",
  "value" : "10"
},{
  "dateTime" : "04/29/18 18:31:00",
  "value" : "10"
},{
  "dateTime" : "04/29/18 18:32:00",
  "value" : "10"
},{
  "dateTime" : "04/29/18 18:34:00",
  "value" : "10"
},{
  "dateTime" : "04/29/18 18:35:00",
  "value" : "10"
},{
  "dateTime" : "04/29/18 18:36:00",
  "value" : "10"
},{
  "dateTime" : "04/29/18 18:37:00",
  "value" : "10"
},{
  "dateTime" : "04/29/18 18:45:00",
  "value" : "10"
},{
  "dateTime" : "04/29/18 18:48:00",
  "value" : "10"
},{
  "dateTime" : "04/29/18 18:52:00",
  "value" : "10"
},{
  "dateTime" : "04/29/18 19:37:00",
  "value" : "10"
},{
  "dateTime" : "04/29/18 19:38:00",
  "value" : "20"
},{
  "dateTime" : "04/29/18 19:39:00",
  "value" : "10"
},{
  "dateTime" : "04/29/18 19:40:00",
  "value" : "20"
},{
  "dateTime" : "04/29/18 19:41:00",
  "value" : "20"
},{
  "dateTime" : "04/29/18 19:42:00",
  "value" : "10"
},{
  "dateTime" : "04/29/18 19:43:00",
  "value" : "10"
},{
  "dateTime" : "04/29/18 19:44:00",
  "value" : "10"
},{
  "dateTime" : "04/29/18 22:37:00",
  "value" : "20"
},{
  "dateTime" : "04/30/18 00:11:00",
  "value" : "10"
},{
  "dateTime" : "04/30/18 08:57:00",
  "value" : "10"
},{
  "dateTime" : "04/30/18 09:24:00",
  "value" : "10"
},{
  "dateTime" : "04/30/18 10:55:00",
  "value" : "10"
},{
  "dateTime" : "04/30/18 10:57:00",
  "value" : "10"
},{
  "dateTime" : "04/30/18 11:07:00",
  "value" : "10"
},{
  "dateTime" : "04/30/18 13:13:00",
  "value" : "10"
},{
  "dateTime" : "04/30/18 13:14:00",
  "value" : "20"
},{
  "dateTime" : "04/30/18 13:17:00",
  "value" : "10"
},{
  "dateTime" : "04/30/18 13:18:00",
  "value" : "10"
},{
  "dateTime" : "04/30/18 13:19:00",
  "value" : "10"
},{
  "dateTime" : "04/30/18 13:20:00",
  "value" : "10"
},{
  "dateTime" : "04/30/18 13:23:00",
  "value" : "10"
},{
  "dateTime" : "04/30/18 16:29:00",
  "value" : "20"
},{
  "dateTime" : "04/30/18 16:30:00",
  "value" : "10"
},{
  "dateTime" : "04/30/18 16:31:00",
  "value" : "10"
},{
  "dateTime" : "04/30/18 18:21:00",
  "value" : "10"
},{
  "dateTime" : "04/30/18 18:22:00",
  "value" : "10"
},{
  "dateTime" : "04/30/18 19:49:00",
  "value" : "10"
},{
  "dateTime" : "04/30/18 19:59:00",
  "value" : "10"
},{
  "dateTime" : "04/30/18 20:00:00",
  "value" : "10"
},{
  "dateTime" : "04/30/18 20:01:00",
  "value" : "20"
},{
  "dateTime" : "04/30/18 20:02:00",
  "value" : "10"
},{
  "dateTime" : "04/30/18 20:03:00",
  "value" : "10"
},{
  "dateTime" : "04/30/18 20:11:00",
  "value" : "20"
},{
  "dateTime" : "04/30/18 20:12:00",
  "value" : "20"
},{
  "dateTime" : "04/30/18 20:18:00",
  "value" : "10"
},{
  "dateTime" : "04/30/18 20:19:00",
  "value" : "10"
},{
  "dateTime" : "04/30/18 20:20:00",
  "value" : "10"
},{
  "dateTime" : "04/30/18 20:28:00",
  "value" : "20"
},{
  "dateTime" : "04/30/18 20:33:00",
  "value" : "10"
},{
  "dateTime" : "04/30/18 20:34:00",
  "value" : "20"
},{
  "dateTime" : "04/30/18 20:35:00",
  "value" : "20"
},{
  "dateTime" : "04/30/18 20:40:00",
  "value" : "10"
},{
  "dateTime" : "04/30/18 20:41:00",
  "value" : "10"
},{
  "dateTime" : "04/30/18 20:42:00",
  "value" : "10"
},{
  "dateTime" : "04/30/18 20:45:00",
  "value" : "20"
},{
  "dateTime" : "04/30/18 20:46:00",
  "value" : "10"
},{
  "dateTime" : "04/30/18 20:47:00",
  "value" : "20"
},{
  "dateTime" : "04/30/18 20:48:00",
  "value" : "10"
},{
  "dateTime" : "04/30/18 20:49:00",
  "value" : "10"
},{
  "dateTime" : "04/30/18 20:52:00",
  "value" : "10"
},{
  "dateTime" : "04/30/18 20:55:00",
  "value" : "10"
},{
  "dateTime" : "05/01/18 00:11:00",
  "value" : "10"
},{
  "dateTime" : "05/01/18 09:16:00",
  "value" : "10"
},{
  "dateTime" : "05/01/18 10:19:00",
  "value" : "10"
},{
  "dateTime" : "05/01/18 11:34:00",
  "value" : "10"
},{
  "dateTime" : "05/01/18 12:43:00",
  "value" : "10"
},{
  "dateTime" : "05/01/18 13:00:00",
  "value" : "20"
},{
  "dateTime" : "05/01/18 13:01:00",
  "value" : "10"
},{
  "dateTime" : "05/01/18 13:02:00",
  "value" : "10"
},{
  "dateTime" : "05/01/18 13:39:00",
  "value" : "10"
},{
  "dateTime" : "05/01/18 13:45:00",
  "value" : "10"
},{
  "dateTime" : "05/01/18 13:47:00",
  "value" : "10"
},{
  "dateTime" : "05/01/18 13:50:00",
  "value" : "10"
},{
  "dateTime" : "05/01/18 13:52:00",
  "value" : "10"
},{
  "dateTime" : "05/01/18 13:53:00",
  "value" : "10"
},{
  "dateTime" : "05/01/18 13:56:00",
  "value" : "10"
},{
  "dateTime" : "05/01/18 13:58:00",
  "value" : "10"
},{
  "dateTime" : "05/01/18 14:00:00",
  "value" : "10"
},{
  "dateTime" : "05/01/18 14:03:00",
  "value" : "10"
},{
  "dateTime" : "05/01/18 14:05:00",
  "value" : "10"
},{
  "dateTime" : "05/01/18 14:10:00",
  "value" : "10"
},{
  "dateTime" : "05/01/18 14:11:00",
  "value" : "10"
},{
  "dateTime" : "05/01/18 14:12:00",
  "value" : "20"
},{
  "dateTime" : "05/01/18 14:13:00",
  "value" : "20"
},{
  "dateTime" : "05/01/18 14:15:00",
  "value" : "20"
},{
  "dateTime" : "05/01/18 16:39:00",
  "value" : "10"
},{
  "dateTime" : "05/01/18 17:53:00",
  "value" : "10"
},{
  "dateTime" : "05/01/18 18:19:00",
  "value" : "10"
},{
  "dateTime" : "05/01/18 18:21:00",
  "value" : "10"
},{
  "dateTime" : "05/01/18 18:23:00",
  "value" : "10"
},{
  "dateTime" : "05/01/18 18:24:00",
  "value" : "10"
},{
  "dateTime" : "05/01/18 18:27:00",
  "value" : "10"
},{
  "dateTime" : "05/01/18 18:28:00",
  "value" : "10"
},{
  "dateTime" : "05/01/18 18:33:00",
  "value" : "10"
},{
  "dateTime" : "05/01/18 18:35:00",
  "value" : "10"
},{
  "dateTime" : "05/01/18 18:36:00",
  "value" : "10"
},{
  "dateTime" : "05/01/18 18:38:00",
  "value" : "10"
},{
  "dateTime" : "05/01/18 18:39:00",
  "value" : "10"
},{
  "dateTime" : "05/01/18 18:40:00",
  "value" : "30"
},{
  "dateTime" : "05/01/18 18:41:00",
  "value" : "10"
},{
  "dateTime" : "05/01/18 18:43:00",
  "value" : "20"
},{
  "dateTime" : "05/01/18 18:54:00",
  "value" : "10"
},{
  "dateTime" : "05/01/18 19:24:00",
  "value" : "10"
},{
  "dateTime" : "05/01/18 19:26:00",
  "value" : "10"
},{
  "dateTime" : "05/01/18 19:27:00",
  "value" : "10"
},{
  "dateTime" : "05/01/18 19:29:00",
  "value" : "10"
},{
  "dateTime" : "05/01/18 19:35:00",
  "value" : "10"
},{
  "dateTime" : "05/01/18 19:36:00",
  "value" : "10"
},{
  "dateTime" : "05/01/18 21:41:00",
  "value" : "10"
},{
  "dateTime" : "05/01/18 21:42:00",
  "value" : "10"
},{
  "dateTime" : "05/01/18 21:48:00",
  "value" : "10"
},{
  "dateTime" : "05/01/18 22:40:00",
  "value" : "10"
},{
  "dateTime" : "05/01/18 22:42:00",
  "value" : "10"
},{
  "dateTime" : "05/01/18 22:46:00",
  "value" : "10"
},{
  "dateTime" : "05/01/18 22:48:00",
  "value" : "10"
},{
  "dateTime" : "05/01/18 22:49:00",
  "value" : "10"
},{
  "dateTime" : "05/01/18 22:51:00",
  "value" : "20"
},{
  "dateTime" : "05/01/18 22:52:00",
  "value" : "10"
},{
  "dateTime" : "05/01/18 22:53:00",
  "value" : "20"
},{
  "dateTime" : "05/01/18 22:58:00",
  "value" : "20"
},{
  "dateTime" : "05/01/18 23:03:00",
  "value" : "10"
},{
  "dateTime" : "05/02/18 08:53:00",
  "value" : "10"
},{
  "dateTime" : "05/02/18 10:30:00",
  "value" : "10"
},{
  "dateTime" : "05/02/18 10:57:00",
  "value" : "10"
},{
  "dateTime" : "05/02/18 11:00:00",
  "value" : "10"
},{
  "dateTime" : "05/02/18 11:02:00",
  "value" : "10"
},{
  "dateTime" : "05/02/18 12:32:00",
  "value" : "10"
},{
  "dateTime" : "05/02/18 12:33:00",
  "value" : "10"
},{
  "dateTime" : "05/02/18 12:34:00",
  "value" : "10"
},{
  "dateTime" : "05/02/18 12:35:00",
  "value" : "10"
},{
  "dateTime" : "05/02/18 12:41:00",
  "value" : "10"
},{
  "dateTime" : "05/02/18 12:42:00",
  "value" : "10"
},{
  "dateTime" : "05/02/18 12:43:00",
  "value" : "20"
},{
  "dateTime" : "05/02/18 12:52:00",
  "value" : "10"
},{
  "dateTime" : "05/02/18 12:56:00",
  "value" : "10"
},{
  "dateTime" : "05/02/18 13:31:00",
  "value" : "10"
},{
  "dateTime" : "05/02/18 15:19:00",
  "value" : "10"
},{
  "dateTime" : "05/02/18 15:21:00",
  "value" : "10"
},{
  "dateTime" : "05/02/18 15:22:00",
  "value" : "10"
},{
  "dateTime" : "05/02/18 15:24:00",
  "value" : "10"
},{
  "dateTime" : "05/02/18 15:25:00",
  "value" : "10"
},{
  "dateTime" : "05/02/18 15:30:00",
  "value" : "10"
},{
  "dateTime" : "05/02/18 15:31:00",
  "value" : "10"
},{
  "dateTime" : "05/02/18 16:10:00",
  "value" : "10"
},{
  "dateTime" : "05/02/18 16:11:00",
  "value" : "10"
},{
  "dateTime" : "05/02/18 16:18:00",
  "value" : "10"
},{
  "dateTime" : "05/02/18 16:26:00",
  "value" : "10"
},{
  "dateTime" : "05/02/18 16:28:00",
  "value" : "10"
},{
  "dateTime" : "05/02/18 16:30:00",
  "value" : "10"
},{
  "dateTime" : "05/02/18 16:41:00",
  "value" : "20"
},{
  "dateTime" : "05/02/18 18:34:00",
  "value" : "10"
},{
  "dateTime" : "05/02/18 23:08:00",
  "value" : "20"
},{
  "dateTime" : "05/03/18 08:29:00",
  "value" : "10"
},{
  "dateTime" : "05/03/18 08:31:00",
  "value" : "10"
},{
  "dateTime" : "05/03/18 08:32:00",
  "value" : "10"
},{
  "dateTime" : "05/03/18 08:38:00",
  "value" : "10"
},{
  "dateTime" : "05/03/18 09:16:00",
  "value" : "10"
},{
  "dateTime" : "05/03/18 09:30:00",
  "value" : "10"
},{
  "dateTime" : "05/03/18 12:08:00",
  "value" : "20"
},{
  "dateTime" : "05/03/18 12:09:00",
  "value" : "20"
},{
  "dateTime" : "05/03/18 13:02:00",
  "value" : "10"
},{
  "dateTime" : "05/03/18 15:21:00",
  "value" : "10"
},{
  "dateTime" : "05/03/18 15:22:00",
  "value" : "20"
},{
  "dateTime" : "05/03/18 15:26:00",
  "value" : "10"
},{
  "dateTime" : "05/03/18 15:27:00",
  "value" : "10"
},{
  "dateTime" : "05/03/18 15:28:00",
  "value" : "20"
},{
  "dateTime" : "05/03/18 15:30:00",
  "value" : "10"
},{
  "dateTime" : "05/03/18 15:31:00",
  "value" : "20"
},{
  "dateTime" : "05/03/18 16:24:00",
  "value" : "10"
},{
  "dateTime" : "05/03/18 16:54:00",
  "value" : "10"
},{
  "dateTime" : "05/03/18 16:55:00",
  "value" : "10"
},{
  "dateTime" : "05/03/18 16:58:00",
  "value" : "10"
},{
  "dateTime" : "05/03/18 17:00:00",
  "value" : "10"
},{
  "dateTime" : "05/03/18 17:03:00",
  "value" : "10"
},{
  "dateTime" : "05/03/18 17:04:00",
  "value" : "10"
},{
  "dateTime" : "05/03/18 17:06:00",
  "value" : "10"
},{
  "dateTime" : "05/03/18 17:08:00",
  "value" : "10"
},{
  "dateTime" : "05/03/18 17:10:00",
  "value" : "10"
},{
  "dateTime" : "05/03/18 17:14:00",
  "value" : "10"
},{
  "dateTime" : "05/03/18 17:16:00",
  "value" : "10"
},{
  "dateTime" : "05/03/18 17:18:00",
  "value" : "10"
},{
  "dateTime" : "05/03/18 17:20:00",
  "value" : "10"
},{
  "dateTime" : "05/03/18 17:23:00",
  "value" : "20"
},{
  "dateTime" : "05/03/18 17:24:00",
  "value" : "10"
},{
  "dateTime" : "05/03/18 17:25:00",
  "value" : "10"
},{
  "dateTime" : "05/03/18 17:28:00",
  "value" : "10"
},{
  "dateTime" : "05/03/18 17:31:00",
  "value" : "10"
},{
  "dateTime" : "05/03/18 17:32:00",
  "value" : "10"
},{
  "dateTime" : "05/03/18 18:28:00",
  "value" : "10"
},{
  "dateTime" : "05/03/18 20:06:00",
  "value" : "10"
},{
  "dateTime" : "05/03/18 20:46:00",
  "value" : "10"
},{
  "dateTime" : "05/03/18 23:48:00",
  "value" : "10"
},{
  "dateTime" : "05/04/18 07:36:00",
  "value" : "10"
},{
  "dateTime" : "05/04/18 08:43:00",
  "value" : "10"
},{
  "dateTime" : "05/04/18 08:44:00",
  "value" : "10"
},{
  "dateTime" : "05/04/18 09:13:00",
  "value" : "10"
},{
  "dateTime" : "05/04/18 09:17:00",
  "value" : "10"
},{
  "dateTime" : "05/04/18 09:19:00",
  "value" : "20"
},{
  "dateTime" : "05/04/18 09:22:00",
  "value" : "20"
},{
  "dateTime" : "05/04/18 11:08:00",
  "value" : "10"
},{
  "dateTime" : "05/04/18 12:56:00",
  "value" : "10"
},{
  "dateTime" : "05/04/18 12:57:00",
  "value" : "10"
},{
  "dateTime" : "05/04/18 12:58:00",
  "value" : "10"
},{
  "dateTime" : "05/04/18 12:59:00",
  "value" : "10"
},{
  "dateTime" : "05/04/18 13:07:00",
  "value" : "20"
},{
  "dateTime" : "05/04/18 13:08:00",
  "value" : "10"
},{
  "dateTime" : "05/04/18 13:09:00",
  "value" : "10"
},{
  "dateTime" : "05/04/18 13:10:00",
  "value" : "10"
},{
  "dateTime" : "05/04/18 13:37:00",
  "value" : "10"
},{
  "dateTime" : "05/04/18 16:05:00",
  "value" : "10"
},{
  "dateTime" : "05/04/18 16:20:00",
  "value" : "10"
},{
  "dateTime" : "05/04/18 16:21:00",
  "value" : "20"
},{
  "dateTime" : "05/04/18 16:23:00",
  "value" : "10"
},{
  "dateTime" : "05/04/18 16:24:00",
  "value" : "10"
},{
  "dateTime" : "05/04/18 16:25:00",
  "value" : "20"
},{
  "dateTime" : "05/04/18 16:26:00",
  "value" : "10"
},{
  "dateTime" : "05/04/18 16:27:00",
  "value" : "20"
},{
  "dateTime" : "05/04/18 17:20:00",
  "value" : "10"
},{
  "dateTime" : "05/04/18 17:21:00",
  "value" : "10"
},{
  "dateTime" : "05/04/18 17:22:00",
  "value" : "10"
},{
  "dateTime" : "05/04/18 17:27:00",
  "value" : "10"
},{
  "dateTime" : "05/04/18 17:28:00",
  "value" : "20"
},{
  "dateTime" : "05/04/18 17:30:00",
  "value" : "20"
},{
  "dateTime" : "05/04/18 19:12:00",
  "value" : "10"
},{
  "dateTime" : "05/04/18 19:13:00",
  "value" : "10"
},{
  "dateTime" : "05/04/18 19:19:00",
  "value" : "10"
},{
  "dateTime" : "05/04/18 19:27:00",
  "value" : "10"
},{
  "dateTime" : "05/04/18 19:28:00",
  "value" : "20"
},{
  "dateTime" : "05/04/18 19:29:00",
  "value" : "10"
},{
  "dateTime" : "05/04/18 19:30:00",
  "value" : "10"
},{
  "dateTime" : "05/04/18 19:41:00",
  "value" : "20"
},{
  "dateTime" : "05/04/18 19:42:00",
  "value" : "20"
},{
  "dateTime" : "05/04/18 19:43:00",
  "value" : "20"
},{
  "dateTime" : "05/04/18 19:44:00",
  "value" : "10"
},{
  "dateTime" : "05/04/18 19:56:00",
  "value" : "30"
},{
  "dateTime" : "05/04/18 20:04:00",
  "value" : "10"
},{
  "dateTime" : "05/04/18 20:17:00",
  "value" : "10"
},{
  "dateTime" : "05/04/18 20:18:00",
  "value" : "10"
},{
  "dateTime" : "05/04/18 20:19:00",
  "value" : "10"
},{
  "dateTime" : "05/04/18 20:20:00",
  "value" : "10"
},{
  "dateTime" : "05/04/18 20:25:00",
  "value" : "20"
},{
  "dateTime" : "05/04/18 23:23:00",
  "value" : "10"
},{
  "dateTime" : "05/05/18 10:12:00",
  "value" : "10"
},{
  "dateTime" : "05/05/18 10:25:00",
  "value" : "10"
},{
  "dateTime" : "05/05/18 10:27:00",
  "value" : "10"
},{
  "dateTime" : "05/05/18 10:28:00",
  "value" : "10"
},{
  "dateTime" : "05/05/18 10:29:00",
  "value" : "10"
},{
  "dateTime" : "05/05/18 10:30:00",
  "value" : "10"
},{
  "dateTime" : "05/05/18 10:32:00",
  "value" : "10"
},{
  "dateTime" : "05/05/18 10:33:00",
  "value" : "10"
},{
  "dateTime" : "05/05/18 10:34:00",
  "value" : "10"
},{
  "dateTime" : "05/05/18 10:35:00",
  "value" : "30"
},{
  "dateTime" : "05/05/18 10:37:00",
  "value" : "20"
},{
  "dateTime" : "05/05/18 10:38:00",
  "value" : "10"
},{
  "dateTime" : "05/05/18 10:39:00",
  "value" : "20"
},{
  "dateTime" : "05/05/18 11:03:00",
  "value" : "10"
},{
  "dateTime" : "05/05/18 11:05:00",
  "value" : "10"
},{
  "dateTime" : "05/05/18 11:06:00",
  "value" : "10"
},{
  "dateTime" : "05/05/18 11:07:00",
  "value" : "10"
},{
  "dateTime" : "05/05/18 11:13:00",
  "value" : "10"
},{
  "dateTime" : "05/05/18 11:14:00",
  "value" : "10"
},{
  "dateTime" : "05/05/18 12:38:00",
  "value" : "20"
},{
  "dateTime" : "05/05/18 14:14:00",
  "value" : "20"
},{
  "dateTime" : "05/05/18 16:55:00",
  "value" : "10"
},{
  "dateTime" : "05/05/18 16:56:00",
  "value" : "10"
},{
  "dateTime" : "05/05/18 16:57:00",
  "value" : "10"
},{
  "dateTime" : "05/05/18 17:01:00",
  "value" : "10"
},{
  "dateTime" : "05/05/18 17:02:00",
  "value" : "10"
},{
  "dateTime" : "05/05/18 17:03:00",
  "value" : "10"
},{
  "dateTime" : "05/05/18 17:04:00",
  "value" : "10"
},{
  "dateTime" : "05/05/18 18:07:00",
  "value" : "20"
},{
  "dateTime" : "05/05/18 18:34:00",
  "value" : "10"
},{
  "dateTime" : "05/05/18 18:36:00",
  "value" : "10"
},{
  "dateTime" : "05/05/18 18:37:00",
  "value" : "10"
},{
  "dateTime" : "05/05/18 18:38:00",
  "value" : "20"
},{
  "dateTime" : "05/05/18 18:39:00",
  "value" : "10"
},{
  "dateTime" : "05/05/18 18:40:00",
  "value" : "10"
},{
  "dateTime" : "05/05/18 18:44:00",
  "value" : "10"
},{
  "dateTime" : "05/05/18 18:45:00",
  "value" : "10"
},{
  "dateTime" : "05/05/18 18:46:00",
  "value" : "10"
},{
  "dateTime" : "05/05/18 18:55:00",
  "value" : "10"
},{
  "dateTime" : "05/05/18 18:56:00",
  "value" : "10"
},{
  "dateTime" : "05/05/18 19:12:00",
  "value" : "10"
},{
  "dateTime" : "05/05/18 21:58:00",
  "value" : "10"
},{
  "dateTime" : "05/05/18 23:06:00",
  "value" : "20"
},{
  "dateTime" : "05/05/18 23:07:00",
  "value" : "10"
},{
  "dateTime" : "05/05/18 23:14:00",
  "value" : "20"
},{
  "dateTime" : "05/05/18 23:15:00",
  "value" : "10"
},{
  "dateTime" : "05/05/18 23:16:00",
  "value" : "10"
},{
  "dateTime" : "05/05/18 23:19:00",
  "value" : "10"
},{
  "dateTime" : "05/05/18 23:25:00",
  "value" : "10"
},{
  "dateTime" : "05/06/18 09:30:00",
  "value" : "20"
},{
  "dateTime" : "05/06/18 09:46:00",
  "value" : "10"
},{
  "dateTime" : "05/06/18 09:52:00",
  "value" : "20"
},{
  "dateTime" : "05/06/18 09:53:00",
  "value" : "20"
},{
  "dateTime" : "05/06/18 09:54:00",
  "value" : "10"
},{
  "dateTime" : "05/06/18 09:55:00",
  "value" : "10"
},{
  "dateTime" : "05/06/18 09:59:00",
  "value" : "10"
},{
  "dateTime" : "05/06/18 10:01:00",
  "value" : "10"
},{
  "dateTime" : "05/06/18 10:03:00",
  "value" : "10"
},{
  "dateTime" : "05/06/18 10:10:00",
  "value" : "10"
},{
  "dateTime" : "05/06/18 10:11:00",
  "value" : "10"
},{
  "dateTime" : "05/06/18 10:12:00",
  "value" : "10"
},{
  "dateTime" : "05/06/18 10:13:00",
  "value" : "10"
},{
  "dateTime" : "05/06/18 10:14:00",
  "value" : "10"
},{
  "dateTime" : "05/06/18 10:28:00",
  "value" : "10"
},{
  "dateTime" : "05/06/18 12:47:00",
  "value" : "10"
},{
  "dateTime" : "05/06/18 13:19:00",
  "value" : "10"
},{
  "dateTime" : "05/06/18 13:20:00",
  "value" : "10"
},{
  "dateTime" : "05/06/18 13:21:00",
  "value" : "10"
},{
  "dateTime" : "05/06/18 13:28:00",
  "value" : "10"
},{
  "dateTime" : "05/06/18 16:42:00",
  "value" : "10"
},{
  "dateTime" : "05/06/18 16:43:00",
  "value" : "10"
},{
  "dateTime" : "05/06/18 16:44:00",
  "value" : "10"
},{
  "dateTime" : "05/06/18 18:06:00",
  "value" : "20"
},{
  "dateTime" : "05/06/18 18:12:00",
  "value" : "10"
},{
  "dateTime" : "05/06/18 18:13:00",
  "value" : "10"
},{
  "dateTime" : "05/06/18 18:15:00",
  "value" : "10"
},{
  "dateTime" : "05/06/18 18:29:00",
  "value" : "30"
},{
  "dateTime" : "05/06/18 19:11:00",
  "value" : "10"
},{
  "dateTime" : "05/06/18 19:15:00",
  "value" : "10"
},{
  "dateTime" : "05/06/18 19:17:00",
  "value" : "10"
},{
  "dateTime" : "05/06/18 19:30:00",
  "value" : "10"
},{
  "dateTime" : "05/06/18 19:47:00",
  "value" : "10"
},{
  "dateTime" : "05/06/18 19:51:00",
  "value" : "10"
},{
  "dateTime" : "05/06/18 20:15:00",
  "value" : "10"
},{
  "dateTime" : "05/06/18 22:54:00",
  "value" : "10"
},{
  "dateTime" : "05/07/18 09:27:00",
  "value" : "20"
},{
  "dateTime" : "05/07/18 09:47:00",
  "value" : "10"
},{
  "dateTime" : "05/07/18 09:48:00",
  "value" : "10"
},{
  "dateTime" : "05/07/18 09:54:00",
  "value" : "10"
},{
  "dateTime" : "05/07/18 11:27:00",
  "value" : "10"
},{
  "dateTime" : "05/07/18 11:28:00",
  "value" : "10"
},{
  "dateTime" : "05/07/18 11:29:00",
  "value" : "10"
},{
  "dateTime" : "05/07/18 11:33:00",
  "value" : "20"
},{
  "dateTime" : "05/07/18 11:34:00",
  "value" : "10"
},{
  "dateTime" : "05/07/18 11:35:00",
  "value" : "10"
},{
  "dateTime" : "05/07/18 11:36:00",
  "value" : "10"
},{
  "dateTime" : "05/07/18 11:37:00",
  "value" : "10"
},{
  "dateTime" : "05/07/18 11:38:00",
  "value" : "10"
},{
  "dateTime" : "05/07/18 11:44:00",
  "value" : "10"
},{
  "dateTime" : "05/07/18 11:59:00",
  "value" : "10"
},{
  "dateTime" : "05/07/18 12:01:00",
  "value" : "10"
},{
  "dateTime" : "05/07/18 12:02:00",
  "value" : "10"
},{
  "dateTime" : "05/07/18 12:03:00",
  "value" : "10"
},{
  "dateTime" : "05/07/18 12:05:00",
  "value" : "10"
},{
  "dateTime" : "05/07/18 12:07:00",
  "value" : "10"
},{
  "dateTime" : "05/07/18 12:08:00",
  "value" : "10"
},{
  "dateTime" : "05/07/18 12:09:00",
  "value" : "30"
},{
  "dateTime" : "05/07/18 12:10:00",
  "value" : "10"
},{
  "dateTime" : "05/07/18 12:11:00",
  "value" : "10"
},{
  "dateTime" : "05/07/18 12:12:00",
  "value" : "10"
},{
  "dateTime" : "05/07/18 12:13:00",
  "value" : "10"
},{
  "dateTime" : "05/07/18 12:39:00",
  "value" : "20"
},{
  "dateTime" : "05/07/18 13:46:00",
  "value" : "10"
},{
  "dateTime" : "05/07/18 16:18:00",
  "value" : "10"
},{
  "dateTime" : "05/07/18 16:19:00",
  "value" : "10"
},{
  "dateTime" : "05/07/18 17:44:00",
  "value" : "10"
},{
  "dateTime" : "05/07/18 17:45:00",
  "value" : "20"
},{
  "dateTime" : "05/07/18 17:46:00",
  "value" : "10"
},{
  "dateTime" : "05/07/18 17:47:00",
  "value" : "10"
},{
  "dateTime" : "05/07/18 17:48:00",
  "value" : "30"
},{
  "dateTime" : "05/07/18 17:53:00",
  "value" : "10"
},{
  "dateTime" : "05/07/18 18:13:00",
  "value" : "10"
},{
  "dateTime" : "05/07/18 18:14:00",
  "value" : "10"
},{
  "dateTime" : "05/07/18 18:20:00",
  "value" : "10"
},{
  "dateTime" : "05/07/18 18:51:00",
  "value" : "10"
},{
  "dateTime" : "05/07/18 18:53:00",
  "value" : "10"
},{
  "dateTime" : "05/07/18 21:55:00",
  "value" : "10"
},{
  "dateTime" : "05/07/18 21:56:00",
  "value" : "10"
},{
  "dateTime" : "05/07/18 21:58:00",
  "value" : "10"
},{
  "dateTime" : "05/07/18 21:59:00",
  "value" : "10"
},{
  "dateTime" : "05/07/18 22:07:00",
  "value" : "10"
},{
  "dateTime" : "05/07/18 22:08:00",
  "value" : "10"
},{
  "dateTime" : "05/07/18 22:09:00",
  "value" : "20"
},{
  "dateTime" : "05/07/18 22:11:00",
  "value" : "10"
},{
  "dateTime" : "05/07/18 22:18:00",
  "value" : "10"
},{
  "dateTime" : "05/07/18 22:19:00",
  "value" : "10"
},{
  "dateTime" : "05/08/18 08:48:00",
  "value" : "10"
},{
  "dateTime" : "05/08/18 08:53:00",
  "value" : "20"
},{
  "dateTime" : "05/08/18 08:54:00",
  "value" : "10"
},{
  "dateTime" : "05/08/18 08:55:00",
  "value" : "20"
},{
  "dateTime" : "05/08/18 08:56:00",
  "value" : "10"
},{
  "dateTime" : "05/08/18 09:21:00",
  "value" : "10"
},{
  "dateTime" : "05/08/18 09:35:00",
  "value" : "10"
},{
  "dateTime" : "05/08/18 09:37:00",
  "value" : "20"
},{
  "dateTime" : "05/08/18 11:26:00",
  "value" : "20"
},{
  "dateTime" : "05/08/18 11:34:00",
  "value" : "10"
},{
  "dateTime" : "05/08/18 15:12:00",
  "value" : "10"
},{
  "dateTime" : "05/08/18 15:13:00",
  "value" : "10"
},{
  "dateTime" : "05/08/18 15:14:00",
  "value" : "10"
},{
  "dateTime" : "05/08/18 15:16:00",
  "value" : "20"
},{
  "dateTime" : "05/08/18 15:17:00",
  "value" : "10"
},{
  "dateTime" : "05/08/18 15:18:00",
  "value" : "10"
},{
  "dateTime" : "05/08/18 15:39:00",
  "value" : "20"
},{
  "dateTime" : "05/08/18 17:27:00",
  "value" : "10"
},{
  "dateTime" : "05/08/18 17:28:00",
  "value" : "10"
},{
  "dateTime" : "05/08/18 18:42:00",
  "value" : "20"
},{
  "dateTime" : "05/08/18 19:07:00",
  "value" : "10"
},{
  "dateTime" : "05/08/18 19:09:00",
  "value" : "10"
},{
  "dateTime" : "05/08/18 19:11:00",
  "value" : "10"
},{
  "dateTime" : "05/08/18 19:12:00",
  "value" : "10"
},{
  "dateTime" : "05/08/18 19:13:00",
  "value" : "10"
},{
  "dateTime" : "05/08/18 19:14:00",
  "value" : "10"
},{
  "dateTime" : "05/08/18 19:16:00",
  "value" : "10"
},{
  "dateTime" : "05/08/18 19:18:00",
  "value" : "10"
},{
  "dateTime" : "05/08/18 19:20:00",
  "value" : "10"
},{
  "dateTime" : "05/08/18 19:21:00",
  "value" : "10"
},{
  "dateTime" : "05/08/18 19:23:00",
  "value" : "10"
},{
  "dateTime" : "05/08/18 19:32:00",
  "value" : "10"
},{
  "dateTime" : "05/08/18 19:35:00",
  "value" : "10"
},{
  "dateTime" : "05/08/18 19:37:00",
  "value" : "10"
},{
  "dateTime" : "05/08/18 19:38:00",
  "value" : "30"
},{
  "dateTime" : "05/08/18 19:39:00",
  "value" : "30"
},{
  "dateTime" : "05/08/18 19:40:00",
  "value" : "50"
},{
  "dateTime" : "05/08/18 20:06:00",
  "value" : "10"
},{
  "dateTime" : "05/08/18 20:08:00",
  "value" : "10"
},{
  "dateTime" : "05/08/18 20:14:00",
  "value" : "10"
},{
  "dateTime" : "05/08/18 20:27:00",
  "value" : "10"
},{
  "dateTime" : "05/08/18 20:33:00",
  "value" : "10"
},{
  "dateTime" : "05/08/18 20:34:00",
  "value" : "10"
},{
  "dateTime" : "05/08/18 20:35:00",
  "value" : "10"
},{
  "dateTime" : "05/08/18 20:36:00",
  "value" : "20"
},{
  "dateTime" : "05/08/18 20:37:00",
  "value" : "10"
},{
  "dateTime" : "05/08/18 20:48:00",
  "value" : "10"
},{
  "dateTime" : "05/08/18 20:49:00",
  "value" : "10"
},{
  "dateTime" : "05/08/18 20:52:00",
  "value" : "10"
},{
  "dateTime" : "05/08/18 21:01:00",
  "value" : "10"
},{
  "dateTime" : "05/08/18 21:03:00",
  "value" : "20"
},{
  "dateTime" : "05/08/18 21:07:00",
  "value" : "10"
},{
  "dateTime" : "05/08/18 21:08:00",
  "value" : "20"
},{
  "dateTime" : "05/08/18 21:09:00",
  "value" : "10"
},{
  "dateTime" : "05/08/18 21:41:00",
  "value" : "10"
},{
  "dateTime" : "05/08/18 21:42:00",
  "value" : "10"
},{
  "dateTime" : "05/08/18 21:43:00",
  "value" : "10"
},{
  "dateTime" : "05/08/18 22:32:00",
  "value" : "10"
},{
  "dateTime" : "05/08/18 22:33:00",
  "value" : "10"
},{
  "dateTime" : "05/09/18 09:40:00",
  "value" : "20"
},{
  "dateTime" : "05/09/18 10:09:00",
  "value" : "10"
},{
  "dateTime" : "05/09/18 10:10:00",
  "value" : "10"
},{
  "dateTime" : "05/09/18 10:53:00",
  "value" : "10"
},{
  "dateTime" : "05/09/18 12:44:00",
  "value" : "10"
},{
  "dateTime" : "05/09/18 14:32:00",
  "value" : "10"
},{
  "dateTime" : "05/09/18 14:41:00",
  "value" : "10"
},{
  "dateTime" : "05/09/18 14:47:00",
  "value" : "10"
},{
  "dateTime" : "05/09/18 14:49:00",
  "value" : "10"
},{
  "dateTime" : "05/09/18 14:50:00",
  "value" : "10"
},{
  "dateTime" : "05/09/18 14:51:00",
  "value" : "10"
},{
  "dateTime" : "05/09/18 14:52:00",
  "value" : "10"
},{
  "dateTime" : "05/09/18 14:56:00",
  "value" : "10"
},{
  "dateTime" : "05/09/18 14:57:00",
  "value" : "10"
},{
  "dateTime" : "05/09/18 15:06:00",
  "value" : "20"
},{
  "dateTime" : "05/09/18 15:10:00",
  "value" : "10"
},{
  "dateTime" : "05/09/18 15:11:00",
  "value" : "10"
},{
  "dateTime" : "05/09/18 15:12:00",
  "value" : "10"
},{
  "dateTime" : "05/09/18 15:13:00",
  "value" : "20"
},{
  "dateTime" : "05/09/18 15:14:00",
  "value" : "30"
},{
  "dateTime" : "05/09/18 15:15:00",
  "value" : "30"
},{
  "dateTime" : "05/09/18 15:16:00",
  "value" : "30"
},{
  "dateTime" : "05/09/18 15:18:00",
  "value" : "20"
},{
  "dateTime" : "05/09/18 15:19:00",
  "value" : "10"
},{
  "dateTime" : "05/09/18 15:24:00",
  "value" : "10"
},{
  "dateTime" : "05/09/18 15:25:00",
  "value" : "10"
},{
  "dateTime" : "05/09/18 15:27:00",
  "value" : "10"
},{
  "dateTime" : "05/09/18 15:31:00",
  "value" : "10"
},{
  "dateTime" : "05/09/18 15:32:00",
  "value" : "30"
},{
  "dateTime" : "05/09/18 15:33:00",
  "value" : "20"
},{
  "dateTime" : "05/09/18 15:34:00",
  "value" : "10"
},{
  "dateTime" : "05/09/18 15:42:00",
  "value" : "20"
},{
  "dateTime" : "05/09/18 15:43:00",
  "value" : "30"
},{
  "dateTime" : "05/09/18 16:19:00",
  "value" : "10"
},{
  "dateTime" : "05/09/18 16:29:00",
  "value" : "10"
},{
  "dateTime" : "05/09/18 16:48:00",
  "value" : "10"
},{
  "dateTime" : "05/09/18 16:49:00",
  "value" : "10"
},{
  "dateTime" : "05/09/18 16:50:00",
  "value" : "10"
},{
  "dateTime" : "05/09/18 16:51:00",
  "value" : "10"
},{
  "dateTime" : "05/09/18 16:52:00",
  "value" : "10"
},{
  "dateTime" : "05/09/18 16:53:00",
  "value" : "10"
},{
  "dateTime" : "05/09/18 16:54:00",
  "value" : "20"
},{
  "dateTime" : "05/09/18 16:58:00",
  "value" : "10"
},{
  "dateTime" : "05/09/18 16:59:00",
  "value" : "10"
},{
  "dateTime" : "05/09/18 17:00:00",
  "value" : "20"
},{
  "dateTime" : "05/09/18 17:01:00",
  "value" : "10"
},{
  "dateTime" : "05/09/18 17:11:00",
  "value" : "10"
},{
  "dateTime" : "05/09/18 17:12:00",
  "value" : "10"
},{
  "dateTime" : "05/09/18 17:13:00",
  "value" : "20"
},{
  "dateTime" : "05/09/18 17:14:00",
  "value" : "10"
},{
  "dateTime" : "05/09/18 17:16:00",
  "value" : "10"
},{
  "dateTime" : "05/09/18 17:17:00",
  "value" : "10"
},{
  "dateTime" : "05/09/18 17:28:00",
  "value" : "10"
},{
  "dateTime" : "05/09/18 17:29:00",
  "value" : "20"
},{
  "dateTime" : "05/09/18 18:57:00",
  "value" : "20"
},{
  "dateTime" : "05/09/18 22:02:00",
  "value" : "10"
},{
  "dateTime" : "05/09/18 22:03:00",
  "value" : "10"
},{
  "dateTime" : "05/10/18 10:25:00",
  "value" : "20"
},{
  "dateTime" : "05/10/18 11:59:00",
  "value" : "20"
},{
  "dateTime" : "05/10/18 12:00:00",
  "value" : "10"
},{
  "dateTime" : "05/10/18 12:03:00",
  "value" : "10"
},{
  "dateTime" : "05/10/18 12:04:00",
  "value" : "30"
},{
  "dateTime" : "05/10/18 12:05:00",
  "value" : "40"
},{
  "dateTime" : "05/10/18 13:02:00",
  "value" : "10"
},{
  "dateTime" : "05/10/18 13:07:00",
  "value" : "10"
},{
  "dateTime" : "05/10/18 13:08:00",
  "value" : "20"
},{
  "dateTime" : "05/10/18 13:58:00",
  "value" : "10"
},{
  "dateTime" : "05/10/18 14:39:00",
  "value" : "10"
},{
  "dateTime" : "05/10/18 14:40:00",
  "value" : "10"
},{
  "dateTime" : "05/10/18 14:41:00",
  "value" : "10"
},{
  "dateTime" : "05/10/18 14:42:00",
  "value" : "10"
},{
  "dateTime" : "05/10/18 14:43:00",
  "value" : "10"
},{
  "dateTime" : "05/10/18 14:44:00",
  "value" : "10"
},{
  "dateTime" : "05/10/18 14:53:00",
  "value" : "10"
},{
  "dateTime" : "05/10/18 14:57:00",
  "value" : "10"
},{
  "dateTime" : "05/10/18 14:58:00",
  "value" : "20"
},{
  "dateTime" : "05/10/18 14:59:00",
  "value" : "10"
},{
  "dateTime" : "05/10/18 15:00:00",
  "value" : "20"
},{
  "dateTime" : "05/10/18 15:01:00",
  "value" : "30"
},{
  "dateTime" : "05/10/18 15:04:00",
  "value" : "10"
},{
  "dateTime" : "05/10/18 15:09:00",
  "value" : "20"
},{
  "dateTime" : "05/10/18 15:25:00",
  "value" : "10"
},{
  "dateTime" : "05/10/18 15:34:00",
  "value" : "10"
},{
  "dateTime" : "05/10/18 15:47:00",
  "value" : "20"
},{
  "dateTime" : "05/10/18 15:48:00",
  "value" : "20"
},{
  "dateTime" : "05/10/18 15:49:00",
  "value" : "10"
},{
  "dateTime" : "05/10/18 16:52:00",
  "value" : "10"
},{
  "dateTime" : "05/10/18 16:53:00",
  "value" : "10"
},{
  "dateTime" : "05/10/18 16:54:00",
  "value" : "10"
},{
  "dateTime" : "05/10/18 16:56:00",
  "value" : "20"
},{
  "dateTime" : "05/10/18 17:53:00",
  "value" : "20"
},{
  "dateTime" : "05/11/18 01:05:00",
  "value" : "10"
},{
  "dateTime" : "05/11/18 01:06:00",
  "value" : "10"
},{
  "dateTime" : "05/11/18 01:07:00",
  "value" : "10"
},{
  "dateTime" : "05/11/18 09:39:00",
  "value" : "10"
},{
  "dateTime" : "05/11/18 09:40:00",
  "value" : "10"
},{
  "dateTime" : "05/11/18 10:47:00",
  "value" : "10"
},{
  "dateTime" : "05/11/18 10:55:00",
  "value" : "10"
},{
  "dateTime" : "05/11/18 10:57:00",
  "value" : "10"
},{
  "dateTime" : "05/11/18 11:02:00",
  "value" : "10"
},{
  "dateTime" : "05/11/18 11:03:00",
  "value" : "10"
},{
  "dateTime" : "05/11/18 11:05:00",
  "value" : "10"
},{
  "dateTime" : "05/11/18 11:06:00",
  "value" : "10"
},{
  "dateTime" : "05/11/18 11:08:00",
  "value" : "10"
},{
  "dateTime" : "05/11/18 11:09:00",
  "value" : "10"
},{
  "dateTime" : "05/11/18 11:10:00",
  "value" : "10"
},{
  "dateTime" : "05/11/18 11:11:00",
  "value" : "20"
},{
  "dateTime" : "05/11/18 11:12:00",
  "value" : "20"
},{
  "dateTime" : "05/11/18 11:14:00",
  "value" : "20"
},{
  "dateTime" : "05/11/18 11:15:00",
  "value" : "10"
},{
  "dateTime" : "05/11/18 11:17:00",
  "value" : "20"
},{
  "dateTime" : "05/11/18 12:39:00",
  "value" : "20"
},{
  "dateTime" : "05/11/18 12:49:00",
  "value" : "10"
},{
  "dateTime" : "05/11/18 12:50:00",
  "value" : "20"
},{
  "dateTime" : "05/11/18 12:51:00",
  "value" : "30"
},{
  "dateTime" : "05/11/18 12:52:00",
  "value" : "30"
},{
  "dateTime" : "05/11/18 12:53:00",
  "value" : "40"
},{
  "dateTime" : "05/11/18 12:54:00",
  "value" : "30"
},{
  "dateTime" : "05/11/18 12:55:00",
  "value" : "10"
},{
  "dateTime" : "05/11/18 12:56:00",
  "value" : "30"
},{
  "dateTime" : "05/11/18 12:57:00",
  "value" : "50"
},{
  "dateTime" : "05/11/18 12:58:00",
  "value" : "10"
},{
  "dateTime" : "05/11/18 12:59:00",
  "value" : "20"
},{
  "dateTime" : "05/11/18 13:00:00",
  "value" : "40"
},{
  "dateTime" : "05/11/18 13:01:00",
  "value" : "30"
},{
  "dateTime" : "05/11/18 13:02:00",
  "value" : "10"
},{
  "dateTime" : "05/11/18 13:06:00",
  "value" : "10"
},{
  "dateTime" : "05/11/18 13:07:00",
  "value" : "20"
},{
  "dateTime" : "05/11/18 13:08:00",
  "value" : "30"
},{
  "dateTime" : "05/11/18 13:09:00",
  "value" : "50"
},{
  "dateTime" : "05/11/18 13:10:00",
  "value" : "40"
},{
  "dateTime" : "05/11/18 13:11:00",
  "value" : "30"
},{
  "dateTime" : "05/11/18 13:12:00",
  "value" : "20"
},{
  "dateTime" : "05/11/18 13:13:00",
  "value" : "40"
},{
  "dateTime" : "05/11/18 13:14:00",
  "value" : "20"
},{
  "dateTime" : "05/11/18 13:48:00",
  "value" : "10"
},{
  "dateTime" : "05/11/18 13:49:00",
  "value" : "40"
},{
  "dateTime" : "05/11/18 13:50:00",
  "value" : "30"
},{
  "dateTime" : "05/11/18 13:51:00",
  "value" : "50"
},{
  "dateTime" : "05/11/18 13:52:00",
  "value" : "20"
},{
  "dateTime" : "05/11/18 13:54:00",
  "value" : "30"
},{
  "dateTime" : "05/11/18 14:21:00",
  "value" : "10"
},{
  "dateTime" : "05/11/18 14:49:00",
  "value" : "10"
},{
  "dateTime" : "05/11/18 14:50:00",
  "value" : "10"
},{
  "dateTime" : "05/11/18 14:51:00",
  "value" : "10"
},{
  "dateTime" : "05/11/18 14:53:00",
  "value" : "10"
},{
  "dateTime" : "05/11/18 14:54:00",
  "value" : "20"
},{
  "dateTime" : "05/11/18 14:55:00",
  "value" : "20"
},{
  "dateTime" : "05/11/18 14:57:00",
  "value" : "20"
},{
  "dateTime" : "05/11/18 15:58:00",
  "value" : "10"
},{
  "dateTime" : "05/11/18 16:35:00",
  "value" : "20"
},{
  "dateTime" : "05/11/18 16:36:00",
  "value" : "10"
},{
  "dateTime" : "05/11/18 16:38:00",
  "value" : "10"
},{
  "dateTime" : "05/11/18 16:40:00",
  "value" : "10"
},{
  "dateTime" : "05/11/18 16:42:00",
  "value" : "10"
},{
  "dateTime" : "05/11/18 16:43:00",
  "value" : "30"
},{
  "dateTime" : "05/11/18 16:44:00",
  "value" : "30"
},{
  "dateTime" : "05/11/18 16:45:00",
  "value" : "10"
},{
  "dateTime" : "05/11/18 17:41:00",
  "value" : "20"
},{
  "dateTime" : "05/11/18 17:45:00",
  "value" : "10"
},{
  "dateTime" : "05/11/18 17:46:00",
  "value" : "10"
},{
  "dateTime" : "05/11/18 17:47:00",
  "value" : "10"
},{
  "dateTime" : "05/11/18 18:32:00",
  "value" : "10"
},{
  "dateTime" : "05/11/18 20:57:00",
  "value" : "10"
},{
  "dateTime" : "05/11/18 21:07:00",
  "value" : "10"
},{
  "dateTime" : "05/11/18 21:09:00",
  "value" : "10"
},{
  "dateTime" : "05/11/18 21:11:00",
  "value" : "10"
},{
  "dateTime" : "05/11/18 21:12:00",
  "value" : "10"
},{
  "dateTime" : "05/11/18 21:14:00",
  "value" : "20"
},{
  "dateTime" : "05/11/18 21:17:00",
  "value" : "10"
},{
  "dateTime" : "05/11/18 21:58:00",
  "value" : "10"
},{
  "dateTime" : "05/11/18 21:59:00",
  "value" : "20"
},{
  "dateTime" : "05/11/18 22:43:00",
  "value" : "20"
},{
  "dateTime" : "05/11/18 22:46:00",
  "value" : "10"
},{
  "dateTime" : "05/11/18 22:47:00",
  "value" : "10"
},{
  "dateTime" : "05/11/18 22:48:00",
  "value" : "20"
},{
  "dateTime" : "05/11/18 23:02:00",
  "value" : "20"
},{
  "dateTime" : "05/11/18 23:08:00",
  "value" : "10"
},{
  "dateTime" : "05/11/18 23:09:00",
  "value" : "10"
},{
  "dateTime" : "05/11/18 23:10:00",
  "value" : "10"
},{
  "dateTime" : "05/11/18 23:11:00",
  "value" : "10"
},{
  "dateTime" : "05/11/18 23:13:00",
  "value" : "10"
},{
  "dateTime" : "05/11/18 23:16:00",
  "value" : "20"
},{
  "dateTime" : "05/12/18 00:01:00",
  "value" : "20"
},{
  "dateTime" : "05/12/18 08:02:00",
  "value" : "20"
},{
  "dateTime" : "05/12/18 08:45:00",
  "value" : "20"
},{
  "dateTime" : "05/12/18 09:08:00",
  "value" : "10"
},{
  "dateTime" : "05/12/18 09:09:00",
  "value" : "10"
},{
  "dateTime" : "05/12/18 11:31:00",
  "value" : "10"
},{
  "dateTime" : "05/12/18 11:36:00",
  "value" : "10"
},{
  "dateTime" : "05/12/18 11:37:00",
  "value" : "10"
},{
  "dateTime" : "05/12/18 11:38:00",
  "value" : "10"
},{
  "dateTime" : "05/12/18 11:39:00",
  "value" : "10"
},{
  "dateTime" : "05/12/18 11:40:00",
  "value" : "10"
},{
  "dateTime" : "05/12/18 11:53:00",
  "value" : "10"
},{
  "dateTime" : "05/12/18 12:13:00",
  "value" : "10"
},{
  "dateTime" : "05/12/18 12:14:00",
  "value" : "20"
},{
  "dateTime" : "05/12/18 12:18:00",
  "value" : "10"
},{
  "dateTime" : "05/12/18 12:19:00",
  "value" : "20"
},{
  "dateTime" : "05/12/18 12:20:00",
  "value" : "10"
},{
  "dateTime" : "05/12/18 12:21:00",
  "value" : "10"
},{
  "dateTime" : "05/12/18 12:23:00",
  "value" : "20"
},{
  "dateTime" : "05/12/18 12:58:00",
  "value" : "10"
},{
  "dateTime" : "05/12/18 12:59:00",
  "value" : "10"
},{
  "dateTime" : "05/12/18 13:18:00",
  "value" : "20"
},{
  "dateTime" : "05/12/18 14:22:00",
  "value" : "20"
},{
  "dateTime" : "05/12/18 14:26:00",
  "value" : "20"
},{
  "dateTime" : "05/12/18 14:40:00",
  "value" : "20"
},{
  "dateTime" : "05/12/18 14:45:00",
  "value" : "20"
},{
  "dateTime" : "05/12/18 14:49:00",
  "value" : "20"
},{
  "dateTime" : "05/12/18 14:58:00",
  "value" : "10"
},{
  "dateTime" : "05/12/18 15:04:00",
  "value" : "10"
},{
  "dateTime" : "05/12/18 15:08:00",
  "value" : "20"
},{
  "dateTime" : "05/12/18 15:20:00",
  "value" : "10"
},{
  "dateTime" : "05/12/18 15:55:00",
  "value" : "10"
},{
  "dateTime" : "05/12/18 16:28:00",
  "value" : "10"
},{
  "dateTime" : "05/12/18 16:35:00",
  "value" : "10"
},{
  "dateTime" : "05/12/18 16:38:00",
  "value" : "10"
},{
  "dateTime" : "05/12/18 16:39:00",
  "value" : "10"
},{
  "dateTime" : "05/12/18 16:40:00",
  "value" : "10"
},{
  "dateTime" : "05/12/18 16:43:00",
  "value" : "10"
},{
  "dateTime" : "05/12/18 17:24:00",
  "value" : "10"
},{
  "dateTime" : "05/12/18 18:09:00",
  "value" : "10"
},{
  "dateTime" : "05/12/18 20:17:00",
  "value" : "10"
},{
  "dateTime" : "05/13/18 00:06:00",
  "value" : "10"
},{
  "dateTime" : "05/13/18 00:19:00",
  "value" : "10"
},{
  "dateTime" : "05/13/18 11:32:00",
  "value" : "10"
},{
  "dateTime" : "05/13/18 12:03:00",
  "value" : "10"
},{
  "dateTime" : "05/13/18 15:00:00",
  "value" : "10"
},{
  "dateTime" : "05/13/18 16:58:00",
  "value" : "10"
},{
  "dateTime" : "05/13/18 17:22:00",
  "value" : "10"
},{
  "dateTime" : "05/13/18 17:31:00",
  "value" : "10"
},{
  "dateTime" : "05/13/18 18:08:00",
  "value" : "10"
},{
  "dateTime" : "05/13/18 23:44:00",
  "value" : "10"
},{
  "dateTime" : "05/14/18 14:10:00",
  "value" : "10"
},{
  "dateTime" : "05/14/18 21:25:00",
  "value" : "10"
},{
  "dateTime" : "05/14/18 21:31:00",
  "value" : "10"
},{
  "dateTime" : "05/15/18 10:56:00",
  "value" : "10"
},{
  "dateTime" : "05/15/18 13:13:00",
  "value" : "10"
},{
  "dateTime" : "05/15/18 15:41:00",
  "value" : "10"
},{
  "dateTime" : "05/15/18 15:55:00",
  "value" : "10"
},{
  "dateTime" : "05/15/18 15:57:00",
  "value" : "10"
},{
  "dateTime" : "05/15/18 17:36:00",
  "value" : "20"
},{
  "dateTime" : "05/15/18 17:37:00",
  "value" : "40"
},{
  "dateTime" : "05/15/18 17:38:00",
  "value" : "40"
},{
  "dateTime" : "05/15/18 17:39:00",
  "value" : "10"
},{
  "dateTime" : "05/15/18 17:43:00",
  "value" : "10"
},{
  "dateTime" : "05/15/18 17:47:00",
  "value" : "50"
},{
  "dateTime" : "05/15/18 17:48:00",
  "value" : "10"
},{
  "dateTime" : "05/15/18 17:52:00",
  "value" : "40"
},{
  "dateTime" : "05/15/18 17:57:00",
  "value" : "30"
},{
  "dateTime" : "05/15/18 17:58:00",
  "value" : "20"
},{
  "dateTime" : "05/15/18 17:59:00",
  "value" : "40"
},{
  "dateTime" : "05/15/18 18:00:00",
  "value" : "30"
},{
  "dateTime" : "05/15/18 18:01:00",
  "value" : "10"
},{
  "dateTime" : "05/15/18 18:02:00",
  "value" : "20"
},{
  "dateTime" : "05/15/18 18:03:00",
  "value" : "40"
},{
  "dateTime" : "05/15/18 18:04:00",
  "value" : "20"
},{
  "dateTime" : "05/15/18 18:05:00",
  "value" : "20"
},{
  "dateTime" : "05/15/18 18:06:00",
  "value" : "20"
},{
  "dateTime" : "05/15/18 18:08:00",
  "value" : "20"
},{
  "dateTime" : "05/15/18 18:12:00",
  "value" : "10"
},{
  "dateTime" : "05/15/18 18:15:00",
  "value" : "10"
},{
  "dateTime" : "05/15/18 18:16:00",
  "value" : "10"
},{
  "dateTime" : "05/15/18 18:17:00",
  "value" : "20"
},{
  "dateTime" : "05/15/18 18:18:00",
  "value" : "10"
},{
  "dateTime" : "05/15/18 18:19:00",
  "value" : "10"
},{
  "dateTime" : "05/15/18 18:20:00",
  "value" : "10"
},{
  "dateTime" : "05/15/18 18:22:00",
  "value" : "20"
},{
  "dateTime" : "05/15/18 18:23:00",
  "value" : "20"
},{
  "dateTime" : "05/15/18 20:49:00",
  "value" : "10"
},{
  "dateTime" : "05/15/18 23:04:00",
  "value" : "10"
},{
  "dateTime" : "05/16/18 10:45:00",
  "value" : "10"
},{
  "dateTime" : "05/16/18 12:04:00",
  "value" : "10"
},{
  "dateTime" : "05/16/18 16:19:00",
  "value" : "10"
},{
  "dateTime" : "05/16/18 17:00:00",
  "value" : "10"
},{
  "dateTime" : "05/16/18 18:17:00",
  "value" : "10"
},{
  "dateTime" : "05/16/18 19:32:00",
  "value" : "10"
},{
  "dateTime" : "05/16/18 20:05:00",
  "value" : "10"
},{
  "dateTime" : "05/16/18 22:12:00",
  "value" : "10"
},{
  "dateTime" : "05/17/18 10:29:00",
  "value" : "10"
},{
  "dateTime" : "05/17/18 10:33:00",
  "value" : "10"
},{
  "dateTime" : "05/17/18 15:31:00",
  "value" : "10"
},{
  "dateTime" : "05/17/18 15:33:00",
  "value" : "10"
},{
  "dateTime" : "05/17/18 16:12:00",
  "value" : "10"
},{
  "dateTime" : "05/17/18 16:13:00",
  "value" : "10"
},{
  "dateTime" : "05/17/18 16:14:00",
  "value" : "10"
},{
  "dateTime" : "05/17/18 16:16:00",
  "value" : "30"
},{
  "dateTime" : "05/17/18 16:17:00",
  "value" : "40"
},{
  "dateTime" : "05/17/18 16:20:00",
  "value" : "30"
},{
  "dateTime" : "05/17/18 16:21:00",
  "value" : "30"
},{
  "dateTime" : "05/17/18 16:22:00",
  "value" : "10"
},{
  "dateTime" : "05/17/18 16:26:00",
  "value" : "20"
},{
  "dateTime" : "05/17/18 16:30:00",
  "value" : "10"
},{
  "dateTime" : "05/17/18 16:31:00",
  "value" : "20"
},{
  "dateTime" : "05/17/18 16:32:00",
  "value" : "20"
},{
  "dateTime" : "05/17/18 16:33:00",
  "value" : "20"
},{
  "dateTime" : "05/17/18 16:36:00",
  "value" : "30"
},{
  "dateTime" : "05/17/18 16:37:00",
  "value" : "10"
},{
  "dateTime" : "05/17/18 16:50:00",
  "value" : "20"
},{
  "dateTime" : "05/17/18 16:51:00",
  "value" : "30"
},{
  "dateTime" : "05/17/18 16:53:00",
  "value" : "20"
},{
  "dateTime" : "05/17/18 17:00:00",
  "value" : "10"
},{
  "dateTime" : "05/18/18 09:47:00",
  "value" : "10"
},{
  "dateTime" : "05/18/18 11:25:00",
  "value" : "20"
},{
  "dateTime" : "05/18/18 11:29:00",
  "value" : "50"
},{
  "dateTime" : "05/18/18 11:30:00",
  "value" : "30"
},{
  "dateTime" : "05/18/18 11:31:00",
  "value" : "30"
},{
  "dateTime" : "05/18/18 11:32:00",
  "value" : "20"
},{
  "dateTime" : "05/18/18 11:33:00",
  "value" : "40"
},{
  "dateTime" : "05/18/18 11:34:00",
  "value" : "30"
},{
  "dateTime" : "05/18/18 11:35:00",
  "value" : "30"
},{
  "dateTime" : "05/18/18 11:36:00",
  "value" : "20"
},{
  "dateTime" : "05/18/18 11:37:00",
  "value" : "20"
},{
  "dateTime" : "05/18/18 11:38:00",
  "value" : "20"
},{
  "dateTime" : "05/18/18 11:39:00",
  "value" : "40"
},{
  "dateTime" : "05/18/18 11:44:00",
  "value" : "30"
},{
  "dateTime" : "05/18/18 11:45:00",
  "value" : "30"
},{
  "dateTime" : "05/18/18 11:46:00",
  "value" : "30"
},{
  "dateTime" : "05/18/18 11:47:00",
  "value" : "30"
},{
  "dateTime" : "05/18/18 11:48:00",
  "value" : "20"
},{
  "dateTime" : "05/18/18 11:49:00",
  "value" : "30"
},{
  "dateTime" : "05/18/18 11:50:00",
  "value" : "30"
},{
  "dateTime" : "05/18/18 11:51:00",
  "value" : "10"
},{
  "dateTime" : "05/18/18 11:53:00",
  "value" : "10"
},{
  "dateTime" : "05/18/18 11:54:00",
  "value" : "30"
},{
  "dateTime" : "05/18/18 11:55:00",
  "value" : "40"
},{
  "dateTime" : "05/18/18 11:56:00",
  "value" : "30"
},{
  "dateTime" : "05/18/18 11:57:00",
  "value" : "30"
},{
  "dateTime" : "05/18/18 11:58:00",
  "value" : "30"
},{
  "dateTime" : "05/18/18 11:59:00",
  "value" : "40"
},{
  "dateTime" : "05/18/18 12:00:00",
  "value" : "10"
},{
  "dateTime" : "05/18/18 12:01:00",
  "value" : "40"
},{
  "dateTime" : "05/18/18 12:02:00",
  "value" : "30"
},{
  "dateTime" : "05/18/18 12:03:00",
  "value" : "10"
},{
  "dateTime" : "05/18/18 12:08:00",
  "value" : "30"
},{
  "dateTime" : "05/18/18 12:09:00",
  "value" : "30"
},{
  "dateTime" : "05/18/18 12:10:00",
  "value" : "20"
},{
  "dateTime" : "05/18/18 12:14:00",
  "value" : "10"
},{
  "dateTime" : "05/18/18 12:15:00",
  "value" : "30"
},{
  "dateTime" : "05/18/18 12:16:00",
  "value" : "30"
},{
  "dateTime" : "05/18/18 12:17:00",
  "value" : "20"
},{
  "dateTime" : "05/18/18 12:18:00",
  "value" : "10"
},{
  "dateTime" : "05/18/18 12:19:00",
  "value" : "30"
},{
  "dateTime" : "05/18/18 12:20:00",
  "value" : "30"
},{
  "dateTime" : "05/18/18 12:21:00",
  "value" : "20"
},{
  "dateTime" : "05/18/18 12:22:00",
  "value" : "30"
},{
  "dateTime" : "05/18/18 12:23:00",
  "value" : "40"
},{
  "dateTime" : "05/18/18 12:24:00",
  "value" : "20"
},{
  "dateTime" : "05/18/18 12:31:00",
  "value" : "10"
},{
  "dateTime" : "05/18/18 12:32:00",
  "value" : "30"
},{
  "dateTime" : "05/18/18 12:33:00",
  "value" : "40"
},{
  "dateTime" : "05/18/18 12:34:00",
  "value" : "10"
},{
  "dateTime" : "05/18/18 12:36:00",
  "value" : "10"
},{
  "dateTime" : "05/18/18 12:37:00",
  "value" : "10"
},{
  "dateTime" : "05/18/18 12:42:00",
  "value" : "20"
},{
  "dateTime" : "05/18/18 12:43:00",
  "value" : "20"
},{
  "dateTime" : "05/18/18 12:44:00",
  "value" : "30"
},{
  "dateTime" : "05/18/18 12:45:00",
  "value" : "30"
},{
  "dateTime" : "05/18/18 12:46:00",
  "value" : "30"
},{
  "dateTime" : "05/18/18 12:47:00",
  "value" : "20"
},{
  "dateTime" : "05/18/18 12:48:00",
  "value" : "30"
},{
  "dateTime" : "05/18/18 13:09:00",
  "value" : "30"
},{
  "dateTime" : "05/18/18 13:10:00",
  "value" : "20"
},{
  "dateTime" : "05/18/18 13:11:00",
  "value" : "30"
},{
  "dateTime" : "05/18/18 13:12:00",
  "value" : "20"
},{
  "dateTime" : "05/18/18 13:13:00",
  "value" : "10"
},{
  "dateTime" : "05/18/18 13:23:00",
  "value" : "30"
},{
  "dateTime" : "05/18/18 13:29:00",
  "value" : "30"
},{
  "dateTime" : "05/18/18 13:30:00",
  "value" : "10"
},{
  "dateTime" : "05/18/18 13:31:00",
  "value" : "10"
},{
  "dateTime" : "05/18/18 13:36:00",
  "value" : "40"
},{
  "dateTime" : "05/18/18 13:37:00",
  "value" : "20"
},{
  "dateTime" : "05/18/18 13:38:00",
  "value" : "10"
},{
  "dateTime" : "05/18/18 13:46:00",
  "value" : "10"
},{
  "dateTime" : "05/18/18 13:47:00",
  "value" : "20"
},{
  "dateTime" : "05/18/18 13:49:00",
  "value" : "10"
},{
  "dateTime" : "05/18/18 13:55:00",
  "value" : "30"
},{
  "dateTime" : "05/18/18 13:56:00",
  "value" : "30"
},{
  "dateTime" : "05/18/18 13:57:00",
  "value" : "20"
},{
  "dateTime" : "05/18/18 13:58:00",
  "value" : "20"
},{
  "dateTime" : "05/18/18 14:15:00",
  "value" : "10"
},{
  "dateTime" : "05/18/18 14:16:00",
  "value" : "30"
},{
  "dateTime" : "05/18/18 15:13:00",
  "value" : "10"
},{
  "dateTime" : "05/18/18 15:20:00",
  "value" : "10"
},{
  "dateTime" : "05/18/18 15:23:00",
  "value" : "10"
},{
  "dateTime" : "05/18/18 15:33:00",
  "value" : "10"
},{
  "dateTime" : "05/18/18 15:34:00",
  "value" : "10"
},{
  "dateTime" : "05/18/18 15:48:00",
  "value" : "10"
},{
  "dateTime" : "05/18/18 16:22:00",
  "value" : "10"
},{
  "dateTime" : "05/18/18 16:30:00",
  "value" : "10"
},{
  "dateTime" : "05/18/18 16:31:00",
  "value" : "10"
},{
  "dateTime" : "05/18/18 19:13:00",
  "value" : "10"
},{
  "dateTime" : "05/18/18 19:15:00",
  "value" : "10"
},{
  "dateTime" : "05/18/18 19:16:00",
  "value" : "20"
},{
  "dateTime" : "05/18/18 19:17:00",
  "value" : "10"
},{
  "dateTime" : "05/18/18 19:42:00",
  "value" : "10"
},{
  "dateTime" : "05/18/18 19:44:00",
  "value" : "10"
},{
  "dateTime" : "05/19/18 10:47:00",
  "value" : "10"
},{
  "dateTime" : "05/19/18 10:53:00",
  "value" : "10"
},{
  "dateTime" : "05/19/18 11:09:00",
  "value" : "10"
},{
  "dateTime" : "05/19/18 11:50:00",
  "value" : "10"
},{
  "dateTime" : "05/19/18 16:32:00",
  "value" : "20"
},{
  "dateTime" : "05/19/18 16:34:00",
  "value" : "30"
},{
  "dateTime" : "05/19/18 16:35:00",
  "value" : "30"
},{
  "dateTime" : "05/19/18 16:36:00",
  "value" : "40"
},{
  "dateTime" : "05/19/18 16:40:00",
  "value" : "10"
},{
  "dateTime" : "05/19/18 16:42:00",
  "value" : "10"
},{
  "dateTime" : "05/19/18 16:46:00",
  "value" : "30"
},{
  "dateTime" : "05/19/18 16:47:00",
  "value" : "30"
},{
  "dateTime" : "05/19/18 16:49:00",
  "value" : "20"
},{
  "dateTime" : "05/19/18 16:54:00",
  "value" : "10"
},{
  "dateTime" : "05/19/18 16:55:00",
  "value" : "10"
},{
  "dateTime" : "05/19/18 16:56:00",
  "value" : "30"
},{
  "dateTime" : "05/19/18 16:57:00",
  "value" : "30"
},{
  "dateTime" : "05/19/18 16:58:00",
  "value" : "30"
},{
  "dateTime" : "05/19/18 17:00:00",
  "value" : "10"
},{
  "dateTime" : "05/19/18 17:01:00",
  "value" : "30"
},{
  "dateTime" : "05/19/18 17:02:00",
  "value" : "20"
},{
  "dateTime" : "05/19/18 17:03:00",
  "value" : "30"
},{
  "dateTime" : "05/19/18 17:04:00",
  "value" : "10"
},{
  "dateTime" : "05/19/18 17:05:00",
  "value" : "10"
},{
  "dateTime" : "05/19/18 17:06:00",
  "value" : "10"
},{
  "dateTime" : "05/19/18 17:08:00",
  "value" : "10"
},{
  "dateTime" : "05/19/18 17:10:00",
  "value" : "10"
},{
  "dateTime" : "05/19/18 17:16:00",
  "value" : "10"
},{
  "dateTime" : "05/19/18 17:17:00",
  "value" : "10"
},{
  "dateTime" : "05/19/18 17:18:00",
  "value" : "10"
},{
  "dateTime" : "05/19/18 17:19:00",
  "value" : "10"
},{
  "dateTime" : "05/19/18 17:20:00",
  "value" : "10"
},{
  "dateTime" : "05/19/18 17:21:00",
  "value" : "10"
},{
  "dateTime" : "05/19/18 17:23:00",
  "value" : "10"
},{
  "dateTime" : "05/19/18 17:24:00",
  "value" : "10"
},{
  "dateTime" : "05/19/18 17:25:00",
  "value" : "10"
},{
  "dateTime" : "05/19/18 17:26:00",
  "value" : "10"
},{
  "dateTime" : "05/19/18 17:27:00",
  "value" : "10"
},{
  "dateTime" : "05/19/18 18:16:00",
  "value" : "10"
},{
  "dateTime" : "05/19/18 18:27:00",
  "value" : "10"
},{
  "dateTime" : "05/20/18 12:05:00",
  "value" : "10"
},{
  "dateTime" : "05/20/18 12:14:00",
  "value" : "10"
},{
  "dateTime" : "05/20/18 13:57:00",
  "value" : "10"
},{
  "dateTime" : "05/20/18 20:29:00",
  "value" : "10"
},{
  "dateTime" : "05/20/18 20:31:00",
  "value" : "10"
},{
  "dateTime" : "05/20/18 20:46:00",
  "value" : "10"
},{
  "dateTime" : "05/21/18 12:23:00",
  "value" : "10"
},{
  "dateTime" : "05/21/18 12:44:00",
  "value" : "10"
},{
  "dateTime" : "05/21/18 12:47:00",
  "value" : "10"
},{
  "dateTime" : "05/21/18 12:57:00",
  "value" : "10"
},{
  "dateTime" : "05/21/18 12:58:00",
  "value" : "20"
},{
  "dateTime" : "05/21/18 13:04:00",
  "value" : "10"
},{
  "dateTime" : "05/21/18 13:22:00",
  "value" : "10"
},{
  "dateTime" : "05/21/18 14:24:00",
  "value" : "10"
},{
  "dateTime" : "05/21/18 14:38:00",
  "value" : "10"
},{
  "dateTime" : "05/21/18 15:07:00",
  "value" : "10"
},{
  "dateTime" : "05/21/18 15:55:00",
  "value" : "10"
},{
  "dateTime" : "05/21/18 16:19:00",
  "value" : "10"
},{
  "dateTime" : "05/21/18 16:20:00",
  "value" : "10"
},{
  "dateTime" : "05/21/18 18:47:00",
  "value" : "10"
},{
  "dateTime" : "05/21/18 18:48:00",
  "value" : "20"
},{
  "dateTime" : "05/21/18 18:49:00",
  "value" : "10"
},{
  "dateTime" : "05/21/18 20:58:00",
  "value" : "10"
},{
  "dateTime" : "05/21/18 22:36:00",
  "value" : "10"
},{
  "dateTime" : "05/22/18 11:22:00",
  "value" : "10"
},{
  "dateTime" : "05/22/18 11:23:00",
  "value" : "10"
},{
  "dateTime" : "05/22/18 11:59:00",
  "value" : "10"
},{
  "dateTime" : "05/22/18 12:26:00",
  "value" : "10"
},{
  "dateTime" : "05/22/18 12:36:00",
  "value" : "10"
},{
  "dateTime" : "05/22/18 12:57:00",
  "value" : "10"
},{
  "dateTime" : "05/22/18 15:27:00",
  "value" : "10"
},{
  "dateTime" : "05/22/18 15:54:00",
  "value" : "10"
},{
  "dateTime" : "05/22/18 16:58:00",
  "value" : "10"
},{
  "dateTime" : "05/22/18 20:12:00",
  "value" : "10"
},{
  "dateTime" : "05/22/18 21:15:00",
  "value" : "10"
},{
  "dateTime" : "05/23/18 10:44:00",
  "value" : "10"
},{
  "dateTime" : "05/23/18 10:59:00",
  "value" : "10"
},{
  "dateTime" : "05/23/18 11:01:00",
  "value" : "10"
},{
  "dateTime" : "05/23/18 11:06:00",
  "value" : "10"
},{
  "dateTime" : "05/23/18 11:07:00",
  "value" : "10"
},{
  "dateTime" : "05/23/18 11:26:00",
  "value" : "10"
},{
  "dateTime" : "05/23/18 11:34:00",
  "value" : "10"
},{
  "dateTime" : "05/23/18 15:18:00",
  "value" : "10"
},{
  "dateTime" : "05/23/18 15:25:00",
  "value" : "10"
},{
  "dateTime" : "05/23/18 15:27:00",
  "value" : "10"
},{
  "dateTime" : "05/23/18 15:28:00",
  "value" : "10"
},{
  "dateTime" : "05/23/18 15:29:00",
  "value" : "40"
},{
  "dateTime" : "05/23/18 15:30:00",
  "value" : "40"
},{
  "dateTime" : "05/23/18 15:31:00",
  "value" : "10"
},{
  "dateTime" : "05/23/18 15:35:00",
  "value" : "10"
},{
  "dateTime" : "05/23/18 15:36:00",
  "value" : "10"
},{
  "dateTime" : "05/23/18 15:41:00",
  "value" : "40"
},{
  "dateTime" : "05/23/18 15:42:00",
  "value" : "20"
},{
  "dateTime" : "05/23/18 15:44:00",
  "value" : "20"
},{
  "dateTime" : "05/23/18 15:45:00",
  "value" : "10"
},{
  "dateTime" : "05/23/18 15:49:00",
  "value" : "20"
},{
  "dateTime" : "05/23/18 15:50:00",
  "value" : "10"
},{
  "dateTime" : "05/23/18 15:51:00",
  "value" : "20"
},{
  "dateTime" : "05/23/18 15:52:00",
  "value" : "30"
},{
  "dateTime" : "05/23/18 15:53:00",
  "value" : "20"
},{
  "dateTime" : "05/23/18 15:54:00",
  "value" : "20"
},{
  "dateTime" : "05/23/18 15:55:00",
  "value" : "10"
},{
  "dateTime" : "05/23/18 15:56:00",
  "value" : "10"
},{
  "dateTime" : "05/23/18 15:57:00",
  "value" : "30"
},{
  "dateTime" : "05/23/18 15:58:00",
  "value" : "30"
},{
  "dateTime" : "05/23/18 15:59:00",
  "value" : "10"
},{
  "dateTime" : "05/23/18 16:00:00",
  "value" : "10"
},{
  "dateTime" : "05/23/18 16:01:00",
  "value" : "20"
},{
  "dateTime" : "05/23/18 16:02:00",
  "value" : "10"
},{
  "dateTime" : "05/23/18 16:04:00",
  "value" : "10"
},{
  "dateTime" : "05/23/18 16:05:00",
  "value" : "10"
},{
  "dateTime" : "05/23/18 16:10:00",
  "value" : "10"
},{
  "dateTime" : "05/23/18 16:14:00",
  "value" : "20"
},{
  "dateTime" : "05/23/18 16:15:00",
  "value" : "10"
},{
  "dateTime" : "05/23/18 16:16:00",
  "value" : "10"
},{
  "dateTime" : "05/23/18 16:17:00",
  "value" : "20"
},{
  "dateTime" : "05/23/18 16:18:00",
  "value" : "10"
},{
  "dateTime" : "05/23/18 16:22:00",
  "value" : "10"
},{
  "dateTime" : "05/23/18 16:23:00",
  "value" : "10"
},{
  "dateTime" : "05/23/18 16:24:00",
  "value" : "10"
},{
  "dateTime" : "05/23/18 16:25:00",
  "value" : "10"
},{
  "dateTime" : "05/23/18 16:31:00",
  "value" : "10"
},{
  "dateTime" : "05/23/18 17:04:00",
  "value" : "10"
},{
  "dateTime" : "05/23/18 17:08:00",
  "value" : "10"
},{
  "dateTime" : "05/23/18 19:34:00",
  "value" : "10"
},{
  "dateTime" : "05/23/18 23:25:00",
  "value" : "10"
}]