[{
  "dateTime" : "02/28/17 07:19:00",
  "value" : "10"
},{
  "dateTime" : "02/28/17 07:27:00",
  "value" : "20"
},{
  "dateTime" : "02/28/17 07:55:00",
  "value" : "10"
},{
  "dateTime" : "02/28/17 07:56:00",
  "value" : "20"
},{
  "dateTime" : "02/28/17 07:57:00",
  "value" : "10"
},{
  "dateTime" : "02/28/17 10:03:00",
  "value" : "10"
},{
  "dateTime" : "02/28/17 10:04:00",
  "value" : "10"
},{
  "dateTime" : "02/28/17 10:05:00",
  "value" : "10"
},{
  "dateTime" : "02/28/17 10:57:00",
  "value" : "10"
},{
  "dateTime" : "02/28/17 10:58:00",
  "value" : "10"
},{
  "dateTime" : "02/28/17 10:59:00",
  "value" : "20"
},{
  "dateTime" : "02/28/17 11:26:00",
  "value" : "10"
},{
  "dateTime" : "02/28/17 11:27:00",
  "value" : "10"
},{
  "dateTime" : "02/28/17 12:03:00",
  "value" : "10"
},{
  "dateTime" : "02/28/17 12:04:00",
  "value" : "10"
},{
  "dateTime" : "02/28/17 12:25:00",
  "value" : "10"
},{
  "dateTime" : "02/28/17 12:55:00",
  "value" : "10"
},{
  "dateTime" : "02/28/17 12:56:00",
  "value" : "10"
},{
  "dateTime" : "02/28/17 13:18:00",
  "value" : "10"
},{
  "dateTime" : "02/28/17 13:19:00",
  "value" : "30"
},{
  "dateTime" : "02/28/17 13:20:00",
  "value" : "10"
},{
  "dateTime" : "02/28/17 13:21:00",
  "value" : "10"
},{
  "dateTime" : "02/28/17 13:22:00",
  "value" : "10"
},{
  "dateTime" : "02/28/17 13:45:00",
  "value" : "10"
},{
  "dateTime" : "02/28/17 13:46:00",
  "value" : "10"
},{
  "dateTime" : "02/28/17 13:47:00",
  "value" : "10"
},{
  "dateTime" : "02/28/17 13:53:00",
  "value" : "10"
},{
  "dateTime" : "02/28/17 13:54:00",
  "value" : "10"
},{
  "dateTime" : "02/28/17 13:55:00",
  "value" : "10"
},{
  "dateTime" : "02/28/17 13:56:00",
  "value" : "10"
},{
  "dateTime" : "02/28/17 13:57:00",
  "value" : "10"
},{
  "dateTime" : "02/28/17 13:58:00",
  "value" : "30"
},{
  "dateTime" : "02/28/17 13:59:00",
  "value" : "50"
},{
  "dateTime" : "02/28/17 14:00:00",
  "value" : "40"
},{
  "dateTime" : "02/28/17 14:01:00",
  "value" : "50"
},{
  "dateTime" : "02/28/17 14:02:00",
  "value" : "40"
},{
  "dateTime" : "02/28/17 14:03:00",
  "value" : "40"
},{
  "dateTime" : "02/28/17 14:04:00",
  "value" : "40"
},{
  "dateTime" : "02/28/17 14:05:00",
  "value" : "50"
},{
  "dateTime" : "02/28/17 14:06:00",
  "value" : "20"
},{
  "dateTime" : "02/28/17 14:07:00",
  "value" : "30"
},{
  "dateTime" : "02/28/17 14:08:00",
  "value" : "30"
},{
  "dateTime" : "02/28/17 14:09:00",
  "value" : "20"
},{
  "dateTime" : "02/28/17 14:10:00",
  "value" : "10"
},{
  "dateTime" : "02/28/17 14:34:00",
  "value" : "20"
},{
  "dateTime" : "02/28/17 14:51:00",
  "value" : "40"
},{
  "dateTime" : "02/28/17 14:52:00",
  "value" : "10"
},{
  "dateTime" : "02/28/17 14:53:00",
  "value" : "10"
},{
  "dateTime" : "02/28/17 17:01:00",
  "value" : "10"
},{
  "dateTime" : "02/28/17 17:02:00",
  "value" : "20"
},{
  "dateTime" : "02/28/17 17:03:00",
  "value" : "10"
},{
  "dateTime" : "02/28/17 17:04:00",
  "value" : "10"
},{
  "dateTime" : "02/28/17 18:20:00",
  "value" : "10"
},{
  "dateTime" : "02/28/17 18:21:00",
  "value" : "10"
},{
  "dateTime" : "02/28/17 18:22:00",
  "value" : "30"
},{
  "dateTime" : "02/28/17 19:00:00",
  "value" : "10"
},{
  "dateTime" : "02/28/17 21:05:00",
  "value" : "20"
},{
  "dateTime" : "02/28/17 21:06:00",
  "value" : "10"
},{
  "dateTime" : "02/28/17 21:07:00",
  "value" : "30"
},{
  "dateTime" : "02/28/17 21:08:00",
  "value" : "20"
},{
  "dateTime" : "02/28/17 21:09:00",
  "value" : "20"
},{
  "dateTime" : "02/28/17 23:22:00",
  "value" : "10"
},{
  "dateTime" : "02/28/17 23:23:00",
  "value" : "10"
},{
  "dateTime" : "02/28/17 23:24:00",
  "value" : "20"
},{
  "dateTime" : "02/28/17 23:25:00",
  "value" : "10"
},{
  "dateTime" : "03/01/17 09:44:00",
  "value" : "10"
},{
  "dateTime" : "03/01/17 09:45:00",
  "value" : "10"
},{
  "dateTime" : "03/01/17 11:05:00",
  "value" : "10"
},{
  "dateTime" : "03/01/17 11:06:00",
  "value" : "10"
},{
  "dateTime" : "03/01/17 11:07:00",
  "value" : "10"
},{
  "dateTime" : "03/01/17 11:08:00",
  "value" : "10"
},{
  "dateTime" : "03/01/17 11:13:00",
  "value" : "10"
},{
  "dateTime" : "03/01/17 12:04:00",
  "value" : "10"
},{
  "dateTime" : "03/01/17 13:10:00",
  "value" : "10"
},{
  "dateTime" : "03/01/17 13:11:00",
  "value" : "10"
},{
  "dateTime" : "03/01/17 13:12:00",
  "value" : "10"
},{
  "dateTime" : "03/01/17 13:13:00",
  "value" : "30"
},{
  "dateTime" : "03/01/17 13:14:00",
  "value" : "20"
},{
  "dateTime" : "03/01/17 15:05:00",
  "value" : "10"
},{
  "dateTime" : "03/01/17 15:06:00",
  "value" : "10"
},{
  "dateTime" : "03/01/17 15:07:00",
  "value" : "10"
},{
  "dateTime" : "03/01/17 15:08:00",
  "value" : "10"
},{
  "dateTime" : "03/01/17 15:09:00",
  "value" : "10"
},{
  "dateTime" : "03/01/17 18:14:00",
  "value" : "10"
},{
  "dateTime" : "03/01/17 18:15:00",
  "value" : "20"
},{
  "dateTime" : "03/01/17 19:52:00",
  "value" : "10"
},{
  "dateTime" : "03/01/17 19:53:00",
  "value" : "20"
},{
  "dateTime" : "03/01/17 19:54:00",
  "value" : "20"
},{
  "dateTime" : "03/01/17 22:17:00",
  "value" : "20"
},{
  "dateTime" : "03/01/17 22:23:00",
  "value" : "30"
},{
  "dateTime" : "03/01/17 22:24:00",
  "value" : "20"
},{
  "dateTime" : "03/01/17 22:25:00",
  "value" : "10"
},{
  "dateTime" : "03/01/17 22:26:00",
  "value" : "20"
},{
  "dateTime" : "03/01/17 22:42:00",
  "value" : "10"
},{
  "dateTime" : "03/02/17 09:00:00",
  "value" : "10"
},{
  "dateTime" : "03/02/17 09:01:00",
  "value" : "10"
},{
  "dateTime" : "03/02/17 09:02:00",
  "value" : "20"
},{
  "dateTime" : "03/02/17 09:03:00",
  "value" : "10"
},{
  "dateTime" : "03/02/17 09:04:00",
  "value" : "20"
},{
  "dateTime" : "03/02/17 09:05:00",
  "value" : "10"
},{
  "dateTime" : "03/02/17 10:06:00",
  "value" : "10"
},{
  "dateTime" : "03/02/17 10:07:00",
  "value" : "10"
},{
  "dateTime" : "03/02/17 11:14:00",
  "value" : "10"
},{
  "dateTime" : "03/02/17 11:15:00",
  "value" : "10"
},{
  "dateTime" : "03/02/17 12:45:00",
  "value" : "10"
},{
  "dateTime" : "03/02/17 12:46:00",
  "value" : "10"
},{
  "dateTime" : "03/02/17 12:47:00",
  "value" : "10"
},{
  "dateTime" : "03/02/17 12:48:00",
  "value" : "10"
},{
  "dateTime" : "03/02/17 12:49:00",
  "value" : "20"
},{
  "dateTime" : "03/02/17 12:50:00",
  "value" : "10"
},{
  "dateTime" : "03/02/17 12:51:00",
  "value" : "20"
},{
  "dateTime" : "03/02/17 12:52:00",
  "value" : "20"
},{
  "dateTime" : "03/02/17 12:53:00",
  "value" : "30"
},{
  "dateTime" : "03/02/17 12:54:00",
  "value" : "20"
},{
  "dateTime" : "03/02/17 12:55:00",
  "value" : "30"
},{
  "dateTime" : "03/02/17 12:56:00",
  "value" : "30"
},{
  "dateTime" : "03/02/17 12:57:00",
  "value" : "20"
},{
  "dateTime" : "03/02/17 12:58:00",
  "value" : "40"
},{
  "dateTime" : "03/02/17 12:59:00",
  "value" : "30"
},{
  "dateTime" : "03/02/17 13:00:00",
  "value" : "30"
},{
  "dateTime" : "03/02/17 13:01:00",
  "value" : "40"
},{
  "dateTime" : "03/02/17 13:02:00",
  "value" : "20"
},{
  "dateTime" : "03/02/17 13:03:00",
  "value" : "20"
},{
  "dateTime" : "03/02/17 13:04:00",
  "value" : "20"
},{
  "dateTime" : "03/02/17 13:05:00",
  "value" : "20"
},{
  "dateTime" : "03/02/17 13:06:00",
  "value" : "10"
},{
  "dateTime" : "03/02/17 13:07:00",
  "value" : "20"
},{
  "dateTime" : "03/02/17 13:08:00",
  "value" : "10"
},{
  "dateTime" : "03/02/17 13:09:00",
  "value" : "30"
},{
  "dateTime" : "03/02/17 13:10:00",
  "value" : "10"
},{
  "dateTime" : "03/02/17 13:11:00",
  "value" : "20"
},{
  "dateTime" : "03/02/17 13:12:00",
  "value" : "10"
},{
  "dateTime" : "03/02/17 13:13:00",
  "value" : "10"
},{
  "dateTime" : "03/02/17 13:14:00",
  "value" : "10"
},{
  "dateTime" : "03/02/17 13:15:00",
  "value" : "10"
},{
  "dateTime" : "03/02/17 13:16:00",
  "value" : "10"
},{
  "dateTime" : "03/02/17 13:17:00",
  "value" : "20"
},{
  "dateTime" : "03/02/17 13:33:00",
  "value" : "20"
},{
  "dateTime" : "03/02/17 13:34:00",
  "value" : "10"
},{
  "dateTime" : "03/02/17 13:35:00",
  "value" : "10"
},{
  "dateTime" : "03/02/17 13:36:00",
  "value" : "10"
},{
  "dateTime" : "03/02/17 13:37:00",
  "value" : "20"
},{
  "dateTime" : "03/02/17 14:05:00",
  "value" : "20"
},{
  "dateTime" : "03/02/17 14:06:00",
  "value" : "10"
},{
  "dateTime" : "03/02/17 14:07:00",
  "value" : "20"
},{
  "dateTime" : "03/02/17 14:08:00",
  "value" : "10"
},{
  "dateTime" : "03/02/17 14:09:00",
  "value" : "10"
},{
  "dateTime" : "03/02/17 14:10:00",
  "value" : "10"
},{
  "dateTime" : "03/02/17 14:11:00",
  "value" : "10"
},{
  "dateTime" : "03/02/17 14:12:00",
  "value" : "20"
},{
  "dateTime" : "03/02/17 14:13:00",
  "value" : "10"
},{
  "dateTime" : "03/02/17 14:29:00",
  "value" : "10"
},{
  "dateTime" : "03/02/17 14:30:00",
  "value" : "20"
},{
  "dateTime" : "03/02/17 15:11:00",
  "value" : "10"
},{
  "dateTime" : "03/02/17 15:12:00",
  "value" : "10"
},{
  "dateTime" : "03/02/17 15:13:00",
  "value" : "10"
},{
  "dateTime" : "03/02/17 15:14:00",
  "value" : "10"
},{
  "dateTime" : "03/02/17 15:36:00",
  "value" : "10"
},{
  "dateTime" : "03/02/17 15:37:00",
  "value" : "20"
},{
  "dateTime" : "03/02/17 15:38:00",
  "value" : "10"
},{
  "dateTime" : "03/02/17 15:44:00",
  "value" : "10"
},{
  "dateTime" : "03/02/17 17:04:00",
  "value" : "10"
},{
  "dateTime" : "03/02/17 19:01:00",
  "value" : "10"
},{
  "dateTime" : "03/02/17 19:02:00",
  "value" : "20"
},{
  "dateTime" : "03/02/17 19:03:00",
  "value" : "20"
},{
  "dateTime" : "03/02/17 19:22:00",
  "value" : "10"
},{
  "dateTime" : "03/02/17 20:36:00",
  "value" : "10"
},{
  "dateTime" : "03/02/17 20:37:00",
  "value" : "10"
},{
  "dateTime" : "03/02/17 20:38:00",
  "value" : "10"
},{
  "dateTime" : "03/02/17 20:39:00",
  "value" : "10"
},{
  "dateTime" : "03/02/17 20:40:00",
  "value" : "10"
},{
  "dateTime" : "03/02/17 20:41:00",
  "value" : "20"
},{
  "dateTime" : "03/02/17 20:42:00",
  "value" : "10"
},{
  "dateTime" : "03/02/17 20:43:00",
  "value" : "30"
},{
  "dateTime" : "03/02/17 20:44:00",
  "value" : "10"
},{
  "dateTime" : "03/02/17 21:40:00",
  "value" : "20"
},{
  "dateTime" : "03/03/17 08:55:00",
  "value" : "10"
},{
  "dateTime" : "03/03/17 09:12:00",
  "value" : "10"
},{
  "dateTime" : "03/03/17 09:13:00",
  "value" : "10"
},{
  "dateTime" : "03/03/17 09:14:00",
  "value" : "40"
},{
  "dateTime" : "03/03/17 09:15:00",
  "value" : "10"
},{
  "dateTime" : "03/03/17 09:23:00",
  "value" : "20"
},{
  "dateTime" : "03/03/17 09:24:00",
  "value" : "10"
},{
  "dateTime" : "03/03/17 09:25:00",
  "value" : "20"
},{
  "dateTime" : "03/03/17 10:40:00",
  "value" : "20"
},{
  "dateTime" : "03/03/17 10:41:00",
  "value" : "10"
},{
  "dateTime" : "03/03/17 10:56:00",
  "value" : "20"
},{
  "dateTime" : "03/03/17 11:15:00",
  "value" : "10"
},{
  "dateTime" : "03/03/17 12:03:00",
  "value" : "10"
},{
  "dateTime" : "03/03/17 12:04:00",
  "value" : "50"
},{
  "dateTime" : "03/03/17 12:11:00",
  "value" : "10"
},{
  "dateTime" : "03/03/17 13:10:00",
  "value" : "10"
},{
  "dateTime" : "03/03/17 13:11:00",
  "value" : "20"
},{
  "dateTime" : "03/03/17 14:35:00",
  "value" : "10"
},{
  "dateTime" : "03/03/17 14:40:00",
  "value" : "20"
},{
  "dateTime" : "03/03/17 16:13:00",
  "value" : "30"
},{
  "dateTime" : "03/03/17 18:53:00",
  "value" : "10"
},{
  "dateTime" : "03/03/17 19:00:00",
  "value" : "10"
},{
  "dateTime" : "03/03/17 19:01:00",
  "value" : "10"
},{
  "dateTime" : "03/03/17 19:08:00",
  "value" : "30"
},{
  "dateTime" : "03/03/17 20:34:00",
  "value" : "10"
},{
  "dateTime" : "03/03/17 21:23:00",
  "value" : "20"
},{
  "dateTime" : "03/03/17 22:04:00",
  "value" : "10"
},{
  "dateTime" : "03/03/17 23:12:00",
  "value" : "20"
},{
  "dateTime" : "03/03/17 23:13:00",
  "value" : "20"
},{
  "dateTime" : "03/03/17 23:14:00",
  "value" : "10"
},{
  "dateTime" : "03/03/17 23:15:00",
  "value" : "20"
},{
  "dateTime" : "03/03/17 23:38:00",
  "value" : "10"
},{
  "dateTime" : "03/04/17 00:22:00",
  "value" : "10"
},{
  "dateTime" : "03/04/17 01:01:00",
  "value" : "10"
},{
  "dateTime" : "03/04/17 01:02:00",
  "value" : "10"
},{
  "dateTime" : "03/04/17 01:20:00",
  "value" : "40"
},{
  "dateTime" : "03/04/17 01:21:00",
  "value" : "20"
},{
  "dateTime" : "03/04/17 01:22:00",
  "value" : "10"
},{
  "dateTime" : "03/04/17 01:23:00",
  "value" : "10"
},{
  "dateTime" : "03/04/17 08:21:00",
  "value" : "10"
},{
  "dateTime" : "03/04/17 08:22:00",
  "value" : "10"
},{
  "dateTime" : "03/04/17 08:23:00",
  "value" : "20"
},{
  "dateTime" : "03/04/17 08:24:00",
  "value" : "10"
},{
  "dateTime" : "03/04/17 08:45:00",
  "value" : "10"
},{
  "dateTime" : "03/04/17 09:50:00",
  "value" : "10"
},{
  "dateTime" : "03/04/17 09:51:00",
  "value" : "10"
},{
  "dateTime" : "03/04/17 10:25:00",
  "value" : "10"
},{
  "dateTime" : "03/04/17 10:26:00",
  "value" : "10"
},{
  "dateTime" : "03/04/17 14:01:00",
  "value" : "10"
},{
  "dateTime" : "03/04/17 14:02:00",
  "value" : "10"
},{
  "dateTime" : "03/04/17 16:51:00",
  "value" : "20"
},{
  "dateTime" : "03/04/17 16:52:00",
  "value" : "30"
},{
  "dateTime" : "03/04/17 16:53:00",
  "value" : "40"
},{
  "dateTime" : "03/04/17 16:54:00",
  "value" : "30"
},{
  "dateTime" : "03/04/17 16:55:00",
  "value" : "10"
},{
  "dateTime" : "03/04/17 16:56:00",
  "value" : "50"
},{
  "dateTime" : "03/04/17 16:57:00",
  "value" : "20"
},{
  "dateTime" : "03/04/17 16:58:00",
  "value" : "20"
},{
  "dateTime" : "03/04/17 17:46:00",
  "value" : "10"
},{
  "dateTime" : "03/04/17 18:06:00",
  "value" : "10"
},{
  "dateTime" : "03/04/17 18:07:00",
  "value" : "10"
},{
  "dateTime" : "03/04/17 22:36:00",
  "value" : "10"
},{
  "dateTime" : "03/05/17 08:57:00",
  "value" : "10"
},{
  "dateTime" : "03/05/17 08:58:00",
  "value" : "10"
},{
  "dateTime" : "03/05/17 15:59:00",
  "value" : "10"
},{
  "dateTime" : "03/05/17 16:25:00",
  "value" : "30"
},{
  "dateTime" : "03/05/17 16:42:00",
  "value" : "10"
},{
  "dateTime" : "03/05/17 16:43:00",
  "value" : "10"
},{
  "dateTime" : "03/05/17 16:44:00",
  "value" : "10"
},{
  "dateTime" : "03/05/17 17:45:00",
  "value" : "10"
},{
  "dateTime" : "03/05/17 17:46:00",
  "value" : "20"
},{
  "dateTime" : "03/05/17 17:47:00",
  "value" : "10"
},{
  "dateTime" : "03/05/17 17:48:00",
  "value" : "30"
},{
  "dateTime" : "03/05/17 18:55:00",
  "value" : "10"
},{
  "dateTime" : "03/05/17 20:17:00",
  "value" : "10"
},{
  "dateTime" : "03/05/17 20:18:00",
  "value" : "40"
},{
  "dateTime" : "03/06/17 09:09:00",
  "value" : "20"
},{
  "dateTime" : "03/06/17 09:10:00",
  "value" : "30"
},{
  "dateTime" : "03/06/17 09:11:00",
  "value" : "30"
},{
  "dateTime" : "03/06/17 09:12:00",
  "value" : "20"
},{
  "dateTime" : "03/06/17 09:13:00",
  "value" : "40"
},{
  "dateTime" : "03/06/17 09:19:00",
  "value" : "10"
},{
  "dateTime" : "03/06/17 09:20:00",
  "value" : "10"
},{
  "dateTime" : "03/06/17 09:21:00",
  "value" : "10"
},{
  "dateTime" : "03/06/17 09:22:00",
  "value" : "10"
},{
  "dateTime" : "03/06/17 09:27:00",
  "value" : "10"
},{
  "dateTime" : "03/06/17 09:28:00",
  "value" : "10"
},{
  "dateTime" : "03/06/17 09:29:00",
  "value" : "10"
},{
  "dateTime" : "03/06/17 09:30:00",
  "value" : "10"
},{
  "dateTime" : "03/06/17 09:54:00",
  "value" : "10"
},{
  "dateTime" : "03/06/17 09:58:00",
  "value" : "20"
},{
  "dateTime" : "03/06/17 09:59:00",
  "value" : "20"
},{
  "dateTime" : "03/06/17 10:00:00",
  "value" : "10"
},{
  "dateTime" : "03/06/17 10:56:00",
  "value" : "20"
},{
  "dateTime" : "03/06/17 11:00:00",
  "value" : "10"
},{
  "dateTime" : "03/06/17 11:01:00",
  "value" : "10"
},{
  "dateTime" : "03/06/17 11:52:00",
  "value" : "10"
},{
  "dateTime" : "03/06/17 11:53:00",
  "value" : "10"
},{
  "dateTime" : "03/06/17 13:04:00",
  "value" : "10"
},{
  "dateTime" : "03/06/17 13:05:00",
  "value" : "10"
},{
  "dateTime" : "03/06/17 13:51:00",
  "value" : "10"
},{
  "dateTime" : "03/06/17 13:52:00",
  "value" : "10"
},{
  "dateTime" : "03/06/17 15:02:00",
  "value" : "10"
},{
  "dateTime" : "03/06/17 15:03:00",
  "value" : "10"
},{
  "dateTime" : "03/06/17 16:00:00",
  "value" : "10"
},{
  "dateTime" : "03/06/17 16:01:00",
  "value" : "10"
},{
  "dateTime" : "03/06/17 17:12:00",
  "value" : "30"
},{
  "dateTime" : "03/06/17 17:13:00",
  "value" : "10"
},{
  "dateTime" : "03/06/17 18:32:00",
  "value" : "20"
},{
  "dateTime" : "03/06/17 18:33:00",
  "value" : "20"
},{
  "dateTime" : "03/06/17 18:34:00",
  "value" : "10"
},{
  "dateTime" : "03/06/17 18:59:00",
  "value" : "10"
},{
  "dateTime" : "03/06/17 19:00:00",
  "value" : "30"
},{
  "dateTime" : "03/06/17 19:01:00",
  "value" : "10"
},{
  "dateTime" : "03/06/17 19:02:00",
  "value" : "10"
},{
  "dateTime" : "03/06/17 21:07:00",
  "value" : "10"
},{
  "dateTime" : "03/06/17 21:08:00",
  "value" : "10"
},{
  "dateTime" : "03/06/17 21:09:00",
  "value" : "20"
},{
  "dateTime" : "03/06/17 21:10:00",
  "value" : "10"
},{
  "dateTime" : "03/06/17 21:11:00",
  "value" : "30"
},{
  "dateTime" : "03/06/17 23:31:00",
  "value" : "10"
},{
  "dateTime" : "03/07/17 07:34:00",
  "value" : "20"
},{
  "dateTime" : "03/07/17 07:56:00",
  "value" : "10"
},{
  "dateTime" : "03/07/17 07:57:00",
  "value" : "30"
},{
  "dateTime" : "03/07/17 07:58:00",
  "value" : "30"
},{
  "dateTime" : "03/07/17 07:59:00",
  "value" : "20"
},{
  "dateTime" : "03/07/17 08:00:00",
  "value" : "30"
},{
  "dateTime" : "03/07/17 08:04:00",
  "value" : "10"
},{
  "dateTime" : "03/07/17 08:05:00",
  "value" : "20"
},{
  "dateTime" : "03/07/17 08:06:00",
  "value" : "50"
},{
  "dateTime" : "03/07/17 08:07:00",
  "value" : "30"
},{
  "dateTime" : "03/07/17 08:08:00",
  "value" : "40"
},{
  "dateTime" : "03/07/17 08:09:00",
  "value" : "30"
},{
  "dateTime" : "03/07/17 08:10:00",
  "value" : "40"
},{
  "dateTime" : "03/07/17 08:11:00",
  "value" : "20"
},{
  "dateTime" : "03/07/17 08:12:00",
  "value" : "20"
},{
  "dateTime" : "03/07/17 08:13:00",
  "value" : "40"
},{
  "dateTime" : "03/07/17 08:14:00",
  "value" : "30"
},{
  "dateTime" : "03/07/17 08:15:00",
  "value" : "30"
},{
  "dateTime" : "03/07/17 08:16:00",
  "value" : "30"
},{
  "dateTime" : "03/07/17 10:08:00",
  "value" : "10"
},{
  "dateTime" : "03/07/17 11:09:00",
  "value" : "10"
},{
  "dateTime" : "03/07/17 13:22:00",
  "value" : "20"
},{
  "dateTime" : "03/07/17 13:23:00",
  "value" : "10"
},{
  "dateTime" : "03/07/17 14:05:00",
  "value" : "20"
},{
  "dateTime" : "03/07/17 14:06:00",
  "value" : "10"
},{
  "dateTime" : "03/07/17 14:07:00",
  "value" : "20"
},{
  "dateTime" : "03/07/17 14:08:00",
  "value" : "10"
},{
  "dateTime" : "03/07/17 14:09:00",
  "value" : "20"
},{
  "dateTime" : "03/07/17 14:10:00",
  "value" : "30"
},{
  "dateTime" : "03/07/17 14:11:00",
  "value" : "20"
},{
  "dateTime" : "03/07/17 14:12:00",
  "value" : "10"
},{
  "dateTime" : "03/07/17 14:13:00",
  "value" : "20"
},{
  "dateTime" : "03/07/17 14:14:00",
  "value" : "20"
},{
  "dateTime" : "03/07/17 14:15:00",
  "value" : "10"
},{
  "dateTime" : "03/07/17 14:16:00",
  "value" : "20"
},{
  "dateTime" : "03/07/17 14:17:00",
  "value" : "20"
},{
  "dateTime" : "03/07/17 14:18:00",
  "value" : "20"
},{
  "dateTime" : "03/07/17 14:19:00",
  "value" : "10"
},{
  "dateTime" : "03/07/17 14:20:00",
  "value" : "20"
},{
  "dateTime" : "03/07/17 14:21:00",
  "value" : "20"
},{
  "dateTime" : "03/07/17 14:22:00",
  "value" : "10"
},{
  "dateTime" : "03/07/17 14:23:00",
  "value" : "10"
},{
  "dateTime" : "03/07/17 14:24:00",
  "value" : "20"
},{
  "dateTime" : "03/07/17 14:25:00",
  "value" : "10"
},{
  "dateTime" : "03/07/17 14:26:00",
  "value" : "10"
},{
  "dateTime" : "03/07/17 14:27:00",
  "value" : "20"
},{
  "dateTime" : "03/07/17 14:28:00",
  "value" : "20"
},{
  "dateTime" : "03/07/17 14:29:00",
  "value" : "20"
},{
  "dateTime" : "03/07/17 14:30:00",
  "value" : "20"
},{
  "dateTime" : "03/07/17 14:31:00",
  "value" : "10"
},{
  "dateTime" : "03/07/17 14:32:00",
  "value" : "20"
},{
  "dateTime" : "03/07/17 14:33:00",
  "value" : "20"
},{
  "dateTime" : "03/07/17 14:34:00",
  "value" : "20"
},{
  "dateTime" : "03/07/17 14:35:00",
  "value" : "10"
},{
  "dateTime" : "03/07/17 14:36:00",
  "value" : "10"
},{
  "dateTime" : "03/07/17 14:37:00",
  "value" : "20"
},{
  "dateTime" : "03/07/17 14:53:00",
  "value" : "10"
},{
  "dateTime" : "03/07/17 14:54:00",
  "value" : "10"
},{
  "dateTime" : "03/07/17 14:55:00",
  "value" : "10"
},{
  "dateTime" : "03/07/17 14:56:00",
  "value" : "10"
},{
  "dateTime" : "03/07/17 14:57:00",
  "value" : "30"
},{
  "dateTime" : "03/07/17 14:58:00",
  "value" : "10"
},{
  "dateTime" : "03/07/17 15:24:00",
  "value" : "10"
},{
  "dateTime" : "03/07/17 15:25:00",
  "value" : "10"
},{
  "dateTime" : "03/07/17 15:40:00",
  "value" : "20"
},{
  "dateTime" : "03/07/17 15:41:00",
  "value" : "20"
},{
  "dateTime" : "03/07/17 15:42:00",
  "value" : "10"
},{
  "dateTime" : "03/07/17 15:43:00",
  "value" : "10"
},{
  "dateTime" : "03/07/17 15:57:00",
  "value" : "10"
},{
  "dateTime" : "03/07/17 16:59:00",
  "value" : "10"
},{
  "dateTime" : "03/07/17 17:00:00",
  "value" : "20"
},{
  "dateTime" : "03/07/17 17:01:00",
  "value" : "10"
},{
  "dateTime" : "03/07/17 17:02:00",
  "value" : "10"
},{
  "dateTime" : "03/07/17 17:03:00",
  "value" : "10"
},{
  "dateTime" : "03/07/17 18:16:00",
  "value" : "30"
},{
  "dateTime" : "03/07/17 18:59:00",
  "value" : "10"
},{
  "dateTime" : "03/07/17 20:45:00",
  "value" : "10"
},{
  "dateTime" : "03/07/17 20:46:00",
  "value" : "10"
},{
  "dateTime" : "03/07/17 20:47:00",
  "value" : "10"
},{
  "dateTime" : "03/07/17 20:48:00",
  "value" : "10"
},{
  "dateTime" : "03/07/17 20:49:00",
  "value" : "20"
},{
  "dateTime" : "03/07/17 20:50:00",
  "value" : "30"
},{
  "dateTime" : "03/08/17 08:31:00",
  "value" : "10"
},{
  "dateTime" : "03/08/17 08:32:00",
  "value" : "10"
},{
  "dateTime" : "03/08/17 08:33:00",
  "value" : "20"
},{
  "dateTime" : "03/08/17 08:34:00",
  "value" : "20"
},{
  "dateTime" : "03/08/17 08:35:00",
  "value" : "20"
},{
  "dateTime" : "03/08/17 08:36:00",
  "value" : "20"
},{
  "dateTime" : "03/08/17 08:37:00",
  "value" : "20"
},{
  "dateTime" : "03/08/17 08:38:00",
  "value" : "10"
},{
  "dateTime" : "03/08/17 08:39:00",
  "value" : "30"
},{
  "dateTime" : "03/08/17 08:40:00",
  "value" : "20"
},{
  "dateTime" : "03/08/17 08:41:00",
  "value" : "10"
},{
  "dateTime" : "03/08/17 08:42:00",
  "value" : "20"
},{
  "dateTime" : "03/08/17 08:43:00",
  "value" : "20"
},{
  "dateTime" : "03/08/17 08:44:00",
  "value" : "20"
},{
  "dateTime" : "03/08/17 08:45:00",
  "value" : "10"
},{
  "dateTime" : "03/08/17 08:46:00",
  "value" : "10"
},{
  "dateTime" : "03/08/17 08:47:00",
  "value" : "20"
},{
  "dateTime" : "03/08/17 08:48:00",
  "value" : "20"
},{
  "dateTime" : "03/08/17 08:49:00",
  "value" : "20"
},{
  "dateTime" : "03/08/17 08:50:00",
  "value" : "20"
},{
  "dateTime" : "03/08/17 08:51:00",
  "value" : "20"
},{
  "dateTime" : "03/08/17 08:52:00",
  "value" : "10"
},{
  "dateTime" : "03/08/17 08:53:00",
  "value" : "10"
},{
  "dateTime" : "03/08/17 08:54:00",
  "value" : "10"
},{
  "dateTime" : "03/08/17 08:55:00",
  "value" : "10"
},{
  "dateTime" : "03/08/17 08:56:00",
  "value" : "20"
},{
  "dateTime" : "03/08/17 08:57:00",
  "value" : "10"
},{
  "dateTime" : "03/08/17 08:58:00",
  "value" : "10"
},{
  "dateTime" : "03/08/17 08:59:00",
  "value" : "10"
},{
  "dateTime" : "03/08/17 09:00:00",
  "value" : "10"
},{
  "dateTime" : "03/08/17 09:12:00",
  "value" : "10"
},{
  "dateTime" : "03/08/17 09:13:00",
  "value" : "20"
},{
  "dateTime" : "03/08/17 09:14:00",
  "value" : "10"
},{
  "dateTime" : "03/08/17 09:52:00",
  "value" : "10"
},{
  "dateTime" : "03/08/17 09:53:00",
  "value" : "10"
},{
  "dateTime" : "03/08/17 09:54:00",
  "value" : "20"
},{
  "dateTime" : "03/08/17 09:55:00",
  "value" : "10"
},{
  "dateTime" : "03/08/17 09:56:00",
  "value" : "10"
},{
  "dateTime" : "03/08/17 10:21:00",
  "value" : "10"
},{
  "dateTime" : "03/08/17 10:22:00",
  "value" : "40"
},{
  "dateTime" : "03/08/17 10:23:00",
  "value" : "10"
},{
  "dateTime" : "03/08/17 11:04:00",
  "value" : "10"
},{
  "dateTime" : "03/08/17 11:05:00",
  "value" : "20"
},{
  "dateTime" : "03/08/17 11:06:00",
  "value" : "10"
},{
  "dateTime" : "03/08/17 11:07:00",
  "value" : "20"
},{
  "dateTime" : "03/08/17 12:03:00",
  "value" : "10"
},{
  "dateTime" : "03/08/17 12:04:00",
  "value" : "10"
},{
  "dateTime" : "03/08/17 12:25:00",
  "value" : "30"
},{
  "dateTime" : "03/08/17 12:26:00",
  "value" : "10"
},{
  "dateTime" : "03/08/17 15:03:00",
  "value" : "10"
},{
  "dateTime" : "03/08/17 15:04:00",
  "value" : "10"
},{
  "dateTime" : "03/08/17 15:05:00",
  "value" : "10"
},{
  "dateTime" : "03/08/17 16:54:00",
  "value" : "10"
},{
  "dateTime" : "03/08/17 16:55:00",
  "value" : "20"
},{
  "dateTime" : "03/08/17 16:56:00",
  "value" : "10"
},{
  "dateTime" : "03/08/17 17:37:00",
  "value" : "10"
},{
  "dateTime" : "03/08/17 17:38:00",
  "value" : "10"
},{
  "dateTime" : "03/08/17 17:39:00",
  "value" : "10"
},{
  "dateTime" : "03/08/17 17:40:00",
  "value" : "30"
},{
  "dateTime" : "03/08/17 18:33:00",
  "value" : "20"
},{
  "dateTime" : "03/08/17 18:34:00",
  "value" : "20"
},{
  "dateTime" : "03/08/17 18:35:00",
  "value" : "20"
},{
  "dateTime" : "03/08/17 19:53:00",
  "value" : "10"
},{
  "dateTime" : "03/08/17 19:54:00",
  "value" : "20"
},{
  "dateTime" : "03/09/17 08:51:00",
  "value" : "10"
},{
  "dateTime" : "03/09/17 08:52:00",
  "value" : "20"
},{
  "dateTime" : "03/09/17 08:53:00",
  "value" : "10"
},{
  "dateTime" : "03/09/17 08:54:00",
  "value" : "10"
},{
  "dateTime" : "03/09/17 08:55:00",
  "value" : "10"
},{
  "dateTime" : "03/09/17 08:56:00",
  "value" : "10"
},{
  "dateTime" : "03/09/17 11:21:00",
  "value" : "20"
},{
  "dateTime" : "03/09/17 11:22:00",
  "value" : "10"
},{
  "dateTime" : "03/09/17 16:36:00",
  "value" : "10"
},{
  "dateTime" : "03/09/17 16:44:00",
  "value" : "10"
},{
  "dateTime" : "03/09/17 16:45:00",
  "value" : "20"
},{
  "dateTime" : "03/09/17 19:02:00",
  "value" : "10"
},{
  "dateTime" : "03/09/17 19:03:00",
  "value" : "20"
},{
  "dateTime" : "03/09/17 19:04:00",
  "value" : "10"
},{
  "dateTime" : "03/09/17 19:05:00",
  "value" : "10"
},{
  "dateTime" : "03/09/17 19:06:00",
  "value" : "10"
},{
  "dateTime" : "03/09/17 19:07:00",
  "value" : "10"
},{
  "dateTime" : "03/09/17 19:51:00",
  "value" : "10"
},{
  "dateTime" : "03/09/17 19:52:00",
  "value" : "10"
},{
  "dateTime" : "03/09/17 19:53:00",
  "value" : "10"
},{
  "dateTime" : "03/09/17 20:17:00",
  "value" : "10"
},{
  "dateTime" : "03/09/17 20:18:00",
  "value" : "10"
},{
  "dateTime" : "03/09/17 20:19:00",
  "value" : "10"
},{
  "dateTime" : "03/09/17 20:20:00",
  "value" : "10"
},{
  "dateTime" : "03/09/17 20:54:00",
  "value" : "20"
},{
  "dateTime" : "03/09/17 20:55:00",
  "value" : "20"
},{
  "dateTime" : "03/10/17 10:56:00",
  "value" : "10"
},{
  "dateTime" : "03/10/17 10:57:00",
  "value" : "10"
},{
  "dateTime" : "03/10/17 10:58:00",
  "value" : "10"
},{
  "dateTime" : "03/10/17 10:59:00",
  "value" : "20"
},{
  "dateTime" : "03/10/17 11:00:00",
  "value" : "10"
},{
  "dateTime" : "03/10/17 12:02:00",
  "value" : "10"
},{
  "dateTime" : "03/10/17 13:09:00",
  "value" : "10"
},{
  "dateTime" : "03/10/17 13:10:00",
  "value" : "10"
},{
  "dateTime" : "03/10/17 13:11:00",
  "value" : "10"
},{
  "dateTime" : "03/10/17 14:13:00",
  "value" : "10"
},{
  "dateTime" : "03/10/17 14:14:00",
  "value" : "10"
},{
  "dateTime" : "03/10/17 14:15:00",
  "value" : "10"
},{
  "dateTime" : "03/10/17 14:16:00",
  "value" : "30"
},{
  "dateTime" : "03/10/17 15:08:00",
  "value" : "10"
},{
  "dateTime" : "03/10/17 15:09:00",
  "value" : "10"
},{
  "dateTime" : "03/10/17 16:03:00",
  "value" : "20"
},{
  "dateTime" : "03/10/17 17:32:00",
  "value" : "10"
},{
  "dateTime" : "03/10/17 17:33:00",
  "value" : "20"
},{
  "dateTime" : "03/10/17 17:34:00",
  "value" : "10"
},{
  "dateTime" : "03/10/17 17:35:00",
  "value" : "20"
},{
  "dateTime" : "03/10/17 18:59:00",
  "value" : "10"
},{
  "dateTime" : "03/10/17 19:00:00",
  "value" : "10"
},{
  "dateTime" : "03/10/17 22:15:00",
  "value" : "10"
},{
  "dateTime" : "03/10/17 22:16:00",
  "value" : "10"
},{
  "dateTime" : "03/10/17 23:24:00",
  "value" : "10"
},{
  "dateTime" : "03/10/17 23:25:00",
  "value" : "10"
},{
  "dateTime" : "03/11/17 11:53:00",
  "value" : "10"
},{
  "dateTime" : "03/11/17 11:54:00",
  "value" : "20"
},{
  "dateTime" : "03/11/17 11:55:00",
  "value" : "10"
},{
  "dateTime" : "03/11/17 11:56:00",
  "value" : "20"
},{
  "dateTime" : "03/11/17 15:01:00",
  "value" : "20"
},{
  "dateTime" : "03/11/17 15:02:00",
  "value" : "10"
},{
  "dateTime" : "03/11/17 15:03:00",
  "value" : "10"
},{
  "dateTime" : "03/11/17 15:04:00",
  "value" : "30"
},{
  "dateTime" : "03/11/17 15:05:00",
  "value" : "40"
},{
  "dateTime" : "03/11/17 15:06:00",
  "value" : "50"
},{
  "dateTime" : "03/11/17 15:07:00",
  "value" : "50"
},{
  "dateTime" : "03/11/17 15:08:00",
  "value" : "40"
},{
  "dateTime" : "03/11/17 15:09:00",
  "value" : "20"
},{
  "dateTime" : "03/11/17 15:10:00",
  "value" : "30"
},{
  "dateTime" : "03/11/17 15:11:00",
  "value" : "20"
},{
  "dateTime" : "03/11/17 15:12:00",
  "value" : "20"
},{
  "dateTime" : "03/11/17 15:13:00",
  "value" : "20"
},{
  "dateTime" : "03/11/17 15:14:00",
  "value" : "40"
},{
  "dateTime" : "03/11/17 15:15:00",
  "value" : "50"
},{
  "dateTime" : "03/11/17 15:17:00",
  "value" : "10"
},{
  "dateTime" : "03/11/17 15:18:00",
  "value" : "10"
},{
  "dateTime" : "03/11/17 15:19:00",
  "value" : "20"
},{
  "dateTime" : "03/11/17 15:20:00",
  "value" : "20"
},{
  "dateTime" : "03/11/17 15:21:00",
  "value" : "50"
},{
  "dateTime" : "03/11/17 15:22:00",
  "value" : "70"
},{
  "dateTime" : "03/11/17 15:23:00",
  "value" : "40"
},{
  "dateTime" : "03/11/17 15:24:00",
  "value" : "40"
},{
  "dateTime" : "03/11/17 15:25:00",
  "value" : "60"
},{
  "dateTime" : "03/11/17 15:26:00",
  "value" : "60"
},{
  "dateTime" : "03/11/17 15:27:00",
  "value" : "70"
},{
  "dateTime" : "03/11/17 15:28:00",
  "value" : "20"
},{
  "dateTime" : "03/11/17 15:29:00",
  "value" : "10"
},{
  "dateTime" : "03/11/17 15:33:00",
  "value" : "10"
},{
  "dateTime" : "03/11/17 15:34:00",
  "value" : "70"
},{
  "dateTime" : "03/11/17 15:35:00",
  "value" : "50"
},{
  "dateTime" : "03/11/17 15:36:00",
  "value" : "30"
},{
  "dateTime" : "03/11/17 15:37:00",
  "value" : "40"
},{
  "dateTime" : "03/11/17 15:38:00",
  "value" : "20"
},{
  "dateTime" : "03/11/17 15:52:00",
  "value" : "10"
},{
  "dateTime" : "03/11/17 15:53:00",
  "value" : "10"
},{
  "dateTime" : "03/11/17 15:54:00",
  "value" : "10"
},{
  "dateTime" : "03/11/17 15:55:00",
  "value" : "10"
},{
  "dateTime" : "03/11/17 15:56:00",
  "value" : "20"
},{
  "dateTime" : "03/11/17 15:57:00",
  "value" : "40"
},{
  "dateTime" : "03/11/17 15:58:00",
  "value" : "20"
},{
  "dateTime" : "03/11/17 16:05:00",
  "value" : "20"
},{
  "dateTime" : "03/11/17 16:06:00",
  "value" : "10"
},{
  "dateTime" : "03/11/17 16:39:00",
  "value" : "10"
},{
  "dateTime" : "03/11/17 16:40:00",
  "value" : "10"
},{
  "dateTime" : "03/11/17 16:47:00",
  "value" : "10"
},{
  "dateTime" : "03/11/17 17:13:00",
  "value" : "30"
},{
  "dateTime" : "03/11/17 17:48:00",
  "value" : "20"
},{
  "dateTime" : "03/11/17 17:49:00",
  "value" : "20"
},{
  "dateTime" : "03/11/17 17:50:00",
  "value" : "20"
},{
  "dateTime" : "03/11/17 17:51:00",
  "value" : "40"
},{
  "dateTime" : "03/11/17 17:52:00",
  "value" : "20"
},{
  "dateTime" : "03/11/17 17:53:00",
  "value" : "30"
},{
  "dateTime" : "03/11/17 17:54:00",
  "value" : "20"
},{
  "dateTime" : "03/11/17 17:59:00",
  "value" : "10"
},{
  "dateTime" : "03/11/17 18:00:00",
  "value" : "10"
},{
  "dateTime" : "03/11/17 18:36:00",
  "value" : "10"
},{
  "dateTime" : "03/11/17 19:23:00",
  "value" : "20"
},{
  "dateTime" : "03/11/17 22:05:00",
  "value" : "10"
},{
  "dateTime" : "03/11/17 22:06:00",
  "value" : "10"
},{
  "dateTime" : "03/11/17 22:07:00",
  "value" : "10"
},{
  "dateTime" : "03/11/17 22:08:00",
  "value" : "10"
},{
  "dateTime" : "03/11/17 22:09:00",
  "value" : "10"
},{
  "dateTime" : "03/11/17 22:10:00",
  "value" : "30"
},{
  "dateTime" : "03/11/17 22:24:00",
  "value" : "10"
},{
  "dateTime" : "03/11/17 22:25:00",
  "value" : "20"
},{
  "dateTime" : "03/11/17 22:26:00",
  "value" : "20"
},{
  "dateTime" : "03/11/17 22:27:00",
  "value" : "10"
},{
  "dateTime" : "03/11/17 22:28:00",
  "value" : "10"
},{
  "dateTime" : "03/11/17 22:38:00",
  "value" : "10"
},{
  "dateTime" : "03/11/17 22:39:00",
  "value" : "10"
},{
  "dateTime" : "03/11/17 22:59:00",
  "value" : "10"
},{
  "dateTime" : "03/11/17 23:00:00",
  "value" : "10"
},{
  "dateTime" : "03/11/17 23:21:00",
  "value" : "10"
},{
  "dateTime" : "03/11/17 23:22:00",
  "value" : "20"
},{
  "dateTime" : "03/11/17 23:23:00",
  "value" : "10"
},{
  "dateTime" : "03/11/17 23:24:00",
  "value" : "20"
},{
  "dateTime" : "03/11/17 23:25:00",
  "value" : "10"
},{
  "dateTime" : "03/11/17 23:26:00",
  "value" : "20"
},{
  "dateTime" : "03/11/17 23:29:00",
  "value" : "10"
},{
  "dateTime" : "03/11/17 23:30:00",
  "value" : "10"
},{
  "dateTime" : "03/11/17 23:31:00",
  "value" : "10"
},{
  "dateTime" : "03/11/17 23:32:00",
  "value" : "20"
},{
  "dateTime" : "03/11/17 23:33:00",
  "value" : "40"
},{
  "dateTime" : "03/11/17 23:34:00",
  "value" : "20"
},{
  "dateTime" : "03/11/17 23:35:00",
  "value" : "10"
},{
  "dateTime" : "03/11/17 23:37:00",
  "value" : "30"
},{
  "dateTime" : "03/11/17 23:38:00",
  "value" : "10"
},{
  "dateTime" : "03/11/17 23:39:00",
  "value" : "10"
},{
  "dateTime" : "03/11/17 23:40:00",
  "value" : "10"
},{
  "dateTime" : "03/11/17 23:41:00",
  "value" : "10"
},{
  "dateTime" : "03/11/17 23:42:00",
  "value" : "20"
},{
  "dateTime" : "03/11/17 23:43:00",
  "value" : "10"
},{
  "dateTime" : "03/11/17 23:44:00",
  "value" : "30"
},{
  "dateTime" : "03/11/17 23:46:00",
  "value" : "20"
},{
  "dateTime" : "03/11/17 23:47:00",
  "value" : "10"
},{
  "dateTime" : "03/11/17 23:48:00",
  "value" : "10"
},{
  "dateTime" : "03/11/17 23:49:00",
  "value" : "10"
},{
  "dateTime" : "03/11/17 23:59:00",
  "value" : "20"
},{
  "dateTime" : "03/12/17 00:00:00",
  "value" : "10"
},{
  "dateTime" : "03/12/17 00:01:00",
  "value" : "10"
},{
  "dateTime" : "03/12/17 00:02:00",
  "value" : "50"
},{
  "dateTime" : "03/12/17 00:03:00",
  "value" : "20"
},{
  "dateTime" : "03/12/17 00:30:00",
  "value" : "10"
},{
  "dateTime" : "03/12/17 00:31:00",
  "value" : "10"
},{
  "dateTime" : "03/12/17 00:32:00",
  "value" : "10"
},{
  "dateTime" : "03/12/17 00:33:00",
  "value" : "20"
},{
  "dateTime" : "03/12/17 00:34:00",
  "value" : "20"
},{
  "dateTime" : "03/12/17 00:35:00",
  "value" : "20"
},{
  "dateTime" : "03/12/17 00:36:00",
  "value" : "20"
},{
  "dateTime" : "03/12/17 08:57:00",
  "value" : "10"
},{
  "dateTime" : "03/12/17 09:37:00",
  "value" : "10"
},{
  "dateTime" : "03/12/17 09:38:00",
  "value" : "10"
},{
  "dateTime" : "03/12/17 09:39:00",
  "value" : "20"
},{
  "dateTime" : "03/12/17 09:40:00",
  "value" : "10"
},{
  "dateTime" : "03/12/17 13:41:00",
  "value" : "10"
},{
  "dateTime" : "03/12/17 15:35:00",
  "value" : "10"
},{
  "dateTime" : "03/12/17 15:36:00",
  "value" : "10"
},{
  "dateTime" : "03/12/17 15:37:00",
  "value" : "10"
},{
  "dateTime" : "03/12/17 15:38:00",
  "value" : "20"
},{
  "dateTime" : "03/12/17 15:39:00",
  "value" : "10"
},{
  "dateTime" : "03/12/17 15:40:00",
  "value" : "20"
},{
  "dateTime" : "03/12/17 15:41:00",
  "value" : "20"
},{
  "dateTime" : "03/12/17 15:42:00",
  "value" : "20"
},{
  "dateTime" : "03/12/17 15:43:00",
  "value" : "30"
},{
  "dateTime" : "03/12/17 15:44:00",
  "value" : "20"
},{
  "dateTime" : "03/12/17 15:45:00",
  "value" : "30"
},{
  "dateTime" : "03/12/17 15:46:00",
  "value" : "20"
},{
  "dateTime" : "03/12/17 15:47:00",
  "value" : "30"
},{
  "dateTime" : "03/12/17 15:48:00",
  "value" : "20"
},{
  "dateTime" : "03/12/17 15:49:00",
  "value" : "10"
},{
  "dateTime" : "03/12/17 15:50:00",
  "value" : "20"
},{
  "dateTime" : "03/12/17 15:51:00",
  "value" : "20"
},{
  "dateTime" : "03/12/17 15:52:00",
  "value" : "20"
},{
  "dateTime" : "03/12/17 15:53:00",
  "value" : "20"
},{
  "dateTime" : "03/12/17 15:54:00",
  "value" : "10"
},{
  "dateTime" : "03/12/17 15:55:00",
  "value" : "20"
},{
  "dateTime" : "03/12/17 15:56:00",
  "value" : "10"
},{
  "dateTime" : "03/12/17 15:57:00",
  "value" : "10"
},{
  "dateTime" : "03/12/17 15:59:00",
  "value" : "10"
},{
  "dateTime" : "03/12/17 16:00:00",
  "value" : "10"
},{
  "dateTime" : "03/12/17 16:25:00",
  "value" : "10"
},{
  "dateTime" : "03/12/17 16:57:00",
  "value" : "10"
},{
  "dateTime" : "03/12/17 16:58:00",
  "value" : "10"
},{
  "dateTime" : "03/12/17 17:17:00",
  "value" : "10"
},{
  "dateTime" : "03/12/17 18:29:00",
  "value" : "10"
},{
  "dateTime" : "03/12/17 18:30:00",
  "value" : "10"
},{
  "dateTime" : "03/12/17 18:31:00",
  "value" : "10"
},{
  "dateTime" : "03/13/17 09:49:00",
  "value" : "20"
},{
  "dateTime" : "03/13/17 09:50:00",
  "value" : "10"
},{
  "dateTime" : "03/13/17 10:30:00",
  "value" : "20"
},{
  "dateTime" : "03/13/17 10:31:00",
  "value" : "10"
},{
  "dateTime" : "03/13/17 10:32:00",
  "value" : "30"
},{
  "dateTime" : "03/13/17 11:05:00",
  "value" : "10"
},{
  "dateTime" : "03/13/17 11:06:00",
  "value" : "20"
},{
  "dateTime" : "03/13/17 13:13:00",
  "value" : "20"
},{
  "dateTime" : "03/13/17 13:14:00",
  "value" : "10"
},{
  "dateTime" : "03/13/17 14:03:00",
  "value" : "10"
},{
  "dateTime" : "03/13/17 14:04:00",
  "value" : "10"
},{
  "dateTime" : "03/13/17 14:05:00",
  "value" : "20"
},{
  "dateTime" : "03/13/17 14:06:00",
  "value" : "10"
},{
  "dateTime" : "03/13/17 14:07:00",
  "value" : "10"
},{
  "dateTime" : "03/13/17 15:08:00",
  "value" : "10"
},{
  "dateTime" : "03/13/17 15:09:00",
  "value" : "10"
},{
  "dateTime" : "03/13/17 16:45:00",
  "value" : "10"
},{
  "dateTime" : "03/13/17 16:46:00",
  "value" : "10"
},{
  "dateTime" : "03/13/17 16:47:00",
  "value" : "10"
},{
  "dateTime" : "03/13/17 16:48:00",
  "value" : "10"
},{
  "dateTime" : "03/13/17 16:49:00",
  "value" : "20"
},{
  "dateTime" : "03/13/17 16:50:00",
  "value" : "20"
},{
  "dateTime" : "03/13/17 16:51:00",
  "value" : "20"
},{
  "dateTime" : "03/13/17 16:52:00",
  "value" : "20"
},{
  "dateTime" : "03/13/17 16:53:00",
  "value" : "30"
},{
  "dateTime" : "03/13/17 16:54:00",
  "value" : "30"
},{
  "dateTime" : "03/13/17 16:55:00",
  "value" : "30"
},{
  "dateTime" : "03/13/17 16:56:00",
  "value" : "40"
},{
  "dateTime" : "03/13/17 16:57:00",
  "value" : "30"
},{
  "dateTime" : "03/13/17 16:58:00",
  "value" : "40"
},{
  "dateTime" : "03/13/17 16:59:00",
  "value" : "40"
},{
  "dateTime" : "03/13/17 17:00:00",
  "value" : "40"
},{
  "dateTime" : "03/13/17 17:01:00",
  "value" : "30"
},{
  "dateTime" : "03/13/17 17:02:00",
  "value" : "40"
},{
  "dateTime" : "03/13/17 17:03:00",
  "value" : "40"
},{
  "dateTime" : "03/13/17 17:04:00",
  "value" : "40"
},{
  "dateTime" : "03/13/17 17:05:00",
  "value" : "30"
},{
  "dateTime" : "03/13/17 17:06:00",
  "value" : "40"
},{
  "dateTime" : "03/13/17 17:07:00",
  "value" : "40"
},{
  "dateTime" : "03/13/17 17:08:00",
  "value" : "30"
},{
  "dateTime" : "03/13/17 17:09:00",
  "value" : "20"
},{
  "dateTime" : "03/13/17 17:10:00",
  "value" : "20"
},{
  "dateTime" : "03/13/17 17:11:00",
  "value" : "20"
},{
  "dateTime" : "03/13/17 17:12:00",
  "value" : "10"
},{
  "dateTime" : "03/13/17 17:13:00",
  "value" : "10"
},{
  "dateTime" : "03/13/17 17:14:00",
  "value" : "20"
},{
  "dateTime" : "03/13/17 17:57:00",
  "value" : "10"
},{
  "dateTime" : "03/13/17 17:58:00",
  "value" : "40"
},{
  "dateTime" : "03/13/17 17:59:00",
  "value" : "10"
},{
  "dateTime" : "03/13/17 18:24:00",
  "value" : "10"
},{
  "dateTime" : "03/13/17 18:25:00",
  "value" : "30"
},{
  "dateTime" : "03/13/17 19:00:00",
  "value" : "10"
},{
  "dateTime" : "03/13/17 20:03:00",
  "value" : "10"
},{
  "dateTime" : "03/13/17 20:04:00",
  "value" : "10"
},{
  "dateTime" : "03/13/17 20:14:00",
  "value" : "40"
},{
  "dateTime" : "03/13/17 21:00:00",
  "value" : "10"
},{
  "dateTime" : "03/13/17 22:36:00",
  "value" : "10"
},{
  "dateTime" : "03/13/17 23:11:00",
  "value" : "10"
},{
  "dateTime" : "03/13/17 23:12:00",
  "value" : "10"
},{
  "dateTime" : "03/13/17 23:13:00",
  "value" : "10"
},{
  "dateTime" : "03/13/17 23:14:00",
  "value" : "10"
},{
  "dateTime" : "03/13/17 23:19:00",
  "value" : "20"
},{
  "dateTime" : "03/14/17 03:45:00",
  "value" : "10"
},{
  "dateTime" : "03/14/17 07:23:00",
  "value" : "10"
},{
  "dateTime" : "03/14/17 07:49:00",
  "value" : "10"
},{
  "dateTime" : "03/14/17 10:05:00",
  "value" : "10"
},{
  "dateTime" : "03/14/17 14:06:00",
  "value" : "10"
},{
  "dateTime" : "03/14/17 14:07:00",
  "value" : "10"
},{
  "dateTime" : "03/14/17 14:08:00",
  "value" : "10"
},{
  "dateTime" : "03/14/17 14:09:00",
  "value" : "20"
},{
  "dateTime" : "03/14/17 14:10:00",
  "value" : "20"
},{
  "dateTime" : "03/14/17 14:56:00",
  "value" : "10"
},{
  "dateTime" : "03/14/17 14:57:00",
  "value" : "10"
},{
  "dateTime" : "03/14/17 14:58:00",
  "value" : "10"
},{
  "dateTime" : "03/14/17 14:59:00",
  "value" : "10"
},{
  "dateTime" : "03/14/17 15:00:00",
  "value" : "20"
},{
  "dateTime" : "03/14/17 15:23:00",
  "value" : "10"
},{
  "dateTime" : "03/14/17 15:24:00",
  "value" : "20"
},{
  "dateTime" : "03/14/17 15:25:00",
  "value" : "10"
},{
  "dateTime" : "03/14/17 15:26:00",
  "value" : "10"
},{
  "dateTime" : "03/14/17 15:27:00",
  "value" : "30"
},{
  "dateTime" : "03/14/17 15:28:00",
  "value" : "40"
},{
  "dateTime" : "03/14/17 15:29:00",
  "value" : "40"
},{
  "dateTime" : "03/14/17 15:30:00",
  "value" : "20"
},{
  "dateTime" : "03/14/17 15:31:00",
  "value" : "30"
},{
  "dateTime" : "03/14/17 15:32:00",
  "value" : "20"
},{
  "dateTime" : "03/14/17 15:34:00",
  "value" : "20"
},{
  "dateTime" : "03/14/17 17:01:00",
  "value" : "10"
},{
  "dateTime" : "03/14/17 17:02:00",
  "value" : "10"
},{
  "dateTime" : "03/14/17 18:01:00",
  "value" : "10"
},{
  "dateTime" : "03/14/17 18:02:00",
  "value" : "10"
},{
  "dateTime" : "03/14/17 18:03:00",
  "value" : "10"
},{
  "dateTime" : "03/14/17 18:04:00",
  "value" : "10"
},{
  "dateTime" : "03/14/17 18:05:00",
  "value" : "10"
},{
  "dateTime" : "03/14/17 18:06:00",
  "value" : "10"
},{
  "dateTime" : "03/14/17 18:09:00",
  "value" : "10"
},{
  "dateTime" : "03/14/17 18:10:00",
  "value" : "10"
},{
  "dateTime" : "03/14/17 18:33:00",
  "value" : "10"
},{
  "dateTime" : "03/14/17 18:34:00",
  "value" : "10"
},{
  "dateTime" : "03/14/17 18:35:00",
  "value" : "40"
},{
  "dateTime" : "03/14/17 18:51:00",
  "value" : "10"
},{
  "dateTime" : "03/14/17 19:13:00",
  "value" : "10"
},{
  "dateTime" : "03/14/17 19:14:00",
  "value" : "10"
},{
  "dateTime" : "03/14/17 19:15:00",
  "value" : "20"
},{
  "dateTime" : "03/14/17 19:16:00",
  "value" : "10"
},{
  "dateTime" : "03/14/17 19:17:00",
  "value" : "20"
},{
  "dateTime" : "03/14/17 19:18:00",
  "value" : "10"
},{
  "dateTime" : "03/14/17 19:19:00",
  "value" : "10"
},{
  "dateTime" : "03/15/17 08:46:00",
  "value" : "10"
},{
  "dateTime" : "03/15/17 08:47:00",
  "value" : "30"
},{
  "dateTime" : "03/15/17 08:48:00",
  "value" : "10"
},{
  "dateTime" : "03/15/17 08:49:00",
  "value" : "10"
},{
  "dateTime" : "03/15/17 08:50:00",
  "value" : "30"
},{
  "dateTime" : "03/15/17 10:44:00",
  "value" : "10"
},{
  "dateTime" : "03/15/17 11:01:00",
  "value" : "10"
},{
  "dateTime" : "03/15/17 11:02:00",
  "value" : "10"
},{
  "dateTime" : "03/15/17 11:03:00",
  "value" : "10"
},{
  "dateTime" : "03/15/17 11:04:00",
  "value" : "20"
},{
  "dateTime" : "03/15/17 11:05:00",
  "value" : "10"
},{
  "dateTime" : "03/15/17 11:06:00",
  "value" : "10"
},{
  "dateTime" : "03/15/17 11:07:00",
  "value" : "10"
},{
  "dateTime" : "03/15/17 11:08:00",
  "value" : "30"
},{
  "dateTime" : "03/15/17 11:09:00",
  "value" : "20"
},{
  "dateTime" : "03/15/17 11:10:00",
  "value" : "10"
},{
  "dateTime" : "03/15/17 11:11:00",
  "value" : "20"
},{
  "dateTime" : "03/15/17 11:57:00",
  "value" : "10"
},{
  "dateTime" : "03/15/17 12:32:00",
  "value" : "20"
},{
  "dateTime" : "03/15/17 14:47:00",
  "value" : "20"
},{
  "dateTime" : "03/15/17 14:48:00",
  "value" : "10"
},{
  "dateTime" : "03/15/17 16:08:00",
  "value" : "20"
},{
  "dateTime" : "03/15/17 16:09:00",
  "value" : "10"
},{
  "dateTime" : "03/15/17 16:10:00",
  "value" : "10"
},{
  "dateTime" : "03/15/17 16:11:00",
  "value" : "20"
},{
  "dateTime" : "03/15/17 16:12:00",
  "value" : "10"
},{
  "dateTime" : "03/15/17 16:13:00",
  "value" : "10"
},{
  "dateTime" : "03/15/17 16:14:00",
  "value" : "20"
},{
  "dateTime" : "03/15/17 16:15:00",
  "value" : "10"
},{
  "dateTime" : "03/15/17 16:16:00",
  "value" : "10"
},{
  "dateTime" : "03/15/17 16:17:00",
  "value" : "20"
},{
  "dateTime" : "03/15/17 16:18:00",
  "value" : "30"
},{
  "dateTime" : "03/15/17 16:19:00",
  "value" : "30"
},{
  "dateTime" : "03/15/17 16:20:00",
  "value" : "30"
},{
  "dateTime" : "03/15/17 16:21:00",
  "value" : "40"
},{
  "dateTime" : "03/15/17 16:22:00",
  "value" : "40"
},{
  "dateTime" : "03/15/17 16:23:00",
  "value" : "50"
},{
  "dateTime" : "03/15/17 16:24:00",
  "value" : "50"
},{
  "dateTime" : "03/15/17 16:25:00",
  "value" : "50"
},{
  "dateTime" : "03/15/17 16:26:00",
  "value" : "50"
},{
  "dateTime" : "03/15/17 16:27:00",
  "value" : "60"
},{
  "dateTime" : "03/15/17 16:28:00",
  "value" : "50"
},{
  "dateTime" : "03/15/17 16:29:00",
  "value" : "50"
},{
  "dateTime" : "03/15/17 16:30:00",
  "value" : "40"
},{
  "dateTime" : "03/15/17 16:31:00",
  "value" : "40"
},{
  "dateTime" : "03/15/17 16:32:00",
  "value" : "30"
},{
  "dateTime" : "03/15/17 16:33:00",
  "value" : "20"
},{
  "dateTime" : "03/15/17 16:34:00",
  "value" : "20"
},{
  "dateTime" : "03/15/17 16:35:00",
  "value" : "20"
},{
  "dateTime" : "03/15/17 17:15:00",
  "value" : "10"
},{
  "dateTime" : "03/15/17 18:12:00",
  "value" : "10"
},{
  "dateTime" : "03/15/17 18:13:00",
  "value" : "10"
},{
  "dateTime" : "03/15/17 18:14:00",
  "value" : "10"
},{
  "dateTime" : "03/15/17 18:15:00",
  "value" : "20"
},{
  "dateTime" : "03/15/17 18:16:00",
  "value" : "10"
},{
  "dateTime" : "03/15/17 18:17:00",
  "value" : "20"
},{
  "dateTime" : "03/15/17 19:18:00",
  "value" : "10"
},{
  "dateTime" : "03/15/17 19:42:00",
  "value" : "10"
},{
  "dateTime" : "03/15/17 19:43:00",
  "value" : "10"
},{
  "dateTime" : "03/15/17 19:44:00",
  "value" : "10"
},{
  "dateTime" : "03/15/17 19:45:00",
  "value" : "20"
},{
  "dateTime" : "03/15/17 19:46:00",
  "value" : "20"
},{
  "dateTime" : "03/15/17 19:47:00",
  "value" : "10"
},{
  "dateTime" : "03/15/17 20:27:00",
  "value" : "10"
},{
  "dateTime" : "03/15/17 20:28:00",
  "value" : "10"
},{
  "dateTime" : "03/15/17 20:29:00",
  "value" : "10"
},{
  "dateTime" : "03/15/17 20:30:00",
  "value" : "10"
},{
  "dateTime" : "03/15/17 20:31:00",
  "value" : "20"
},{
  "dateTime" : "03/15/17 20:32:00",
  "value" : "10"
},{
  "dateTime" : "03/15/17 20:33:00",
  "value" : "10"
},{
  "dateTime" : "03/15/17 20:34:00",
  "value" : "10"
},{
  "dateTime" : "03/15/17 20:35:00",
  "value" : "10"
},{
  "dateTime" : "03/15/17 21:02:00",
  "value" : "20"
},{
  "dateTime" : "03/15/17 21:03:00",
  "value" : "20"
},{
  "dateTime" : "03/15/17 21:04:00",
  "value" : "10"
},{
  "dateTime" : "03/15/17 21:30:00",
  "value" : "10"
},{
  "dateTime" : "03/15/17 21:31:00",
  "value" : "10"
},{
  "dateTime" : "03/15/17 22:25:00",
  "value" : "10"
},{
  "dateTime" : "03/15/17 23:37:00",
  "value" : "10"
},{
  "dateTime" : "03/15/17 23:38:00",
  "value" : "10"
},{
  "dateTime" : "03/16/17 07:27:00",
  "value" : "10"
},{
  "dateTime" : "03/16/17 08:17:00",
  "value" : "10"
},{
  "dateTime" : "03/16/17 08:34:00",
  "value" : "10"
},{
  "dateTime" : "03/16/17 08:35:00",
  "value" : "10"
},{
  "dateTime" : "03/16/17 08:36:00",
  "value" : "10"
},{
  "dateTime" : "03/16/17 08:37:00",
  "value" : "10"
},{
  "dateTime" : "03/16/17 08:38:00",
  "value" : "10"
},{
  "dateTime" : "03/16/17 09:06:00",
  "value" : "10"
},{
  "dateTime" : "03/16/17 09:07:00",
  "value" : "20"
},{
  "dateTime" : "03/16/17 11:44:00",
  "value" : "10"
},{
  "dateTime" : "03/16/17 11:45:00",
  "value" : "20"
},{
  "dateTime" : "03/16/17 11:46:00",
  "value" : "10"
},{
  "dateTime" : "03/16/17 11:47:00",
  "value" : "30"
},{
  "dateTime" : "03/16/17 11:48:00",
  "value" : "10"
},{
  "dateTime" : "03/16/17 12:00:00",
  "value" : "10"
},{
  "dateTime" : "03/16/17 12:01:00",
  "value" : "10"
},{
  "dateTime" : "03/16/17 12:59:00",
  "value" : "20"
},{
  "dateTime" : "03/16/17 13:00:00",
  "value" : "10"
},{
  "dateTime" : "03/16/17 13:01:00",
  "value" : "10"
},{
  "dateTime" : "03/16/17 13:02:00",
  "value" : "20"
},{
  "dateTime" : "03/16/17 13:07:00",
  "value" : "10"
},{
  "dateTime" : "03/16/17 13:08:00",
  "value" : "20"
},{
  "dateTime" : "03/16/17 13:09:00",
  "value" : "10"
},{
  "dateTime" : "03/16/17 13:10:00",
  "value" : "10"
},{
  "dateTime" : "03/16/17 13:11:00",
  "value" : "10"
},{
  "dateTime" : "03/16/17 13:12:00",
  "value" : "10"
},{
  "dateTime" : "03/16/17 13:13:00",
  "value" : "10"
},{
  "dateTime" : "03/16/17 13:14:00",
  "value" : "10"
},{
  "dateTime" : "03/16/17 13:15:00",
  "value" : "20"
},{
  "dateTime" : "03/16/17 13:16:00",
  "value" : "20"
},{
  "dateTime" : "03/16/17 13:17:00",
  "value" : "10"
},{
  "dateTime" : "03/16/17 13:18:00",
  "value" : "10"
},{
  "dateTime" : "03/16/17 13:19:00",
  "value" : "10"
},{
  "dateTime" : "03/16/17 14:22:00",
  "value" : "10"
},{
  "dateTime" : "03/16/17 14:23:00",
  "value" : "20"
},{
  "dateTime" : "03/16/17 14:24:00",
  "value" : "10"
},{
  "dateTime" : "03/16/17 14:25:00",
  "value" : "10"
},{
  "dateTime" : "03/16/17 14:26:00",
  "value" : "10"
},{
  "dateTime" : "03/16/17 14:27:00",
  "value" : "10"
},{
  "dateTime" : "03/16/17 14:28:00",
  "value" : "10"
},{
  "dateTime" : "03/16/17 14:29:00",
  "value" : "10"
},{
  "dateTime" : "03/16/17 14:46:00",
  "value" : "20"
},{
  "dateTime" : "03/16/17 15:25:00",
  "value" : "10"
},{
  "dateTime" : "03/16/17 15:26:00",
  "value" : "10"
},{
  "dateTime" : "03/16/17 15:30:00",
  "value" : "10"
},{
  "dateTime" : "03/16/17 15:31:00",
  "value" : "10"
},{
  "dateTime" : "03/16/17 15:32:00",
  "value" : "10"
},{
  "dateTime" : "03/16/17 17:07:00",
  "value" : "10"
},{
  "dateTime" : "03/16/17 17:08:00",
  "value" : "10"
},{
  "dateTime" : "03/16/17 17:09:00",
  "value" : "10"
},{
  "dateTime" : "03/16/17 17:42:00",
  "value" : "10"
},{
  "dateTime" : "03/16/17 18:05:00",
  "value" : "20"
},{
  "dateTime" : "03/16/17 18:06:00",
  "value" : "10"
},{
  "dateTime" : "03/16/17 18:07:00",
  "value" : "10"
},{
  "dateTime" : "03/16/17 18:08:00",
  "value" : "10"
},{
  "dateTime" : "03/16/17 18:09:00",
  "value" : "10"
},{
  "dateTime" : "03/16/17 18:10:00",
  "value" : "10"
},{
  "dateTime" : "03/16/17 18:11:00",
  "value" : "10"
},{
  "dateTime" : "03/16/17 18:12:00",
  "value" : "20"
},{
  "dateTime" : "03/16/17 18:13:00",
  "value" : "10"
},{
  "dateTime" : "03/16/17 18:14:00",
  "value" : "10"
},{
  "dateTime" : "03/16/17 18:15:00",
  "value" : "40"
},{
  "dateTime" : "03/16/17 18:59:00",
  "value" : "10"
},{
  "dateTime" : "03/16/17 19:00:00",
  "value" : "30"
},{
  "dateTime" : "03/16/17 19:01:00",
  "value" : "10"
},{
  "dateTime" : "03/16/17 19:02:00",
  "value" : "10"
},{
  "dateTime" : "03/16/17 19:03:00",
  "value" : "10"
},{
  "dateTime" : "03/16/17 19:15:00",
  "value" : "20"
},{
  "dateTime" : "03/16/17 19:16:00",
  "value" : "30"
},{
  "dateTime" : "03/16/17 19:17:00",
  "value" : "20"
},{
  "dateTime" : "03/16/17 19:18:00",
  "value" : "30"
},{
  "dateTime" : "03/16/17 19:19:00",
  "value" : "30"
},{
  "dateTime" : "03/16/17 19:20:00",
  "value" : "10"
},{
  "dateTime" : "03/16/17 19:25:00",
  "value" : "10"
},{
  "dateTime" : "03/16/17 19:26:00",
  "value" : "20"
},{
  "dateTime" : "03/16/17 19:33:00",
  "value" : "10"
},{
  "dateTime" : "03/16/17 19:34:00",
  "value" : "10"
},{
  "dateTime" : "03/16/17 19:35:00",
  "value" : "10"
},{
  "dateTime" : "03/16/17 19:41:00",
  "value" : "10"
},{
  "dateTime" : "03/16/17 19:42:00",
  "value" : "10"
},{
  "dateTime" : "03/16/17 19:43:00",
  "value" : "10"
},{
  "dateTime" : "03/16/17 19:44:00",
  "value" : "10"
},{
  "dateTime" : "03/16/17 19:45:00",
  "value" : "10"
},{
  "dateTime" : "03/16/17 19:49:00",
  "value" : "10"
},{
  "dateTime" : "03/16/17 19:50:00",
  "value" : "10"
},{
  "dateTime" : "03/16/17 19:51:00",
  "value" : "10"
},{
  "dateTime" : "03/16/17 19:52:00",
  "value" : "10"
},{
  "dateTime" : "03/16/17 19:53:00",
  "value" : "10"
},{
  "dateTime" : "03/16/17 20:20:00",
  "value" : "10"
},{
  "dateTime" : "03/16/17 20:37:00",
  "value" : "10"
},{
  "dateTime" : "03/16/17 20:38:00",
  "value" : "10"
},{
  "dateTime" : "03/16/17 20:54:00",
  "value" : "20"
},{
  "dateTime" : "03/16/17 20:55:00",
  "value" : "10"
},{
  "dateTime" : "03/16/17 21:58:00",
  "value" : "10"
},{
  "dateTime" : "03/16/17 21:59:00",
  "value" : "40"
},{
  "dateTime" : "03/16/17 22:00:00",
  "value" : "10"
},{
  "dateTime" : "03/16/17 22:01:00",
  "value" : "10"
},{
  "dateTime" : "03/16/17 22:27:00",
  "value" : "10"
},{
  "dateTime" : "03/16/17 22:28:00",
  "value" : "20"
},{
  "dateTime" : "03/16/17 22:29:00",
  "value" : "20"
},{
  "dateTime" : "03/16/17 22:30:00",
  "value" : "20"
},{
  "dateTime" : "03/16/17 22:31:00",
  "value" : "10"
},{
  "dateTime" : "03/16/17 22:47:00",
  "value" : "20"
},{
  "dateTime" : "03/16/17 22:48:00",
  "value" : "20"
},{
  "dateTime" : "03/16/17 22:49:00",
  "value" : "10"
},{
  "dateTime" : "03/16/17 22:50:00",
  "value" : "20"
},{
  "dateTime" : "03/16/17 23:07:00",
  "value" : "10"
},{
  "dateTime" : "03/16/17 23:08:00",
  "value" : "10"
},{
  "dateTime" : "03/16/17 23:09:00",
  "value" : "10"
},{
  "dateTime" : "03/16/17 23:10:00",
  "value" : "10"
},{
  "dateTime" : "03/17/17 09:14:00",
  "value" : "10"
},{
  "dateTime" : "03/17/17 09:15:00",
  "value" : "10"
},{
  "dateTime" : "03/17/17 09:16:00",
  "value" : "10"
},{
  "dateTime" : "03/17/17 10:12:00",
  "value" : "10"
},{
  "dateTime" : "03/17/17 10:20:00",
  "value" : "20"
},{
  "dateTime" : "03/17/17 10:43:00",
  "value" : "10"
},{
  "dateTime" : "03/17/17 11:07:00",
  "value" : "10"
},{
  "dateTime" : "03/17/17 12:14:00",
  "value" : "10"
},{
  "dateTime" : "03/17/17 12:15:00",
  "value" : "10"
},{
  "dateTime" : "03/17/17 12:16:00",
  "value" : "10"
},{
  "dateTime" : "03/17/17 13:00:00",
  "value" : "10"
},{
  "dateTime" : "03/17/17 13:26:00",
  "value" : "10"
},{
  "dateTime" : "03/17/17 14:49:00",
  "value" : "10"
},{
  "dateTime" : "03/17/17 14:50:00",
  "value" : "20"
},{
  "dateTime" : "03/17/17 14:51:00",
  "value" : "20"
},{
  "dateTime" : "03/17/17 15:05:00",
  "value" : "30"
},{
  "dateTime" : "03/17/17 15:06:00",
  "value" : "40"
},{
  "dateTime" : "03/17/17 15:07:00",
  "value" : "10"
},{
  "dateTime" : "03/17/17 16:02:00",
  "value" : "20"
},{
  "dateTime" : "03/17/17 16:42:00",
  "value" : "10"
},{
  "dateTime" : "03/17/17 16:43:00",
  "value" : "10"
},{
  "dateTime" : "03/17/17 16:44:00",
  "value" : "10"
},{
  "dateTime" : "03/17/17 16:45:00",
  "value" : "10"
},{
  "dateTime" : "03/17/17 16:46:00",
  "value" : "10"
},{
  "dateTime" : "03/17/17 16:47:00",
  "value" : "10"
},{
  "dateTime" : "03/17/17 17:07:00",
  "value" : "10"
},{
  "dateTime" : "03/17/17 17:44:00",
  "value" : "20"
},{
  "dateTime" : "03/17/17 17:45:00",
  "value" : "20"
},{
  "dateTime" : "03/17/17 17:46:00",
  "value" : "10"
},{
  "dateTime" : "03/17/17 17:47:00",
  "value" : "10"
},{
  "dateTime" : "03/17/17 17:48:00",
  "value" : "10"
},{
  "dateTime" : "03/17/17 17:49:00",
  "value" : "10"
},{
  "dateTime" : "03/17/17 18:03:00",
  "value" : "10"
},{
  "dateTime" : "03/17/17 18:04:00",
  "value" : "20"
},{
  "dateTime" : "03/17/17 20:13:00",
  "value" : "10"
},{
  "dateTime" : "03/17/17 20:14:00",
  "value" : "30"
},{
  "dateTime" : "03/17/17 20:51:00",
  "value" : "20"
},{
  "dateTime" : "03/17/17 21:10:00",
  "value" : "10"
},{
  "dateTime" : "03/17/17 21:11:00",
  "value" : "10"
},{
  "dateTime" : "03/17/17 21:37:00",
  "value" : "20"
},{
  "dateTime" : "03/17/17 21:38:00",
  "value" : "10"
},{
  "dateTime" : "03/17/17 21:39:00",
  "value" : "20"
},{
  "dateTime" : "03/17/17 21:40:00",
  "value" : "30"
},{
  "dateTime" : "03/17/17 21:41:00",
  "value" : "20"
},{
  "dateTime" : "03/17/17 21:42:00",
  "value" : "30"
},{
  "dateTime" : "03/17/17 21:43:00",
  "value" : "30"
},{
  "dateTime" : "03/17/17 21:44:00",
  "value" : "30"
},{
  "dateTime" : "03/17/17 21:45:00",
  "value" : "40"
},{
  "dateTime" : "03/17/17 21:46:00",
  "value" : "50"
},{
  "dateTime" : "03/17/17 21:47:00",
  "value" : "60"
},{
  "dateTime" : "03/17/17 21:48:00",
  "value" : "60"
},{
  "dateTime" : "03/17/17 21:49:00",
  "value" : "70"
},{
  "dateTime" : "03/17/17 21:50:00",
  "value" : "20"
},{
  "dateTime" : "03/17/17 21:51:00",
  "value" : "50"
},{
  "dateTime" : "03/17/17 21:52:00",
  "value" : "20"
},{
  "dateTime" : "03/17/17 21:53:00",
  "value" : "60"
},{
  "dateTime" : "03/17/17 21:54:00",
  "value" : "80"
},{
  "dateTime" : "03/17/17 21:55:00",
  "value" : "80"
},{
  "dateTime" : "03/17/17 21:56:00",
  "value" : "70"
},{
  "dateTime" : "03/17/17 21:57:00",
  "value" : "70"
},{
  "dateTime" : "03/17/17 21:58:00",
  "value" : "70"
},{
  "dateTime" : "03/17/17 21:59:00",
  "value" : "70"
},{
  "dateTime" : "03/17/17 22:00:00",
  "value" : "60"
},{
  "dateTime" : "03/17/17 22:01:00",
  "value" : "30"
},{
  "dateTime" : "03/17/17 22:02:00",
  "value" : "80"
},{
  "dateTime" : "03/17/17 22:03:00",
  "value" : "70"
},{
  "dateTime" : "03/17/17 22:04:00",
  "value" : "50"
},{
  "dateTime" : "03/17/17 22:05:00",
  "value" : "20"
},{
  "dateTime" : "03/17/17 22:06:00",
  "value" : "20"
},{
  "dateTime" : "03/17/17 22:20:00",
  "value" : "10"
},{
  "dateTime" : "03/17/17 22:21:00",
  "value" : "10"
},{
  "dateTime" : "03/17/17 22:22:00",
  "value" : "10"
},{
  "dateTime" : "03/17/17 22:46:00",
  "value" : "10"
},{
  "dateTime" : "03/17/17 22:47:00",
  "value" : "10"
},{
  "dateTime" : "03/17/17 22:48:00",
  "value" : "10"
},{
  "dateTime" : "03/17/17 22:49:00",
  "value" : "10"
},{
  "dateTime" : "03/17/17 22:50:00",
  "value" : "20"
},{
  "dateTime" : "03/17/17 22:51:00",
  "value" : "20"
},{
  "dateTime" : "03/17/17 22:52:00",
  "value" : "10"
},{
  "dateTime" : "03/17/17 22:53:00",
  "value" : "10"
},{
  "dateTime" : "03/17/17 22:54:00",
  "value" : "10"
},{
  "dateTime" : "03/17/17 22:55:00",
  "value" : "10"
},{
  "dateTime" : "03/17/17 22:56:00",
  "value" : "10"
},{
  "dateTime" : "03/17/17 22:57:00",
  "value" : "10"
},{
  "dateTime" : "03/17/17 22:58:00",
  "value" : "10"
},{
  "dateTime" : "03/17/17 23:10:00",
  "value" : "20"
},{
  "dateTime" : "03/17/17 23:11:00",
  "value" : "20"
},{
  "dateTime" : "03/17/17 23:12:00",
  "value" : "10"
},{
  "dateTime" : "03/17/17 23:13:00",
  "value" : "10"
},{
  "dateTime" : "03/17/17 23:18:00",
  "value" : "10"
},{
  "dateTime" : "03/17/17 23:19:00",
  "value" : "10"
},{
  "dateTime" : "03/17/17 23:20:00",
  "value" : "10"
},{
  "dateTime" : "03/18/17 00:13:00",
  "value" : "10"
},{
  "dateTime" : "03/18/17 09:01:00",
  "value" : "10"
},{
  "dateTime" : "03/18/17 11:39:00",
  "value" : "40"
},{
  "dateTime" : "03/18/17 11:40:00",
  "value" : "20"
},{
  "dateTime" : "03/18/17 11:41:00",
  "value" : "10"
},{
  "dateTime" : "03/18/17 11:42:00",
  "value" : "10"
},{
  "dateTime" : "03/18/17 12:29:00",
  "value" : "10"
},{
  "dateTime" : "03/18/17 16:06:00",
  "value" : "10"
},{
  "dateTime" : "03/18/17 16:07:00",
  "value" : "10"
},{
  "dateTime" : "03/18/17 16:26:00",
  "value" : "10"
},{
  "dateTime" : "03/18/17 16:27:00",
  "value" : "20"
},{
  "dateTime" : "03/18/17 16:28:00",
  "value" : "20"
},{
  "dateTime" : "03/18/17 16:29:00",
  "value" : "40"
},{
  "dateTime" : "03/18/17 16:30:00",
  "value" : "40"
},{
  "dateTime" : "03/18/17 16:31:00",
  "value" : "50"
},{
  "dateTime" : "03/18/17 16:32:00",
  "value" : "60"
},{
  "dateTime" : "03/18/17 16:33:00",
  "value" : "70"
},{
  "dateTime" : "03/18/17 16:34:00",
  "value" : "70"
},{
  "dateTime" : "03/18/17 16:35:00",
  "value" : "80"
},{
  "dateTime" : "03/18/17 16:36:00",
  "value" : "70"
},{
  "dateTime" : "03/18/17 16:37:00",
  "value" : "60"
},{
  "dateTime" : "03/18/17 16:38:00",
  "value" : "50"
},{
  "dateTime" : "03/18/17 16:39:00",
  "value" : "40"
},{
  "dateTime" : "03/18/17 16:40:00",
  "value" : "30"
},{
  "dateTime" : "03/18/17 16:41:00",
  "value" : "20"
},{
  "dateTime" : "03/18/17 16:42:00",
  "value" : "10"
},{
  "dateTime" : "03/18/17 16:59:00",
  "value" : "10"
},{
  "dateTime" : "03/18/17 17:19:00",
  "value" : "10"
},{
  "dateTime" : "03/18/17 17:39:00",
  "value" : "10"
},{
  "dateTime" : "03/18/17 17:40:00",
  "value" : "10"
},{
  "dateTime" : "03/18/17 18:23:00",
  "value" : "10"
},{
  "dateTime" : "03/18/17 18:50:00",
  "value" : "10"
},{
  "dateTime" : "03/18/17 18:51:00",
  "value" : "10"
},{
  "dateTime" : "03/18/17 20:12:00",
  "value" : "20"
},{
  "dateTime" : "03/18/17 20:13:00",
  "value" : "10"
},{
  "dateTime" : "03/18/17 20:14:00",
  "value" : "10"
},{
  "dateTime" : "03/18/17 20:15:00",
  "value" : "10"
},{
  "dateTime" : "03/18/17 20:23:00",
  "value" : "30"
},{
  "dateTime" : "03/18/17 20:24:00",
  "value" : "30"
},{
  "dateTime" : "03/18/17 20:25:00",
  "value" : "30"
},{
  "dateTime" : "03/18/17 20:26:00",
  "value" : "20"
},{
  "dateTime" : "03/18/17 20:27:00",
  "value" : "10"
},{
  "dateTime" : "03/18/17 21:14:00",
  "value" : "10"
},{
  "dateTime" : "03/18/17 21:15:00",
  "value" : "10"
},{
  "dateTime" : "03/18/17 21:16:00",
  "value" : "10"
},{
  "dateTime" : "03/19/17 00:03:00",
  "value" : "30"
},{
  "dateTime" : "03/19/17 00:04:00",
  "value" : "10"
},{
  "dateTime" : "03/19/17 00:05:00",
  "value" : "10"
},{
  "dateTime" : "03/19/17 10:37:00",
  "value" : "10"
},{
  "dateTime" : "03/19/17 10:38:00",
  "value" : "20"
},{
  "dateTime" : "03/19/17 10:39:00",
  "value" : "10"
},{
  "dateTime" : "03/19/17 10:40:00",
  "value" : "10"
},{
  "dateTime" : "03/19/17 10:41:00",
  "value" : "10"
},{
  "dateTime" : "03/19/17 10:42:00",
  "value" : "20"
},{
  "dateTime" : "03/19/17 10:43:00",
  "value" : "10"
},{
  "dateTime" : "03/19/17 10:44:00",
  "value" : "20"
},{
  "dateTime" : "03/19/17 10:45:00",
  "value" : "10"
},{
  "dateTime" : "03/19/17 14:01:00",
  "value" : "20"
},{
  "dateTime" : "03/19/17 15:49:00",
  "value" : "10"
},{
  "dateTime" : "03/19/17 16:20:00",
  "value" : "10"
},{
  "dateTime" : "03/19/17 16:21:00",
  "value" : "10"
},{
  "dateTime" : "03/19/17 16:22:00",
  "value" : "10"
},{
  "dateTime" : "03/19/17 16:23:00",
  "value" : "30"
},{
  "dateTime" : "03/19/17 16:25:00",
  "value" : "10"
},{
  "dateTime" : "03/19/17 18:25:00",
  "value" : "10"
},{
  "dateTime" : "03/19/17 18:26:00",
  "value" : "10"
},{
  "dateTime" : "03/19/17 18:27:00",
  "value" : "20"
},{
  "dateTime" : "03/19/17 18:30:00",
  "value" : "10"
},{
  "dateTime" : "03/19/17 19:03:00",
  "value" : "10"
},{
  "dateTime" : "03/19/17 19:04:00",
  "value" : "30"
},{
  "dateTime" : "03/19/17 19:05:00",
  "value" : "20"
},{
  "dateTime" : "03/19/17 19:42:00",
  "value" : "10"
},{
  "dateTime" : "03/19/17 19:43:00",
  "value" : "10"
},{
  "dateTime" : "03/19/17 19:44:00",
  "value" : "10"
},{
  "dateTime" : "03/19/17 20:04:00",
  "value" : "10"
},{
  "dateTime" : "03/19/17 20:05:00",
  "value" : "10"
},{
  "dateTime" : "03/19/17 20:06:00",
  "value" : "20"
},{
  "dateTime" : "03/19/17 20:07:00",
  "value" : "10"
},{
  "dateTime" : "03/20/17 09:44:00",
  "value" : "30"
},{
  "dateTime" : "03/20/17 09:45:00",
  "value" : "10"
},{
  "dateTime" : "03/20/17 09:46:00",
  "value" : "30"
},{
  "dateTime" : "03/20/17 09:47:00",
  "value" : "10"
},{
  "dateTime" : "03/20/17 09:48:00",
  "value" : "10"
},{
  "dateTime" : "03/20/17 10:22:00",
  "value" : "10"
},{
  "dateTime" : "03/20/17 10:59:00",
  "value" : "10"
},{
  "dateTime" : "03/20/17 11:00:00",
  "value" : "10"
},{
  "dateTime" : "03/20/17 13:02:00",
  "value" : "20"
},{
  "dateTime" : "03/20/17 13:03:00",
  "value" : "20"
},{
  "dateTime" : "03/20/17 13:04:00",
  "value" : "10"
},{
  "dateTime" : "03/20/17 14:57:00",
  "value" : "10"
},{
  "dateTime" : "03/20/17 16:02:00",
  "value" : "10"
},{
  "dateTime" : "03/20/17 16:03:00",
  "value" : "20"
},{
  "dateTime" : "03/20/17 16:04:00",
  "value" : "10"
},{
  "dateTime" : "03/20/17 17:10:00",
  "value" : "10"
},{
  "dateTime" : "03/20/17 17:11:00",
  "value" : "10"
},{
  "dateTime" : "03/20/17 18:31:00",
  "value" : "10"
},{
  "dateTime" : "03/20/17 18:32:00",
  "value" : "10"
},{
  "dateTime" : "03/20/17 18:33:00",
  "value" : "30"
},{
  "dateTime" : "03/20/17 21:15:00",
  "value" : "20"
},{
  "dateTime" : "03/20/17 22:12:00",
  "value" : "10"
},{
  "dateTime" : "03/20/17 22:13:00",
  "value" : "10"
},{
  "dateTime" : "03/20/17 22:31:00",
  "value" : "10"
},{
  "dateTime" : "03/20/17 22:32:00",
  "value" : "20"
},{
  "dateTime" : "03/20/17 22:33:00",
  "value" : "10"
},{
  "dateTime" : "03/20/17 22:34:00",
  "value" : "30"
},{
  "dateTime" : "03/20/17 22:35:00",
  "value" : "10"
},{
  "dateTime" : "03/20/17 22:36:00",
  "value" : "20"
},{
  "dateTime" : "03/20/17 22:37:00",
  "value" : "10"
},{
  "dateTime" : "03/21/17 07:33:00",
  "value" : "10"
},{
  "dateTime" : "03/21/17 07:34:00",
  "value" : "10"
},{
  "dateTime" : "03/21/17 07:35:00",
  "value" : "20"
},{
  "dateTime" : "03/21/17 07:36:00",
  "value" : "10"
},{
  "dateTime" : "03/21/17 07:37:00",
  "value" : "10"
},{
  "dateTime" : "03/21/17 08:03:00",
  "value" : "10"
},{
  "dateTime" : "03/21/17 08:04:00",
  "value" : "10"
},{
  "dateTime" : "03/21/17 08:05:00",
  "value" : "30"
},{
  "dateTime" : "03/21/17 08:06:00",
  "value" : "40"
},{
  "dateTime" : "03/21/17 08:07:00",
  "value" : "30"
},{
  "dateTime" : "03/21/17 10:09:00",
  "value" : "20"
},{
  "dateTime" : "03/21/17 12:26:00",
  "value" : "10"
},{
  "dateTime" : "03/21/17 12:31:00",
  "value" : "10"
},{
  "dateTime" : "03/21/17 12:32:00",
  "value" : "10"
},{
  "dateTime" : "03/21/17 12:33:00",
  "value" : "10"
},{
  "dateTime" : "03/21/17 12:34:00",
  "value" : "10"
},{
  "dateTime" : "03/21/17 12:57:00",
  "value" : "20"
},{
  "dateTime" : "03/21/17 13:05:00",
  "value" : "10"
},{
  "dateTime" : "03/21/17 13:21:00",
  "value" : "10"
},{
  "dateTime" : "03/21/17 13:22:00",
  "value" : "10"
},{
  "dateTime" : "03/21/17 13:23:00",
  "value" : "10"
},{
  "dateTime" : "03/21/17 13:24:00",
  "value" : "10"
},{
  "dateTime" : "03/21/17 13:25:00",
  "value" : "20"
},{
  "dateTime" : "03/21/17 13:26:00",
  "value" : "80"
},{
  "dateTime" : "03/21/17 13:27:00",
  "value" : "20"
},{
  "dateTime" : "03/21/17 13:28:00",
  "value" : "10"
},{
  "dateTime" : "03/21/17 14:17:00",
  "value" : "10"
},{
  "dateTime" : "03/21/17 14:25:00",
  "value" : "20"
},{
  "dateTime" : "03/21/17 15:22:00",
  "value" : "20"
},{
  "dateTime" : "03/21/17 15:23:00",
  "value" : "20"
},{
  "dateTime" : "03/21/17 15:24:00",
  "value" : "10"
},{
  "dateTime" : "03/21/17 15:25:00",
  "value" : "10"
},{
  "dateTime" : "03/21/17 15:26:00",
  "value" : "20"
},{
  "dateTime" : "03/21/17 15:27:00",
  "value" : "30"
},{
  "dateTime" : "03/21/17 15:28:00",
  "value" : "10"
},{
  "dateTime" : "03/21/17 15:29:00",
  "value" : "10"
},{
  "dateTime" : "03/21/17 15:30:00",
  "value" : "20"
},{
  "dateTime" : "03/21/17 17:01:00",
  "value" : "10"
},{
  "dateTime" : "03/21/17 17:02:00",
  "value" : "10"
},{
  "dateTime" : "03/21/17 17:03:00",
  "value" : "30"
},{
  "dateTime" : "03/21/17 17:25:00",
  "value" : "10"
},{
  "dateTime" : "03/21/17 17:26:00",
  "value" : "10"
},{
  "dateTime" : "03/21/17 17:27:00",
  "value" : "10"
},{
  "dateTime" : "03/21/17 17:28:00",
  "value" : "10"
},{
  "dateTime" : "03/21/17 17:29:00",
  "value" : "70"
},{
  "dateTime" : "03/21/17 17:30:00",
  "value" : "80"
},{
  "dateTime" : "03/21/17 17:31:00",
  "value" : "30"
},{
  "dateTime" : "03/21/17 17:32:00",
  "value" : "10"
},{
  "dateTime" : "03/21/17 17:33:00",
  "value" : "10"
},{
  "dateTime" : "03/21/17 17:34:00",
  "value" : "10"
},{
  "dateTime" : "03/21/17 17:35:00",
  "value" : "20"
},{
  "dateTime" : "03/21/17 17:36:00",
  "value" : "70"
},{
  "dateTime" : "03/21/17 17:37:00",
  "value" : "70"
},{
  "dateTime" : "03/21/17 17:38:00",
  "value" : "60"
},{
  "dateTime" : "03/21/17 17:39:00",
  "value" : "60"
},{
  "dateTime" : "03/21/17 17:40:00",
  "value" : "60"
},{
  "dateTime" : "03/21/17 17:41:00",
  "value" : "40"
},{
  "dateTime" : "03/21/17 17:42:00",
  "value" : "50"
},{
  "dateTime" : "03/21/17 17:43:00",
  "value" : "40"
},{
  "dateTime" : "03/21/17 17:44:00",
  "value" : "30"
},{
  "dateTime" : "03/21/17 17:45:00",
  "value" : "20"
},{
  "dateTime" : "03/21/17 17:46:00",
  "value" : "20"
},{
  "dateTime" : "03/21/17 17:47:00",
  "value" : "10"
},{
  "dateTime" : "03/21/17 17:48:00",
  "value" : "20"
},{
  "dateTime" : "03/21/17 17:58:00",
  "value" : "10"
},{
  "dateTime" : "03/21/17 17:59:00",
  "value" : "10"
},{
  "dateTime" : "03/21/17 18:00:00",
  "value" : "10"
},{
  "dateTime" : "03/21/17 18:36:00",
  "value" : "30"
},{
  "dateTime" : "03/21/17 18:37:00",
  "value" : "30"
},{
  "dateTime" : "03/21/17 18:38:00",
  "value" : "10"
},{
  "dateTime" : "03/21/17 19:11:00",
  "value" : "10"
},{
  "dateTime" : "03/21/17 19:12:00",
  "value" : "20"
},{
  "dateTime" : "03/21/17 19:13:00",
  "value" : "10"
},{
  "dateTime" : "03/21/17 19:14:00",
  "value" : "10"
},{
  "dateTime" : "03/21/17 19:15:00",
  "value" : "10"
},{
  "dateTime" : "03/21/17 21:04:00",
  "value" : "30"
},{
  "dateTime" : "03/21/17 21:05:00",
  "value" : "10"
},{
  "dateTime" : "03/21/17 21:06:00",
  "value" : "10"
},{
  "dateTime" : "03/21/17 21:07:00",
  "value" : "10"
},{
  "dateTime" : "03/21/17 21:08:00",
  "value" : "10"
},{
  "dateTime" : "03/21/17 21:09:00",
  "value" : "10"
},{
  "dateTime" : "03/21/17 21:10:00",
  "value" : "10"
},{
  "dateTime" : "03/21/17 23:51:00",
  "value" : "20"
},{
  "dateTime" : "03/22/17 09:34:00",
  "value" : "20"
},{
  "dateTime" : "03/22/17 09:35:00",
  "value" : "20"
},{
  "dateTime" : "03/22/17 09:36:00",
  "value" : "20"
},{
  "dateTime" : "03/22/17 09:37:00",
  "value" : "10"
},{
  "dateTime" : "03/22/17 09:38:00",
  "value" : "10"
},{
  "dateTime" : "03/22/17 09:39:00",
  "value" : "20"
},{
  "dateTime" : "03/22/17 09:40:00",
  "value" : "10"
},{
  "dateTime" : "03/22/17 09:41:00",
  "value" : "10"
},{
  "dateTime" : "03/22/17 09:42:00",
  "value" : "10"
},{
  "dateTime" : "03/22/17 09:43:00",
  "value" : "20"
},{
  "dateTime" : "03/22/17 09:44:00",
  "value" : "10"
},{
  "dateTime" : "03/22/17 10:20:00",
  "value" : "10"
},{
  "dateTime" : "03/22/17 10:21:00",
  "value" : "10"
},{
  "dateTime" : "03/22/17 10:54:00",
  "value" : "10"
},{
  "dateTime" : "03/22/17 11:02:00",
  "value" : "10"
},{
  "dateTime" : "03/22/17 11:03:00",
  "value" : "10"
},{
  "dateTime" : "03/22/17 11:04:00",
  "value" : "10"
},{
  "dateTime" : "03/22/17 12:05:00",
  "value" : "10"
},{
  "dateTime" : "03/22/17 12:31:00",
  "value" : "40"
},{
  "dateTime" : "03/22/17 12:32:00",
  "value" : "40"
},{
  "dateTime" : "03/22/17 12:33:00",
  "value" : "10"
},{
  "dateTime" : "03/22/17 12:34:00",
  "value" : "10"
},{
  "dateTime" : "03/22/17 12:35:00",
  "value" : "10"
},{
  "dateTime" : "03/22/17 12:36:00",
  "value" : "30"
},{
  "dateTime" : "03/22/17 12:37:00",
  "value" : "40"
},{
  "dateTime" : "03/22/17 12:38:00",
  "value" : "10"
},{
  "dateTime" : "03/22/17 12:39:00",
  "value" : "10"
},{
  "dateTime" : "03/22/17 12:40:00",
  "value" : "10"
},{
  "dateTime" : "03/22/17 12:41:00",
  "value" : "30"
},{
  "dateTime" : "03/22/17 13:03:00",
  "value" : "20"
},{
  "dateTime" : "03/22/17 13:04:00",
  "value" : "20"
},{
  "dateTime" : "03/22/17 13:05:00",
  "value" : "10"
},{
  "dateTime" : "03/22/17 13:19:00",
  "value" : "10"
},{
  "dateTime" : "03/22/17 13:20:00",
  "value" : "10"
},{
  "dateTime" : "03/22/17 13:23:00",
  "value" : "10"
},{
  "dateTime" : "03/22/17 13:24:00",
  "value" : "10"
},{
  "dateTime" : "03/22/17 13:25:00",
  "value" : "20"
},{
  "dateTime" : "03/22/17 13:26:00",
  "value" : "30"
},{
  "dateTime" : "03/22/17 13:27:00",
  "value" : "10"
},{
  "dateTime" : "03/22/17 13:45:00",
  "value" : "10"
},{
  "dateTime" : "03/22/17 13:46:00",
  "value" : "10"
},{
  "dateTime" : "03/22/17 13:47:00",
  "value" : "10"
},{
  "dateTime" : "03/22/17 13:48:00",
  "value" : "10"
},{
  "dateTime" : "03/22/17 13:49:00",
  "value" : "10"
},{
  "dateTime" : "03/22/17 13:50:00",
  "value" : "20"
},{
  "dateTime" : "03/22/17 13:51:00",
  "value" : "20"
},{
  "dateTime" : "03/22/17 13:52:00",
  "value" : "10"
},{
  "dateTime" : "03/22/17 14:47:00",
  "value" : "10"
},{
  "dateTime" : "03/22/17 15:04:00",
  "value" : "10"
},{
  "dateTime" : "03/22/17 15:05:00",
  "value" : "10"
},{
  "dateTime" : "03/22/17 15:07:00",
  "value" : "20"
},{
  "dateTime" : "03/22/17 15:08:00",
  "value" : "10"
},{
  "dateTime" : "03/22/17 16:03:00",
  "value" : "10"
},{
  "dateTime" : "03/22/17 16:04:00",
  "value" : "10"
},{
  "dateTime" : "03/22/17 16:05:00",
  "value" : "10"
},{
  "dateTime" : "03/22/17 16:06:00",
  "value" : "10"
},{
  "dateTime" : "03/22/17 16:07:00",
  "value" : "30"
},{
  "dateTime" : "03/22/17 16:08:00",
  "value" : "10"
},{
  "dateTime" : "03/22/17 18:39:00",
  "value" : "30"
},{
  "dateTime" : "03/22/17 20:30:00",
  "value" : "20"
},{
  "dateTime" : "03/22/17 21:10:00",
  "value" : "10"
},{
  "dateTime" : "03/22/17 21:45:00",
  "value" : "10"
},{
  "dateTime" : "03/22/17 21:46:00",
  "value" : "20"
},{
  "dateTime" : "03/22/17 21:47:00",
  "value" : "10"
},{
  "dateTime" : "03/22/17 21:48:00",
  "value" : "10"
},{
  "dateTime" : "03/22/17 21:51:00",
  "value" : "40"
},{
  "dateTime" : "03/22/17 21:52:00",
  "value" : "10"
},{
  "dateTime" : "03/22/17 22:11:00",
  "value" : "10"
},{
  "dateTime" : "03/22/17 22:12:00",
  "value" : "20"
},{
  "dateTime" : "03/22/17 23:18:00",
  "value" : "10"
},{
  "dateTime" : "03/22/17 23:19:00",
  "value" : "10"
},{
  "dateTime" : "03/23/17 08:24:00",
  "value" : "10"
},{
  "dateTime" : "03/23/17 08:25:00",
  "value" : "10"
},{
  "dateTime" : "03/23/17 08:46:00",
  "value" : "10"
},{
  "dateTime" : "03/23/17 08:47:00",
  "value" : "30"
},{
  "dateTime" : "03/23/17 08:48:00",
  "value" : "10"
},{
  "dateTime" : "03/23/17 08:49:00",
  "value" : "10"
},{
  "dateTime" : "03/23/17 08:50:00",
  "value" : "10"
},{
  "dateTime" : "03/23/17 08:51:00",
  "value" : "30"
},{
  "dateTime" : "03/23/17 08:54:00",
  "value" : "10"
},{
  "dateTime" : "03/23/17 08:55:00",
  "value" : "30"
},{
  "dateTime" : "03/23/17 08:56:00",
  "value" : "40"
},{
  "dateTime" : "03/23/17 08:57:00",
  "value" : "30"
},{
  "dateTime" : "03/23/17 08:58:00",
  "value" : "20"
},{
  "dateTime" : "03/23/17 10:59:00",
  "value" : "10"
},{
  "dateTime" : "03/23/17 11:00:00",
  "value" : "10"
},{
  "dateTime" : "03/23/17 11:01:00",
  "value" : "10"
},{
  "dateTime" : "03/23/17 13:53:00",
  "value" : "10"
},{
  "dateTime" : "03/23/17 14:14:00",
  "value" : "10"
},{
  "dateTime" : "03/23/17 14:34:00",
  "value" : "10"
},{
  "dateTime" : "03/23/17 14:52:00",
  "value" : "10"
},{
  "dateTime" : "03/23/17 14:53:00",
  "value" : "10"
},{
  "dateTime" : "03/23/17 14:54:00",
  "value" : "20"
},{
  "dateTime" : "03/23/17 14:55:00",
  "value" : "20"
},{
  "dateTime" : "03/23/17 15:32:00",
  "value" : "10"
},{
  "dateTime" : "03/23/17 15:33:00",
  "value" : "10"
},{
  "dateTime" : "03/23/17 16:57:00",
  "value" : "10"
},{
  "dateTime" : "03/23/17 17:57:00",
  "value" : "20"
},{
  "dateTime" : "03/23/17 17:58:00",
  "value" : "10"
},{
  "dateTime" : "03/23/17 17:59:00",
  "value" : "10"
},{
  "dateTime" : "03/23/17 18:00:00",
  "value" : "10"
},{
  "dateTime" : "03/23/17 18:01:00",
  "value" : "10"
},{
  "dateTime" : "03/23/17 18:02:00",
  "value" : "10"
},{
  "dateTime" : "03/23/17 18:03:00",
  "value" : "30"
},{
  "dateTime" : "03/23/17 18:04:00",
  "value" : "10"
},{
  "dateTime" : "03/23/17 18:05:00",
  "value" : "10"
},{
  "dateTime" : "03/23/17 18:06:00",
  "value" : "40"
},{
  "dateTime" : "03/23/17 18:07:00",
  "value" : "10"
},{
  "dateTime" : "03/23/17 18:29:00",
  "value" : "10"
},{
  "dateTime" : "03/23/17 18:30:00",
  "value" : "10"
},{
  "dateTime" : "03/23/17 18:31:00",
  "value" : "30"
},{
  "dateTime" : "03/23/17 18:32:00",
  "value" : "30"
},{
  "dateTime" : "03/23/17 18:33:00",
  "value" : "10"
},{
  "dateTime" : "03/23/17 18:34:00",
  "value" : "20"
},{
  "dateTime" : "03/23/17 18:38:00",
  "value" : "10"
},{
  "dateTime" : "03/23/17 18:39:00",
  "value" : "10"
},{
  "dateTime" : "03/23/17 18:40:00",
  "value" : "10"
},{
  "dateTime" : "03/23/17 21:16:00",
  "value" : "10"
},{
  "dateTime" : "03/23/17 21:51:00",
  "value" : "20"
},{
  "dateTime" : "03/23/17 21:52:00",
  "value" : "10"
},{
  "dateTime" : "03/23/17 21:53:00",
  "value" : "10"
},{
  "dateTime" : "03/23/17 22:46:00",
  "value" : "10"
},{
  "dateTime" : "03/23/17 23:10:00",
  "value" : "10"
},{
  "dateTime" : "03/23/17 23:11:00",
  "value" : "10"
},{
  "dateTime" : "03/23/17 23:12:00",
  "value" : "10"
},{
  "dateTime" : "03/23/17 23:13:00",
  "value" : "10"
},{
  "dateTime" : "03/23/17 23:57:00",
  "value" : "10"
},{
  "dateTime" : "03/23/17 23:58:00",
  "value" : "10"
},{
  "dateTime" : "03/24/17 01:11:00",
  "value" : "10"
},{
  "dateTime" : "03/24/17 10:08:00",
  "value" : "20"
},{
  "dateTime" : "03/24/17 10:29:00",
  "value" : "10"
},{
  "dateTime" : "03/24/17 10:30:00",
  "value" : "10"
},{
  "dateTime" : "03/24/17 10:31:00",
  "value" : "10"
},{
  "dateTime" : "03/24/17 10:38:00",
  "value" : "10"
},{
  "dateTime" : "03/24/17 10:55:00",
  "value" : "10"
},{
  "dateTime" : "03/24/17 10:56:00",
  "value" : "10"
},{
  "dateTime" : "03/24/17 11:12:00",
  "value" : "10"
},{
  "dateTime" : "03/24/17 11:13:00",
  "value" : "10"
},{
  "dateTime" : "03/24/17 12:06:00",
  "value" : "10"
},{
  "dateTime" : "03/24/17 12:07:00",
  "value" : "10"
},{
  "dateTime" : "03/24/17 12:14:00",
  "value" : "30"
},{
  "dateTime" : "03/24/17 12:15:00",
  "value" : "10"
},{
  "dateTime" : "03/24/17 12:43:00",
  "value" : "10"
},{
  "dateTime" : "03/24/17 12:44:00",
  "value" : "10"
},{
  "dateTime" : "03/24/17 12:45:00",
  "value" : "20"
},{
  "dateTime" : "03/24/17 12:46:00",
  "value" : "60"
},{
  "dateTime" : "03/24/17 12:47:00",
  "value" : "50"
},{
  "dateTime" : "03/24/17 12:48:00",
  "value" : "20"
},{
  "dateTime" : "03/24/17 12:49:00",
  "value" : "10"
},{
  "dateTime" : "03/24/17 12:50:00",
  "value" : "20"
},{
  "dateTime" : "03/24/17 12:51:00",
  "value" : "20"
},{
  "dateTime" : "03/24/17 12:52:00",
  "value" : "40"
},{
  "dateTime" : "03/24/17 12:53:00",
  "value" : "30"
},{
  "dateTime" : "03/24/17 12:54:00",
  "value" : "50"
},{
  "dateTime" : "03/24/17 12:55:00",
  "value" : "60"
},{
  "dateTime" : "03/24/17 12:56:00",
  "value" : "60"
},{
  "dateTime" : "03/24/17 12:57:00",
  "value" : "60"
},{
  "dateTime" : "03/24/17 12:58:00",
  "value" : "70"
},{
  "dateTime" : "03/24/17 12:59:00",
  "value" : "60"
},{
  "dateTime" : "03/24/17 13:00:00",
  "value" : "60"
},{
  "dateTime" : "03/24/17 13:01:00",
  "value" : "60"
},{
  "dateTime" : "03/24/17 13:02:00",
  "value" : "60"
},{
  "dateTime" : "03/24/17 13:03:00",
  "value" : "60"
},{
  "dateTime" : "03/24/17 13:04:00",
  "value" : "50"
},{
  "dateTime" : "03/24/17 13:05:00",
  "value" : "40"
},{
  "dateTime" : "03/24/17 13:06:00",
  "value" : "20"
},{
  "dateTime" : "03/24/17 13:07:00",
  "value" : "10"
},{
  "dateTime" : "03/24/17 13:08:00",
  "value" : "20"
},{
  "dateTime" : "03/24/17 14:27:00",
  "value" : "10"
},{
  "dateTime" : "03/24/17 14:28:00",
  "value" : "40"
},{
  "dateTime" : "03/24/17 14:29:00",
  "value" : "10"
},{
  "dateTime" : "03/24/17 15:10:00",
  "value" : "10"
},{
  "dateTime" : "03/24/17 15:11:00",
  "value" : "10"
},{
  "dateTime" : "03/24/17 15:12:00",
  "value" : "10"
},{
  "dateTime" : "03/24/17 15:57:00",
  "value" : "10"
},{
  "dateTime" : "03/24/17 16:14:00",
  "value" : "20"
},{
  "dateTime" : "03/24/17 16:15:00",
  "value" : "20"
},{
  "dateTime" : "03/24/17 16:16:00",
  "value" : "30"
},{
  "dateTime" : "03/24/17 16:17:00",
  "value" : "10"
},{
  "dateTime" : "03/24/17 16:18:00",
  "value" : "10"
},{
  "dateTime" : "03/24/17 16:35:00",
  "value" : "10"
},{
  "dateTime" : "03/24/17 16:36:00",
  "value" : "10"
},{
  "dateTime" : "03/24/17 16:37:00",
  "value" : "20"
},{
  "dateTime" : "03/24/17 20:07:00",
  "value" : "10"
},{
  "dateTime" : "03/24/17 21:47:00",
  "value" : "10"
},{
  "dateTime" : "03/24/17 22:03:00",
  "value" : "10"
},{
  "dateTime" : "03/24/17 22:04:00",
  "value" : "10"
},{
  "dateTime" : "03/24/17 22:05:00",
  "value" : "30"
},{
  "dateTime" : "03/24/17 22:06:00",
  "value" : "20"
},{
  "dateTime" : "03/24/17 22:18:00",
  "value" : "10"
},{
  "dateTime" : "03/24/17 22:19:00",
  "value" : "10"
},{
  "dateTime" : "03/24/17 23:13:00",
  "value" : "10"
},{
  "dateTime" : "03/25/17 09:42:00",
  "value" : "10"
},{
  "dateTime" : "03/25/17 09:50:00",
  "value" : "10"
},{
  "dateTime" : "03/25/17 09:51:00",
  "value" : "10"
},{
  "dateTime" : "03/25/17 09:52:00",
  "value" : "20"
},{
  "dateTime" : "03/25/17 11:21:00",
  "value" : "10"
},{
  "dateTime" : "03/25/17 11:22:00",
  "value" : "10"
},{
  "dateTime" : "03/25/17 11:23:00",
  "value" : "20"
},{
  "dateTime" : "03/25/17 11:24:00",
  "value" : "20"
},{
  "dateTime" : "03/25/17 11:25:00",
  "value" : "30"
},{
  "dateTime" : "03/25/17 13:07:00",
  "value" : "10"
},{
  "dateTime" : "03/25/17 14:04:00",
  "value" : "10"
},{
  "dateTime" : "03/25/17 14:05:00",
  "value" : "20"
},{
  "dateTime" : "03/25/17 14:06:00",
  "value" : "10"
},{
  "dateTime" : "03/25/17 14:07:00",
  "value" : "30"
},{
  "dateTime" : "03/25/17 14:08:00",
  "value" : "10"
},{
  "dateTime" : "03/25/17 14:09:00",
  "value" : "10"
},{
  "dateTime" : "03/25/17 14:10:00",
  "value" : "30"
},{
  "dateTime" : "03/25/17 14:22:00",
  "value" : "10"
},{
  "dateTime" : "03/25/17 14:23:00",
  "value" : "10"
},{
  "dateTime" : "03/25/17 19:20:00",
  "value" : "20"
},{
  "dateTime" : "03/25/17 21:26:00",
  "value" : "10"
},{
  "dateTime" : "03/25/17 22:35:00",
  "value" : "10"
},{
  "dateTime" : "03/25/17 22:36:00",
  "value" : "10"
},{
  "dateTime" : "03/26/17 02:57:00",
  "value" : "30"
},{
  "dateTime" : "03/26/17 02:58:00",
  "value" : "10"
},{
  "dateTime" : "03/26/17 03:26:00",
  "value" : "10"
},{
  "dateTime" : "03/26/17 03:27:00",
  "value" : "10"
},{
  "dateTime" : "03/26/17 03:28:00",
  "value" : "10"
},{
  "dateTime" : "03/26/17 03:29:00",
  "value" : "10"
},{
  "dateTime" : "03/26/17 03:30:00",
  "value" : "10"
},{
  "dateTime" : "03/26/17 03:34:00",
  "value" : "10"
},{
  "dateTime" : "03/26/17 03:42:00",
  "value" : "10"
},{
  "dateTime" : "03/26/17 03:43:00",
  "value" : "10"
},{
  "dateTime" : "03/26/17 03:44:00",
  "value" : "10"
},{
  "dateTime" : "03/26/17 03:45:00",
  "value" : "10"
},{
  "dateTime" : "03/26/17 09:24:00",
  "value" : "10"
},{
  "dateTime" : "03/26/17 09:43:00",
  "value" : "10"
},{
  "dateTime" : "03/26/17 10:09:00",
  "value" : "10"
},{
  "dateTime" : "03/26/17 10:10:00",
  "value" : "40"
},{
  "dateTime" : "03/26/17 10:11:00",
  "value" : "30"
},{
  "dateTime" : "03/26/17 10:12:00",
  "value" : "10"
},{
  "dateTime" : "03/26/17 10:13:00",
  "value" : "10"
},{
  "dateTime" : "03/26/17 10:14:00",
  "value" : "10"
},{
  "dateTime" : "03/26/17 10:15:00",
  "value" : "10"
},{
  "dateTime" : "03/26/17 10:16:00",
  "value" : "20"
},{
  "dateTime" : "03/26/17 10:17:00",
  "value" : "10"
},{
  "dateTime" : "03/26/17 10:18:00",
  "value" : "20"
},{
  "dateTime" : "03/26/17 10:25:00",
  "value" : "10"
},{
  "dateTime" : "03/26/17 10:26:00",
  "value" : "10"
},{
  "dateTime" : "03/26/17 10:27:00",
  "value" : "10"
},{
  "dateTime" : "03/26/17 10:28:00",
  "value" : "10"
},{
  "dateTime" : "03/26/17 11:03:00",
  "value" : "20"
},{
  "dateTime" : "03/26/17 11:47:00",
  "value" : "10"
},{
  "dateTime" : "03/26/17 12:04:00",
  "value" : "10"
},{
  "dateTime" : "03/26/17 12:24:00",
  "value" : "10"
},{
  "dateTime" : "03/26/17 12:25:00",
  "value" : "10"
},{
  "dateTime" : "03/26/17 12:26:00",
  "value" : "10"
},{
  "dateTime" : "03/26/17 12:46:00",
  "value" : "10"
},{
  "dateTime" : "03/26/17 12:47:00",
  "value" : "10"
},{
  "dateTime" : "03/26/17 13:11:00",
  "value" : "10"
},{
  "dateTime" : "03/26/17 13:57:00",
  "value" : "10"
},{
  "dateTime" : "03/26/17 14:04:00",
  "value" : "10"
},{
  "dateTime" : "03/26/17 14:43:00",
  "value" : "10"
},{
  "dateTime" : "03/26/17 14:44:00",
  "value" : "10"
},{
  "dateTime" : "03/26/17 14:45:00",
  "value" : "20"
},{
  "dateTime" : "03/26/17 15:27:00",
  "value" : "10"
},{
  "dateTime" : "03/26/17 16:28:00",
  "value" : "20"
},{
  "dateTime" : "03/26/17 18:07:00",
  "value" : "10"
},{
  "dateTime" : "03/26/17 18:23:00",
  "value" : "10"
},{
  "dateTime" : "03/26/17 18:24:00",
  "value" : "10"
},{
  "dateTime" : "03/26/17 19:37:00",
  "value" : "10"
},{
  "dateTime" : "03/26/17 19:38:00",
  "value" : "10"
},{
  "dateTime" : "03/26/17 19:39:00",
  "value" : "10"
},{
  "dateTime" : "03/26/17 19:40:00",
  "value" : "10"
},{
  "dateTime" : "03/26/17 19:57:00",
  "value" : "20"
},{
  "dateTime" : "03/26/17 20:13:00",
  "value" : "10"
},{
  "dateTime" : "03/26/17 20:14:00",
  "value" : "10"
},{
  "dateTime" : "03/26/17 20:51:00",
  "value" : "10"
},{
  "dateTime" : "03/26/17 23:22:00",
  "value" : "10"
},{
  "dateTime" : "03/27/17 10:04:00",
  "value" : "10"
},{
  "dateTime" : "03/27/17 10:05:00",
  "value" : "20"
},{
  "dateTime" : "03/27/17 10:06:00",
  "value" : "10"
},{
  "dateTime" : "03/27/17 10:07:00",
  "value" : "10"
},{
  "dateTime" : "03/27/17 10:08:00",
  "value" : "20"
},{
  "dateTime" : "03/27/17 10:09:00",
  "value" : "20"
},{
  "dateTime" : "03/27/17 10:10:00",
  "value" : "30"
},{
  "dateTime" : "03/27/17 10:11:00",
  "value" : "10"
},{
  "dateTime" : "03/27/17 11:21:00",
  "value" : "10"
},{
  "dateTime" : "03/27/17 11:40:00",
  "value" : "10"
},{
  "dateTime" : "03/27/17 12:25:00",
  "value" : "10"
},{
  "dateTime" : "03/27/17 12:26:00",
  "value" : "10"
},{
  "dateTime" : "03/27/17 12:27:00",
  "value" : "10"
},{
  "dateTime" : "03/27/17 12:59:00",
  "value" : "10"
},{
  "dateTime" : "03/27/17 13:00:00",
  "value" : "20"
},{
  "dateTime" : "03/27/17 13:51:00",
  "value" : "10"
},{
  "dateTime" : "03/27/17 13:52:00",
  "value" : "10"
},{
  "dateTime" : "03/27/17 13:53:00",
  "value" : "10"
},{
  "dateTime" : "03/27/17 13:54:00",
  "value" : "10"
},{
  "dateTime" : "03/27/17 13:55:00",
  "value" : "10"
},{
  "dateTime" : "03/27/17 13:56:00",
  "value" : "10"
},{
  "dateTime" : "03/27/17 13:57:00",
  "value" : "30"
},{
  "dateTime" : "03/27/17 13:58:00",
  "value" : "10"
},{
  "dateTime" : "03/27/17 13:59:00",
  "value" : "20"
},{
  "dateTime" : "03/27/17 14:00:00",
  "value" : "10"
},{
  "dateTime" : "03/27/17 14:01:00",
  "value" : "10"
},{
  "dateTime" : "03/27/17 14:26:00",
  "value" : "10"
},{
  "dateTime" : "03/27/17 14:27:00",
  "value" : "20"
},{
  "dateTime" : "03/27/17 14:54:00",
  "value" : "20"
},{
  "dateTime" : "03/27/17 14:55:00",
  "value" : "20"
},{
  "dateTime" : "03/27/17 14:56:00",
  "value" : "10"
},{
  "dateTime" : "03/27/17 16:52:00",
  "value" : "40"
},{
  "dateTime" : "03/27/17 16:53:00",
  "value" : "10"
},{
  "dateTime" : "03/27/17 19:28:00",
  "value" : "10"
},{
  "dateTime" : "03/27/17 19:48:00",
  "value" : "10"
},{
  "dateTime" : "03/27/17 19:49:00",
  "value" : "10"
},{
  "dateTime" : "03/28/17 00:46:00",
  "value" : "10"
},{
  "dateTime" : "03/28/17 01:08:00",
  "value" : "10"
},{
  "dateTime" : "03/28/17 01:09:00",
  "value" : "10"
},{
  "dateTime" : "03/28/17 10:47:00",
  "value" : "10"
},{
  "dateTime" : "03/28/17 10:48:00",
  "value" : "30"
},{
  "dateTime" : "03/28/17 11:14:00",
  "value" : "20"
},{
  "dateTime" : "03/28/17 13:35:00",
  "value" : "10"
},{
  "dateTime" : "03/28/17 14:13:00",
  "value" : "10"
},{
  "dateTime" : "03/28/17 14:29:00",
  "value" : "10"
},{
  "dateTime" : "03/28/17 14:30:00",
  "value" : "10"
},{
  "dateTime" : "03/28/17 14:54:00",
  "value" : "10"
},{
  "dateTime" : "03/28/17 15:02:00",
  "value" : "10"
},{
  "dateTime" : "03/28/17 18:03:00",
  "value" : "10"
},{
  "dateTime" : "03/28/17 19:36:00",
  "value" : "20"
},{
  "dateTime" : "03/28/17 19:52:00",
  "value" : "10"
},{
  "dateTime" : "03/28/17 19:53:00",
  "value" : "20"
},{
  "dateTime" : "03/28/17 19:54:00",
  "value" : "10"
},{
  "dateTime" : "03/28/17 20:12:00",
  "value" : "20"
},{
  "dateTime" : "03/28/17 20:13:00",
  "value" : "10"
},{
  "dateTime" : "03/28/17 20:14:00",
  "value" : "10"
},{
  "dateTime" : "03/28/17 20:15:00",
  "value" : "10"
},{
  "dateTime" : "03/28/17 20:57:00",
  "value" : "10"
},{
  "dateTime" : "03/28/17 20:58:00",
  "value" : "10"
},{
  "dateTime" : "03/28/17 20:59:00",
  "value" : "10"
},{
  "dateTime" : "03/28/17 21:39:00",
  "value" : "10"
},{
  "dateTime" : "03/28/17 21:40:00",
  "value" : "10"
},{
  "dateTime" : "03/28/17 21:41:00",
  "value" : "20"
},{
  "dateTime" : "03/28/17 21:42:00",
  "value" : "10"
},{
  "dateTime" : "03/28/17 21:43:00",
  "value" : "10"
},{
  "dateTime" : "03/28/17 22:43:00",
  "value" : "10"
},{
  "dateTime" : "03/28/17 22:44:00",
  "value" : "10"
},{
  "dateTime" : "03/28/17 22:45:00",
  "value" : "10"
},{
  "dateTime" : "03/28/17 23:15:00",
  "value" : "10"
},{
  "dateTime" : "03/28/17 23:16:00",
  "value" : "10"
},{
  "dateTime" : "03/28/17 23:34:00",
  "value" : "30"
},{
  "dateTime" : "03/28/17 23:53:00",
  "value" : "10"
},{
  "dateTime" : "03/28/17 23:54:00",
  "value" : "10"
},{
  "dateTime" : "03/29/17 00:11:00",
  "value" : "10"
},{
  "dateTime" : "03/29/17 00:43:00",
  "value" : "10"
},{
  "dateTime" : "03/29/17 00:44:00",
  "value" : "10"
},{
  "dateTime" : "03/29/17 01:43:00",
  "value" : "10"
},{
  "dateTime" : "03/29/17 01:44:00",
  "value" : "10"
},{
  "dateTime" : "03/29/17 01:45:00",
  "value" : "20"
},{
  "dateTime" : "03/29/17 02:12:00",
  "value" : "10"
},{
  "dateTime" : "03/29/17 10:02:00",
  "value" : "10"
},{
  "dateTime" : "03/29/17 10:03:00",
  "value" : "10"
},{
  "dateTime" : "03/29/17 10:04:00",
  "value" : "10"
},{
  "dateTime" : "03/29/17 10:05:00",
  "value" : "10"
},{
  "dateTime" : "03/29/17 10:06:00",
  "value" : "20"
},{
  "dateTime" : "03/29/17 10:07:00",
  "value" : "30"
},{
  "dateTime" : "03/29/17 10:08:00",
  "value" : "20"
},{
  "dateTime" : "03/29/17 11:10:00",
  "value" : "10"
},{
  "dateTime" : "03/29/17 11:11:00",
  "value" : "10"
},{
  "dateTime" : "03/29/17 11:12:00",
  "value" : "10"
},{
  "dateTime" : "03/29/17 11:13:00",
  "value" : "10"
},{
  "dateTime" : "03/29/17 11:14:00",
  "value" : "40"
},{
  "dateTime" : "03/29/17 11:45:00",
  "value" : "10"
},{
  "dateTime" : "03/29/17 12:19:00",
  "value" : "30"
},{
  "dateTime" : "03/29/17 12:20:00",
  "value" : "10"
},{
  "dateTime" : "03/29/17 12:56:00",
  "value" : "10"
},{
  "dateTime" : "03/29/17 12:57:00",
  "value" : "20"
},{
  "dateTime" : "03/29/17 12:58:00",
  "value" : "10"
},{
  "dateTime" : "03/29/17 13:20:00",
  "value" : "10"
},{
  "dateTime" : "03/29/17 13:21:00",
  "value" : "10"
},{
  "dateTime" : "03/29/17 13:22:00",
  "value" : "10"
},{
  "dateTime" : "03/29/17 13:23:00",
  "value" : "10"
},{
  "dateTime" : "03/29/17 13:24:00",
  "value" : "10"
},{
  "dateTime" : "03/29/17 14:02:00",
  "value" : "10"
},{
  "dateTime" : "03/29/17 14:29:00",
  "value" : "10"
},{
  "dateTime" : "03/29/17 15:09:00",
  "value" : "10"
},{
  "dateTime" : "03/29/17 15:10:00",
  "value" : "20"
},{
  "dateTime" : "03/29/17 15:11:00",
  "value" : "10"
},{
  "dateTime" : "03/29/17 15:12:00",
  "value" : "20"
},{
  "dateTime" : "03/29/17 15:13:00",
  "value" : "40"
},{
  "dateTime" : "03/29/17 15:14:00",
  "value" : "20"
},{
  "dateTime" : "03/29/17 16:02:00",
  "value" : "10"
},{
  "dateTime" : "03/29/17 16:03:00",
  "value" : "10"
},{
  "dateTime" : "03/29/17 16:04:00",
  "value" : "10"
},{
  "dateTime" : "03/29/17 16:05:00",
  "value" : "10"
},{
  "dateTime" : "03/29/17 16:06:00",
  "value" : "20"
},{
  "dateTime" : "03/29/17 16:07:00",
  "value" : "10"
},{
  "dateTime" : "03/29/17 16:08:00",
  "value" : "10"
},{
  "dateTime" : "03/29/17 16:09:00",
  "value" : "10"
},{
  "dateTime" : "03/29/17 16:10:00",
  "value" : "10"
},{
  "dateTime" : "03/29/17 16:11:00",
  "value" : "10"
},{
  "dateTime" : "03/29/17 16:12:00",
  "value" : "20"
},{
  "dateTime" : "03/29/17 16:13:00",
  "value" : "20"
},{
  "dateTime" : "03/29/17 16:14:00",
  "value" : "10"
},{
  "dateTime" : "03/29/17 16:15:00",
  "value" : "20"
},{
  "dateTime" : "03/29/17 16:16:00",
  "value" : "10"
},{
  "dateTime" : "03/29/17 16:17:00",
  "value" : "10"
},{
  "dateTime" : "03/29/17 16:18:00",
  "value" : "20"
},{
  "dateTime" : "03/29/17 16:19:00",
  "value" : "10"
},{
  "dateTime" : "03/29/17 16:20:00",
  "value" : "10"
},{
  "dateTime" : "03/29/17 16:21:00",
  "value" : "20"
},{
  "dateTime" : "03/29/17 16:22:00",
  "value" : "20"
},{
  "dateTime" : "03/29/17 16:23:00",
  "value" : "20"
},{
  "dateTime" : "03/29/17 16:24:00",
  "value" : "10"
},{
  "dateTime" : "03/29/17 16:25:00",
  "value" : "20"
},{
  "dateTime" : "03/29/17 16:26:00",
  "value" : "20"
},{
  "dateTime" : "03/29/17 16:27:00",
  "value" : "20"
},{
  "dateTime" : "03/29/17 16:28:00",
  "value" : "10"
},{
  "dateTime" : "03/29/17 16:58:00",
  "value" : "10"
},{
  "dateTime" : "03/29/17 17:22:00",
  "value" : "10"
},{
  "dateTime" : "03/29/17 17:23:00",
  "value" : "10"
},{
  "dateTime" : "03/29/17 17:24:00",
  "value" : "40"
},{
  "dateTime" : "03/29/17 17:25:00",
  "value" : "30"
},{
  "dateTime" : "03/29/17 17:26:00",
  "value" : "10"
},{
  "dateTime" : "03/29/17 18:41:00",
  "value" : "20"
},{
  "dateTime" : "03/29/17 18:42:00",
  "value" : "10"
},{
  "dateTime" : "03/29/17 18:43:00",
  "value" : "10"
},{
  "dateTime" : "03/29/17 18:44:00",
  "value" : "10"
},{
  "dateTime" : "03/29/17 18:45:00",
  "value" : "10"
},{
  "dateTime" : "03/29/17 18:46:00",
  "value" : "10"
},{
  "dateTime" : "03/29/17 18:47:00",
  "value" : "10"
},{
  "dateTime" : "03/29/17 18:48:00",
  "value" : "10"
},{
  "dateTime" : "03/29/17 19:05:00",
  "value" : "20"
},{
  "dateTime" : "03/29/17 19:06:00",
  "value" : "50"
},{
  "dateTime" : "03/29/17 19:07:00",
  "value" : "30"
},{
  "dateTime" : "03/29/17 19:52:00",
  "value" : "10"
},{
  "dateTime" : "03/29/17 20:10:00",
  "value" : "10"
},{
  "dateTime" : "03/29/17 21:45:00",
  "value" : "10"
},{
  "dateTime" : "03/29/17 21:46:00",
  "value" : "30"
},{
  "dateTime" : "03/29/17 21:47:00",
  "value" : "20"
},{
  "dateTime" : "03/29/17 21:48:00",
  "value" : "10"
},{
  "dateTime" : "03/29/17 21:49:00",
  "value" : "20"
}]