[{
  "dateTime" : "09/21/18 00:43:00",
  "value" : "10"
},{
  "dateTime" : "09/21/18 07:59:00",
  "value" : "10"
},{
  "dateTime" : "09/21/18 08:03:00",
  "value" : "10"
},{
  "dateTime" : "09/21/18 08:25:00",
  "value" : "10"
},{
  "dateTime" : "09/21/18 08:26:00",
  "value" : "10"
},{
  "dateTime" : "09/21/18 08:28:00",
  "value" : "20"
},{
  "dateTime" : "09/21/18 08:33:00",
  "value" : "10"
},{
  "dateTime" : "09/21/18 08:34:00",
  "value" : "10"
},{
  "dateTime" : "09/21/18 08:36:00",
  "value" : "10"
},{
  "dateTime" : "09/21/18 08:39:00",
  "value" : "10"
},{
  "dateTime" : "09/21/18 08:41:00",
  "value" : "10"
},{
  "dateTime" : "09/21/18 08:44:00",
  "value" : "20"
},{
  "dateTime" : "09/21/18 08:46:00",
  "value" : "20"
},{
  "dateTime" : "09/21/18 08:47:00",
  "value" : "20"
},{
  "dateTime" : "09/21/18 08:49:00",
  "value" : "20"
},{
  "dateTime" : "09/21/18 08:50:00",
  "value" : "10"
},{
  "dateTime" : "09/21/18 08:52:00",
  "value" : "10"
},{
  "dateTime" : "09/21/18 09:30:00",
  "value" : "10"
},{
  "dateTime" : "09/21/18 09:33:00",
  "value" : "10"
},{
  "dateTime" : "09/21/18 09:34:00",
  "value" : "10"
},{
  "dateTime" : "09/21/18 09:36:00",
  "value" : "10"
},{
  "dateTime" : "09/21/18 11:07:00",
  "value" : "20"
},{
  "dateTime" : "09/21/18 11:08:00",
  "value" : "10"
},{
  "dateTime" : "09/21/18 11:17:00",
  "value" : "10"
},{
  "dateTime" : "09/21/18 11:19:00",
  "value" : "10"
},{
  "dateTime" : "09/21/18 11:20:00",
  "value" : "10"
},{
  "dateTime" : "09/21/18 11:22:00",
  "value" : "20"
},{
  "dateTime" : "09/21/18 12:00:00",
  "value" : "10"
},{
  "dateTime" : "09/21/18 12:02:00",
  "value" : "10"
},{
  "dateTime" : "09/21/18 12:10:00",
  "value" : "10"
},{
  "dateTime" : "09/21/18 13:07:00",
  "value" : "10"
},{
  "dateTime" : "09/21/18 13:08:00",
  "value" : "10"
},{
  "dateTime" : "09/21/18 13:39:00",
  "value" : "10"
},{
  "dateTime" : "09/21/18 13:46:00",
  "value" : "10"
},{
  "dateTime" : "09/21/18 13:47:00",
  "value" : "10"
},{
  "dateTime" : "09/21/18 13:49:00",
  "value" : "10"
},{
  "dateTime" : "09/21/18 13:51:00",
  "value" : "20"
},{
  "dateTime" : "09/21/18 15:07:00",
  "value" : "20"
},{
  "dateTime" : "09/21/18 15:08:00",
  "value" : "10"
},{
  "dateTime" : "09/21/18 15:15:00",
  "value" : "10"
},{
  "dateTime" : "09/21/18 15:16:00",
  "value" : "10"
},{
  "dateTime" : "09/21/18 15:31:00",
  "value" : "10"
},{
  "dateTime" : "09/21/18 16:17:00",
  "value" : "10"
},{
  "dateTime" : "09/21/18 16:29:00",
  "value" : "10"
},{
  "dateTime" : "09/21/18 16:41:00",
  "value" : "10"
},{
  "dateTime" : "09/21/18 17:33:00",
  "value" : "10"
},{
  "dateTime" : "09/21/18 18:31:00",
  "value" : "10"
},{
  "dateTime" : "09/21/18 18:38:00",
  "value" : "10"
},{
  "dateTime" : "09/21/18 18:40:00",
  "value" : "10"
},{
  "dateTime" : "09/21/18 18:41:00",
  "value" : "30"
},{
  "dateTime" : "09/21/18 18:49:00",
  "value" : "10"
},{
  "dateTime" : "09/21/18 18:51:00",
  "value" : "30"
},{
  "dateTime" : "09/21/18 18:52:00",
  "value" : "40"
},{
  "dateTime" : "09/21/18 18:53:00",
  "value" : "40"
},{
  "dateTime" : "09/21/18 18:54:00",
  "value" : "50"
},{
  "dateTime" : "09/21/18 18:55:00",
  "value" : "20"
},{
  "dateTime" : "09/21/18 18:56:00",
  "value" : "20"
},{
  "dateTime" : "09/21/18 18:57:00",
  "value" : "10"
},{
  "dateTime" : "09/21/18 18:58:00",
  "value" : "40"
},{
  "dateTime" : "09/21/18 18:59:00",
  "value" : "40"
},{
  "dateTime" : "09/21/18 19:00:00",
  "value" : "20"
},{
  "dateTime" : "09/21/18 19:01:00",
  "value" : "20"
},{
  "dateTime" : "09/21/18 19:02:00",
  "value" : "40"
},{
  "dateTime" : "09/21/18 19:03:00",
  "value" : "20"
},{
  "dateTime" : "09/21/18 19:04:00",
  "value" : "30"
},{
  "dateTime" : "09/21/18 19:05:00",
  "value" : "30"
},{
  "dateTime" : "09/21/18 19:06:00",
  "value" : "40"
},{
  "dateTime" : "09/21/18 19:07:00",
  "value" : "30"
},{
  "dateTime" : "09/21/18 19:08:00",
  "value" : "30"
},{
  "dateTime" : "09/21/18 19:09:00",
  "value" : "30"
},{
  "dateTime" : "09/21/18 19:10:00",
  "value" : "30"
},{
  "dateTime" : "09/21/18 19:11:00",
  "value" : "30"
},{
  "dateTime" : "09/21/18 19:12:00",
  "value" : "10"
},{
  "dateTime" : "09/21/18 19:22:00",
  "value" : "20"
},{
  "dateTime" : "09/21/18 19:23:00",
  "value" : "10"
},{
  "dateTime" : "09/21/18 19:37:00",
  "value" : "10"
},{
  "dateTime" : "09/21/18 19:38:00",
  "value" : "10"
},{
  "dateTime" : "09/21/18 19:54:00",
  "value" : "20"
},{
  "dateTime" : "09/21/18 20:24:00",
  "value" : "10"
},{
  "dateTime" : "09/21/18 20:26:00",
  "value" : "10"
},{
  "dateTime" : "09/21/18 20:36:00",
  "value" : "10"
},{
  "dateTime" : "09/21/18 21:50:00",
  "value" : "10"
},{
  "dateTime" : "09/21/18 21:51:00",
  "value" : "10"
},{
  "dateTime" : "09/21/18 21:53:00",
  "value" : "20"
},{
  "dateTime" : "09/21/18 21:57:00",
  "value" : "10"
},{
  "dateTime" : "09/21/18 21:58:00",
  "value" : "20"
},{
  "dateTime" : "09/21/18 21:59:00",
  "value" : "10"
},{
  "dateTime" : "09/21/18 22:29:00",
  "value" : "20"
},{
  "dateTime" : "09/21/18 22:31:00",
  "value" : "10"
},{
  "dateTime" : "09/21/18 22:33:00",
  "value" : "10"
},{
  "dateTime" : "09/21/18 22:40:00",
  "value" : "10"
},{
  "dateTime" : "09/21/18 22:41:00",
  "value" : "10"
},{
  "dateTime" : "09/21/18 23:18:00",
  "value" : "20"
},{
  "dateTime" : "09/21/18 23:31:00",
  "value" : "10"
},{
  "dateTime" : "09/21/18 23:58:00",
  "value" : "10"
},{
  "dateTime" : "09/22/18 08:55:00",
  "value" : "10"
},{
  "dateTime" : "09/22/18 08:59:00",
  "value" : "10"
},{
  "dateTime" : "09/22/18 09:08:00",
  "value" : "10"
},{
  "dateTime" : "09/22/18 13:26:00",
  "value" : "10"
},{
  "dateTime" : "09/22/18 13:27:00",
  "value" : "10"
},{
  "dateTime" : "09/22/18 13:28:00",
  "value" : "10"
},{
  "dateTime" : "09/22/18 13:29:00",
  "value" : "10"
},{
  "dateTime" : "09/22/18 13:30:00",
  "value" : "10"
},{
  "dateTime" : "09/22/18 13:31:00",
  "value" : "10"
},{
  "dateTime" : "09/22/18 13:32:00",
  "value" : "10"
},{
  "dateTime" : "09/22/18 13:34:00",
  "value" : "10"
},{
  "dateTime" : "09/22/18 13:35:00",
  "value" : "10"
},{
  "dateTime" : "09/22/18 13:36:00",
  "value" : "10"
},{
  "dateTime" : "09/22/18 13:37:00",
  "value" : "20"
},{
  "dateTime" : "09/22/18 13:38:00",
  "value" : "10"
},{
  "dateTime" : "09/22/18 13:39:00",
  "value" : "20"
},{
  "dateTime" : "09/22/18 13:40:00",
  "value" : "20"
},{
  "dateTime" : "09/22/18 13:45:00",
  "value" : "10"
},{
  "dateTime" : "09/22/18 13:48:00",
  "value" : "30"
},{
  "dateTime" : "09/22/18 13:49:00",
  "value" : "10"
},{
  "dateTime" : "09/22/18 13:51:00",
  "value" : "10"
},{
  "dateTime" : "09/22/18 16:52:00",
  "value" : "10"
},{
  "dateTime" : "09/22/18 16:54:00",
  "value" : "10"
},{
  "dateTime" : "09/22/18 16:55:00",
  "value" : "10"
},{
  "dateTime" : "09/22/18 16:59:00",
  "value" : "10"
},{
  "dateTime" : "09/22/18 19:11:00",
  "value" : "20"
},{
  "dateTime" : "09/22/18 19:57:00",
  "value" : "20"
},{
  "dateTime" : "09/22/18 19:58:00",
  "value" : "10"
},{
  "dateTime" : "09/22/18 20:00:00",
  "value" : "10"
},{
  "dateTime" : "09/22/18 20:01:00",
  "value" : "10"
},{
  "dateTime" : "09/22/18 20:02:00",
  "value" : "10"
},{
  "dateTime" : "09/22/18 20:03:00",
  "value" : "10"
},{
  "dateTime" : "09/22/18 20:08:00",
  "value" : "10"
},{
  "dateTime" : "09/22/18 20:09:00",
  "value" : "10"
},{
  "dateTime" : "09/22/18 21:16:00",
  "value" : "10"
},{
  "dateTime" : "09/22/18 22:27:00",
  "value" : "10"
},{
  "dateTime" : "09/23/18 10:27:00",
  "value" : "10"
},{
  "dateTime" : "09/23/18 10:50:00",
  "value" : "10"
},{
  "dateTime" : "09/23/18 16:00:00",
  "value" : "10"
},{
  "dateTime" : "09/23/18 16:09:00",
  "value" : "10"
},{
  "dateTime" : "09/23/18 19:37:00",
  "value" : "10"
},{
  "dateTime" : "09/23/18 22:42:00",
  "value" : "10"
},{
  "dateTime" : "09/23/18 22:53:00",
  "value" : "10"
},{
  "dateTime" : "09/23/18 22:54:00",
  "value" : "10"
},{
  "dateTime" : "09/23/18 22:56:00",
  "value" : "10"
},{
  "dateTime" : "09/24/18 08:01:00",
  "value" : "10"
},{
  "dateTime" : "09/24/18 08:16:00",
  "value" : "10"
},{
  "dateTime" : "09/24/18 08:17:00",
  "value" : "10"
},{
  "dateTime" : "09/24/18 08:19:00",
  "value" : "10"
},{
  "dateTime" : "09/24/18 08:20:00",
  "value" : "10"
},{
  "dateTime" : "09/24/18 08:21:00",
  "value" : "10"
},{
  "dateTime" : "09/24/18 08:22:00",
  "value" : "10"
},{
  "dateTime" : "09/24/18 08:24:00",
  "value" : "10"
},{
  "dateTime" : "09/24/18 08:25:00",
  "value" : "20"
},{
  "dateTime" : "09/24/18 08:27:00",
  "value" : "10"
},{
  "dateTime" : "09/24/18 08:28:00",
  "value" : "10"
},{
  "dateTime" : "09/24/18 08:29:00",
  "value" : "10"
},{
  "dateTime" : "09/24/18 08:30:00",
  "value" : "20"
},{
  "dateTime" : "09/24/18 08:33:00",
  "value" : "10"
},{
  "dateTime" : "09/24/18 08:34:00",
  "value" : "10"
},{
  "dateTime" : "09/24/18 08:36:00",
  "value" : "10"
},{
  "dateTime" : "09/24/18 09:28:00",
  "value" : "10"
},{
  "dateTime" : "09/24/18 09:31:00",
  "value" : "10"
},{
  "dateTime" : "09/24/18 09:32:00",
  "value" : "20"
},{
  "dateTime" : "09/24/18 09:34:00",
  "value" : "10"
},{
  "dateTime" : "09/24/18 11:10:00",
  "value" : "30"
},{
  "dateTime" : "09/24/18 12:01:00",
  "value" : "10"
},{
  "dateTime" : "09/24/18 12:02:00",
  "value" : "10"
},{
  "dateTime" : "09/24/18 12:06:00",
  "value" : "10"
},{
  "dateTime" : "09/24/18 12:10:00",
  "value" : "10"
},{
  "dateTime" : "09/24/18 13:27:00",
  "value" : "10"
},{
  "dateTime" : "09/24/18 13:28:00",
  "value" : "10"
},{
  "dateTime" : "09/24/18 13:29:00",
  "value" : "10"
},{
  "dateTime" : "09/24/18 13:30:00",
  "value" : "10"
},{
  "dateTime" : "09/24/18 13:31:00",
  "value" : "10"
},{
  "dateTime" : "09/24/18 13:33:00",
  "value" : "20"
},{
  "dateTime" : "09/24/18 15:45:00",
  "value" : "20"
},{
  "dateTime" : "09/24/18 15:46:00",
  "value" : "10"
},{
  "dateTime" : "09/24/18 15:47:00",
  "value" : "10"
},{
  "dateTime" : "09/24/18 15:49:00",
  "value" : "10"
},{
  "dateTime" : "09/24/18 15:50:00",
  "value" : "20"
},{
  "dateTime" : "09/24/18 15:51:00",
  "value" : "10"
},{
  "dateTime" : "09/24/18 16:47:00",
  "value" : "10"
},{
  "dateTime" : "09/24/18 17:17:00",
  "value" : "10"
},{
  "dateTime" : "09/24/18 17:18:00",
  "value" : "10"
},{
  "dateTime" : "09/24/18 17:19:00",
  "value" : "10"
},{
  "dateTime" : "09/24/18 17:20:00",
  "value" : "10"
},{
  "dateTime" : "09/24/18 17:21:00",
  "value" : "20"
},{
  "dateTime" : "09/24/18 17:22:00",
  "value" : "10"
},{
  "dateTime" : "09/24/18 17:27:00",
  "value" : "10"
},{
  "dateTime" : "09/24/18 17:28:00",
  "value" : "10"
},{
  "dateTime" : "09/24/18 17:32:00",
  "value" : "10"
},{
  "dateTime" : "09/24/18 18:18:00",
  "value" : "10"
},{
  "dateTime" : "09/24/18 18:41:00",
  "value" : "10"
},{
  "dateTime" : "09/24/18 18:54:00",
  "value" : "10"
},{
  "dateTime" : "09/24/18 18:55:00",
  "value" : "10"
},{
  "dateTime" : "09/24/18 18:56:00",
  "value" : "10"
},{
  "dateTime" : "09/24/18 18:57:00",
  "value" : "10"
},{
  "dateTime" : "09/24/18 19:00:00",
  "value" : "10"
},{
  "dateTime" : "09/24/18 21:45:00",
  "value" : "10"
},{
  "dateTime" : "09/25/18 08:42:00",
  "value" : "10"
},{
  "dateTime" : "09/25/18 08:43:00",
  "value" : "10"
},{
  "dateTime" : "09/25/18 08:44:00",
  "value" : "10"
},{
  "dateTime" : "09/25/18 08:45:00",
  "value" : "10"
},{
  "dateTime" : "09/25/18 08:46:00",
  "value" : "10"
},{
  "dateTime" : "09/25/18 08:47:00",
  "value" : "10"
},{
  "dateTime" : "09/25/18 08:49:00",
  "value" : "10"
},{
  "dateTime" : "09/25/18 08:50:00",
  "value" : "10"
},{
  "dateTime" : "09/25/18 08:52:00",
  "value" : "10"
},{
  "dateTime" : "09/25/18 08:53:00",
  "value" : "10"
},{
  "dateTime" : "09/25/18 08:55:00",
  "value" : "10"
},{
  "dateTime" : "09/25/18 08:57:00",
  "value" : "10"
},{
  "dateTime" : "09/25/18 08:58:00",
  "value" : "10"
},{
  "dateTime" : "09/25/18 08:59:00",
  "value" : "30"
},{
  "dateTime" : "09/25/18 09:00:00",
  "value" : "10"
},{
  "dateTime" : "09/25/18 09:01:00",
  "value" : "10"
},{
  "dateTime" : "09/25/18 09:02:00",
  "value" : "10"
},{
  "dateTime" : "09/25/18 09:03:00",
  "value" : "10"
},{
  "dateTime" : "09/25/18 09:06:00",
  "value" : "10"
},{
  "dateTime" : "09/25/18 09:53:00",
  "value" : "10"
},{
  "dateTime" : "09/25/18 09:55:00",
  "value" : "10"
},{
  "dateTime" : "09/25/18 09:57:00",
  "value" : "10"
},{
  "dateTime" : "09/25/18 09:58:00",
  "value" : "10"
},{
  "dateTime" : "09/25/18 09:59:00",
  "value" : "10"
},{
  "dateTime" : "09/25/18 10:05:00",
  "value" : "10"
},{
  "dateTime" : "09/25/18 12:12:00",
  "value" : "10"
},{
  "dateTime" : "09/25/18 12:15:00",
  "value" : "10"
},{
  "dateTime" : "09/25/18 12:16:00",
  "value" : "10"
},{
  "dateTime" : "09/25/18 12:57:00",
  "value" : "20"
},{
  "dateTime" : "09/25/18 12:58:00",
  "value" : "20"
},{
  "dateTime" : "09/25/18 14:04:00",
  "value" : "10"
},{
  "dateTime" : "09/25/18 14:07:00",
  "value" : "10"
},{
  "dateTime" : "09/25/18 14:08:00",
  "value" : "10"
},{
  "dateTime" : "09/25/18 16:28:00",
  "value" : "20"
},{
  "dateTime" : "09/25/18 16:30:00",
  "value" : "20"
},{
  "dateTime" : "09/25/18 17:08:00",
  "value" : "20"
},{
  "dateTime" : "09/25/18 18:13:00",
  "value" : "10"
},{
  "dateTime" : "09/25/18 18:27:00",
  "value" : "10"
},{
  "dateTime" : "09/25/18 18:29:00",
  "value" : "10"
},{
  "dateTime" : "09/25/18 18:41:00",
  "value" : "20"
},{
  "dateTime" : "09/25/18 20:12:00",
  "value" : "10"
},{
  "dateTime" : "09/25/18 21:06:00",
  "value" : "10"
},{
  "dateTime" : "09/25/18 21:08:00",
  "value" : "20"
},{
  "dateTime" : "09/25/18 21:11:00",
  "value" : "10"
},{
  "dateTime" : "09/25/18 21:12:00",
  "value" : "20"
},{
  "dateTime" : "09/25/18 21:13:00",
  "value" : "10"
},{
  "dateTime" : "09/25/18 21:21:00",
  "value" : "10"
},{
  "dateTime" : "09/26/18 09:10:00",
  "value" : "10"
},{
  "dateTime" : "09/26/18 09:25:00",
  "value" : "10"
},{
  "dateTime" : "09/26/18 09:28:00",
  "value" : "10"
},{
  "dateTime" : "09/26/18 09:29:00",
  "value" : "20"
},{
  "dateTime" : "09/26/18 09:30:00",
  "value" : "10"
},{
  "dateTime" : "09/26/18 11:04:00",
  "value" : "10"
},{
  "dateTime" : "09/26/18 11:31:00",
  "value" : "10"
},{
  "dateTime" : "09/26/18 11:32:00",
  "value" : "10"
},{
  "dateTime" : "09/26/18 11:38:00",
  "value" : "10"
},{
  "dateTime" : "09/26/18 12:02:00",
  "value" : "10"
},{
  "dateTime" : "09/26/18 12:03:00",
  "value" : "10"
},{
  "dateTime" : "09/26/18 12:12:00",
  "value" : "10"
},{
  "dateTime" : "09/26/18 13:05:00",
  "value" : "20"
},{
  "dateTime" : "09/26/18 14:06:00",
  "value" : "10"
},{
  "dateTime" : "09/26/18 14:11:00",
  "value" : "10"
},{
  "dateTime" : "09/26/18 14:12:00",
  "value" : "20"
},{
  "dateTime" : "09/26/18 14:13:00",
  "value" : "20"
},{
  "dateTime" : "09/26/18 14:15:00",
  "value" : "10"
},{
  "dateTime" : "09/26/18 17:11:00",
  "value" : "20"
},{
  "dateTime" : "09/26/18 17:17:00",
  "value" : "10"
},{
  "dateTime" : "09/26/18 17:23:00",
  "value" : "10"
},{
  "dateTime" : "09/26/18 17:52:00",
  "value" : "10"
},{
  "dateTime" : "09/26/18 17:53:00",
  "value" : "10"
},{
  "dateTime" : "09/26/18 17:55:00",
  "value" : "10"
},{
  "dateTime" : "09/26/18 17:56:00",
  "value" : "10"
},{
  "dateTime" : "09/26/18 18:02:00",
  "value" : "10"
},{
  "dateTime" : "09/26/18 18:03:00",
  "value" : "10"
},{
  "dateTime" : "09/26/18 19:12:00",
  "value" : "30"
},{
  "dateTime" : "09/26/18 20:01:00",
  "value" : "10"
},{
  "dateTime" : "09/26/18 20:02:00",
  "value" : "10"
},{
  "dateTime" : "09/26/18 20:08:00",
  "value" : "10"
},{
  "dateTime" : "09/26/18 21:51:00",
  "value" : "10"
},{
  "dateTime" : "09/26/18 21:58:00",
  "value" : "10"
},{
  "dateTime" : "09/26/18 22:08:00",
  "value" : "10"
},{
  "dateTime" : "09/27/18 09:08:00",
  "value" : "10"
},{
  "dateTime" : "09/27/18 13:58:00",
  "value" : "10"
},{
  "dateTime" : "09/27/18 13:59:00",
  "value" : "10"
},{
  "dateTime" : "09/27/18 14:00:00",
  "value" : "10"
},{
  "dateTime" : "09/27/18 14:02:00",
  "value" : "10"
},{
  "dateTime" : "09/27/18 14:03:00",
  "value" : "10"
},{
  "dateTime" : "09/27/18 15:43:00",
  "value" : "10"
},{
  "dateTime" : "09/27/18 15:45:00",
  "value" : "10"
},{
  "dateTime" : "09/27/18 16:04:00",
  "value" : "10"
},{
  "dateTime" : "09/27/18 18:02:00",
  "value" : "20"
},{
  "dateTime" : "09/27/18 18:03:00",
  "value" : "10"
},{
  "dateTime" : "09/27/18 18:09:00",
  "value" : "10"
},{
  "dateTime" : "09/27/18 18:35:00",
  "value" : "10"
},{
  "dateTime" : "09/27/18 18:43:00",
  "value" : "10"
},{
  "dateTime" : "09/27/18 18:45:00",
  "value" : "10"
},{
  "dateTime" : "09/27/18 18:52:00",
  "value" : "10"
},{
  "dateTime" : "09/27/18 21:09:00",
  "value" : "10"
},{
  "dateTime" : "09/27/18 21:15:00",
  "value" : "20"
},{
  "dateTime" : "09/27/18 21:16:00",
  "value" : "20"
},{
  "dateTime" : "09/27/18 21:21:00",
  "value" : "10"
},{
  "dateTime" : "09/27/18 22:53:00",
  "value" : "10"
},{
  "dateTime" : "09/28/18 09:32:00",
  "value" : "10"
},{
  "dateTime" : "09/28/18 09:34:00",
  "value" : "10"
},{
  "dateTime" : "09/28/18 09:35:00",
  "value" : "10"
},{
  "dateTime" : "09/28/18 09:36:00",
  "value" : "10"
},{
  "dateTime" : "09/28/18 09:37:00",
  "value" : "10"
},{
  "dateTime" : "09/28/18 11:13:00",
  "value" : "20"
},{
  "dateTime" : "09/28/18 11:14:00",
  "value" : "10"
},{
  "dateTime" : "09/28/18 11:58:00",
  "value" : "20"
},{
  "dateTime" : "09/28/18 13:07:00",
  "value" : "10"
},{
  "dateTime" : "09/28/18 14:45:00",
  "value" : "10"
},{
  "dateTime" : "09/28/18 14:57:00",
  "value" : "10"
},{
  "dateTime" : "09/28/18 18:09:00",
  "value" : "10"
},{
  "dateTime" : "09/28/18 18:40:00",
  "value" : "10"
},{
  "dateTime" : "09/28/18 18:50:00",
  "value" : "10"
},{
  "dateTime" : "09/28/18 18:54:00",
  "value" : "30"
},{
  "dateTime" : "09/28/18 18:55:00",
  "value" : "30"
},{
  "dateTime" : "09/28/18 18:56:00",
  "value" : "50"
},{
  "dateTime" : "09/28/18 18:57:00",
  "value" : "40"
},{
  "dateTime" : "09/28/18 18:58:00",
  "value" : "40"
},{
  "dateTime" : "09/28/18 18:59:00",
  "value" : "40"
},{
  "dateTime" : "09/28/18 19:00:00",
  "value" : "30"
},{
  "dateTime" : "09/28/18 19:01:00",
  "value" : "30"
},{
  "dateTime" : "09/28/18 19:02:00",
  "value" : "40"
},{
  "dateTime" : "09/28/18 19:03:00",
  "value" : "40"
},{
  "dateTime" : "09/28/18 19:04:00",
  "value" : "30"
},{
  "dateTime" : "09/28/18 19:05:00",
  "value" : "30"
},{
  "dateTime" : "09/28/18 19:06:00",
  "value" : "40"
},{
  "dateTime" : "09/28/18 19:07:00",
  "value" : "30"
},{
  "dateTime" : "09/28/18 19:08:00",
  "value" : "50"
},{
  "dateTime" : "09/28/18 19:09:00",
  "value" : "40"
},{
  "dateTime" : "09/28/18 19:10:00",
  "value" : "40"
},{
  "dateTime" : "09/28/18 19:11:00",
  "value" : "30"
},{
  "dateTime" : "09/28/18 19:12:00",
  "value" : "10"
},{
  "dateTime" : "09/28/18 19:13:00",
  "value" : "30"
},{
  "dateTime" : "09/28/18 19:14:00",
  "value" : "60"
},{
  "dateTime" : "09/28/18 19:15:00",
  "value" : "20"
},{
  "dateTime" : "09/28/18 19:16:00",
  "value" : "10"
},{
  "dateTime" : "09/28/18 19:19:00",
  "value" : "10"
},{
  "dateTime" : "09/28/18 19:20:00",
  "value" : "20"
},{
  "dateTime" : "09/28/18 19:43:00",
  "value" : "10"
},{
  "dateTime" : "09/28/18 21:01:00",
  "value" : "10"
},{
  "dateTime" : "09/28/18 21:03:00",
  "value" : "10"
},{
  "dateTime" : "09/28/18 21:04:00",
  "value" : "10"
},{
  "dateTime" : "09/28/18 21:18:00",
  "value" : "20"
},{
  "dateTime" : "09/28/18 21:19:00",
  "value" : "20"
},{
  "dateTime" : "09/28/18 21:34:00",
  "value" : "10"
},{
  "dateTime" : "09/28/18 22:23:00",
  "value" : "10"
},{
  "dateTime" : "09/28/18 23:28:00",
  "value" : "10"
},{
  "dateTime" : "09/28/18 23:52:00",
  "value" : "10"
},{
  "dateTime" : "09/28/18 23:54:00",
  "value" : "10"
},{
  "dateTime" : "09/29/18 00:13:00",
  "value" : "20"
},{
  "dateTime" : "09/29/18 00:42:00",
  "value" : "10"
},{
  "dateTime" : "09/29/18 01:29:00",
  "value" : "10"
},{
  "dateTime" : "09/29/18 11:01:00",
  "value" : "10"
},{
  "dateTime" : "09/29/18 11:55:00",
  "value" : "10"
},{
  "dateTime" : "09/29/18 11:57:00",
  "value" : "10"
},{
  "dateTime" : "09/29/18 12:36:00",
  "value" : "10"
},{
  "dateTime" : "09/29/18 12:37:00",
  "value" : "10"
},{
  "dateTime" : "09/29/18 12:38:00",
  "value" : "20"
},{
  "dateTime" : "09/29/18 12:40:00",
  "value" : "10"
},{
  "dateTime" : "09/29/18 12:42:00",
  "value" : "10"
},{
  "dateTime" : "09/29/18 12:43:00",
  "value" : "10"
},{
  "dateTime" : "09/29/18 12:50:00",
  "value" : "10"
},{
  "dateTime" : "09/29/18 13:11:00",
  "value" : "20"
},{
  "dateTime" : "09/29/18 13:12:00",
  "value" : "20"
},{
  "dateTime" : "09/29/18 15:08:00",
  "value" : "10"
},{
  "dateTime" : "09/29/18 15:46:00",
  "value" : "10"
},{
  "dateTime" : "09/29/18 16:34:00",
  "value" : "10"
},{
  "dateTime" : "09/29/18 18:41:00",
  "value" : "10"
},{
  "dateTime" : "09/29/18 18:42:00",
  "value" : "10"
},{
  "dateTime" : "09/29/18 18:43:00",
  "value" : "10"
},{
  "dateTime" : "09/29/18 18:44:00",
  "value" : "20"
},{
  "dateTime" : "09/29/18 18:45:00",
  "value" : "10"
},{
  "dateTime" : "09/29/18 18:46:00",
  "value" : "10"
},{
  "dateTime" : "09/29/18 18:47:00",
  "value" : "10"
},{
  "dateTime" : "09/29/18 19:56:00",
  "value" : "10"
},{
  "dateTime" : "09/29/18 19:57:00",
  "value" : "10"
},{
  "dateTime" : "09/29/18 19:58:00",
  "value" : "10"
},{
  "dateTime" : "09/29/18 19:59:00",
  "value" : "10"
},{
  "dateTime" : "09/29/18 20:00:00",
  "value" : "20"
},{
  "dateTime" : "09/29/18 20:01:00",
  "value" : "20"
},{
  "dateTime" : "09/29/18 20:02:00",
  "value" : "10"
},{
  "dateTime" : "09/29/18 20:03:00",
  "value" : "10"
},{
  "dateTime" : "09/29/18 20:04:00",
  "value" : "10"
},{
  "dateTime" : "09/29/18 20:18:00",
  "value" : "10"
},{
  "dateTime" : "09/29/18 20:21:00",
  "value" : "30"
},{
  "dateTime" : "09/29/18 20:22:00",
  "value" : "20"
},{
  "dateTime" : "09/29/18 20:23:00",
  "value" : "10"
},{
  "dateTime" : "09/29/18 21:20:00",
  "value" : "10"
},{
  "dateTime" : "09/29/18 21:21:00",
  "value" : "40"
},{
  "dateTime" : "09/29/18 21:24:00",
  "value" : "30"
},{
  "dateTime" : "09/29/18 21:25:00",
  "value" : "10"
},{
  "dateTime" : "09/29/18 22:20:00",
  "value" : "10"
},{
  "dateTime" : "09/29/18 22:55:00",
  "value" : "40"
},{
  "dateTime" : "09/29/18 22:56:00",
  "value" : "10"
},{
  "dateTime" : "09/29/18 23:09:00",
  "value" : "10"
},{
  "dateTime" : "09/29/18 23:15:00",
  "value" : "10"
},{
  "dateTime" : "09/29/18 23:29:00",
  "value" : "10"
},{
  "dateTime" : "09/30/18 08:28:00",
  "value" : "10"
},{
  "dateTime" : "09/30/18 09:33:00",
  "value" : "10"
},{
  "dateTime" : "09/30/18 09:34:00",
  "value" : "10"
},{
  "dateTime" : "09/30/18 09:36:00",
  "value" : "10"
},{
  "dateTime" : "09/30/18 09:37:00",
  "value" : "10"
},{
  "dateTime" : "09/30/18 12:35:00",
  "value" : "10"
},{
  "dateTime" : "09/30/18 12:36:00",
  "value" : "10"
},{
  "dateTime" : "09/30/18 12:37:00",
  "value" : "10"
},{
  "dateTime" : "09/30/18 12:38:00",
  "value" : "10"
},{
  "dateTime" : "09/30/18 12:39:00",
  "value" : "10"
},{
  "dateTime" : "09/30/18 12:40:00",
  "value" : "10"
},{
  "dateTime" : "09/30/18 12:41:00",
  "value" : "10"
},{
  "dateTime" : "09/30/18 13:52:00",
  "value" : "30"
},{
  "dateTime" : "09/30/18 14:01:00",
  "value" : "20"
},{
  "dateTime" : "09/30/18 16:18:00",
  "value" : "10"
},{
  "dateTime" : "09/30/18 16:45:00",
  "value" : "10"
},{
  "dateTime" : "09/30/18 17:11:00",
  "value" : "10"
},{
  "dateTime" : "09/30/18 17:12:00",
  "value" : "10"
},{
  "dateTime" : "09/30/18 17:20:00",
  "value" : "20"
},{
  "dateTime" : "09/30/18 17:21:00",
  "value" : "20"
},{
  "dateTime" : "09/30/18 17:23:00",
  "value" : "10"
},{
  "dateTime" : "09/30/18 17:26:00",
  "value" : "10"
},{
  "dateTime" : "09/30/18 17:27:00",
  "value" : "10"
},{
  "dateTime" : "09/30/18 17:28:00",
  "value" : "10"
},{
  "dateTime" : "09/30/18 17:30:00",
  "value" : "10"
},{
  "dateTime" : "09/30/18 17:32:00",
  "value" : "10"
},{
  "dateTime" : "09/30/18 17:33:00",
  "value" : "10"
},{
  "dateTime" : "09/30/18 17:35:00",
  "value" : "10"
},{
  "dateTime" : "09/30/18 17:36:00",
  "value" : "10"
},{
  "dateTime" : "09/30/18 17:37:00",
  "value" : "10"
},{
  "dateTime" : "09/30/18 17:39:00",
  "value" : "10"
},{
  "dateTime" : "09/30/18 17:40:00",
  "value" : "10"
},{
  "dateTime" : "09/30/18 17:41:00",
  "value" : "10"
},{
  "dateTime" : "09/30/18 17:42:00",
  "value" : "10"
},{
  "dateTime" : "09/30/18 17:44:00",
  "value" : "10"
},{
  "dateTime" : "09/30/18 17:45:00",
  "value" : "20"
},{
  "dateTime" : "09/30/18 17:46:00",
  "value" : "20"
},{
  "dateTime" : "09/30/18 17:49:00",
  "value" : "10"
},{
  "dateTime" : "09/30/18 17:51:00",
  "value" : "10"
},{
  "dateTime" : "09/30/18 17:52:00",
  "value" : "10"
},{
  "dateTime" : "09/30/18 17:53:00",
  "value" : "10"
},{
  "dateTime" : "09/30/18 17:54:00",
  "value" : "10"
},{
  "dateTime" : "09/30/18 19:45:00",
  "value" : "10"
},{
  "dateTime" : "10/01/18 09:09:00",
  "value" : "10"
},{
  "dateTime" : "10/01/18 09:29:00",
  "value" : "10"
},{
  "dateTime" : "10/01/18 09:30:00",
  "value" : "10"
},{
  "dateTime" : "10/01/18 09:31:00",
  "value" : "10"
},{
  "dateTime" : "10/01/18 09:33:00",
  "value" : "20"
},{
  "dateTime" : "10/01/18 10:54:00",
  "value" : "30"
},{
  "dateTime" : "10/01/18 11:02:00",
  "value" : "20"
},{
  "dateTime" : "10/01/18 12:02:00",
  "value" : "10"
},{
  "dateTime" : "10/01/18 12:05:00",
  "value" : "10"
},{
  "dateTime" : "10/01/18 12:10:00",
  "value" : "10"
},{
  "dateTime" : "10/01/18 13:07:00",
  "value" : "10"
},{
  "dateTime" : "10/01/18 13:08:00",
  "value" : "10"
},{
  "dateTime" : "10/01/18 13:11:00",
  "value" : "10"
},{
  "dateTime" : "10/01/18 13:12:00",
  "value" : "20"
},{
  "dateTime" : "10/01/18 13:13:00",
  "value" : "40"
},{
  "dateTime" : "10/01/18 14:06:00",
  "value" : "10"
},{
  "dateTime" : "10/01/18 14:07:00",
  "value" : "10"
},{
  "dateTime" : "10/01/18 14:08:00",
  "value" : "10"
},{
  "dateTime" : "10/01/18 14:09:00",
  "value" : "10"
},{
  "dateTime" : "10/01/18 16:03:00",
  "value" : "10"
},{
  "dateTime" : "10/01/18 16:06:00",
  "value" : "10"
},{
  "dateTime" : "10/01/18 17:06:00",
  "value" : "10"
},{
  "dateTime" : "10/01/18 18:35:00",
  "value" : "10"
},{
  "dateTime" : "10/01/18 18:39:00",
  "value" : "10"
},{
  "dateTime" : "10/01/18 18:46:00",
  "value" : "10"
},{
  "dateTime" : "10/01/18 18:47:00",
  "value" : "10"
},{
  "dateTime" : "10/01/18 18:48:00",
  "value" : "20"
},{
  "dateTime" : "10/01/18 18:49:00",
  "value" : "10"
},{
  "dateTime" : "10/01/18 18:55:00",
  "value" : "10"
},{
  "dateTime" : "10/01/18 18:57:00",
  "value" : "10"
},{
  "dateTime" : "10/01/18 19:05:00",
  "value" : "10"
},{
  "dateTime" : "10/01/18 19:07:00",
  "value" : "10"
},{
  "dateTime" : "10/01/18 19:09:00",
  "value" : "20"
},{
  "dateTime" : "10/01/18 19:11:00",
  "value" : "10"
},{
  "dateTime" : "10/01/18 21:15:00",
  "value" : "10"
},{
  "dateTime" : "10/01/18 23:11:00",
  "value" : "10"
},{
  "dateTime" : "10/02/18 08:38:00",
  "value" : "10"
},{
  "dateTime" : "10/02/18 08:40:00",
  "value" : "10"
},{
  "dateTime" : "10/02/18 08:41:00",
  "value" : "10"
},{
  "dateTime" : "10/02/18 08:43:00",
  "value" : "10"
},{
  "dateTime" : "10/02/18 08:45:00",
  "value" : "10"
},{
  "dateTime" : "10/02/18 08:46:00",
  "value" : "10"
},{
  "dateTime" : "10/02/18 08:47:00",
  "value" : "20"
},{
  "dateTime" : "10/02/18 08:48:00",
  "value" : "10"
},{
  "dateTime" : "10/02/18 08:49:00",
  "value" : "10"
},{
  "dateTime" : "10/02/18 08:51:00",
  "value" : "20"
},{
  "dateTime" : "10/02/18 08:53:00",
  "value" : "20"
},{
  "dateTime" : "10/02/18 08:55:00",
  "value" : "10"
},{
  "dateTime" : "10/02/18 09:44:00",
  "value" : "10"
},{
  "dateTime" : "10/02/18 09:46:00",
  "value" : "10"
},{
  "dateTime" : "10/02/18 09:48:00",
  "value" : "10"
},{
  "dateTime" : "10/02/18 09:49:00",
  "value" : "10"
},{
  "dateTime" : "10/02/18 09:50:00",
  "value" : "10"
},{
  "dateTime" : "10/02/18 09:56:00",
  "value" : "10"
},{
  "dateTime" : "10/02/18 09:57:00",
  "value" : "10"
},{
  "dateTime" : "10/02/18 11:08:00",
  "value" : "10"
},{
  "dateTime" : "10/02/18 12:05:00",
  "value" : "20"
},{
  "dateTime" : "10/02/18 12:34:00",
  "value" : "10"
},{
  "dateTime" : "10/02/18 12:35:00",
  "value" : "10"
},{
  "dateTime" : "10/02/18 12:38:00",
  "value" : "10"
},{
  "dateTime" : "10/02/18 12:39:00",
  "value" : "10"
},{
  "dateTime" : "10/02/18 12:42:00",
  "value" : "20"
},{
  "dateTime" : "10/02/18 12:53:00",
  "value" : "10"
},{
  "dateTime" : "10/02/18 12:54:00",
  "value" : "10"
},{
  "dateTime" : "10/02/18 12:56:00",
  "value" : "20"
},{
  "dateTime" : "10/02/18 12:57:00",
  "value" : "10"
},{
  "dateTime" : "10/02/18 12:58:00",
  "value" : "10"
},{
  "dateTime" : "10/02/18 14:04:00",
  "value" : "10"
},{
  "dateTime" : "10/02/18 14:07:00",
  "value" : "10"
},{
  "dateTime" : "10/02/18 15:35:00",
  "value" : "20"
},{
  "dateTime" : "10/02/18 15:37:00",
  "value" : "10"
},{
  "dateTime" : "10/02/18 15:38:00",
  "value" : "10"
},{
  "dateTime" : "10/02/18 15:39:00",
  "value" : "10"
},{
  "dateTime" : "10/02/18 15:47:00",
  "value" : "10"
},{
  "dateTime" : "10/02/18 15:48:00",
  "value" : "10"
},{
  "dateTime" : "10/02/18 18:07:00",
  "value" : "10"
},{
  "dateTime" : "10/02/18 18:21:00",
  "value" : "10"
},{
  "dateTime" : "10/02/18 18:22:00",
  "value" : "10"
},{
  "dateTime" : "10/02/18 18:23:00",
  "value" : "20"
},{
  "dateTime" : "10/02/18 18:33:00",
  "value" : "10"
},{
  "dateTime" : "10/02/18 18:38:00",
  "value" : "20"
},{
  "dateTime" : "10/02/18 18:41:00",
  "value" : "20"
},{
  "dateTime" : "10/02/18 22:00:00",
  "value" : "10"
},{
  "dateTime" : "10/02/18 23:35:00",
  "value" : "10"
},{
  "dateTime" : "10/02/18 23:47:00",
  "value" : "10"
},{
  "dateTime" : "10/03/18 00:34:00",
  "value" : "10"
},{
  "dateTime" : "10/03/18 08:15:00",
  "value" : "20"
},{
  "dateTime" : "10/03/18 09:03:00",
  "value" : "10"
},{
  "dateTime" : "10/03/18 09:29:00",
  "value" : "10"
},{
  "dateTime" : "10/03/18 09:31:00",
  "value" : "10"
},{
  "dateTime" : "10/03/18 09:32:00",
  "value" : "10"
},{
  "dateTime" : "10/03/18 09:34:00",
  "value" : "10"
},{
  "dateTime" : "10/03/18 11:04:00",
  "value" : "10"
},{
  "dateTime" : "10/03/18 11:05:00",
  "value" : "20"
},{
  "dateTime" : "10/03/18 11:11:00",
  "value" : "10"
},{
  "dateTime" : "10/03/18 12:02:00",
  "value" : "10"
},{
  "dateTime" : "10/03/18 12:04:00",
  "value" : "10"
},{
  "dateTime" : "10/03/18 12:13:00",
  "value" : "10"
},{
  "dateTime" : "10/03/18 13:04:00",
  "value" : "20"
},{
  "dateTime" : "10/03/18 14:00:00",
  "value" : "10"
},{
  "dateTime" : "10/03/18 14:01:00",
  "value" : "20"
},{
  "dateTime" : "10/03/18 14:03:00",
  "value" : "10"
},{
  "dateTime" : "10/03/18 14:04:00",
  "value" : "10"
},{
  "dateTime" : "10/03/18 14:05:00",
  "value" : "10"
},{
  "dateTime" : "10/03/18 14:06:00",
  "value" : "10"
},{
  "dateTime" : "10/03/18 16:51:00",
  "value" : "10"
},{
  "dateTime" : "10/03/18 16:52:00",
  "value" : "20"
},{
  "dateTime" : "10/03/18 16:57:00",
  "value" : "20"
},{
  "dateTime" : "10/03/18 16:58:00",
  "value" : "10"
},{
  "dateTime" : "10/03/18 18:28:00",
  "value" : "20"
},{
  "dateTime" : "10/03/18 18:29:00",
  "value" : "10"
},{
  "dateTime" : "10/03/18 18:39:00",
  "value" : "10"
},{
  "dateTime" : "10/03/18 18:41:00",
  "value" : "10"
},{
  "dateTime" : "10/03/18 18:52:00",
  "value" : "10"
},{
  "dateTime" : "10/03/18 18:53:00",
  "value" : "10"
},{
  "dateTime" : "10/03/18 18:55:00",
  "value" : "10"
},{
  "dateTime" : "10/03/18 19:17:00",
  "value" : "10"
},{
  "dateTime" : "10/03/18 19:19:00",
  "value" : "10"
},{
  "dateTime" : "10/03/18 23:01:00",
  "value" : "10"
},{
  "dateTime" : "10/04/18 01:23:00",
  "value" : "10"
},{
  "dateTime" : "10/04/18 09:33:00",
  "value" : "10"
},{
  "dateTime" : "10/04/18 11:20:00",
  "value" : "10"
},{
  "dateTime" : "10/04/18 15:36:00",
  "value" : "10"
},{
  "dateTime" : "10/04/18 16:07:00",
  "value" : "10"
},{
  "dateTime" : "10/04/18 18:05:00",
  "value" : "20"
},{
  "dateTime" : "10/04/18 18:10:00",
  "value" : "10"
},{
  "dateTime" : "10/04/18 18:32:00",
  "value" : "10"
},{
  "dateTime" : "10/04/18 18:33:00",
  "value" : "10"
},{
  "dateTime" : "10/04/18 18:41:00",
  "value" : "20"
},{
  "dateTime" : "10/04/18 20:06:00",
  "value" : "10"
},{
  "dateTime" : "10/04/18 20:07:00",
  "value" : "10"
},{
  "dateTime" : "10/04/18 20:09:00",
  "value" : "10"
},{
  "dateTime" : "10/04/18 20:13:00",
  "value" : "20"
},{
  "dateTime" : "10/04/18 20:14:00",
  "value" : "20"
},{
  "dateTime" : "10/04/18 20:18:00",
  "value" : "10"
},{
  "dateTime" : "10/04/18 20:33:00",
  "value" : "10"
},{
  "dateTime" : "10/04/18 20:35:00",
  "value" : "10"
},{
  "dateTime" : "10/04/18 20:36:00",
  "value" : "10"
},{
  "dateTime" : "10/04/18 21:51:00",
  "value" : "10"
},{
  "dateTime" : "10/04/18 21:52:00",
  "value" : "10"
},{
  "dateTime" : "10/04/18 21:54:00",
  "value" : "10"
},{
  "dateTime" : "10/04/18 21:58:00",
  "value" : "10"
},{
  "dateTime" : "10/04/18 21:59:00",
  "value" : "10"
},{
  "dateTime" : "10/04/18 22:00:00",
  "value" : "10"
},{
  "dateTime" : "10/04/18 22:01:00",
  "value" : "10"
},{
  "dateTime" : "10/04/18 22:02:00",
  "value" : "10"
},{
  "dateTime" : "10/04/18 22:03:00",
  "value" : "10"
},{
  "dateTime" : "10/04/18 22:05:00",
  "value" : "10"
},{
  "dateTime" : "10/05/18 00:16:00",
  "value" : "10"
},{
  "dateTime" : "10/05/18 00:17:00",
  "value" : "10"
},{
  "dateTime" : "10/05/18 00:20:00",
  "value" : "10"
},{
  "dateTime" : "10/05/18 09:12:00",
  "value" : "10"
},{
  "dateTime" : "10/05/18 09:34:00",
  "value" : "10"
},{
  "dateTime" : "10/05/18 09:35:00",
  "value" : "10"
},{
  "dateTime" : "10/05/18 09:37:00",
  "value" : "10"
},{
  "dateTime" : "10/05/18 10:57:00",
  "value" : "20"
},{
  "dateTime" : "10/05/18 12:08:00",
  "value" : "20"
},{
  "dateTime" : "10/05/18 12:09:00",
  "value" : "10"
},{
  "dateTime" : "10/05/18 12:10:00",
  "value" : "20"
},{
  "dateTime" : "10/05/18 12:11:00",
  "value" : "20"
},{
  "dateTime" : "10/05/18 12:14:00",
  "value" : "10"
},{
  "dateTime" : "10/05/18 13:51:00",
  "value" : "10"
},{
  "dateTime" : "10/05/18 15:50:00",
  "value" : "10"
},{
  "dateTime" : "10/05/18 15:56:00",
  "value" : "10"
},{
  "dateTime" : "10/05/18 17:37:00",
  "value" : "10"
},{
  "dateTime" : "10/05/18 17:38:00",
  "value" : "10"
},{
  "dateTime" : "10/05/18 17:39:00",
  "value" : "20"
},{
  "dateTime" : "10/05/18 17:40:00",
  "value" : "10"
},{
  "dateTime" : "10/05/18 17:41:00",
  "value" : "10"
},{
  "dateTime" : "10/05/18 17:42:00",
  "value" : "10"
},{
  "dateTime" : "10/05/18 17:44:00",
  "value" : "10"
},{
  "dateTime" : "10/05/18 17:45:00",
  "value" : "20"
},{
  "dateTime" : "10/05/18 17:46:00",
  "value" : "20"
},{
  "dateTime" : "10/05/18 17:47:00",
  "value" : "20"
},{
  "dateTime" : "10/05/18 18:16:00",
  "value" : "10"
},{
  "dateTime" : "10/05/18 18:18:00",
  "value" : "10"
},{
  "dateTime" : "10/05/18 18:19:00",
  "value" : "10"
},{
  "dateTime" : "10/05/18 18:20:00",
  "value" : "10"
},{
  "dateTime" : "10/05/18 18:21:00",
  "value" : "10"
},{
  "dateTime" : "10/05/18 20:47:00",
  "value" : "30"
},{
  "dateTime" : "10/05/18 20:55:00",
  "value" : "20"
},{
  "dateTime" : "10/05/18 22:02:00",
  "value" : "10"
},{
  "dateTime" : "10/05/18 22:21:00",
  "value" : "10"
},{
  "dateTime" : "10/05/18 23:02:00",
  "value" : "10"
},{
  "dateTime" : "10/06/18 00:21:00",
  "value" : "10"
},{
  "dateTime" : "10/06/18 10:09:00",
  "value" : "10"
},{
  "dateTime" : "10/06/18 10:32:00",
  "value" : "10"
},{
  "dateTime" : "10/06/18 10:34:00",
  "value" : "10"
},{
  "dateTime" : "10/06/18 10:35:00",
  "value" : "10"
},{
  "dateTime" : "10/06/18 10:37:00",
  "value" : "10"
},{
  "dateTime" : "10/06/18 14:32:00",
  "value" : "10"
},{
  "dateTime" : "10/06/18 14:34:00",
  "value" : "20"
},{
  "dateTime" : "10/06/18 14:43:00",
  "value" : "10"
},{
  "dateTime" : "10/06/18 16:08:00",
  "value" : "10"
},{
  "dateTime" : "10/06/18 18:39:00",
  "value" : "10"
},{
  "dateTime" : "10/06/18 20:05:00",
  "value" : "10"
},{
  "dateTime" : "10/06/18 20:34:00",
  "value" : "10"
},{
  "dateTime" : "10/06/18 20:40:00",
  "value" : "10"
},{
  "dateTime" : "10/06/18 21:32:00",
  "value" : "10"
},{
  "dateTime" : "10/06/18 21:35:00",
  "value" : "10"
},{
  "dateTime" : "10/06/18 21:37:00",
  "value" : "10"
},{
  "dateTime" : "10/06/18 21:39:00",
  "value" : "10"
},{
  "dateTime" : "10/06/18 21:41:00",
  "value" : "10"
},{
  "dateTime" : "10/06/18 21:53:00",
  "value" : "10"
},{
  "dateTime" : "10/06/18 21:55:00",
  "value" : "10"
},{
  "dateTime" : "10/06/18 21:57:00",
  "value" : "10"
},{
  "dateTime" : "10/06/18 21:58:00",
  "value" : "10"
},{
  "dateTime" : "10/06/18 21:59:00",
  "value" : "10"
},{
  "dateTime" : "10/06/18 22:03:00",
  "value" : "20"
},{
  "dateTime" : "10/06/18 22:04:00",
  "value" : "10"
},{
  "dateTime" : "10/06/18 22:05:00",
  "value" : "10"
},{
  "dateTime" : "10/07/18 09:51:00",
  "value" : "10"
},{
  "dateTime" : "10/07/18 12:15:00",
  "value" : "10"
},{
  "dateTime" : "10/07/18 12:24:00",
  "value" : "10"
},{
  "dateTime" : "10/07/18 15:31:00",
  "value" : "10"
},{
  "dateTime" : "10/07/18 15:50:00",
  "value" : "10"
},{
  "dateTime" : "10/07/18 15:52:00",
  "value" : "10"
},{
  "dateTime" : "10/07/18 15:53:00",
  "value" : "20"
},{
  "dateTime" : "10/07/18 15:54:00",
  "value" : "40"
},{
  "dateTime" : "10/07/18 15:55:00",
  "value" : "10"
},{
  "dateTime" : "10/07/18 17:15:00",
  "value" : "10"
},{
  "dateTime" : "10/07/18 17:21:00",
  "value" : "10"
},{
  "dateTime" : "10/07/18 17:37:00",
  "value" : "10"
},{
  "dateTime" : "10/07/18 19:20:00",
  "value" : "10"
},{
  "dateTime" : "10/07/18 19:21:00",
  "value" : "10"
},{
  "dateTime" : "10/07/18 19:22:00",
  "value" : "20"
},{
  "dateTime" : "10/07/18 20:52:00",
  "value" : "20"
},{
  "dateTime" : "10/07/18 20:58:00",
  "value" : "10"
},{
  "dateTime" : "10/08/18 00:25:00",
  "value" : "10"
},{
  "dateTime" : "10/08/18 09:28:00",
  "value" : "10"
},{
  "dateTime" : "10/08/18 09:31:00",
  "value" : "10"
},{
  "dateTime" : "10/08/18 09:32:00",
  "value" : "10"
},{
  "dateTime" : "10/08/18 09:34:00",
  "value" : "10"
},{
  "dateTime" : "10/08/18 11:02:00",
  "value" : "20"
},{
  "dateTime" : "10/08/18 11:05:00",
  "value" : "10"
},{
  "dateTime" : "10/08/18 11:06:00",
  "value" : "20"
},{
  "dateTime" : "10/08/18 11:07:00",
  "value" : "10"
},{
  "dateTime" : "10/08/18 11:15:00",
  "value" : "10"
},{
  "dateTime" : "10/08/18 13:50:00",
  "value" : "10"
},{
  "dateTime" : "10/08/18 13:55:00",
  "value" : "10"
},{
  "dateTime" : "10/08/18 13:57:00",
  "value" : "10"
},{
  "dateTime" : "10/08/18 13:58:00",
  "value" : "10"
},{
  "dateTime" : "10/08/18 14:00:00",
  "value" : "20"
},{
  "dateTime" : "10/08/18 14:06:00",
  "value" : "10"
},{
  "dateTime" : "10/08/18 16:07:00",
  "value" : "10"
},{
  "dateTime" : "10/08/18 16:08:00",
  "value" : "10"
},{
  "dateTime" : "10/08/18 16:23:00",
  "value" : "10"
},{
  "dateTime" : "10/08/18 16:25:00",
  "value" : "10"
},{
  "dateTime" : "10/08/18 16:41:00",
  "value" : "10"
},{
  "dateTime" : "10/08/18 17:08:00",
  "value" : "10"
},{
  "dateTime" : "10/08/18 17:09:00",
  "value" : "10"
},{
  "dateTime" : "10/08/18 17:17:00",
  "value" : "20"
},{
  "dateTime" : "10/08/18 17:18:00",
  "value" : "20"
},{
  "dateTime" : "10/08/18 17:19:00",
  "value" : "10"
},{
  "dateTime" : "10/08/18 17:20:00",
  "value" : "10"
},{
  "dateTime" : "10/08/18 17:24:00",
  "value" : "10"
},{
  "dateTime" : "10/08/18 17:25:00",
  "value" : "10"
},{
  "dateTime" : "10/08/18 17:26:00",
  "value" : "10"
},{
  "dateTime" : "10/08/18 17:28:00",
  "value" : "10"
},{
  "dateTime" : "10/08/18 17:30:00",
  "value" : "10"
},{
  "dateTime" : "10/08/18 17:33:00",
  "value" : "10"
},{
  "dateTime" : "10/08/18 17:34:00",
  "value" : "10"
},{
  "dateTime" : "10/08/18 17:36:00",
  "value" : "10"
},{
  "dateTime" : "10/08/18 17:38:00",
  "value" : "10"
},{
  "dateTime" : "10/08/18 17:39:00",
  "value" : "20"
},{
  "dateTime" : "10/08/18 17:41:00",
  "value" : "10"
},{
  "dateTime" : "10/08/18 17:42:00",
  "value" : "10"
},{
  "dateTime" : "10/08/18 17:46:00",
  "value" : "20"
},{
  "dateTime" : "10/08/18 17:47:00",
  "value" : "10"
},{
  "dateTime" : "10/08/18 17:48:00",
  "value" : "10"
},{
  "dateTime" : "10/08/18 17:49:00",
  "value" : "10"
},{
  "dateTime" : "10/08/18 17:50:00",
  "value" : "10"
},{
  "dateTime" : "10/08/18 17:52:00",
  "value" : "10"
},{
  "dateTime" : "10/08/18 17:53:00",
  "value" : "10"
},{
  "dateTime" : "10/08/18 18:52:00",
  "value" : "10"
},{
  "dateTime" : "10/08/18 19:13:00",
  "value" : "10"
},{
  "dateTime" : "10/08/18 19:42:00",
  "value" : "10"
},{
  "dateTime" : "10/08/18 19:44:00",
  "value" : "10"
},{
  "dateTime" : "10/08/18 19:46:00",
  "value" : "10"
},{
  "dateTime" : "10/08/18 19:48:00",
  "value" : "10"
},{
  "dateTime" : "10/08/18 22:19:00",
  "value" : "30"
},{
  "dateTime" : "10/08/18 22:27:00",
  "value" : "10"
},{
  "dateTime" : "10/08/18 22:28:00",
  "value" : "10"
},{
  "dateTime" : "10/09/18 09:51:00",
  "value" : "10"
},{
  "dateTime" : "10/09/18 09:52:00",
  "value" : "10"
},{
  "dateTime" : "10/09/18 09:53:00",
  "value" : "10"
},{
  "dateTime" : "10/09/18 09:55:00",
  "value" : "10"
},{
  "dateTime" : "10/09/18 10:01:00",
  "value" : "10"
},{
  "dateTime" : "10/09/18 12:18:00",
  "value" : "10"
},{
  "dateTime" : "10/09/18 12:34:00",
  "value" : "20"
},{
  "dateTime" : "10/09/18 12:35:00",
  "value" : "20"
},{
  "dateTime" : "10/09/18 14:04:00",
  "value" : "10"
},{
  "dateTime" : "10/09/18 14:09:00",
  "value" : "10"
},{
  "dateTime" : "10/09/18 14:19:00",
  "value" : "10"
},{
  "dateTime" : "10/09/18 15:36:00",
  "value" : "20"
},{
  "dateTime" : "10/09/18 15:40:00",
  "value" : "10"
},{
  "dateTime" : "10/09/18 15:41:00",
  "value" : "20"
},{
  "dateTime" : "10/09/18 15:49:00",
  "value" : "10"
},{
  "dateTime" : "10/09/18 15:52:00",
  "value" : "10"
},{
  "dateTime" : "10/09/18 16:58:00",
  "value" : "10"
},{
  "dateTime" : "10/09/18 17:00:00",
  "value" : "10"
},{
  "dateTime" : "10/09/18 17:01:00",
  "value" : "10"
},{
  "dateTime" : "10/09/18 17:03:00",
  "value" : "10"
},{
  "dateTime" : "10/09/18 20:40:00",
  "value" : "10"
},{
  "dateTime" : "10/09/18 20:46:00",
  "value" : "10"
},{
  "dateTime" : "10/09/18 20:47:00",
  "value" : "20"
},{
  "dateTime" : "10/09/18 20:48:00",
  "value" : "10"
},{
  "dateTime" : "10/09/18 20:49:00",
  "value" : "10"
},{
  "dateTime" : "10/09/18 21:38:00",
  "value" : "20"
},{
  "dateTime" : "10/09/18 21:39:00",
  "value" : "20"
},{
  "dateTime" : "10/09/18 21:43:00",
  "value" : "20"
},{
  "dateTime" : "10/09/18 21:44:00",
  "value" : "10"
},{
  "dateTime" : "10/09/18 21:47:00",
  "value" : "20"
},{
  "dateTime" : "10/09/18 22:10:00",
  "value" : "10"
},{
  "dateTime" : "10/09/18 22:42:00",
  "value" : "10"
},{
  "dateTime" : "10/09/18 23:16:00",
  "value" : "10"
},{
  "dateTime" : "10/09/18 23:17:00",
  "value" : "10"
},{
  "dateTime" : "10/10/18 00:11:00",
  "value" : "10"
},{
  "dateTime" : "10/10/18 00:16:00",
  "value" : "10"
},{
  "dateTime" : "10/10/18 01:21:00",
  "value" : "10"
},{
  "dateTime" : "10/10/18 08:15:00",
  "value" : "10"
},{
  "dateTime" : "10/10/18 08:17:00",
  "value" : "10"
},{
  "dateTime" : "10/10/18 08:18:00",
  "value" : "10"
},{
  "dateTime" : "10/10/18 08:20:00",
  "value" : "10"
},{
  "dateTime" : "10/10/18 11:05:00",
  "value" : "20"
},{
  "dateTime" : "10/10/18 11:06:00",
  "value" : "10"
},{
  "dateTime" : "10/10/18 11:12:00",
  "value" : "10"
},{
  "dateTime" : "10/10/18 11:13:00",
  "value" : "10"
},{
  "dateTime" : "10/10/18 11:16:00",
  "value" : "10"
},{
  "dateTime" : "10/10/18 12:35:00",
  "value" : "10"
},{
  "dateTime" : "10/10/18 13:02:00",
  "value" : "10"
},{
  "dateTime" : "10/10/18 13:15:00",
  "value" : "20"
},{
  "dateTime" : "10/10/18 14:06:00",
  "value" : "10"
},{
  "dateTime" : "10/10/18 14:09:00",
  "value" : "10"
},{
  "dateTime" : "10/10/18 14:10:00",
  "value" : "20"
},{
  "dateTime" : "10/10/18 14:12:00",
  "value" : "10"
},{
  "dateTime" : "10/10/18 14:13:00",
  "value" : "10"
},{
  "dateTime" : "10/10/18 14:14:00",
  "value" : "20"
},{
  "dateTime" : "10/10/18 16:18:00",
  "value" : "10"
},{
  "dateTime" : "10/10/18 16:19:00",
  "value" : "10"
},{
  "dateTime" : "10/10/18 16:25:00",
  "value" : "10"
},{
  "dateTime" : "10/10/18 16:33:00",
  "value" : "20"
},{
  "dateTime" : "10/10/18 18:11:00",
  "value" : "10"
},{
  "dateTime" : "10/10/18 19:02:00",
  "value" : "20"
},{
  "dateTime" : "10/10/18 19:07:00",
  "value" : "10"
},{
  "dateTime" : "10/10/18 19:08:00",
  "value" : "20"
},{
  "dateTime" : "10/10/18 19:09:00",
  "value" : "10"
},{
  "dateTime" : "10/10/18 19:10:00",
  "value" : "30"
},{
  "dateTime" : "10/10/18 19:11:00",
  "value" : "20"
},{
  "dateTime" : "10/10/18 20:09:00",
  "value" : "20"
},{
  "dateTime" : "10/10/18 20:16:00",
  "value" : "10"
},{
  "dateTime" : "10/10/18 20:26:00",
  "value" : "10"
},{
  "dateTime" : "10/10/18 20:36:00",
  "value" : "10"
},{
  "dateTime" : "10/10/18 21:05:00",
  "value" : "10"
},{
  "dateTime" : "10/11/18 09:43:00",
  "value" : "10"
},{
  "dateTime" : "10/11/18 10:48:00",
  "value" : "10"
},{
  "dateTime" : "10/11/18 15:52:00",
  "value" : "20"
},{
  "dateTime" : "10/11/18 15:53:00",
  "value" : "10"
},{
  "dateTime" : "10/11/18 16:09:00",
  "value" : "10"
},{
  "dateTime" : "10/11/18 18:02:00",
  "value" : "30"
},{
  "dateTime" : "10/11/18 18:08:00",
  "value" : "10"
},{
  "dateTime" : "10/11/18 18:40:00",
  "value" : "10"
},{
  "dateTime" : "10/11/18 18:41:00",
  "value" : "10"
},{
  "dateTime" : "10/11/18 18:44:00",
  "value" : "10"
},{
  "dateTime" : "10/11/18 20:25:00",
  "value" : "10"
},{
  "dateTime" : "10/11/18 20:26:00",
  "value" : "10"
},{
  "dateTime" : "10/11/18 20:27:00",
  "value" : "10"
},{
  "dateTime" : "10/11/18 20:29:00",
  "value" : "10"
},{
  "dateTime" : "10/11/18 20:30:00",
  "value" : "20"
},{
  "dateTime" : "10/11/18 20:35:00",
  "value" : "10"
},{
  "dateTime" : "10/11/18 20:36:00",
  "value" : "10"
},{
  "dateTime" : "10/11/18 20:38:00",
  "value" : "10"
},{
  "dateTime" : "10/12/18 09:49:00",
  "value" : "10"
},{
  "dateTime" : "10/12/18 09:50:00",
  "value" : "10"
},{
  "dateTime" : "10/12/18 09:51:00",
  "value" : "10"
},{
  "dateTime" : "10/12/18 09:52:00",
  "value" : "10"
},{
  "dateTime" : "10/12/18 11:35:00",
  "value" : "10"
},{
  "dateTime" : "10/12/18 11:36:00",
  "value" : "20"
},{
  "dateTime" : "10/12/18 11:44:00",
  "value" : "10"
},{
  "dateTime" : "10/12/18 11:55:00",
  "value" : "10"
},{
  "dateTime" : "10/12/18 12:02:00",
  "value" : "10"
},{
  "dateTime" : "10/12/18 15:28:00",
  "value" : "10"
},{
  "dateTime" : "10/12/18 19:44:00",
  "value" : "10"
},{
  "dateTime" : "10/12/18 20:01:00",
  "value" : "10"
},{
  "dateTime" : "10/12/18 22:14:00",
  "value" : "10"
},{
  "dateTime" : "10/12/18 22:16:00",
  "value" : "20"
},{
  "dateTime" : "10/12/18 22:49:00",
  "value" : "10"
},{
  "dateTime" : "10/12/18 22:50:00",
  "value" : "10"
},{
  "dateTime" : "10/13/18 00:18:00",
  "value" : "10"
},{
  "dateTime" : "10/13/18 00:21:00",
  "value" : "10"
},{
  "dateTime" : "10/13/18 00:26:00",
  "value" : "20"
},{
  "dateTime" : "10/13/18 03:07:00",
  "value" : "10"
},{
  "dateTime" : "10/13/18 03:08:00",
  "value" : "10"
},{
  "dateTime" : "10/13/18 03:09:00",
  "value" : "10"
},{
  "dateTime" : "10/13/18 03:10:00",
  "value" : "10"
},{
  "dateTime" : "10/13/18 11:03:00",
  "value" : "10"
},{
  "dateTime" : "10/13/18 11:16:00",
  "value" : "10"
},{
  "dateTime" : "10/13/18 12:11:00",
  "value" : "10"
},{
  "dateTime" : "10/13/18 13:01:00",
  "value" : "10"
},{
  "dateTime" : "10/13/18 13:09:00",
  "value" : "10"
},{
  "dateTime" : "10/13/18 13:34:00",
  "value" : "10"
},{
  "dateTime" : "10/13/18 13:46:00",
  "value" : "10"
},{
  "dateTime" : "10/13/18 15:03:00",
  "value" : "10"
},{
  "dateTime" : "10/13/18 15:04:00",
  "value" : "20"
},{
  "dateTime" : "10/13/18 15:06:00",
  "value" : "10"
},{
  "dateTime" : "10/13/18 15:12:00",
  "value" : "10"
},{
  "dateTime" : "10/13/18 16:07:00",
  "value" : "10"
},{
  "dateTime" : "10/13/18 16:24:00",
  "value" : "10"
},{
  "dateTime" : "10/13/18 16:34:00",
  "value" : "10"
},{
  "dateTime" : "10/13/18 18:23:00",
  "value" : "10"
},{
  "dateTime" : "10/13/18 18:26:00",
  "value" : "30"
},{
  "dateTime" : "10/13/18 18:27:00",
  "value" : "30"
},{
  "dateTime" : "10/13/18 18:28:00",
  "value" : "50"
},{
  "dateTime" : "10/13/18 18:29:00",
  "value" : "40"
},{
  "dateTime" : "10/13/18 18:30:00",
  "value" : "60"
},{
  "dateTime" : "10/13/18 18:31:00",
  "value" : "50"
},{
  "dateTime" : "10/13/18 18:32:00",
  "value" : "10"
},{
  "dateTime" : "10/13/18 18:33:00",
  "value" : "40"
},{
  "dateTime" : "10/13/18 18:34:00",
  "value" : "50"
},{
  "dateTime" : "10/13/18 18:35:00",
  "value" : "20"
},{
  "dateTime" : "10/13/18 18:36:00",
  "value" : "10"
},{
  "dateTime" : "10/13/18 18:37:00",
  "value" : "20"
},{
  "dateTime" : "10/13/18 18:38:00",
  "value" : "10"
},{
  "dateTime" : "10/13/18 19:29:00",
  "value" : "10"
},{
  "dateTime" : "10/13/18 20:30:00",
  "value" : "10"
},{
  "dateTime" : "10/14/18 09:54:00",
  "value" : "10"
},{
  "dateTime" : "10/14/18 09:55:00",
  "value" : "10"
},{
  "dateTime" : "10/14/18 09:56:00",
  "value" : "10"
},{
  "dateTime" : "10/14/18 09:57:00",
  "value" : "10"
},{
  "dateTime" : "10/14/18 14:26:00",
  "value" : "20"
},{
  "dateTime" : "10/14/18 14:27:00",
  "value" : "10"
},{
  "dateTime" : "10/14/18 15:28:00",
  "value" : "10"
},{
  "dateTime" : "10/14/18 16:22:00",
  "value" : "20"
},{
  "dateTime" : "10/14/18 16:23:00",
  "value" : "10"
},{
  "dateTime" : "10/14/18 16:24:00",
  "value" : "10"
},{
  "dateTime" : "10/14/18 16:26:00",
  "value" : "20"
},{
  "dateTime" : "10/14/18 17:12:00",
  "value" : "10"
},{
  "dateTime" : "10/14/18 19:23:00",
  "value" : "10"
},{
  "dateTime" : "10/14/18 19:25:00",
  "value" : "10"
},{
  "dateTime" : "10/14/18 19:26:00",
  "value" : "10"
},{
  "dateTime" : "10/14/18 19:27:00",
  "value" : "10"
},{
  "dateTime" : "10/14/18 21:01:00",
  "value" : "10"
},{
  "dateTime" : "10/14/18 21:02:00",
  "value" : "10"
},{
  "dateTime" : "10/14/18 21:39:00",
  "value" : "10"
},{
  "dateTime" : "10/15/18 00:32:00",
  "value" : "10"
},{
  "dateTime" : "10/15/18 00:34:00",
  "value" : "10"
},{
  "dateTime" : "10/15/18 00:35:00",
  "value" : "10"
},{
  "dateTime" : "10/15/18 00:37:00",
  "value" : "10"
},{
  "dateTime" : "10/15/18 00:38:00",
  "value" : "10"
},{
  "dateTime" : "10/15/18 00:45:00",
  "value" : "10"
},{
  "dateTime" : "10/15/18 00:54:00",
  "value" : "10"
},{
  "dateTime" : "10/15/18 00:57:00",
  "value" : "10"
},{
  "dateTime" : "10/15/18 09:27:00",
  "value" : "10"
},{
  "dateTime" : "10/15/18 09:28:00",
  "value" : "10"
},{
  "dateTime" : "10/15/18 09:30:00",
  "value" : "10"
},{
  "dateTime" : "10/15/18 09:31:00",
  "value" : "10"
},{
  "dateTime" : "10/15/18 09:32:00",
  "value" : "10"
},{
  "dateTime" : "10/15/18 11:06:00",
  "value" : "30"
},{
  "dateTime" : "10/15/18 11:15:00",
  "value" : "10"
},{
  "dateTime" : "10/15/18 11:16:00",
  "value" : "20"
},{
  "dateTime" : "10/15/18 13:09:00",
  "value" : "10"
},{
  "dateTime" : "10/15/18 13:17:00",
  "value" : "10"
},{
  "dateTime" : "10/15/18 15:52:00",
  "value" : "10"
},{
  "dateTime" : "10/15/18 17:53:00",
  "value" : "10"
},{
  "dateTime" : "10/15/18 17:54:00",
  "value" : "10"
},{
  "dateTime" : "10/15/18 17:56:00",
  "value" : "10"
},{
  "dateTime" : "10/15/18 17:57:00",
  "value" : "10"
},{
  "dateTime" : "10/15/18 17:58:00",
  "value" : "10"
},{
  "dateTime" : "10/15/18 17:59:00",
  "value" : "10"
},{
  "dateTime" : "10/15/18 18:00:00",
  "value" : "20"
},{
  "dateTime" : "10/15/18 18:01:00",
  "value" : "10"
},{
  "dateTime" : "10/15/18 18:02:00",
  "value" : "30"
},{
  "dateTime" : "10/15/18 18:06:00",
  "value" : "10"
},{
  "dateTime" : "10/15/18 18:39:00",
  "value" : "10"
},{
  "dateTime" : "10/15/18 18:44:00",
  "value" : "10"
},{
  "dateTime" : "10/15/18 18:45:00",
  "value" : "10"
},{
  "dateTime" : "10/15/18 18:46:00",
  "value" : "10"
},{
  "dateTime" : "10/15/18 19:11:00",
  "value" : "10"
},{
  "dateTime" : "10/15/18 21:33:00",
  "value" : "10"
},{
  "dateTime" : "10/15/18 21:44:00",
  "value" : "10"
},{
  "dateTime" : "10/15/18 23:49:00",
  "value" : "10"
},{
  "dateTime" : "10/16/18 09:03:00",
  "value" : "10"
},{
  "dateTime" : "10/16/18 12:44:00",
  "value" : "10"
},{
  "dateTime" : "10/16/18 12:55:00",
  "value" : "10"
},{
  "dateTime" : "10/16/18 12:57:00",
  "value" : "20"
},{
  "dateTime" : "10/16/18 12:59:00",
  "value" : "20"
},{
  "dateTime" : "10/16/18 13:04:00",
  "value" : "10"
},{
  "dateTime" : "10/16/18 13:05:00",
  "value" : "10"
},{
  "dateTime" : "10/16/18 14:05:00",
  "value" : "10"
},{
  "dateTime" : "10/16/18 14:09:00",
  "value" : "10"
},{
  "dateTime" : "10/16/18 14:11:00",
  "value" : "10"
},{
  "dateTime" : "10/16/18 15:33:00",
  "value" : "10"
},{
  "dateTime" : "10/16/18 15:34:00",
  "value" : "10"
},{
  "dateTime" : "10/16/18 15:48:00",
  "value" : "20"
},{
  "dateTime" : "10/16/18 15:51:00",
  "value" : "10"
},{
  "dateTime" : "10/16/18 16:22:00",
  "value" : "10"
},{
  "dateTime" : "10/16/18 18:30:00",
  "value" : "10"
},{
  "dateTime" : "10/16/18 18:41:00",
  "value" : "10"
},{
  "dateTime" : "10/16/18 19:50:00",
  "value" : "10"
},{
  "dateTime" : "10/16/18 19:52:00",
  "value" : "10"
},{
  "dateTime" : "10/16/18 19:54:00",
  "value" : "10"
},{
  "dateTime" : "10/16/18 19:56:00",
  "value" : "10"
},{
  "dateTime" : "10/16/18 19:57:00",
  "value" : "10"
},{
  "dateTime" : "10/16/18 21:43:00",
  "value" : "10"
},{
  "dateTime" : "10/16/18 21:44:00",
  "value" : "20"
},{
  "dateTime" : "10/16/18 21:52:00",
  "value" : "20"
},{
  "dateTime" : "10/16/18 21:54:00",
  "value" : "10"
},{
  "dateTime" : "10/17/18 09:30:00",
  "value" : "10"
},{
  "dateTime" : "10/17/18 10:22:00",
  "value" : "10"
},{
  "dateTime" : "10/17/18 13:02:00",
  "value" : "10"
},{
  "dateTime" : "10/17/18 15:12:00",
  "value" : "10"
},{
  "dateTime" : "10/17/18 15:19:00",
  "value" : "10"
},{
  "dateTime" : "10/17/18 15:20:00",
  "value" : "10"
},{
  "dateTime" : "10/17/18 15:21:00",
  "value" : "20"
},{
  "dateTime" : "10/17/18 15:22:00",
  "value" : "10"
},{
  "dateTime" : "10/17/18 15:23:00",
  "value" : "10"
},{
  "dateTime" : "10/17/18 15:29:00",
  "value" : "10"
},{
  "dateTime" : "10/17/18 15:39:00",
  "value" : "10"
},{
  "dateTime" : "10/17/18 15:40:00",
  "value" : "10"
},{
  "dateTime" : "10/17/18 15:41:00",
  "value" : "10"
},{
  "dateTime" : "10/17/18 15:43:00",
  "value" : "10"
},{
  "dateTime" : "10/17/18 19:33:00",
  "value" : "10"
},{
  "dateTime" : "10/17/18 22:04:00",
  "value" : "10"
},{
  "dateTime" : "10/17/18 22:05:00",
  "value" : "10"
},{
  "dateTime" : "10/17/18 22:06:00",
  "value" : "20"
},{
  "dateTime" : "10/17/18 22:07:00",
  "value" : "20"
},{
  "dateTime" : "10/17/18 22:08:00",
  "value" : "10"
},{
  "dateTime" : "10/17/18 22:10:00",
  "value" : "10"
},{
  "dateTime" : "10/17/18 22:13:00",
  "value" : "10"
},{
  "dateTime" : "10/17/18 22:14:00",
  "value" : "20"
},{
  "dateTime" : "10/17/18 22:15:00",
  "value" : "20"
},{
  "dateTime" : "10/17/18 22:18:00",
  "value" : "20"
},{
  "dateTime" : "10/18/18 00:14:00",
  "value" : "10"
},{
  "dateTime" : "10/18/18 00:43:00",
  "value" : "10"
},{
  "dateTime" : "10/18/18 09:56:00",
  "value" : "10"
},{
  "dateTime" : "10/18/18 16:05:00",
  "value" : "10"
},{
  "dateTime" : "10/18/18 16:06:00",
  "value" : "10"
},{
  "dateTime" : "10/18/18 16:07:00",
  "value" : "10"
},{
  "dateTime" : "10/18/18 18:06:00",
  "value" : "10"
},{
  "dateTime" : "10/18/18 18:07:00",
  "value" : "10"
},{
  "dateTime" : "10/18/18 18:10:00",
  "value" : "10"
},{
  "dateTime" : "10/18/18 18:11:00",
  "value" : "10"
},{
  "dateTime" : "10/18/18 18:29:00",
  "value" : "10"
},{
  "dateTime" : "10/18/18 18:30:00",
  "value" : "10"
},{
  "dateTime" : "10/18/18 18:31:00",
  "value" : "10"
},{
  "dateTime" : "10/18/18 18:39:00",
  "value" : "10"
},{
  "dateTime" : "10/18/18 19:56:00",
  "value" : "10"
},{
  "dateTime" : "10/18/18 20:00:00",
  "value" : "10"
},{
  "dateTime" : "10/18/18 20:01:00",
  "value" : "20"
},{
  "dateTime" : "10/18/18 20:03:00",
  "value" : "10"
},{
  "dateTime" : "10/18/18 20:06:00",
  "value" : "10"
},{
  "dateTime" : "10/18/18 20:07:00",
  "value" : "10"
},{
  "dateTime" : "10/18/18 20:08:00",
  "value" : "20"
},{
  "dateTime" : "10/18/18 20:09:00",
  "value" : "10"
},{
  "dateTime" : "10/18/18 20:13:00",
  "value" : "10"
},{
  "dateTime" : "10/18/18 20:15:00",
  "value" : "10"
},{
  "dateTime" : "10/18/18 20:56:00",
  "value" : "10"
},{
  "dateTime" : "10/18/18 21:06:00",
  "value" : "10"
},{
  "dateTime" : "10/18/18 21:07:00",
  "value" : "10"
},{
  "dateTime" : "10/18/18 21:08:00",
  "value" : "30"
},{
  "dateTime" : "10/18/18 21:54:00",
  "value" : "10"
},{
  "dateTime" : "10/18/18 21:58:00",
  "value" : "10"
},{
  "dateTime" : "10/18/18 21:59:00",
  "value" : "10"
},{
  "dateTime" : "10/18/18 22:34:00",
  "value" : "30"
},{
  "dateTime" : "10/18/18 22:37:00",
  "value" : "20"
},{
  "dateTime" : "10/18/18 22:38:00",
  "value" : "10"
},{
  "dateTime" : "10/18/18 22:46:00",
  "value" : "10"
},{
  "dateTime" : "10/18/18 22:49:00",
  "value" : "10"
},{
  "dateTime" : "10/18/18 22:53:00",
  "value" : "10"
},{
  "dateTime" : "10/18/18 22:54:00",
  "value" : "20"
},{
  "dateTime" : "10/19/18 00:32:00",
  "value" : "10"
},{
  "dateTime" : "10/19/18 00:53:00",
  "value" : "10"
},{
  "dateTime" : "10/19/18 00:59:00",
  "value" : "10"
},{
  "dateTime" : "10/19/18 01:00:00",
  "value" : "20"
},{
  "dateTime" : "10/19/18 01:01:00",
  "value" : "10"
},{
  "dateTime" : "10/19/18 01:04:00",
  "value" : "10"
},{
  "dateTime" : "10/19/18 01:05:00",
  "value" : "10"
},{
  "dateTime" : "10/19/18 09:29:00",
  "value" : "10"
},{
  "dateTime" : "10/19/18 09:30:00",
  "value" : "10"
},{
  "dateTime" : "10/19/18 09:32:00",
  "value" : "10"
},{
  "dateTime" : "10/19/18 09:33:00",
  "value" : "10"
},{
  "dateTime" : "10/19/18 11:11:00",
  "value" : "10"
},{
  "dateTime" : "10/19/18 11:12:00",
  "value" : "20"
},{
  "dateTime" : "10/19/18 11:13:00",
  "value" : "10"
},{
  "dateTime" : "10/19/18 11:20:00",
  "value" : "10"
},{
  "dateTime" : "10/19/18 11:21:00",
  "value" : "10"
},{
  "dateTime" : "10/19/18 13:08:00",
  "value" : "10"
},{
  "dateTime" : "10/19/18 13:13:00",
  "value" : "10"
},{
  "dateTime" : "10/19/18 13:15:00",
  "value" : "20"
},{
  "dateTime" : "10/19/18 13:16:00",
  "value" : "40"
},{
  "dateTime" : "10/19/18 13:17:00",
  "value" : "40"
},{
  "dateTime" : "10/19/18 13:18:00",
  "value" : "40"
},{
  "dateTime" : "10/19/18 13:19:00",
  "value" : "40"
},{
  "dateTime" : "10/19/18 13:20:00",
  "value" : "60"
},{
  "dateTime" : "10/19/18 13:21:00",
  "value" : "20"
},{
  "dateTime" : "10/19/18 13:22:00",
  "value" : "30"
},{
  "dateTime" : "10/19/18 13:23:00",
  "value" : "40"
},{
  "dateTime" : "10/19/18 13:24:00",
  "value" : "40"
},{
  "dateTime" : "10/19/18 13:27:00",
  "value" : "10"
},{
  "dateTime" : "10/19/18 13:28:00",
  "value" : "20"
},{
  "dateTime" : "10/19/18 13:29:00",
  "value" : "20"
},{
  "dateTime" : "10/19/18 13:30:00",
  "value" : "40"
},{
  "dateTime" : "10/19/18 13:31:00",
  "value" : "50"
},{
  "dateTime" : "10/19/18 13:32:00",
  "value" : "20"
},{
  "dateTime" : "10/19/18 13:33:00",
  "value" : "40"
},{
  "dateTime" : "10/19/18 13:34:00",
  "value" : "30"
},{
  "dateTime" : "10/19/18 13:35:00",
  "value" : "30"
},{
  "dateTime" : "10/19/18 13:39:00",
  "value" : "30"
},{
  "dateTime" : "10/19/18 13:40:00",
  "value" : "40"
},{
  "dateTime" : "10/19/18 13:41:00",
  "value" : "40"
},{
  "dateTime" : "10/19/18 13:42:00",
  "value" : "50"
},{
  "dateTime" : "10/19/18 13:45:00",
  "value" : "30"
},{
  "dateTime" : "10/19/18 13:52:00",
  "value" : "30"
},{
  "dateTime" : "10/19/18 14:11:00",
  "value" : "10"
},{
  "dateTime" : "10/19/18 14:16:00",
  "value" : "10"
},{
  "dateTime" : "10/19/18 14:17:00",
  "value" : "10"
},{
  "dateTime" : "10/19/18 14:28:00",
  "value" : "20"
},{
  "dateTime" : "10/19/18 14:29:00",
  "value" : "20"
},{
  "dateTime" : "10/19/18 14:30:00",
  "value" : "30"
},{
  "dateTime" : "10/19/18 14:31:00",
  "value" : "50"
},{
  "dateTime" : "10/19/18 14:49:00",
  "value" : "10"
},{
  "dateTime" : "10/19/18 16:01:00",
  "value" : "10"
},{
  "dateTime" : "10/19/18 16:02:00",
  "value" : "10"
},{
  "dateTime" : "10/19/18 16:08:00",
  "value" : "10"
},{
  "dateTime" : "10/19/18 16:09:00",
  "value" : "10"
},{
  "dateTime" : "10/19/18 21:04:00",
  "value" : "10"
},{
  "dateTime" : "10/19/18 22:04:00",
  "value" : "10"
},{
  "dateTime" : "10/19/18 22:27:00",
  "value" : "10"
},{
  "dateTime" : "10/19/18 22:28:00",
  "value" : "10"
},{
  "dateTime" : "10/19/18 22:29:00",
  "value" : "20"
},{
  "dateTime" : "10/19/18 22:39:00",
  "value" : "10"
},{
  "dateTime" : "10/19/18 22:45:00",
  "value" : "10"
},{
  "dateTime" : "10/19/18 22:46:00",
  "value" : "20"
},{
  "dateTime" : "10/19/18 22:47:00",
  "value" : "10"
},{
  "dateTime" : "10/19/18 22:48:00",
  "value" : "10"
},{
  "dateTime" : "10/19/18 22:49:00",
  "value" : "10"
},{
  "dateTime" : "10/19/18 23:01:00",
  "value" : "10"
},{
  "dateTime" : "10/19/18 23:02:00",
  "value" : "10"
},{
  "dateTime" : "10/19/18 23:04:00",
  "value" : "10"
},{
  "dateTime" : "10/19/18 23:07:00",
  "value" : "10"
},{
  "dateTime" : "10/19/18 23:14:00",
  "value" : "10"
},{
  "dateTime" : "10/19/18 23:16:00",
  "value" : "10"
},{
  "dateTime" : "10/19/18 23:21:00",
  "value" : "10"
},{
  "dateTime" : "10/19/18 23:28:00",
  "value" : "20"
},{
  "dateTime" : "10/19/18 23:29:00",
  "value" : "10"
},{
  "dateTime" : "10/19/18 23:34:00",
  "value" : "10"
},{
  "dateTime" : "10/19/18 23:35:00",
  "value" : "10"
},{
  "dateTime" : "10/19/18 23:36:00",
  "value" : "10"
},{
  "dateTime" : "10/19/18 23:37:00",
  "value" : "10"
},{
  "dateTime" : "10/19/18 23:38:00",
  "value" : "10"
},{
  "dateTime" : "10/20/18 00:06:00",
  "value" : "10"
},{
  "dateTime" : "10/20/18 00:12:00",
  "value" : "20"
},{
  "dateTime" : "10/20/18 00:13:00",
  "value" : "10"
},{
  "dateTime" : "10/20/18 00:15:00",
  "value" : "10"
},{
  "dateTime" : "10/20/18 00:16:00",
  "value" : "10"
},{
  "dateTime" : "10/20/18 00:17:00",
  "value" : "10"
},{
  "dateTime" : "10/20/18 00:43:00",
  "value" : "10"
},{
  "dateTime" : "10/20/18 09:53:00",
  "value" : "10"
},{
  "dateTime" : "10/20/18 09:59:00",
  "value" : "10"
},{
  "dateTime" : "10/20/18 10:59:00",
  "value" : "10"
},{
  "dateTime" : "10/20/18 11:00:00",
  "value" : "10"
},{
  "dateTime" : "10/20/18 11:13:00",
  "value" : "10"
},{
  "dateTime" : "10/20/18 11:24:00",
  "value" : "10"
},{
  "dateTime" : "10/20/18 14:43:00",
  "value" : "10"
},{
  "dateTime" : "10/20/18 16:46:00",
  "value" : "10"
},{
  "dateTime" : "10/20/18 16:58:00",
  "value" : "10"
},{
  "dateTime" : "10/20/18 17:07:00",
  "value" : "10"
},{
  "dateTime" : "10/20/18 17:12:00",
  "value" : "10"
},{
  "dateTime" : "10/20/18 17:16:00",
  "value" : "10"
},{
  "dateTime" : "10/20/18 17:21:00",
  "value" : "10"
},{
  "dateTime" : "10/20/18 17:33:00",
  "value" : "20"
},{
  "dateTime" : "10/20/18 17:35:00",
  "value" : "10"
},{
  "dateTime" : "10/20/18 17:37:00",
  "value" : "10"
},{
  "dateTime" : "10/20/18 17:41:00",
  "value" : "10"
},{
  "dateTime" : "10/20/18 17:58:00",
  "value" : "10"
},{
  "dateTime" : "10/20/18 18:25:00",
  "value" : "10"
},{
  "dateTime" : "10/20/18 20:30:00",
  "value" : "10"
}]