[{
  "dateTime" : "01/19/19 13:40:00",
  "value" : "10"
},{
  "dateTime" : "01/19/19 15:27:00",
  "value" : "10"
},{
  "dateTime" : "01/19/19 20:25:00",
  "value" : "10"
},{
  "dateTime" : "01/19/19 21:37:00",
  "value" : "10"
},{
  "dateTime" : "01/20/19 09:31:00",
  "value" : "10"
},{
  "dateTime" : "01/20/19 09:39:00",
  "value" : "10"
},{
  "dateTime" : "01/20/19 11:05:00",
  "value" : "10"
},{
  "dateTime" : "01/20/19 12:51:00",
  "value" : "10"
},{
  "dateTime" : "01/20/19 13:09:00",
  "value" : "10"
},{
  "dateTime" : "01/20/19 16:18:00",
  "value" : "10"
},{
  "dateTime" : "01/20/19 17:32:00",
  "value" : "10"
},{
  "dateTime" : "01/20/19 17:34:00",
  "value" : "10"
},{
  "dateTime" : "01/20/19 18:23:00",
  "value" : "10"
},{
  "dateTime" : "01/20/19 18:26:00",
  "value" : "10"
},{
  "dateTime" : "01/20/19 18:58:00",
  "value" : "10"
},{
  "dateTime" : "01/20/19 19:30:00",
  "value" : "10"
},{
  "dateTime" : "01/20/19 20:04:00",
  "value" : "10"
},{
  "dateTime" : "01/21/19 11:52:00",
  "value" : "10"
},{
  "dateTime" : "01/21/19 11:55:00",
  "value" : "10"
},{
  "dateTime" : "01/21/19 12:03:00",
  "value" : "10"
},{
  "dateTime" : "01/21/19 12:06:00",
  "value" : "10"
},{
  "dateTime" : "01/21/19 13:12:00",
  "value" : "10"
},{
  "dateTime" : "01/21/19 13:15:00",
  "value" : "10"
},{
  "dateTime" : "01/21/19 13:17:00",
  "value" : "20"
},{
  "dateTime" : "01/21/19 13:19:00",
  "value" : "10"
},{
  "dateTime" : "01/21/19 13:26:00",
  "value" : "10"
},{
  "dateTime" : "01/21/19 13:27:00",
  "value" : "10"
},{
  "dateTime" : "01/21/19 13:50:00",
  "value" : "10"
},{
  "dateTime" : "01/21/19 14:07:00",
  "value" : "10"
},{
  "dateTime" : "01/21/19 14:11:00",
  "value" : "10"
},{
  "dateTime" : "01/21/19 14:12:00",
  "value" : "10"
},{
  "dateTime" : "01/21/19 14:21:00",
  "value" : "10"
},{
  "dateTime" : "01/21/19 14:56:00",
  "value" : "20"
},{
  "dateTime" : "01/21/19 14:57:00",
  "value" : "10"
},{
  "dateTime" : "01/21/19 14:59:00",
  "value" : "20"
},{
  "dateTime" : "01/21/19 15:00:00",
  "value" : "20"
},{
  "dateTime" : "01/21/19 15:01:00",
  "value" : "10"
},{
  "dateTime" : "01/21/19 15:02:00",
  "value" : "10"
},{
  "dateTime" : "01/21/19 15:58:00",
  "value" : "10"
},{
  "dateTime" : "01/21/19 17:31:00",
  "value" : "10"
},{
  "dateTime" : "01/21/19 17:33:00",
  "value" : "20"
},{
  "dateTime" : "01/21/19 17:34:00",
  "value" : "10"
},{
  "dateTime" : "01/21/19 17:38:00",
  "value" : "10"
},{
  "dateTime" : "01/21/19 17:42:00",
  "value" : "10"
},{
  "dateTime" : "01/21/19 17:43:00",
  "value" : "20"
},{
  "dateTime" : "01/21/19 17:45:00",
  "value" : "20"
},{
  "dateTime" : "01/21/19 17:49:00",
  "value" : "10"
},{
  "dateTime" : "01/21/19 20:14:00",
  "value" : "10"
},{
  "dateTime" : "01/21/19 20:15:00",
  "value" : "20"
},{
  "dateTime" : "01/21/19 20:17:00",
  "value" : "10"
},{
  "dateTime" : "01/21/19 20:18:00",
  "value" : "10"
},{
  "dateTime" : "01/21/19 20:19:00",
  "value" : "20"
},{
  "dateTime" : "01/21/19 20:20:00",
  "value" : "10"
},{
  "dateTime" : "01/21/19 20:21:00",
  "value" : "20"
},{
  "dateTime" : "01/21/19 21:42:00",
  "value" : "10"
},{
  "dateTime" : "01/21/19 22:09:00",
  "value" : "10"
},{
  "dateTime" : "01/21/19 23:24:00",
  "value" : "10"
},{
  "dateTime" : "01/22/19 01:05:00",
  "value" : "10"
},{
  "dateTime" : "01/22/19 01:06:00",
  "value" : "10"
},{
  "dateTime" : "01/22/19 01:09:00",
  "value" : "10"
},{
  "dateTime" : "01/22/19 09:23:00",
  "value" : "10"
},{
  "dateTime" : "01/22/19 09:26:00",
  "value" : "10"
},{
  "dateTime" : "01/22/19 09:28:00",
  "value" : "20"
},{
  "dateTime" : "01/22/19 09:30:00",
  "value" : "10"
},{
  "dateTime" : "01/22/19 09:31:00",
  "value" : "10"
},{
  "dateTime" : "01/22/19 11:01:00",
  "value" : "20"
},{
  "dateTime" : "01/22/19 11:02:00",
  "value" : "10"
},{
  "dateTime" : "01/22/19 11:09:00",
  "value" : "10"
},{
  "dateTime" : "01/22/19 11:10:00",
  "value" : "10"
},{
  "dateTime" : "01/22/19 13:14:00",
  "value" : "10"
},{
  "dateTime" : "01/22/19 13:16:00",
  "value" : "10"
},{
  "dateTime" : "01/22/19 13:51:00",
  "value" : "10"
},{
  "dateTime" : "01/22/19 13:53:00",
  "value" : "10"
},{
  "dateTime" : "01/22/19 15:24:00",
  "value" : "10"
},{
  "dateTime" : "01/22/19 15:25:00",
  "value" : "10"
},{
  "dateTime" : "01/22/19 15:42:00",
  "value" : "20"
},{
  "dateTime" : "01/22/19 15:43:00",
  "value" : "10"
},{
  "dateTime" : "01/22/19 15:45:00",
  "value" : "20"
},{
  "dateTime" : "01/22/19 15:46:00",
  "value" : "20"
},{
  "dateTime" : "01/22/19 15:48:00",
  "value" : "10"
},{
  "dateTime" : "01/22/19 15:52:00",
  "value" : "10"
},{
  "dateTime" : "01/22/19 16:12:00",
  "value" : "10"
},{
  "dateTime" : "01/22/19 16:13:00",
  "value" : "10"
},{
  "dateTime" : "01/22/19 16:14:00",
  "value" : "20"
},{
  "dateTime" : "01/22/19 16:15:00",
  "value" : "20"
},{
  "dateTime" : "01/22/19 17:43:00",
  "value" : "10"
},{
  "dateTime" : "01/22/19 18:05:00",
  "value" : "10"
},{
  "dateTime" : "01/22/19 18:28:00",
  "value" : "10"
},{
  "dateTime" : "01/22/19 18:36:00",
  "value" : "10"
},{
  "dateTime" : "01/22/19 18:37:00",
  "value" : "20"
},{
  "dateTime" : "01/22/19 18:38:00",
  "value" : "10"
},{
  "dateTime" : "01/22/19 19:15:00",
  "value" : "10"
},{
  "dateTime" : "01/22/19 19:46:00",
  "value" : "10"
},{
  "dateTime" : "01/22/19 19:59:00",
  "value" : "10"
},{
  "dateTime" : "01/22/19 20:00:00",
  "value" : "20"
},{
  "dateTime" : "01/22/19 20:02:00",
  "value" : "10"
},{
  "dateTime" : "01/22/19 20:03:00",
  "value" : "10"
},{
  "dateTime" : "01/22/19 21:08:00",
  "value" : "20"
},{
  "dateTime" : "01/22/19 21:13:00",
  "value" : "10"
},{
  "dateTime" : "01/22/19 21:15:00",
  "value" : "10"
},{
  "dateTime" : "01/22/19 22:00:00",
  "value" : "10"
},{
  "dateTime" : "01/22/19 22:08:00",
  "value" : "10"
},{
  "dateTime" : "01/22/19 22:57:00",
  "value" : "10"
},{
  "dateTime" : "01/23/19 09:14:00",
  "value" : "10"
},{
  "dateTime" : "01/23/19 09:26:00",
  "value" : "10"
},{
  "dateTime" : "01/23/19 09:28:00",
  "value" : "10"
},{
  "dateTime" : "01/23/19 09:29:00",
  "value" : "10"
},{
  "dateTime" : "01/23/19 09:31:00",
  "value" : "10"
},{
  "dateTime" : "01/23/19 09:32:00",
  "value" : "10"
},{
  "dateTime" : "01/23/19 10:38:00",
  "value" : "20"
},{
  "dateTime" : "01/23/19 14:07:00",
  "value" : "10"
},{
  "dateTime" : "01/23/19 15:27:00",
  "value" : "20"
},{
  "dateTime" : "01/23/19 15:28:00",
  "value" : "10"
},{
  "dateTime" : "01/23/19 15:30:00",
  "value" : "10"
},{
  "dateTime" : "01/23/19 15:32:00",
  "value" : "10"
},{
  "dateTime" : "01/23/19 17:14:00",
  "value" : "20"
},{
  "dateTime" : "01/23/19 18:27:00",
  "value" : "10"
},{
  "dateTime" : "01/23/19 18:48:00",
  "value" : "10"
},{
  "dateTime" : "01/23/19 18:52:00",
  "value" : "10"
},{
  "dateTime" : "01/23/19 19:55:00",
  "value" : "10"
},{
  "dateTime" : "01/23/19 19:58:00",
  "value" : "10"
},{
  "dateTime" : "01/23/19 20:05:00",
  "value" : "10"
},{
  "dateTime" : "01/23/19 20:06:00",
  "value" : "20"
},{
  "dateTime" : "01/23/19 20:07:00",
  "value" : "20"
},{
  "dateTime" : "01/23/19 20:08:00",
  "value" : "10"
},{
  "dateTime" : "01/23/19 20:11:00",
  "value" : "10"
},{
  "dateTime" : "01/23/19 20:12:00",
  "value" : "10"
},{
  "dateTime" : "01/23/19 20:22:00",
  "value" : "10"
},{
  "dateTime" : "01/23/19 20:24:00",
  "value" : "10"
},{
  "dateTime" : "01/23/19 20:25:00",
  "value" : "10"
},{
  "dateTime" : "01/23/19 21:22:00",
  "value" : "10"
},{
  "dateTime" : "01/23/19 21:58:00",
  "value" : "10"
},{
  "dateTime" : "01/24/19 09:01:00",
  "value" : "10"
},{
  "dateTime" : "01/24/19 09:23:00",
  "value" : "10"
},{
  "dateTime" : "01/24/19 09:25:00",
  "value" : "10"
},{
  "dateTime" : "01/24/19 09:26:00",
  "value" : "10"
},{
  "dateTime" : "01/24/19 09:28:00",
  "value" : "20"
},{
  "dateTime" : "01/24/19 11:02:00",
  "value" : "10"
},{
  "dateTime" : "01/24/19 11:03:00",
  "value" : "20"
},{
  "dateTime" : "01/24/19 11:12:00",
  "value" : "10"
},{
  "dateTime" : "01/24/19 11:13:00",
  "value" : "10"
},{
  "dateTime" : "01/24/19 11:25:00",
  "value" : "20"
},{
  "dateTime" : "01/24/19 11:27:00",
  "value" : "10"
},{
  "dateTime" : "01/24/19 11:28:00",
  "value" : "10"
},{
  "dateTime" : "01/24/19 11:55:00",
  "value" : "10"
},{
  "dateTime" : "01/24/19 11:57:00",
  "value" : "20"
},{
  "dateTime" : "01/24/19 11:59:00",
  "value" : "10"
},{
  "dateTime" : "01/24/19 12:00:00",
  "value" : "10"
},{
  "dateTime" : "01/24/19 15:52:00",
  "value" : "10"
},{
  "dateTime" : "01/24/19 15:57:00",
  "value" : "10"
},{
  "dateTime" : "01/24/19 15:58:00",
  "value" : "10"
},{
  "dateTime" : "01/24/19 15:59:00",
  "value" : "10"
},{
  "dateTime" : "01/24/19 16:09:00",
  "value" : "10"
},{
  "dateTime" : "01/24/19 16:10:00",
  "value" : "20"
},{
  "dateTime" : "01/24/19 16:12:00",
  "value" : "10"
},{
  "dateTime" : "01/24/19 16:13:00",
  "value" : "20"
},{
  "dateTime" : "01/24/19 17:21:00",
  "value" : "20"
},{
  "dateTime" : "01/24/19 18:21:00",
  "value" : "10"
},{
  "dateTime" : "01/24/19 18:22:00",
  "value" : "10"
},{
  "dateTime" : "01/24/19 18:23:00",
  "value" : "10"
},{
  "dateTime" : "01/24/19 18:30:00",
  "value" : "10"
},{
  "dateTime" : "01/24/19 18:40:00",
  "value" : "10"
},{
  "dateTime" : "01/24/19 20:07:00",
  "value" : "10"
},{
  "dateTime" : "01/24/19 21:01:00",
  "value" : "20"
},{
  "dateTime" : "01/24/19 21:18:00",
  "value" : "10"
},{
  "dateTime" : "01/24/19 21:32:00",
  "value" : "10"
},{
  "dateTime" : "01/24/19 21:33:00",
  "value" : "10"
},{
  "dateTime" : "01/24/19 22:15:00",
  "value" : "10"
},{
  "dateTime" : "01/24/19 23:39:00",
  "value" : "10"
},{
  "dateTime" : "01/25/19 08:46:00",
  "value" : "10"
},{
  "dateTime" : "01/25/19 08:55:00",
  "value" : "10"
},{
  "dateTime" : "01/25/19 08:56:00",
  "value" : "10"
},{
  "dateTime" : "01/25/19 08:57:00",
  "value" : "10"
},{
  "dateTime" : "01/25/19 08:59:00",
  "value" : "10"
},{
  "dateTime" : "01/25/19 10:17:00",
  "value" : "10"
},{
  "dateTime" : "01/25/19 11:32:00",
  "value" : "10"
},{
  "dateTime" : "01/25/19 11:34:00",
  "value" : "10"
},{
  "dateTime" : "01/25/19 11:35:00",
  "value" : "10"
},{
  "dateTime" : "01/25/19 11:36:00",
  "value" : "10"
},{
  "dateTime" : "01/25/19 11:37:00",
  "value" : "10"
},{
  "dateTime" : "01/25/19 11:38:00",
  "value" : "10"
},{
  "dateTime" : "01/25/19 11:42:00",
  "value" : "20"
},{
  "dateTime" : "01/25/19 11:43:00",
  "value" : "10"
},{
  "dateTime" : "01/25/19 11:44:00",
  "value" : "10"
},{
  "dateTime" : "01/25/19 11:47:00",
  "value" : "20"
},{
  "dateTime" : "01/25/19 11:48:00",
  "value" : "10"
},{
  "dateTime" : "01/25/19 11:49:00",
  "value" : "10"
},{
  "dateTime" : "01/25/19 11:50:00",
  "value" : "10"
},{
  "dateTime" : "01/25/19 11:52:00",
  "value" : "10"
},{
  "dateTime" : "01/25/19 12:34:00",
  "value" : "10"
},{
  "dateTime" : "01/25/19 13:21:00",
  "value" : "20"
},{
  "dateTime" : "01/25/19 13:32:00",
  "value" : "10"
},{
  "dateTime" : "01/25/19 13:49:00",
  "value" : "10"
},{
  "dateTime" : "01/25/19 13:51:00",
  "value" : "10"
},{
  "dateTime" : "01/25/19 13:52:00",
  "value" : "10"
},{
  "dateTime" : "01/25/19 13:53:00",
  "value" : "10"
},{
  "dateTime" : "01/25/19 13:55:00",
  "value" : "10"
},{
  "dateTime" : "01/25/19 16:20:00",
  "value" : "10"
},{
  "dateTime" : "01/25/19 16:21:00",
  "value" : "10"
},{
  "dateTime" : "01/25/19 16:22:00",
  "value" : "10"
},{
  "dateTime" : "01/25/19 16:24:00",
  "value" : "10"
},{
  "dateTime" : "01/25/19 16:26:00",
  "value" : "10"
},{
  "dateTime" : "01/25/19 16:27:00",
  "value" : "10"
},{
  "dateTime" : "01/25/19 16:28:00",
  "value" : "10"
},{
  "dateTime" : "01/25/19 16:29:00",
  "value" : "10"
},{
  "dateTime" : "01/25/19 16:30:00",
  "value" : "10"
},{
  "dateTime" : "01/25/19 16:33:00",
  "value" : "10"
},{
  "dateTime" : "01/25/19 16:34:00",
  "value" : "20"
},{
  "dateTime" : "01/25/19 16:35:00",
  "value" : "10"
},{
  "dateTime" : "01/25/19 16:37:00",
  "value" : "10"
},{
  "dateTime" : "01/25/19 16:38:00",
  "value" : "10"
},{
  "dateTime" : "01/25/19 17:01:00",
  "value" : "10"
},{
  "dateTime" : "01/25/19 18:45:00",
  "value" : "10"
},{
  "dateTime" : "01/25/19 19:11:00",
  "value" : "10"
},{
  "dateTime" : "01/25/19 19:12:00",
  "value" : "10"
},{
  "dateTime" : "01/25/19 19:14:00",
  "value" : "10"
},{
  "dateTime" : "01/25/19 21:40:00",
  "value" : "10"
},{
  "dateTime" : "01/25/19 22:02:00",
  "value" : "30"
},{
  "dateTime" : "01/25/19 22:03:00",
  "value" : "10"
},{
  "dateTime" : "01/25/19 22:04:00",
  "value" : "10"
},{
  "dateTime" : "01/25/19 22:05:00",
  "value" : "10"
},{
  "dateTime" : "01/25/19 22:08:00",
  "value" : "20"
},{
  "dateTime" : "01/25/19 22:09:00",
  "value" : "10"
},{
  "dateTime" : "01/25/19 22:17:00",
  "value" : "10"
},{
  "dateTime" : "01/25/19 22:50:00",
  "value" : "10"
},{
  "dateTime" : "01/25/19 22:51:00",
  "value" : "20"
},{
  "dateTime" : "01/25/19 22:54:00",
  "value" : "20"
},{
  "dateTime" : "01/25/19 22:57:00",
  "value" : "10"
},{
  "dateTime" : "01/26/19 01:30:00",
  "value" : "10"
},{
  "dateTime" : "01/26/19 01:31:00",
  "value" : "10"
},{
  "dateTime" : "01/26/19 01:32:00",
  "value" : "10"
},{
  "dateTime" : "01/26/19 01:33:00",
  "value" : "10"
},{
  "dateTime" : "01/26/19 10:45:00",
  "value" : "10"
},{
  "dateTime" : "01/26/19 10:56:00",
  "value" : "20"
},{
  "dateTime" : "01/26/19 10:57:00",
  "value" : "20"
},{
  "dateTime" : "01/26/19 10:58:00",
  "value" : "10"
},{
  "dateTime" : "01/26/19 10:59:00",
  "value" : "10"
},{
  "dateTime" : "01/26/19 11:02:00",
  "value" : "10"
},{
  "dateTime" : "01/26/19 11:37:00",
  "value" : "10"
},{
  "dateTime" : "01/26/19 11:53:00",
  "value" : "10"
},{
  "dateTime" : "01/26/19 12:15:00",
  "value" : "20"
},{
  "dateTime" : "01/26/19 12:17:00",
  "value" : "10"
},{
  "dateTime" : "01/26/19 12:18:00",
  "value" : "10"
},{
  "dateTime" : "01/26/19 12:19:00",
  "value" : "10"
},{
  "dateTime" : "01/26/19 12:21:00",
  "value" : "10"
},{
  "dateTime" : "01/26/19 12:23:00",
  "value" : "10"
},{
  "dateTime" : "01/26/19 12:25:00",
  "value" : "10"
},{
  "dateTime" : "01/26/19 12:26:00",
  "value" : "10"
},{
  "dateTime" : "01/26/19 13:21:00",
  "value" : "20"
},{
  "dateTime" : "01/26/19 13:23:00",
  "value" : "30"
},{
  "dateTime" : "01/26/19 13:24:00",
  "value" : "30"
},{
  "dateTime" : "01/26/19 13:25:00",
  "value" : "10"
},{
  "dateTime" : "01/26/19 13:26:00",
  "value" : "20"
},{
  "dateTime" : "01/26/19 13:27:00",
  "value" : "10"
},{
  "dateTime" : "01/26/19 13:30:00",
  "value" : "10"
},{
  "dateTime" : "01/26/19 13:31:00",
  "value" : "10"
},{
  "dateTime" : "01/26/19 13:35:00",
  "value" : "10"
},{
  "dateTime" : "01/26/19 13:38:00",
  "value" : "20"
},{
  "dateTime" : "01/26/19 13:47:00",
  "value" : "10"
},{
  "dateTime" : "01/26/19 14:34:00",
  "value" : "10"
},{
  "dateTime" : "01/26/19 15:11:00",
  "value" : "10"
},{
  "dateTime" : "01/26/19 15:30:00",
  "value" : "10"
},{
  "dateTime" : "01/26/19 15:53:00",
  "value" : "10"
},{
  "dateTime" : "01/26/19 16:32:00",
  "value" : "10"
},{
  "dateTime" : "01/26/19 17:52:00",
  "value" : "10"
},{
  "dateTime" : "01/26/19 18:03:00",
  "value" : "10"
},{
  "dateTime" : "01/26/19 19:59:00",
  "value" : "10"
},{
  "dateTime" : "01/26/19 22:29:00",
  "value" : "10"
},{
  "dateTime" : "01/26/19 22:30:00",
  "value" : "10"
},{
  "dateTime" : "01/26/19 22:35:00",
  "value" : "10"
},{
  "dateTime" : "01/26/19 23:35:00",
  "value" : "10"
},{
  "dateTime" : "01/27/19 00:04:00",
  "value" : "10"
},{
  "dateTime" : "01/27/19 02:21:00",
  "value" : "10"
},{
  "dateTime" : "01/27/19 02:23:00",
  "value" : "10"
},{
  "dateTime" : "01/27/19 02:25:00",
  "value" : "10"
},{
  "dateTime" : "01/27/19 03:24:00",
  "value" : "10"
},{
  "dateTime" : "01/27/19 10:04:00",
  "value" : "10"
},{
  "dateTime" : "01/27/19 10:50:00",
  "value" : "10"
},{
  "dateTime" : "01/27/19 14:31:00",
  "value" : "10"
},{
  "dateTime" : "01/27/19 14:49:00",
  "value" : "10"
},{
  "dateTime" : "01/27/19 14:50:00",
  "value" : "10"
},{
  "dateTime" : "01/27/19 14:51:00",
  "value" : "10"
},{
  "dateTime" : "01/27/19 14:53:00",
  "value" : "10"
},{
  "dateTime" : "01/27/19 14:54:00",
  "value" : "10"
},{
  "dateTime" : "01/27/19 14:55:00",
  "value" : "20"
},{
  "dateTime" : "01/27/19 14:57:00",
  "value" : "10"
},{
  "dateTime" : "01/27/19 15:07:00",
  "value" : "10"
},{
  "dateTime" : "01/27/19 16:10:00",
  "value" : "10"
},{
  "dateTime" : "01/27/19 17:32:00",
  "value" : "10"
},{
  "dateTime" : "01/27/19 17:51:00",
  "value" : "10"
},{
  "dateTime" : "01/27/19 17:52:00",
  "value" : "20"
},{
  "dateTime" : "01/27/19 17:53:00",
  "value" : "10"
},{
  "dateTime" : "01/27/19 17:54:00",
  "value" : "10"
},{
  "dateTime" : "01/27/19 17:55:00",
  "value" : "10"
},{
  "dateTime" : "01/27/19 19:21:00",
  "value" : "10"
},{
  "dateTime" : "01/27/19 19:23:00",
  "value" : "10"
},{
  "dateTime" : "01/27/19 20:01:00",
  "value" : "10"
},{
  "dateTime" : "01/27/19 22:27:00",
  "value" : "10"
},{
  "dateTime" : "01/27/19 22:28:00",
  "value" : "10"
},{
  "dateTime" : "01/28/19 09:23:00",
  "value" : "10"
},{
  "dateTime" : "01/28/19 09:27:00",
  "value" : "10"
},{
  "dateTime" : "01/28/19 09:28:00",
  "value" : "10"
},{
  "dateTime" : "01/28/19 09:29:00",
  "value" : "10"
},{
  "dateTime" : "01/28/19 09:30:00",
  "value" : "10"
},{
  "dateTime" : "01/28/19 09:31:00",
  "value" : "10"
},{
  "dateTime" : "01/28/19 09:32:00",
  "value" : "10"
},{
  "dateTime" : "01/28/19 12:30:00",
  "value" : "10"
},{
  "dateTime" : "01/28/19 14:01:00",
  "value" : "20"
},{
  "dateTime" : "01/28/19 14:05:00",
  "value" : "10"
},{
  "dateTime" : "01/28/19 14:06:00",
  "value" : "10"
},{
  "dateTime" : "01/28/19 14:07:00",
  "value" : "10"
},{
  "dateTime" : "01/28/19 14:14:00",
  "value" : "10"
},{
  "dateTime" : "01/28/19 14:20:00",
  "value" : "10"
},{
  "dateTime" : "01/28/19 16:13:00",
  "value" : "10"
},{
  "dateTime" : "01/28/19 16:14:00",
  "value" : "20"
},{
  "dateTime" : "01/28/19 16:15:00",
  "value" : "10"
},{
  "dateTime" : "01/28/19 16:16:00",
  "value" : "10"
},{
  "dateTime" : "01/28/19 16:17:00",
  "value" : "10"
},{
  "dateTime" : "01/28/19 17:05:00",
  "value" : "10"
},{
  "dateTime" : "01/28/19 17:51:00",
  "value" : "20"
},{
  "dateTime" : "01/28/19 18:19:00",
  "value" : "10"
},{
  "dateTime" : "01/28/19 18:25:00",
  "value" : "10"
},{
  "dateTime" : "01/28/19 18:49:00",
  "value" : "20"
},{
  "dateTime" : "01/28/19 18:50:00",
  "value" : "10"
},{
  "dateTime" : "01/28/19 18:51:00",
  "value" : "10"
},{
  "dateTime" : "01/28/19 18:52:00",
  "value" : "20"
},{
  "dateTime" : "01/28/19 18:53:00",
  "value" : "10"
},{
  "dateTime" : "01/28/19 18:54:00",
  "value" : "20"
},{
  "dateTime" : "01/28/19 18:59:00",
  "value" : "10"
},{
  "dateTime" : "01/28/19 19:00:00",
  "value" : "10"
},{
  "dateTime" : "01/28/19 20:41:00",
  "value" : "10"
},{
  "dateTime" : "01/29/19 09:25:00",
  "value" : "10"
},{
  "dateTime" : "01/29/19 09:27:00",
  "value" : "10"
},{
  "dateTime" : "01/29/19 09:28:00",
  "value" : "10"
},{
  "dateTime" : "01/29/19 09:29:00",
  "value" : "10"
},{
  "dateTime" : "01/29/19 09:30:00",
  "value" : "10"
},{
  "dateTime" : "01/29/19 12:11:00",
  "value" : "10"
},{
  "dateTime" : "01/29/19 12:12:00",
  "value" : "10"
},{
  "dateTime" : "01/29/19 12:13:00",
  "value" : "10"
},{
  "dateTime" : "01/29/19 12:14:00",
  "value" : "20"
},{
  "dateTime" : "01/29/19 12:15:00",
  "value" : "10"
},{
  "dateTime" : "01/29/19 12:16:00",
  "value" : "10"
},{
  "dateTime" : "01/29/19 12:17:00",
  "value" : "30"
},{
  "dateTime" : "01/29/19 12:21:00",
  "value" : "10"
},{
  "dateTime" : "01/29/19 12:22:00",
  "value" : "10"
},{
  "dateTime" : "01/29/19 12:52:00",
  "value" : "10"
},{
  "dateTime" : "01/29/19 15:48:00",
  "value" : "10"
},{
  "dateTime" : "01/29/19 15:49:00",
  "value" : "20"
},{
  "dateTime" : "01/29/19 15:50:00",
  "value" : "10"
},{
  "dateTime" : "01/29/19 15:51:00",
  "value" : "10"
},{
  "dateTime" : "01/29/19 15:52:00",
  "value" : "10"
},{
  "dateTime" : "01/29/19 15:54:00",
  "value" : "10"
},{
  "dateTime" : "01/29/19 15:55:00",
  "value" : "20"
},{
  "dateTime" : "01/29/19 17:49:00",
  "value" : "20"
},{
  "dateTime" : "01/29/19 18:00:00",
  "value" : "10"
},{
  "dateTime" : "01/29/19 18:29:00",
  "value" : "10"
},{
  "dateTime" : "01/29/19 20:05:00",
  "value" : "10"
},{
  "dateTime" : "01/29/19 20:07:00",
  "value" : "20"
},{
  "dateTime" : "01/29/19 20:10:00",
  "value" : "10"
},{
  "dateTime" : "01/29/19 20:12:00",
  "value" : "10"
},{
  "dateTime" : "01/29/19 21:02:00",
  "value" : "10"
},{
  "dateTime" : "01/29/19 21:03:00",
  "value" : "10"
},{
  "dateTime" : "01/29/19 21:04:00",
  "value" : "10"
},{
  "dateTime" : "01/29/19 21:05:00",
  "value" : "10"
},{
  "dateTime" : "01/29/19 21:06:00",
  "value" : "20"
},{
  "dateTime" : "01/29/19 21:07:00",
  "value" : "10"
},{
  "dateTime" : "01/29/19 22:12:00",
  "value" : "10"
},{
  "dateTime" : "01/29/19 23:51:00",
  "value" : "20"
},{
  "dateTime" : "01/30/19 00:00:00",
  "value" : "10"
},{
  "dateTime" : "01/30/19 00:04:00",
  "value" : "10"
},{
  "dateTime" : "01/30/19 09:21:00",
  "value" : "10"
},{
  "dateTime" : "01/30/19 09:29:00",
  "value" : "10"
},{
  "dateTime" : "01/30/19 09:31:00",
  "value" : "10"
},{
  "dateTime" : "01/30/19 09:32:00",
  "value" : "10"
},{
  "dateTime" : "01/30/19 09:33:00",
  "value" : "10"
},{
  "dateTime" : "01/30/19 09:35:00",
  "value" : "10"
},{
  "dateTime" : "01/30/19 16:16:00",
  "value" : "10"
},{
  "dateTime" : "01/30/19 16:17:00",
  "value" : "20"
},{
  "dateTime" : "01/30/19 16:26:00",
  "value" : "20"
},{
  "dateTime" : "01/30/19 17:31:00",
  "value" : "10"
},{
  "dateTime" : "01/30/19 17:39:00",
  "value" : "10"
},{
  "dateTime" : "01/30/19 17:41:00",
  "value" : "10"
},{
  "dateTime" : "01/30/19 17:43:00",
  "value" : "10"
},{
  "dateTime" : "01/30/19 20:02:00",
  "value" : "20"
},{
  "dateTime" : "01/30/19 20:37:00",
  "value" : "10"
},{
  "dateTime" : "01/30/19 20:42:00",
  "value" : "10"
},{
  "dateTime" : "01/30/19 20:50:00",
  "value" : "10"
},{
  "dateTime" : "01/30/19 20:51:00",
  "value" : "10"
},{
  "dateTime" : "02/01/19 12:19:00",
  "value" : "10"
},{
  "dateTime" : "02/01/19 12:32:00",
  "value" : "20"
},{
  "dateTime" : "02/01/19 13:21:00",
  "value" : "10"
},{
  "dateTime" : "02/01/19 13:26:00",
  "value" : "10"
},{
  "dateTime" : "02/01/19 19:03:00",
  "value" : "10"
},{
  "dateTime" : "02/01/19 20:38:00",
  "value" : "10"
},{
  "dateTime" : "02/01/19 22:12:00",
  "value" : "10"
},{
  "dateTime" : "02/01/19 22:13:00",
  "value" : "10"
},{
  "dateTime" : "02/01/19 22:34:00",
  "value" : "10"
},{
  "dateTime" : "02/01/19 22:38:00",
  "value" : "10"
},{
  "dateTime" : "02/01/19 23:08:00",
  "value" : "20"
},{
  "dateTime" : "02/01/19 23:09:00",
  "value" : "10"
},{
  "dateTime" : "02/01/19 23:19:00",
  "value" : "10"
},{
  "dateTime" : "02/01/19 23:24:00",
  "value" : "10"
},{
  "dateTime" : "02/02/19 01:36:00",
  "value" : "10"
},{
  "dateTime" : "02/02/19 12:25:00",
  "value" : "10"
},{
  "dateTime" : "02/02/19 12:26:00",
  "value" : "10"
},{
  "dateTime" : "02/02/19 13:34:00",
  "value" : "10"
},{
  "dateTime" : "02/02/19 13:48:00",
  "value" : "10"
},{
  "dateTime" : "02/02/19 14:01:00",
  "value" : "10"
},{
  "dateTime" : "02/02/19 18:13:00",
  "value" : "10"
},{
  "dateTime" : "02/02/19 19:40:00",
  "value" : "10"
},{
  "dateTime" : "02/02/19 19:41:00",
  "value" : "10"
},{
  "dateTime" : "02/02/19 19:59:00",
  "value" : "10"
},{
  "dateTime" : "02/02/19 20:22:00",
  "value" : "10"
},{
  "dateTime" : "02/02/19 21:41:00",
  "value" : "10"
},{
  "dateTime" : "02/03/19 10:03:00",
  "value" : "10"
},{
  "dateTime" : "02/03/19 13:24:00",
  "value" : "10"
},{
  "dateTime" : "02/03/19 14:53:00",
  "value" : "10"
},{
  "dateTime" : "02/03/19 15:02:00",
  "value" : "20"
},{
  "dateTime" : "02/03/19 15:04:00",
  "value" : "10"
},{
  "dateTime" : "02/03/19 15:05:00",
  "value" : "10"
},{
  "dateTime" : "02/03/19 15:07:00",
  "value" : "20"
},{
  "dateTime" : "02/03/19 15:08:00",
  "value" : "20"
},{
  "dateTime" : "02/03/19 15:09:00",
  "value" : "20"
},{
  "dateTime" : "02/03/19 15:16:00",
  "value" : "10"
},{
  "dateTime" : "02/03/19 15:32:00",
  "value" : "10"
},{
  "dateTime" : "02/03/19 19:20:00",
  "value" : "10"
},{
  "dateTime" : "02/03/19 19:32:00",
  "value" : "10"
},{
  "dateTime" : "02/03/19 19:45:00",
  "value" : "10"
},{
  "dateTime" : "02/03/19 20:47:00",
  "value" : "10"
},{
  "dateTime" : "02/03/19 20:58:00",
  "value" : "10"
},{
  "dateTime" : "02/04/19 09:29:00",
  "value" : "10"
},{
  "dateTime" : "02/04/19 09:31:00",
  "value" : "10"
},{
  "dateTime" : "02/04/19 09:32:00",
  "value" : "10"
},{
  "dateTime" : "02/04/19 09:34:00",
  "value" : "20"
},{
  "dateTime" : "02/04/19 09:38:00",
  "value" : "10"
},{
  "dateTime" : "02/04/19 10:57:00",
  "value" : "20"
},{
  "dateTime" : "02/04/19 11:04:00",
  "value" : "20"
},{
  "dateTime" : "02/04/19 11:08:00",
  "value" : "10"
},{
  "dateTime" : "02/04/19 11:09:00",
  "value" : "10"
},{
  "dateTime" : "02/04/19 11:10:00",
  "value" : "10"
},{
  "dateTime" : "02/04/19 11:11:00",
  "value" : "10"
},{
  "dateTime" : "02/04/19 11:12:00",
  "value" : "10"
},{
  "dateTime" : "02/04/19 11:13:00",
  "value" : "10"
},{
  "dateTime" : "02/04/19 14:02:00",
  "value" : "10"
},{
  "dateTime" : "02/04/19 14:03:00",
  "value" : "10"
},{
  "dateTime" : "02/04/19 14:04:00",
  "value" : "20"
},{
  "dateTime" : "02/04/19 14:05:00",
  "value" : "10"
},{
  "dateTime" : "02/04/19 14:12:00",
  "value" : "10"
},{
  "dateTime" : "02/04/19 14:14:00",
  "value" : "10"
},{
  "dateTime" : "02/04/19 16:04:00",
  "value" : "10"
},{
  "dateTime" : "02/04/19 18:57:00",
  "value" : "10"
},{
  "dateTime" : "02/04/19 19:17:00",
  "value" : "20"
},{
  "dateTime" : "02/04/19 19:18:00",
  "value" : "20"
},{
  "dateTime" : "02/04/19 19:19:00",
  "value" : "10"
},{
  "dateTime" : "02/04/19 19:20:00",
  "value" : "10"
},{
  "dateTime" : "02/04/19 19:46:00",
  "value" : "10"
},{
  "dateTime" : "02/04/19 19:55:00",
  "value" : "10"
},{
  "dateTime" : "02/04/19 20:39:00",
  "value" : "20"
},{
  "dateTime" : "02/04/19 21:00:00",
  "value" : "10"
},{
  "dateTime" : "02/05/19 00:56:00",
  "value" : "20"
},{
  "dateTime" : "02/05/19 08:39:00",
  "value" : "10"
},{
  "dateTime" : "02/05/19 09:24:00",
  "value" : "10"
},{
  "dateTime" : "02/05/19 09:25:00",
  "value" : "10"
},{
  "dateTime" : "02/05/19 09:26:00",
  "value" : "10"
},{
  "dateTime" : "02/05/19 09:27:00",
  "value" : "10"
},{
  "dateTime" : "02/05/19 09:28:00",
  "value" : "10"
},{
  "dateTime" : "02/05/19 11:53:00",
  "value" : "20"
},{
  "dateTime" : "02/05/19 11:54:00",
  "value" : "10"
},{
  "dateTime" : "02/05/19 11:56:00",
  "value" : "10"
},{
  "dateTime" : "02/05/19 11:59:00",
  "value" : "10"
},{
  "dateTime" : "02/05/19 12:00:00",
  "value" : "10"
},{
  "dateTime" : "02/05/19 12:01:00",
  "value" : "20"
},{
  "dateTime" : "02/05/19 12:05:00",
  "value" : "10"
},{
  "dateTime" : "02/05/19 12:06:00",
  "value" : "10"
},{
  "dateTime" : "02/05/19 12:07:00",
  "value" : "20"
},{
  "dateTime" : "02/05/19 12:08:00",
  "value" : "10"
},{
  "dateTime" : "02/05/19 12:58:00",
  "value" : "10"
},{
  "dateTime" : "02/05/19 13:50:00",
  "value" : "10"
},{
  "dateTime" : "02/05/19 14:00:00",
  "value" : "10"
},{
  "dateTime" : "02/05/19 14:05:00",
  "value" : "10"
},{
  "dateTime" : "02/05/19 15:40:00",
  "value" : "20"
},{
  "dateTime" : "02/05/19 15:45:00",
  "value" : "10"
},{
  "dateTime" : "02/05/19 15:46:00",
  "value" : "10"
},{
  "dateTime" : "02/05/19 15:48:00",
  "value" : "10"
},{
  "dateTime" : "02/05/19 15:52:00",
  "value" : "10"
},{
  "dateTime" : "02/05/19 15:53:00",
  "value" : "20"
},{
  "dateTime" : "02/05/19 15:54:00",
  "value" : "20"
},{
  "dateTime" : "02/05/19 15:58:00",
  "value" : "20"
},{
  "dateTime" : "02/05/19 18:00:00",
  "value" : "10"
},{
  "dateTime" : "02/05/19 18:24:00",
  "value" : "10"
},{
  "dateTime" : "02/05/19 18:26:00",
  "value" : "10"
},{
  "dateTime" : "02/05/19 18:29:00",
  "value" : "20"
},{
  "dateTime" : "02/05/19 20:03:00",
  "value" : "10"
},{
  "dateTime" : "02/05/19 20:04:00",
  "value" : "10"
},{
  "dateTime" : "02/05/19 20:05:00",
  "value" : "10"
},{
  "dateTime" : "02/05/19 20:06:00",
  "value" : "20"
},{
  "dateTime" : "02/05/19 20:08:00",
  "value" : "10"
},{
  "dateTime" : "02/05/19 20:53:00",
  "value" : "20"
},{
  "dateTime" : "02/05/19 20:55:00",
  "value" : "10"
},{
  "dateTime" : "02/05/19 20:56:00",
  "value" : "10"
},{
  "dateTime" : "02/05/19 20:58:00",
  "value" : "20"
},{
  "dateTime" : "02/05/19 21:53:00",
  "value" : "10"
},{
  "dateTime" : "02/05/19 21:54:00",
  "value" : "20"
},{
  "dateTime" : "02/05/19 21:55:00",
  "value" : "10"
},{
  "dateTime" : "02/05/19 21:56:00",
  "value" : "10"
},{
  "dateTime" : "02/05/19 22:03:00",
  "value" : "10"
},{
  "dateTime" : "02/05/19 22:56:00",
  "value" : "10"
},{
  "dateTime" : "02/05/19 23:14:00",
  "value" : "10"
},{
  "dateTime" : "02/06/19 09:27:00",
  "value" : "10"
},{
  "dateTime" : "02/06/19 09:29:00",
  "value" : "10"
},{
  "dateTime" : "02/06/19 09:30:00",
  "value" : "10"
},{
  "dateTime" : "02/06/19 09:32:00",
  "value" : "20"
},{
  "dateTime" : "02/06/19 14:02:00",
  "value" : "10"
},{
  "dateTime" : "02/06/19 14:03:00",
  "value" : "10"
},{
  "dateTime" : "02/06/19 14:04:00",
  "value" : "10"
},{
  "dateTime" : "02/06/19 14:05:00",
  "value" : "20"
},{
  "dateTime" : "02/06/19 15:01:00",
  "value" : "10"
},{
  "dateTime" : "02/06/19 15:03:00",
  "value" : "10"
},{
  "dateTime" : "02/06/19 17:07:00",
  "value" : "10"
},{
  "dateTime" : "02/06/19 17:09:00",
  "value" : "10"
},{
  "dateTime" : "02/06/19 17:10:00",
  "value" : "10"
},{
  "dateTime" : "02/06/19 17:17:00",
  "value" : "20"
},{
  "dateTime" : "02/06/19 17:18:00",
  "value" : "10"
},{
  "dateTime" : "02/06/19 17:19:00",
  "value" : "10"
},{
  "dateTime" : "02/06/19 17:20:00",
  "value" : "10"
},{
  "dateTime" : "02/06/19 17:25:00",
  "value" : "10"
},{
  "dateTime" : "02/06/19 17:34:00",
  "value" : "10"
},{
  "dateTime" : "02/06/19 19:27:00",
  "value" : "10"
},{
  "dateTime" : "02/06/19 20:25:00",
  "value" : "30"
},{
  "dateTime" : "02/06/19 20:26:00",
  "value" : "10"
},{
  "dateTime" : "02/06/19 20:27:00",
  "value" : "20"
},{
  "dateTime" : "02/06/19 22:15:00",
  "value" : "10"
},{
  "dateTime" : "02/06/19 22:38:00",
  "value" : "10"
},{
  "dateTime" : "02/07/19 09:29:00",
  "value" : "10"
},{
  "dateTime" : "02/07/19 09:30:00",
  "value" : "10"
},{
  "dateTime" : "02/07/19 09:31:00",
  "value" : "10"
},{
  "dateTime" : "02/07/19 09:32:00",
  "value" : "10"
},{
  "dateTime" : "02/07/19 09:33:00",
  "value" : "10"
},{
  "dateTime" : "02/07/19 11:11:00",
  "value" : "20"
},{
  "dateTime" : "02/07/19 11:12:00",
  "value" : "10"
},{
  "dateTime" : "02/07/19 11:16:00",
  "value" : "10"
},{
  "dateTime" : "02/07/19 11:21:00",
  "value" : "10"
},{
  "dateTime" : "02/07/19 14:06:00",
  "value" : "10"
},{
  "dateTime" : "02/07/19 14:12:00",
  "value" : "10"
},{
  "dateTime" : "02/07/19 15:34:00",
  "value" : "10"
},{
  "dateTime" : "02/07/19 15:35:00",
  "value" : "10"
},{
  "dateTime" : "02/07/19 15:41:00",
  "value" : "20"
},{
  "dateTime" : "02/07/19 15:43:00",
  "value" : "10"
},{
  "dateTime" : "02/07/19 15:51:00",
  "value" : "10"
},{
  "dateTime" : "02/07/19 15:52:00",
  "value" : "10"
},{
  "dateTime" : "02/07/19 15:53:00",
  "value" : "10"
},{
  "dateTime" : "02/07/19 15:55:00",
  "value" : "20"
},{
  "dateTime" : "02/07/19 16:38:00",
  "value" : "10"
},{
  "dateTime" : "02/07/19 16:43:00",
  "value" : "10"
},{
  "dateTime" : "02/07/19 16:44:00",
  "value" : "10"
},{
  "dateTime" : "02/07/19 16:45:00",
  "value" : "10"
},{
  "dateTime" : "02/07/19 16:46:00",
  "value" : "10"
},{
  "dateTime" : "02/07/19 17:19:00",
  "value" : "20"
},{
  "dateTime" : "02/07/19 17:20:00",
  "value" : "20"
},{
  "dateTime" : "02/07/19 17:21:00",
  "value" : "10"
},{
  "dateTime" : "02/07/19 17:22:00",
  "value" : "20"
},{
  "dateTime" : "02/07/19 17:25:00",
  "value" : "10"
},{
  "dateTime" : "02/07/19 17:26:00",
  "value" : "10"
},{
  "dateTime" : "02/07/19 17:27:00",
  "value" : "10"
},{
  "dateTime" : "02/07/19 17:35:00",
  "value" : "10"
},{
  "dateTime" : "02/07/19 17:36:00",
  "value" : "10"
},{
  "dateTime" : "02/07/19 17:45:00",
  "value" : "10"
},{
  "dateTime" : "02/07/19 18:09:00",
  "value" : "10"
},{
  "dateTime" : "02/07/19 18:14:00",
  "value" : "10"
},{
  "dateTime" : "02/07/19 18:15:00",
  "value" : "10"
},{
  "dateTime" : "02/07/19 18:16:00",
  "value" : "10"
},{
  "dateTime" : "02/07/19 18:34:00",
  "value" : "10"
},{
  "dateTime" : "02/07/19 18:36:00",
  "value" : "10"
},{
  "dateTime" : "02/07/19 18:37:00",
  "value" : "20"
},{
  "dateTime" : "02/07/19 18:39:00",
  "value" : "10"
},{
  "dateTime" : "02/07/19 18:41:00",
  "value" : "20"
},{
  "dateTime" : "02/07/19 18:42:00",
  "value" : "10"
},{
  "dateTime" : "02/07/19 18:43:00",
  "value" : "20"
},{
  "dateTime" : "02/07/19 20:19:00",
  "value" : "10"
},{
  "dateTime" : "02/07/19 20:20:00",
  "value" : "10"
},{
  "dateTime" : "02/07/19 20:21:00",
  "value" : "20"
},{
  "dateTime" : "02/07/19 20:24:00",
  "value" : "20"
},{
  "dateTime" : "02/07/19 21:05:00",
  "value" : "10"
},{
  "dateTime" : "02/07/19 21:31:00",
  "value" : "10"
},{
  "dateTime" : "02/07/19 21:36:00",
  "value" : "10"
},{
  "dateTime" : "02/07/19 21:50:00",
  "value" : "20"
},{
  "dateTime" : "02/07/19 22:19:00",
  "value" : "10"
},{
  "dateTime" : "02/07/19 23:27:00",
  "value" : "10"
},{
  "dateTime" : "02/07/19 23:47:00",
  "value" : "10"
},{
  "dateTime" : "02/07/19 23:51:00",
  "value" : "20"
},{
  "dateTime" : "02/07/19 23:52:00",
  "value" : "10"
},{
  "dateTime" : "02/08/19 00:28:00",
  "value" : "20"
},{
  "dateTime" : "02/08/19 01:04:00",
  "value" : "10"
},{
  "dateTime" : "02/08/19 08:58:00",
  "value" : "10"
},{
  "dateTime" : "02/08/19 08:59:00",
  "value" : "10"
},{
  "dateTime" : "02/08/19 09:00:00",
  "value" : "10"
},{
  "dateTime" : "02/08/19 09:01:00",
  "value" : "10"
},{
  "dateTime" : "02/08/19 09:02:00",
  "value" : "10"
},{
  "dateTime" : "02/08/19 11:28:00",
  "value" : "10"
},{
  "dateTime" : "02/08/19 12:11:00",
  "value" : "10"
},{
  "dateTime" : "02/08/19 12:12:00",
  "value" : "10"
},{
  "dateTime" : "02/08/19 13:59:00",
  "value" : "10"
},{
  "dateTime" : "02/08/19 14:05:00",
  "value" : "10"
},{
  "dateTime" : "02/08/19 14:08:00",
  "value" : "10"
},{
  "dateTime" : "02/08/19 14:09:00",
  "value" : "10"
},{
  "dateTime" : "02/08/19 14:10:00",
  "value" : "10"
},{
  "dateTime" : "02/08/19 14:11:00",
  "value" : "10"
},{
  "dateTime" : "02/08/19 15:51:00",
  "value" : "10"
},{
  "dateTime" : "02/08/19 15:52:00",
  "value" : "10"
},{
  "dateTime" : "02/08/19 15:53:00",
  "value" : "10"
},{
  "dateTime" : "02/08/19 15:54:00",
  "value" : "10"
},{
  "dateTime" : "02/08/19 15:56:00",
  "value" : "10"
},{
  "dateTime" : "02/08/19 16:11:00",
  "value" : "10"
},{
  "dateTime" : "02/08/19 16:12:00",
  "value" : "10"
},{
  "dateTime" : "02/08/19 16:13:00",
  "value" : "10"
},{
  "dateTime" : "02/08/19 16:14:00",
  "value" : "10"
},{
  "dateTime" : "02/08/19 16:17:00",
  "value" : "10"
},{
  "dateTime" : "02/08/19 16:18:00",
  "value" : "10"
},{
  "dateTime" : "02/08/19 16:19:00",
  "value" : "10"
},{
  "dateTime" : "02/08/19 16:20:00",
  "value" : "10"
},{
  "dateTime" : "02/08/19 16:21:00",
  "value" : "10"
},{
  "dateTime" : "02/08/19 16:22:00",
  "value" : "10"
},{
  "dateTime" : "02/08/19 16:26:00",
  "value" : "10"
},{
  "dateTime" : "02/08/19 18:50:00",
  "value" : "10"
},{
  "dateTime" : "02/08/19 21:15:00",
  "value" : "10"
},{
  "dateTime" : "02/09/19 00:22:00",
  "value" : "10"
},{
  "dateTime" : "02/09/19 00:23:00",
  "value" : "10"
},{
  "dateTime" : "02/09/19 00:24:00",
  "value" : "10"
},{
  "dateTime" : "02/09/19 01:44:00",
  "value" : "10"
},{
  "dateTime" : "02/09/19 03:09:00",
  "value" : "10"
},{
  "dateTime" : "02/09/19 03:10:00",
  "value" : "10"
},{
  "dateTime" : "02/09/19 03:11:00",
  "value" : "10"
},{
  "dateTime" : "02/09/19 03:12:00",
  "value" : "20"
},{
  "dateTime" : "02/09/19 03:13:00",
  "value" : "10"
},{
  "dateTime" : "02/09/19 03:14:00",
  "value" : "10"
},{
  "dateTime" : "02/09/19 03:16:00",
  "value" : "20"
},{
  "dateTime" : "02/09/19 03:24:00",
  "value" : "10"
},{
  "dateTime" : "02/09/19 10:42:00",
  "value" : "10"
},{
  "dateTime" : "02/09/19 12:26:00",
  "value" : "10"
},{
  "dateTime" : "02/09/19 12:27:00",
  "value" : "10"
},{
  "dateTime" : "02/09/19 12:28:00",
  "value" : "10"
},{
  "dateTime" : "02/09/19 12:29:00",
  "value" : "20"
},{
  "dateTime" : "02/09/19 13:00:00",
  "value" : "10"
},{
  "dateTime" : "02/09/19 13:10:00",
  "value" : "20"
},{
  "dateTime" : "02/09/19 13:19:00",
  "value" : "10"
},{
  "dateTime" : "02/09/19 13:25:00",
  "value" : "10"
},{
  "dateTime" : "02/09/19 13:26:00",
  "value" : "20"
},{
  "dateTime" : "02/09/19 13:29:00",
  "value" : "10"
},{
  "dateTime" : "02/09/19 13:30:00",
  "value" : "10"
},{
  "dateTime" : "02/09/19 13:31:00",
  "value" : "10"
},{
  "dateTime" : "02/09/19 13:33:00",
  "value" : "20"
},{
  "dateTime" : "02/09/19 13:34:00",
  "value" : "10"
},{
  "dateTime" : "02/09/19 13:35:00",
  "value" : "10"
},{
  "dateTime" : "02/09/19 13:37:00",
  "value" : "10"
},{
  "dateTime" : "02/09/19 13:38:00",
  "value" : "10"
},{
  "dateTime" : "02/09/19 13:40:00",
  "value" : "10"
},{
  "dateTime" : "02/09/19 13:52:00",
  "value" : "10"
},{
  "dateTime" : "02/09/19 13:53:00",
  "value" : "10"
},{
  "dateTime" : "02/09/19 14:21:00",
  "value" : "10"
},{
  "dateTime" : "02/09/19 15:55:00",
  "value" : "10"
},{
  "dateTime" : "02/09/19 19:00:00",
  "value" : "10"
},{
  "dateTime" : "02/09/19 20:54:00",
  "value" : "10"
},{
  "dateTime" : "02/09/19 21:18:00",
  "value" : "10"
},{
  "dateTime" : "02/09/19 22:39:00",
  "value" : "10"
},{
  "dateTime" : "02/09/19 22:49:00",
  "value" : "10"
},{
  "dateTime" : "02/10/19 10:09:00",
  "value" : "10"
},{
  "dateTime" : "02/10/19 10:13:00",
  "value" : "10"
},{
  "dateTime" : "02/10/19 10:45:00",
  "value" : "10"
},{
  "dateTime" : "02/10/19 10:57:00",
  "value" : "10"
},{
  "dateTime" : "02/10/19 11:23:00",
  "value" : "20"
},{
  "dateTime" : "02/10/19 11:24:00",
  "value" : "10"
},{
  "dateTime" : "02/10/19 11:32:00",
  "value" : "10"
},{
  "dateTime" : "02/10/19 12:35:00",
  "value" : "10"
},{
  "dateTime" : "02/10/19 12:36:00",
  "value" : "10"
},{
  "dateTime" : "02/10/19 12:37:00",
  "value" : "10"
},{
  "dateTime" : "02/10/19 12:38:00",
  "value" : "10"
},{
  "dateTime" : "02/10/19 14:21:00",
  "value" : "20"
},{
  "dateTime" : "02/10/19 14:22:00",
  "value" : "10"
},{
  "dateTime" : "02/10/19 16:08:00",
  "value" : "20"
},{
  "dateTime" : "02/10/19 16:09:00",
  "value" : "10"
},{
  "dateTime" : "02/10/19 16:16:00",
  "value" : "10"
},{
  "dateTime" : "02/10/19 16:17:00",
  "value" : "10"
},{
  "dateTime" : "02/10/19 16:26:00",
  "value" : "10"
},{
  "dateTime" : "02/10/19 18:02:00",
  "value" : "10"
},{
  "dateTime" : "02/10/19 18:03:00",
  "value" : "20"
},{
  "dateTime" : "02/10/19 18:04:00",
  "value" : "10"
},{
  "dateTime" : "02/10/19 18:05:00",
  "value" : "20"
},{
  "dateTime" : "02/10/19 19:18:00",
  "value" : "20"
},{
  "dateTime" : "02/10/19 20:12:00",
  "value" : "10"
},{
  "dateTime" : "02/10/19 20:50:00",
  "value" : "10"
},{
  "dateTime" : "02/10/19 20:52:00",
  "value" : "10"
},{
  "dateTime" : "02/10/19 20:54:00",
  "value" : "10"
},{
  "dateTime" : "02/10/19 20:55:00",
  "value" : "10"
},{
  "dateTime" : "02/10/19 20:57:00",
  "value" : "10"
},{
  "dateTime" : "02/11/19 00:02:00",
  "value" : "10"
},{
  "dateTime" : "02/11/19 00:03:00",
  "value" : "10"
},{
  "dateTime" : "02/11/19 00:09:00",
  "value" : "10"
},{
  "dateTime" : "02/11/19 00:10:00",
  "value" : "10"
},{
  "dateTime" : "02/11/19 08:15:00",
  "value" : "10"
},{
  "dateTime" : "02/11/19 09:34:00",
  "value" : "10"
},{
  "dateTime" : "02/11/19 09:36:00",
  "value" : "10"
},{
  "dateTime" : "02/11/19 09:37:00",
  "value" : "10"
},{
  "dateTime" : "02/11/19 09:38:00",
  "value" : "10"
},{
  "dateTime" : "02/11/19 12:30:00",
  "value" : "20"
},{
  "dateTime" : "02/11/19 14:10:00",
  "value" : "10"
},{
  "dateTime" : "02/11/19 14:11:00",
  "value" : "10"
},{
  "dateTime" : "02/11/19 14:12:00",
  "value" : "30"
},{
  "dateTime" : "02/11/19 14:19:00",
  "value" : "10"
},{
  "dateTime" : "02/11/19 14:20:00",
  "value" : "10"
},{
  "dateTime" : "02/11/19 15:59:00",
  "value" : "10"
},{
  "dateTime" : "02/11/19 16:08:00",
  "value" : "10"
},{
  "dateTime" : "02/11/19 16:09:00",
  "value" : "10"
},{
  "dateTime" : "02/11/19 16:10:00",
  "value" : "10"
},{
  "dateTime" : "02/11/19 16:12:00",
  "value" : "30"
},{
  "dateTime" : "02/11/19 18:00:00",
  "value" : "10"
},{
  "dateTime" : "02/11/19 19:01:00",
  "value" : "10"
},{
  "dateTime" : "02/11/19 20:59:00",
  "value" : "10"
},{
  "dateTime" : "02/11/19 21:01:00",
  "value" : "10"
},{
  "dateTime" : "02/11/19 21:02:00",
  "value" : "10"
},{
  "dateTime" : "02/11/19 21:03:00",
  "value" : "10"
},{
  "dateTime" : "02/11/19 21:04:00",
  "value" : "20"
},{
  "dateTime" : "02/11/19 23:53:00",
  "value" : "20"
},{
  "dateTime" : "02/12/19 00:54:00",
  "value" : "10"
},{
  "dateTime" : "02/12/19 09:15:00",
  "value" : "10"
},{
  "dateTime" : "02/12/19 09:22:00",
  "value" : "10"
},{
  "dateTime" : "02/12/19 09:25:00",
  "value" : "10"
},{
  "dateTime" : "02/12/19 09:27:00",
  "value" : "10"
},{
  "dateTime" : "02/12/19 09:28:00",
  "value" : "10"
},{
  "dateTime" : "02/12/19 09:29:00",
  "value" : "10"
},{
  "dateTime" : "02/12/19 09:30:00",
  "value" : "10"
},{
  "dateTime" : "02/12/19 11:05:00",
  "value" : "10"
},{
  "dateTime" : "02/12/19 11:06:00",
  "value" : "20"
},{
  "dateTime" : "02/12/19 11:15:00",
  "value" : "10"
},{
  "dateTime" : "02/12/19 11:32:00",
  "value" : "10"
},{
  "dateTime" : "02/12/19 11:33:00",
  "value" : "10"
},{
  "dateTime" : "02/12/19 11:34:00",
  "value" : "10"
},{
  "dateTime" : "02/12/19 11:53:00",
  "value" : "10"
},{
  "dateTime" : "02/12/19 11:55:00",
  "value" : "10"
},{
  "dateTime" : "02/12/19 12:03:00",
  "value" : "10"
},{
  "dateTime" : "02/12/19 14:06:00",
  "value" : "10"
},{
  "dateTime" : "02/12/19 15:03:00",
  "value" : "10"
},{
  "dateTime" : "02/12/19 15:04:00",
  "value" : "10"
},{
  "dateTime" : "02/12/19 15:09:00",
  "value" : "10"
},{
  "dateTime" : "02/12/19 15:16:00",
  "value" : "10"
},{
  "dateTime" : "02/12/19 15:17:00",
  "value" : "30"
},{
  "dateTime" : "02/12/19 15:18:00",
  "value" : "10"
},{
  "dateTime" : "02/12/19 15:20:00",
  "value" : "20"
},{
  "dateTime" : "02/12/19 17:32:00",
  "value" : "10"
},{
  "dateTime" : "02/12/19 17:50:00",
  "value" : "10"
},{
  "dateTime" : "02/12/19 17:51:00",
  "value" : "10"
},{
  "dateTime" : "02/12/19 17:52:00",
  "value" : "20"
},{
  "dateTime" : "02/12/19 17:53:00",
  "value" : "10"
},{
  "dateTime" : "02/12/19 17:54:00",
  "value" : "10"
},{
  "dateTime" : "02/12/19 17:56:00",
  "value" : "10"
},{
  "dateTime" : "02/12/19 17:57:00",
  "value" : "10"
},{
  "dateTime" : "02/12/19 18:25:00",
  "value" : "20"
},{
  "dateTime" : "02/12/19 18:30:00",
  "value" : "10"
},{
  "dateTime" : "02/12/19 18:37:00",
  "value" : "10"
},{
  "dateTime" : "02/12/19 19:48:00",
  "value" : "10"
},{
  "dateTime" : "02/12/19 19:54:00",
  "value" : "10"
},{
  "dateTime" : "02/12/19 19:55:00",
  "value" : "10"
},{
  "dateTime" : "02/12/19 19:56:00",
  "value" : "10"
},{
  "dateTime" : "02/12/19 20:03:00",
  "value" : "20"
},{
  "dateTime" : "02/12/19 20:04:00",
  "value" : "20"
},{
  "dateTime" : "02/12/19 21:08:00",
  "value" : "10"
},{
  "dateTime" : "02/12/19 21:09:00",
  "value" : "10"
},{
  "dateTime" : "02/12/19 21:10:00",
  "value" : "10"
},{
  "dateTime" : "02/12/19 21:14:00",
  "value" : "10"
},{
  "dateTime" : "02/12/19 21:15:00",
  "value" : "20"
},{
  "dateTime" : "02/12/19 21:16:00",
  "value" : "10"
},{
  "dateTime" : "02/12/19 21:19:00",
  "value" : "10"
},{
  "dateTime" : "02/12/19 21:20:00",
  "value" : "10"
},{
  "dateTime" : "02/12/19 21:22:00",
  "value" : "20"
},{
  "dateTime" : "02/12/19 21:30:00",
  "value" : "10"
},{
  "dateTime" : "02/12/19 22:01:00",
  "value" : "10"
},{
  "dateTime" : "02/12/19 22:03:00",
  "value" : "20"
},{
  "dateTime" : "02/12/19 22:04:00",
  "value" : "10"
},{
  "dateTime" : "02/12/19 22:05:00",
  "value" : "20"
},{
  "dateTime" : "02/12/19 22:06:00",
  "value" : "10"
},{
  "dateTime" : "02/12/19 22:41:00",
  "value" : "10"
},{
  "dateTime" : "02/13/19 09:26:00",
  "value" : "10"
},{
  "dateTime" : "02/13/19 09:40:00",
  "value" : "10"
},{
  "dateTime" : "02/13/19 09:42:00",
  "value" : "10"
},{
  "dateTime" : "02/13/19 09:43:00",
  "value" : "10"
},{
  "dateTime" : "02/13/19 09:44:00",
  "value" : "10"
},{
  "dateTime" : "02/13/19 09:45:00",
  "value" : "10"
},{
  "dateTime" : "02/13/19 11:02:00",
  "value" : "10"
},{
  "dateTime" : "02/13/19 13:56:00",
  "value" : "20"
},{
  "dateTime" : "02/13/19 13:57:00",
  "value" : "30"
},{
  "dateTime" : "02/13/19 13:59:00",
  "value" : "10"
},{
  "dateTime" : "02/13/19 14:40:00",
  "value" : "10"
},{
  "dateTime" : "02/13/19 14:54:00",
  "value" : "10"
},{
  "dateTime" : "02/13/19 14:59:00",
  "value" : "10"
},{
  "dateTime" : "02/13/19 15:01:00",
  "value" : "10"
},{
  "dateTime" : "02/13/19 17:03:00",
  "value" : "10"
},{
  "dateTime" : "02/13/19 17:05:00",
  "value" : "20"
},{
  "dateTime" : "02/13/19 17:10:00",
  "value" : "10"
},{
  "dateTime" : "02/13/19 17:11:00",
  "value" : "10"
},{
  "dateTime" : "02/13/19 17:12:00",
  "value" : "20"
},{
  "dateTime" : "02/13/19 17:20:00",
  "value" : "10"
},{
  "dateTime" : "02/13/19 17:22:00",
  "value" : "10"
},{
  "dateTime" : "02/13/19 18:04:00",
  "value" : "10"
},{
  "dateTime" : "02/13/19 18:36:00",
  "value" : "10"
},{
  "dateTime" : "02/13/19 18:41:00",
  "value" : "10"
},{
  "dateTime" : "02/13/19 18:44:00",
  "value" : "10"
},{
  "dateTime" : "02/13/19 20:35:00",
  "value" : "10"
},{
  "dateTime" : "02/13/19 20:47:00",
  "value" : "20"
},{
  "dateTime" : "02/13/19 20:48:00",
  "value" : "10"
},{
  "dateTime" : "02/13/19 20:49:00",
  "value" : "10"
},{
  "dateTime" : "02/13/19 20:50:00",
  "value" : "20"
},{
  "dateTime" : "02/13/19 22:05:00",
  "value" : "10"
},{
  "dateTime" : "02/13/19 22:07:00",
  "value" : "10"
},{
  "dateTime" : "02/13/19 22:08:00",
  "value" : "10"
},{
  "dateTime" : "02/14/19 09:32:00",
  "value" : "10"
},{
  "dateTime" : "02/14/19 09:34:00",
  "value" : "10"
},{
  "dateTime" : "02/14/19 09:35:00",
  "value" : "10"
},{
  "dateTime" : "02/14/19 09:36:00",
  "value" : "10"
},{
  "dateTime" : "02/14/19 09:37:00",
  "value" : "10"
},{
  "dateTime" : "02/14/19 10:55:00",
  "value" : "10"
},{
  "dateTime" : "02/14/19 10:56:00",
  "value" : "20"
},{
  "dateTime" : "02/14/19 11:04:00",
  "value" : "10"
},{
  "dateTime" : "02/14/19 11:05:00",
  "value" : "10"
},{
  "dateTime" : "02/14/19 12:48:00",
  "value" : "10"
},{
  "dateTime" : "02/14/19 12:57:00",
  "value" : "10"
},{
  "dateTime" : "02/14/19 12:59:00",
  "value" : "10"
},{
  "dateTime" : "02/14/19 13:00:00",
  "value" : "10"
},{
  "dateTime" : "02/14/19 13:02:00",
  "value" : "20"
},{
  "dateTime" : "02/14/19 15:10:00",
  "value" : "10"
},{
  "dateTime" : "02/14/19 15:11:00",
  "value" : "10"
},{
  "dateTime" : "02/14/19 15:12:00",
  "value" : "10"
},{
  "dateTime" : "02/14/19 15:13:00",
  "value" : "10"
},{
  "dateTime" : "02/14/19 15:14:00",
  "value" : "10"
},{
  "dateTime" : "02/14/19 15:17:00",
  "value" : "10"
},{
  "dateTime" : "02/14/19 15:18:00",
  "value" : "20"
},{
  "dateTime" : "02/14/19 15:19:00",
  "value" : "10"
},{
  "dateTime" : "02/14/19 17:34:00",
  "value" : "10"
},{
  "dateTime" : "02/14/19 17:35:00",
  "value" : "10"
},{
  "dateTime" : "02/14/19 17:36:00",
  "value" : "10"
},{
  "dateTime" : "02/14/19 17:40:00",
  "value" : "10"
},{
  "dateTime" : "02/14/19 17:41:00",
  "value" : "10"
},{
  "dateTime" : "02/14/19 17:48:00",
  "value" : "10"
},{
  "dateTime" : "02/14/19 17:54:00",
  "value" : "10"
},{
  "dateTime" : "02/14/19 18:05:00",
  "value" : "10"
},{
  "dateTime" : "02/14/19 18:10:00",
  "value" : "10"
},{
  "dateTime" : "02/14/19 18:26:00",
  "value" : "10"
},{
  "dateTime" : "02/14/19 18:27:00",
  "value" : "10"
},{
  "dateTime" : "02/14/19 18:28:00",
  "value" : "10"
},{
  "dateTime" : "02/14/19 18:29:00",
  "value" : "10"
},{
  "dateTime" : "02/14/19 18:30:00",
  "value" : "10"
},{
  "dateTime" : "02/14/19 19:28:00",
  "value" : "10"
},{
  "dateTime" : "02/14/19 19:43:00",
  "value" : "10"
},{
  "dateTime" : "02/14/19 20:54:00",
  "value" : "10"
},{
  "dateTime" : "02/14/19 20:56:00",
  "value" : "20"
},{
  "dateTime" : "02/14/19 20:58:00",
  "value" : "10"
},{
  "dateTime" : "02/14/19 20:59:00",
  "value" : "10"
},{
  "dateTime" : "02/14/19 22:04:00",
  "value" : "10"
},{
  "dateTime" : "02/14/19 23:57:00",
  "value" : "20"
},{
  "dateTime" : "02/15/19 00:00:00",
  "value" : "10"
},{
  "dateTime" : "02/15/19 00:04:00",
  "value" : "10"
},{
  "dateTime" : "02/15/19 00:06:00",
  "value" : "10"
},{
  "dateTime" : "02/15/19 07:48:00",
  "value" : "10"
},{
  "dateTime" : "02/15/19 07:57:00",
  "value" : "10"
},{
  "dateTime" : "02/15/19 07:58:00",
  "value" : "10"
},{
  "dateTime" : "02/15/19 07:59:00",
  "value" : "10"
},{
  "dateTime" : "02/15/19 08:00:00",
  "value" : "10"
},{
  "dateTime" : "02/15/19 08:01:00",
  "value" : "10"
},{
  "dateTime" : "02/15/19 09:01:00",
  "value" : "20"
},{
  "dateTime" : "02/15/19 10:10:00",
  "value" : "10"
},{
  "dateTime" : "02/15/19 10:11:00",
  "value" : "20"
},{
  "dateTime" : "02/15/19 10:29:00",
  "value" : "20"
},{
  "dateTime" : "02/15/19 12:08:00",
  "value" : "10"
},{
  "dateTime" : "02/15/19 12:18:00",
  "value" : "10"
},{
  "dateTime" : "02/15/19 12:20:00",
  "value" : "20"
},{
  "dateTime" : "02/15/19 12:22:00",
  "value" : "10"
},{
  "dateTime" : "02/15/19 12:23:00",
  "value" : "10"
},{
  "dateTime" : "02/15/19 15:05:00",
  "value" : "20"
},{
  "dateTime" : "02/15/19 15:06:00",
  "value" : "10"
},{
  "dateTime" : "02/15/19 15:07:00",
  "value" : "10"
},{
  "dateTime" : "02/15/19 15:08:00",
  "value" : "10"
},{
  "dateTime" : "02/15/19 16:26:00",
  "value" : "10"
},{
  "dateTime" : "02/15/19 17:47:00",
  "value" : "10"
},{
  "dateTime" : "02/15/19 17:48:00",
  "value" : "10"
},{
  "dateTime" : "02/15/19 17:49:00",
  "value" : "20"
},{
  "dateTime" : "02/15/19 17:51:00",
  "value" : "20"
},{
  "dateTime" : "02/15/19 18:05:00",
  "value" : "10"
},{
  "dateTime" : "02/15/19 18:09:00",
  "value" : "10"
},{
  "dateTime" : "02/15/19 18:13:00",
  "value" : "10"
},{
  "dateTime" : "02/15/19 18:53:00",
  "value" : "10"
},{
  "dateTime" : "02/15/19 18:54:00",
  "value" : "10"
},{
  "dateTime" : "02/15/19 19:11:00",
  "value" : "10"
},{
  "dateTime" : "02/15/19 19:12:00",
  "value" : "20"
},{
  "dateTime" : "02/15/19 19:13:00",
  "value" : "10"
},{
  "dateTime" : "02/15/19 19:14:00",
  "value" : "10"
},{
  "dateTime" : "02/15/19 19:16:00",
  "value" : "10"
},{
  "dateTime" : "02/15/19 20:49:00",
  "value" : "20"
},{
  "dateTime" : "02/15/19 22:07:00",
  "value" : "10"
},{
  "dateTime" : "02/15/19 22:08:00",
  "value" : "10"
},{
  "dateTime" : "02/15/19 22:09:00",
  "value" : "20"
},{
  "dateTime" : "02/15/19 23:52:00",
  "value" : "10"
},{
  "dateTime" : "02/16/19 00:28:00",
  "value" : "10"
},{
  "dateTime" : "02/16/19 00:29:00",
  "value" : "10"
},{
  "dateTime" : "02/16/19 01:09:00",
  "value" : "10"
},{
  "dateTime" : "02/16/19 10:07:00",
  "value" : "10"
},{
  "dateTime" : "02/16/19 10:08:00",
  "value" : "10"
},{
  "dateTime" : "02/16/19 10:09:00",
  "value" : "20"
},{
  "dateTime" : "02/16/19 11:04:00",
  "value" : "10"
},{
  "dateTime" : "02/16/19 17:03:00",
  "value" : "10"
},{
  "dateTime" : "02/16/19 17:04:00",
  "value" : "20"
},{
  "dateTime" : "02/16/19 17:05:00",
  "value" : "10"
},{
  "dateTime" : "02/16/19 17:06:00",
  "value" : "10"
},{
  "dateTime" : "02/16/19 17:07:00",
  "value" : "20"
},{
  "dateTime" : "02/16/19 17:08:00",
  "value" : "10"
},{
  "dateTime" : "02/16/19 17:09:00",
  "value" : "10"
},{
  "dateTime" : "02/16/19 19:37:00",
  "value" : "10"
},{
  "dateTime" : "02/16/19 20:20:00",
  "value" : "20"
},{
  "dateTime" : "02/16/19 20:21:00",
  "value" : "20"
},{
  "dateTime" : "02/16/19 20:23:00",
  "value" : "20"
},{
  "dateTime" : "02/16/19 22:59:00",
  "value" : "10"
},{
  "dateTime" : "02/17/19 00:27:00",
  "value" : "10"
},{
  "dateTime" : "02/17/19 00:28:00",
  "value" : "20"
},{
  "dateTime" : "02/17/19 00:29:00",
  "value" : "10"
},{
  "dateTime" : "02/17/19 00:35:00",
  "value" : "30"
},{
  "dateTime" : "02/17/19 00:37:00",
  "value" : "10"
},{
  "dateTime" : "02/17/19 05:36:00",
  "value" : "10"
},{
  "dateTime" : "02/17/19 07:51:00",
  "value" : "10"
},{
  "dateTime" : "02/17/19 13:08:00",
  "value" : "10"
},{
  "dateTime" : "02/17/19 13:39:00",
  "value" : "10"
},{
  "dateTime" : "02/17/19 14:38:00",
  "value" : "10"
},{
  "dateTime" : "02/17/19 14:40:00",
  "value" : "20"
},{
  "dateTime" : "02/17/19 14:42:00",
  "value" : "10"
},{
  "dateTime" : "02/17/19 14:43:00",
  "value" : "10"
},{
  "dateTime" : "02/17/19 14:44:00",
  "value" : "10"
},{
  "dateTime" : "02/17/19 14:46:00",
  "value" : "10"
},{
  "dateTime" : "02/17/19 14:48:00",
  "value" : "20"
},{
  "dateTime" : "02/17/19 14:49:00",
  "value" : "10"
},{
  "dateTime" : "02/17/19 14:50:00",
  "value" : "10"
},{
  "dateTime" : "02/17/19 14:51:00",
  "value" : "10"
},{
  "dateTime" : "02/17/19 14:52:00",
  "value" : "30"
},{
  "dateTime" : "02/17/19 14:53:00",
  "value" : "10"
},{
  "dateTime" : "02/17/19 14:57:00",
  "value" : "10"
},{
  "dateTime" : "02/17/19 14:59:00",
  "value" : "20"
},{
  "dateTime" : "02/17/19 18:35:00",
  "value" : "10"
},{
  "dateTime" : "02/17/19 18:36:00",
  "value" : "10"
},{
  "dateTime" : "02/17/19 19:38:00",
  "value" : "10"
},{
  "dateTime" : "02/17/19 19:53:00",
  "value" : "20"
},{
  "dateTime" : "02/17/19 19:54:00",
  "value" : "10"
},{
  "dateTime" : "02/17/19 19:55:00",
  "value" : "10"
},{
  "dateTime" : "02/17/19 19:56:00",
  "value" : "20"
},{
  "dateTime" : "02/17/19 22:26:00",
  "value" : "10"
}]