[{
  "dateTime" : "04/29/17 00:04:00",
  "value" : "10"
},{
  "dateTime" : "04/29/17 09:31:00",
  "value" : "10"
},{
  "dateTime" : "04/29/17 09:32:00",
  "value" : "20"
},{
  "dateTime" : "04/29/17 09:33:00",
  "value" : "20"
},{
  "dateTime" : "04/29/17 10:53:00",
  "value" : "10"
},{
  "dateTime" : "04/29/17 10:54:00",
  "value" : "20"
},{
  "dateTime" : "04/29/17 10:55:00",
  "value" : "10"
},{
  "dateTime" : "04/29/17 10:56:00",
  "value" : "10"
},{
  "dateTime" : "04/29/17 10:57:00",
  "value" : "40"
},{
  "dateTime" : "04/29/17 10:58:00",
  "value" : "50"
},{
  "dateTime" : "04/29/17 10:59:00",
  "value" : "50"
},{
  "dateTime" : "04/29/17 11:00:00",
  "value" : "60"
},{
  "dateTime" : "04/29/17 11:01:00",
  "value" : "80"
},{
  "dateTime" : "04/29/17 11:02:00",
  "value" : "90"
},{
  "dateTime" : "04/29/17 11:03:00",
  "value" : "80"
},{
  "dateTime" : "04/29/17 11:04:00",
  "value" : "70"
},{
  "dateTime" : "04/29/17 11:05:00",
  "value" : "30"
},{
  "dateTime" : "04/29/17 11:06:00",
  "value" : "20"
},{
  "dateTime" : "04/29/17 11:07:00",
  "value" : "70"
},{
  "dateTime" : "04/29/17 11:08:00",
  "value" : "30"
},{
  "dateTime" : "04/29/17 11:09:00",
  "value" : "40"
},{
  "dateTime" : "04/29/17 11:10:00",
  "value" : "20"
},{
  "dateTime" : "04/29/17 11:11:00",
  "value" : "10"
},{
  "dateTime" : "04/29/17 11:12:00",
  "value" : "10"
},{
  "dateTime" : "04/29/17 12:32:00",
  "value" : "10"
},{
  "dateTime" : "04/29/17 13:41:00",
  "value" : "20"
},{
  "dateTime" : "04/29/17 13:42:00",
  "value" : "10"
},{
  "dateTime" : "04/29/17 14:30:00",
  "value" : "10"
},{
  "dateTime" : "04/29/17 14:31:00",
  "value" : "20"
},{
  "dateTime" : "04/29/17 14:32:00",
  "value" : "10"
},{
  "dateTime" : "04/29/17 15:34:00",
  "value" : "10"
},{
  "dateTime" : "04/29/17 15:35:00",
  "value" : "20"
},{
  "dateTime" : "04/29/17 15:36:00",
  "value" : "10"
},{
  "dateTime" : "04/29/17 15:37:00",
  "value" : "10"
},{
  "dateTime" : "04/29/17 15:38:00",
  "value" : "10"
},{
  "dateTime" : "04/29/17 15:50:00",
  "value" : "30"
},{
  "dateTime" : "04/29/17 15:51:00",
  "value" : "50"
},{
  "dateTime" : "04/29/17 15:52:00",
  "value" : "40"
},{
  "dateTime" : "04/29/17 15:53:00",
  "value" : "10"
},{
  "dateTime" : "04/29/17 15:54:00",
  "value" : "30"
},{
  "dateTime" : "04/29/17 15:55:00",
  "value" : "40"
},{
  "dateTime" : "04/29/17 15:56:00",
  "value" : "30"
},{
  "dateTime" : "04/29/17 15:57:00",
  "value" : "20"
},{
  "dateTime" : "04/29/17 15:58:00",
  "value" : "10"
},{
  "dateTime" : "04/29/17 15:59:00",
  "value" : "10"
},{
  "dateTime" : "04/29/17 16:00:00",
  "value" : "30"
},{
  "dateTime" : "04/29/17 16:01:00",
  "value" : "60"
},{
  "dateTime" : "04/29/17 16:02:00",
  "value" : "10"
},{
  "dateTime" : "04/29/17 16:03:00",
  "value" : "10"
},{
  "dateTime" : "04/29/17 16:31:00",
  "value" : "20"
},{
  "dateTime" : "04/29/17 16:32:00",
  "value" : "10"
},{
  "dateTime" : "04/29/17 16:33:00",
  "value" : "10"
},{
  "dateTime" : "04/29/17 16:34:00",
  "value" : "10"
},{
  "dateTime" : "04/29/17 16:35:00",
  "value" : "10"
},{
  "dateTime" : "04/29/17 16:36:00",
  "value" : "10"
},{
  "dateTime" : "04/29/17 19:11:00",
  "value" : "10"
},{
  "dateTime" : "04/29/17 19:12:00",
  "value" : "20"
},{
  "dateTime" : "04/29/17 19:13:00",
  "value" : "10"
},{
  "dateTime" : "04/29/17 20:30:00",
  "value" : "10"
},{
  "dateTime" : "04/29/17 21:11:00",
  "value" : "20"
},{
  "dateTime" : "04/29/17 21:12:00",
  "value" : "20"
},{
  "dateTime" : "04/29/17 21:13:00",
  "value" : "30"
},{
  "dateTime" : "04/29/17 21:24:00",
  "value" : "10"
},{
  "dateTime" : "04/29/17 21:25:00",
  "value" : "10"
},{
  "dateTime" : "04/29/17 21:26:00",
  "value" : "10"
},{
  "dateTime" : "04/29/17 23:17:00",
  "value" : "10"
},{
  "dateTime" : "04/29/17 23:18:00",
  "value" : "10"
},{
  "dateTime" : "04/29/17 23:33:00",
  "value" : "10"
},{
  "dateTime" : "04/30/17 09:17:00",
  "value" : "10"
},{
  "dateTime" : "04/30/17 09:18:00",
  "value" : "20"
},{
  "dateTime" : "04/30/17 09:51:00",
  "value" : "10"
},{
  "dateTime" : "04/30/17 09:52:00",
  "value" : "10"
},{
  "dateTime" : "04/30/17 10:11:00",
  "value" : "10"
},{
  "dateTime" : "04/30/17 12:06:00",
  "value" : "10"
},{
  "dateTime" : "04/30/17 12:31:00",
  "value" : "10"
},{
  "dateTime" : "04/30/17 12:51:00",
  "value" : "10"
},{
  "dateTime" : "04/30/17 12:52:00",
  "value" : "10"
},{
  "dateTime" : "04/30/17 13:08:00",
  "value" : "20"
},{
  "dateTime" : "04/30/17 13:09:00",
  "value" : "10"
},{
  "dateTime" : "04/30/17 13:39:00",
  "value" : "10"
},{
  "dateTime" : "04/30/17 13:40:00",
  "value" : "20"
},{
  "dateTime" : "04/30/17 15:51:00",
  "value" : "10"
},{
  "dateTime" : "04/30/17 19:48:00",
  "value" : "50"
},{
  "dateTime" : "04/30/17 19:49:00",
  "value" : "10"
},{
  "dateTime" : "04/30/17 19:50:00",
  "value" : "10"
},{
  "dateTime" : "04/30/17 20:34:00",
  "value" : "10"
},{
  "dateTime" : "04/30/17 23:29:00",
  "value" : "10"
},{
  "dateTime" : "05/01/17 00:00:00",
  "value" : "10"
},{
  "dateTime" : "05/01/17 00:01:00",
  "value" : "10"
},{
  "dateTime" : "05/01/17 00:02:00",
  "value" : "10"
},{
  "dateTime" : "05/01/17 00:03:00",
  "value" : "20"
},{
  "dateTime" : "05/01/17 00:04:00",
  "value" : "30"
},{
  "dateTime" : "05/01/17 08:35:00",
  "value" : "10"
},{
  "dateTime" : "05/01/17 08:36:00",
  "value" : "10"
},{
  "dateTime" : "05/01/17 08:37:00",
  "value" : "10"
},{
  "dateTime" : "05/01/17 10:00:00",
  "value" : "10"
},{
  "dateTime" : "05/01/17 10:01:00",
  "value" : "20"
},{
  "dateTime" : "05/01/17 10:19:00",
  "value" : "20"
},{
  "dateTime" : "05/01/17 10:20:00",
  "value" : "10"
},{
  "dateTime" : "05/01/17 10:59:00",
  "value" : "10"
},{
  "dateTime" : "05/01/17 11:00:00",
  "value" : "10"
},{
  "dateTime" : "05/01/17 11:01:00",
  "value" : "10"
},{
  "dateTime" : "05/01/17 12:02:00",
  "value" : "20"
},{
  "dateTime" : "05/01/17 12:03:00",
  "value" : "20"
},{
  "dateTime" : "05/01/17 13:35:00",
  "value" : "10"
},{
  "dateTime" : "05/01/17 13:36:00",
  "value" : "10"
},{
  "dateTime" : "05/01/17 14:15:00",
  "value" : "30"
},{
  "dateTime" : "05/01/17 14:16:00",
  "value" : "10"
},{
  "dateTime" : "05/01/17 14:17:00",
  "value" : "10"
},{
  "dateTime" : "05/01/17 14:32:00",
  "value" : "10"
},{
  "dateTime" : "05/01/17 14:33:00",
  "value" : "10"
},{
  "dateTime" : "05/01/17 14:34:00",
  "value" : "10"
},{
  "dateTime" : "05/01/17 14:40:00",
  "value" : "10"
},{
  "dateTime" : "05/01/17 14:41:00",
  "value" : "10"
},{
  "dateTime" : "05/01/17 14:42:00",
  "value" : "10"
},{
  "dateTime" : "05/01/17 14:43:00",
  "value" : "10"
},{
  "dateTime" : "05/01/17 14:44:00",
  "value" : "20"
},{
  "dateTime" : "05/01/17 14:45:00",
  "value" : "20"
},{
  "dateTime" : "05/01/17 14:46:00",
  "value" : "20"
},{
  "dateTime" : "05/01/17 14:47:00",
  "value" : "10"
},{
  "dateTime" : "05/01/17 15:07:00",
  "value" : "20"
},{
  "dateTime" : "05/01/17 15:08:00",
  "value" : "10"
},{
  "dateTime" : "05/01/17 15:15:00",
  "value" : "10"
},{
  "dateTime" : "05/01/17 15:16:00",
  "value" : "10"
},{
  "dateTime" : "05/01/17 16:08:00",
  "value" : "10"
},{
  "dateTime" : "05/01/17 16:09:00",
  "value" : "20"
},{
  "dateTime" : "05/01/17 16:24:00",
  "value" : "10"
},{
  "dateTime" : "05/01/17 17:09:00",
  "value" : "20"
},{
  "dateTime" : "05/01/17 17:10:00",
  "value" : "30"
},{
  "dateTime" : "05/01/17 17:40:00",
  "value" : "10"
},{
  "dateTime" : "05/01/17 17:41:00",
  "value" : "20"
},{
  "dateTime" : "05/01/17 17:42:00",
  "value" : "10"
},{
  "dateTime" : "05/01/17 17:43:00",
  "value" : "10"
},{
  "dateTime" : "05/01/17 17:44:00",
  "value" : "30"
},{
  "dateTime" : "05/01/17 17:45:00",
  "value" : "10"
},{
  "dateTime" : "05/01/17 17:46:00",
  "value" : "30"
},{
  "dateTime" : "05/01/17 17:47:00",
  "value" : "10"
},{
  "dateTime" : "05/01/17 17:48:00",
  "value" : "10"
},{
  "dateTime" : "05/01/17 17:49:00",
  "value" : "10"
},{
  "dateTime" : "05/01/17 18:21:00",
  "value" : "10"
},{
  "dateTime" : "05/01/17 19:43:00",
  "value" : "20"
},{
  "dateTime" : "05/01/17 19:44:00",
  "value" : "20"
},{
  "dateTime" : "05/01/17 19:45:00",
  "value" : "10"
},{
  "dateTime" : "05/01/17 19:46:00",
  "value" : "10"
},{
  "dateTime" : "05/01/17 19:47:00",
  "value" : "10"
},{
  "dateTime" : "05/01/17 19:48:00",
  "value" : "20"
},{
  "dateTime" : "05/01/17 19:58:00",
  "value" : "10"
},{
  "dateTime" : "05/01/17 20:20:00",
  "value" : "30"
},{
  "dateTime" : "05/01/17 20:21:00",
  "value" : "20"
},{
  "dateTime" : "05/01/17 20:22:00",
  "value" : "20"
},{
  "dateTime" : "05/01/17 20:30:00",
  "value" : "10"
},{
  "dateTime" : "05/01/17 21:14:00",
  "value" : "30"
},{
  "dateTime" : "05/01/17 21:15:00",
  "value" : "10"
},{
  "dateTime" : "05/01/17 21:16:00",
  "value" : "10"
},{
  "dateTime" : "05/01/17 23:51:00",
  "value" : "10"
},{
  "dateTime" : "05/01/17 23:52:00",
  "value" : "10"
},{
  "dateTime" : "05/01/17 23:53:00",
  "value" : "10"
},{
  "dateTime" : "05/02/17 09:09:00",
  "value" : "10"
},{
  "dateTime" : "05/02/17 09:10:00",
  "value" : "10"
},{
  "dateTime" : "05/02/17 09:11:00",
  "value" : "20"
},{
  "dateTime" : "05/02/17 09:53:00",
  "value" : "10"
},{
  "dateTime" : "05/02/17 09:54:00",
  "value" : "10"
},{
  "dateTime" : "05/02/17 11:19:00",
  "value" : "10"
},{
  "dateTime" : "05/02/17 12:43:00",
  "value" : "10"
},{
  "dateTime" : "05/02/17 12:44:00",
  "value" : "20"
},{
  "dateTime" : "05/02/17 12:45:00",
  "value" : "20"
},{
  "dateTime" : "05/02/17 12:46:00",
  "value" : "60"
},{
  "dateTime" : "05/02/17 12:47:00",
  "value" : "50"
},{
  "dateTime" : "05/02/17 12:48:00",
  "value" : "20"
},{
  "dateTime" : "05/02/17 12:49:00",
  "value" : "10"
},{
  "dateTime" : "05/02/17 12:50:00",
  "value" : "20"
},{
  "dateTime" : "05/02/17 12:51:00",
  "value" : "10"
},{
  "dateTime" : "05/02/17 12:52:00",
  "value" : "10"
},{
  "dateTime" : "05/02/17 12:53:00",
  "value" : "10"
},{
  "dateTime" : "05/02/17 12:54:00",
  "value" : "20"
},{
  "dateTime" : "05/02/17 12:55:00",
  "value" : "10"
},{
  "dateTime" : "05/02/17 13:07:00",
  "value" : "20"
},{
  "dateTime" : "05/02/17 13:08:00",
  "value" : "30"
},{
  "dateTime" : "05/02/17 13:09:00",
  "value" : "50"
},{
  "dateTime" : "05/02/17 13:10:00",
  "value" : "40"
},{
  "dateTime" : "05/02/17 13:11:00",
  "value" : "50"
},{
  "dateTime" : "05/02/17 13:12:00",
  "value" : "50"
},{
  "dateTime" : "05/02/17 13:13:00",
  "value" : "40"
},{
  "dateTime" : "05/02/17 13:14:00",
  "value" : "40"
},{
  "dateTime" : "05/02/17 13:15:00",
  "value" : "40"
},{
  "dateTime" : "05/02/17 13:16:00",
  "value" : "30"
},{
  "dateTime" : "05/02/17 13:17:00",
  "value" : "30"
},{
  "dateTime" : "05/02/17 13:18:00",
  "value" : "10"
},{
  "dateTime" : "05/02/17 13:19:00",
  "value" : "20"
},{
  "dateTime" : "05/02/17 13:20:00",
  "value" : "20"
},{
  "dateTime" : "05/02/17 13:21:00",
  "value" : "10"
},{
  "dateTime" : "05/02/17 13:24:00",
  "value" : "20"
},{
  "dateTime" : "05/02/17 13:25:00",
  "value" : "10"
},{
  "dateTime" : "05/02/17 13:48:00",
  "value" : "10"
},{
  "dateTime" : "05/02/17 13:49:00",
  "value" : "10"
},{
  "dateTime" : "05/02/17 13:50:00",
  "value" : "10"
},{
  "dateTime" : "05/02/17 13:51:00",
  "value" : "10"
},{
  "dateTime" : "05/02/17 13:52:00",
  "value" : "10"
},{
  "dateTime" : "05/02/17 14:31:00",
  "value" : "10"
},{
  "dateTime" : "05/02/17 14:32:00",
  "value" : "10"
},{
  "dateTime" : "05/02/17 14:59:00",
  "value" : "30"
},{
  "dateTime" : "05/02/17 15:00:00",
  "value" : "10"
},{
  "dateTime" : "05/02/17 15:01:00",
  "value" : "10"
},{
  "dateTime" : "05/02/17 15:02:00",
  "value" : "20"
},{
  "dateTime" : "05/02/17 15:16:00",
  "value" : "10"
},{
  "dateTime" : "05/02/17 15:17:00",
  "value" : "10"
},{
  "dateTime" : "05/02/17 15:18:00",
  "value" : "10"
},{
  "dateTime" : "05/02/17 15:19:00",
  "value" : "10"
},{
  "dateTime" : "05/02/17 17:06:00",
  "value" : "10"
},{
  "dateTime" : "05/02/17 17:07:00",
  "value" : "10"
},{
  "dateTime" : "05/02/17 17:34:00",
  "value" : "10"
},{
  "dateTime" : "05/02/17 19:04:00",
  "value" : "20"
},{
  "dateTime" : "05/02/17 19:05:00",
  "value" : "10"
},{
  "dateTime" : "05/02/17 20:04:00",
  "value" : "10"
},{
  "dateTime" : "05/02/17 20:30:00",
  "value" : "10"
},{
  "dateTime" : "05/02/17 20:31:00",
  "value" : "30"
},{
  "dateTime" : "05/02/17 21:01:00",
  "value" : "10"
},{
  "dateTime" : "05/02/17 21:02:00",
  "value" : "10"
},{
  "dateTime" : "05/02/17 21:03:00",
  "value" : "10"
},{
  "dateTime" : "05/02/17 23:16:00",
  "value" : "20"
},{
  "dateTime" : "05/03/17 09:13:00",
  "value" : "20"
},{
  "dateTime" : "05/03/17 09:14:00",
  "value" : "10"
},{
  "dateTime" : "05/03/17 09:15:00",
  "value" : "20"
},{
  "dateTime" : "05/03/17 09:16:00",
  "value" : "10"
},{
  "dateTime" : "05/03/17 09:17:00",
  "value" : "30"
},{
  "dateTime" : "05/03/17 09:18:00",
  "value" : "10"
},{
  "dateTime" : "05/03/17 09:19:00",
  "value" : "10"
},{
  "dateTime" : "05/03/17 11:02:00",
  "value" : "10"
},{
  "dateTime" : "05/03/17 11:03:00",
  "value" : "10"
},{
  "dateTime" : "05/03/17 11:04:00",
  "value" : "10"
},{
  "dateTime" : "05/03/17 11:05:00",
  "value" : "30"
},{
  "dateTime" : "05/03/17 12:02:00",
  "value" : "10"
},{
  "dateTime" : "05/03/17 12:03:00",
  "value" : "30"
},{
  "dateTime" : "05/03/17 12:04:00",
  "value" : "10"
},{
  "dateTime" : "05/03/17 12:18:00",
  "value" : "10"
},{
  "dateTime" : "05/03/17 12:19:00",
  "value" : "10"
},{
  "dateTime" : "05/03/17 12:20:00",
  "value" : "20"
},{
  "dateTime" : "05/03/17 12:21:00",
  "value" : "20"
},{
  "dateTime" : "05/03/17 12:22:00",
  "value" : "50"
},{
  "dateTime" : "05/03/17 12:23:00",
  "value" : "10"
},{
  "dateTime" : "05/03/17 12:26:00",
  "value" : "20"
},{
  "dateTime" : "05/03/17 12:27:00",
  "value" : "10"
},{
  "dateTime" : "05/03/17 12:28:00",
  "value" : "50"
},{
  "dateTime" : "05/03/17 12:29:00",
  "value" : "20"
},{
  "dateTime" : "05/03/17 12:30:00",
  "value" : "20"
},{
  "dateTime" : "05/03/17 12:31:00",
  "value" : "30"
},{
  "dateTime" : "05/03/17 12:32:00",
  "value" : "40"
},{
  "dateTime" : "05/03/17 12:33:00",
  "value" : "40"
},{
  "dateTime" : "05/03/17 12:34:00",
  "value" : "40"
},{
  "dateTime" : "05/03/17 12:35:00",
  "value" : "30"
},{
  "dateTime" : "05/03/17 12:36:00",
  "value" : "20"
},{
  "dateTime" : "05/03/17 12:37:00",
  "value" : "30"
},{
  "dateTime" : "05/03/17 12:38:00",
  "value" : "10"
},{
  "dateTime" : "05/03/17 12:39:00",
  "value" : "10"
},{
  "dateTime" : "05/03/17 12:40:00",
  "value" : "20"
},{
  "dateTime" : "05/03/17 12:41:00",
  "value" : "10"
},{
  "dateTime" : "05/03/17 12:50:00",
  "value" : "10"
},{
  "dateTime" : "05/03/17 12:51:00",
  "value" : "10"
},{
  "dateTime" : "05/03/17 13:09:00",
  "value" : "10"
},{
  "dateTime" : "05/03/17 13:10:00",
  "value" : "10"
},{
  "dateTime" : "05/03/17 13:33:00",
  "value" : "10"
},{
  "dateTime" : "05/03/17 13:34:00",
  "value" : "10"
},{
  "dateTime" : "05/03/17 13:35:00",
  "value" : "10"
},{
  "dateTime" : "05/03/17 13:36:00",
  "value" : "10"
},{
  "dateTime" : "05/03/17 13:37:00",
  "value" : "10"
},{
  "dateTime" : "05/03/17 13:38:00",
  "value" : "10"
},{
  "dateTime" : "05/03/17 13:39:00",
  "value" : "10"
},{
  "dateTime" : "05/03/17 13:40:00",
  "value" : "10"
},{
  "dateTime" : "05/03/17 13:41:00",
  "value" : "10"
},{
  "dateTime" : "05/03/17 13:56:00",
  "value" : "10"
},{
  "dateTime" : "05/03/17 13:57:00",
  "value" : "10"
},{
  "dateTime" : "05/03/17 14:04:00",
  "value" : "20"
},{
  "dateTime" : "05/03/17 14:05:00",
  "value" : "20"
},{
  "dateTime" : "05/03/17 14:06:00",
  "value" : "10"
},{
  "dateTime" : "05/03/17 14:07:00",
  "value" : "20"
},{
  "dateTime" : "05/03/17 14:08:00",
  "value" : "20"
},{
  "dateTime" : "05/03/17 14:51:00",
  "value" : "10"
},{
  "dateTime" : "05/03/17 17:27:00",
  "value" : "50"
},{
  "dateTime" : "05/03/17 17:33:00",
  "value" : "10"
},{
  "dateTime" : "05/03/17 17:34:00",
  "value" : "20"
},{
  "dateTime" : "05/03/17 17:35:00",
  "value" : "20"
},{
  "dateTime" : "05/03/17 18:14:00",
  "value" : "20"
},{
  "dateTime" : "05/03/17 18:15:00",
  "value" : "30"
},{
  "dateTime" : "05/03/17 18:16:00",
  "value" : "10"
},{
  "dateTime" : "05/03/17 19:17:00",
  "value" : "10"
},{
  "dateTime" : "05/03/17 19:52:00",
  "value" : "20"
},{
  "dateTime" : "05/03/17 19:53:00",
  "value" : "10"
},{
  "dateTime" : "05/03/17 19:54:00",
  "value" : "20"
},{
  "dateTime" : "05/03/17 20:08:00",
  "value" : "30"
},{
  "dateTime" : "05/03/17 20:09:00",
  "value" : "10"
},{
  "dateTime" : "05/03/17 20:10:00",
  "value" : "30"
},{
  "dateTime" : "05/03/17 20:37:00",
  "value" : "10"
},{
  "dateTime" : "05/03/17 20:38:00",
  "value" : "10"
},{
  "dateTime" : "05/03/17 20:39:00",
  "value" : "30"
},{
  "dateTime" : "05/03/17 20:40:00",
  "value" : "10"
},{
  "dateTime" : "05/03/17 20:41:00",
  "value" : "10"
},{
  "dateTime" : "05/03/17 21:12:00",
  "value" : "10"
},{
  "dateTime" : "05/03/17 21:28:00",
  "value" : "10"
},{
  "dateTime" : "05/03/17 21:29:00",
  "value" : "20"
},{
  "dateTime" : "05/03/17 21:30:00",
  "value" : "30"
},{
  "dateTime" : "05/03/17 21:31:00",
  "value" : "20"
},{
  "dateTime" : "05/03/17 21:32:00",
  "value" : "30"
},{
  "dateTime" : "05/03/17 21:33:00",
  "value" : "10"
},{
  "dateTime" : "05/03/17 21:34:00",
  "value" : "10"
},{
  "dateTime" : "05/03/17 21:35:00",
  "value" : "10"
},{
  "dateTime" : "05/03/17 21:36:00",
  "value" : "10"
},{
  "dateTime" : "05/03/17 21:37:00",
  "value" : "20"
},{
  "dateTime" : "05/03/17 21:38:00",
  "value" : "10"
},{
  "dateTime" : "05/03/17 21:39:00",
  "value" : "20"
},{
  "dateTime" : "05/03/17 21:40:00",
  "value" : "20"
},{
  "dateTime" : "05/03/17 21:41:00",
  "value" : "20"
},{
  "dateTime" : "05/03/17 21:42:00",
  "value" : "10"
},{
  "dateTime" : "05/03/17 21:43:00",
  "value" : "20"
},{
  "dateTime" : "05/03/17 21:44:00",
  "value" : "10"
},{
  "dateTime" : "05/03/17 21:45:00",
  "value" : "10"
},{
  "dateTime" : "05/03/17 21:46:00",
  "value" : "20"
},{
  "dateTime" : "05/03/17 21:47:00",
  "value" : "20"
},{
  "dateTime" : "05/03/17 22:15:00",
  "value" : "40"
},{
  "dateTime" : "05/03/17 22:23:00",
  "value" : "20"
},{
  "dateTime" : "05/03/17 22:24:00",
  "value" : "10"
},{
  "dateTime" : "05/03/17 22:36:00",
  "value" : "10"
},{
  "dateTime" : "05/03/17 22:37:00",
  "value" : "10"
},{
  "dateTime" : "05/03/17 22:38:00",
  "value" : "40"
},{
  "dateTime" : "05/03/17 22:39:00",
  "value" : "30"
},{
  "dateTime" : "05/03/17 22:40:00",
  "value" : "20"
},{
  "dateTime" : "05/03/17 22:41:00",
  "value" : "20"
},{
  "dateTime" : "05/03/17 22:42:00",
  "value" : "20"
},{
  "dateTime" : "05/03/17 22:43:00",
  "value" : "20"
},{
  "dateTime" : "05/03/17 22:56:00",
  "value" : "10"
},{
  "dateTime" : "05/03/17 22:57:00",
  "value" : "10"
},{
  "dateTime" : "05/03/17 22:58:00",
  "value" : "10"
},{
  "dateTime" : "05/03/17 22:59:00",
  "value" : "10"
},{
  "dateTime" : "05/03/17 23:00:00",
  "value" : "10"
},{
  "dateTime" : "05/03/17 23:01:00",
  "value" : "10"
},{
  "dateTime" : "05/03/17 23:02:00",
  "value" : "20"
},{
  "dateTime" : "05/03/17 23:07:00",
  "value" : "10"
},{
  "dateTime" : "05/03/17 23:08:00",
  "value" : "10"
},{
  "dateTime" : "05/03/17 23:09:00",
  "value" : "10"
},{
  "dateTime" : "05/03/17 23:10:00",
  "value" : "10"
},{
  "dateTime" : "05/03/17 23:11:00",
  "value" : "20"
},{
  "dateTime" : "05/03/17 23:12:00",
  "value" : "30"
},{
  "dateTime" : "05/03/17 23:15:00",
  "value" : "10"
},{
  "dateTime" : "05/03/17 23:16:00",
  "value" : "10"
},{
  "dateTime" : "05/03/17 23:17:00",
  "value" : "10"
},{
  "dateTime" : "05/03/17 23:18:00",
  "value" : "10"
},{
  "dateTime" : "05/03/17 23:19:00",
  "value" : "10"
},{
  "dateTime" : "05/03/17 23:43:00",
  "value" : "10"
},{
  "dateTime" : "05/03/17 23:44:00",
  "value" : "30"
},{
  "dateTime" : "05/03/17 23:45:00",
  "value" : "30"
},{
  "dateTime" : "05/03/17 23:46:00",
  "value" : "10"
},{
  "dateTime" : "05/03/17 23:47:00",
  "value" : "20"
},{
  "dateTime" : "05/03/17 23:48:00",
  "value" : "10"
},{
  "dateTime" : "05/03/17 23:49:00",
  "value" : "10"
},{
  "dateTime" : "05/04/17 08:53:00",
  "value" : "20"
},{
  "dateTime" : "05/04/17 08:54:00",
  "value" : "20"
},{
  "dateTime" : "05/04/17 09:46:00",
  "value" : "20"
},{
  "dateTime" : "05/04/17 09:47:00",
  "value" : "20"
},{
  "dateTime" : "05/04/17 10:23:00",
  "value" : "10"
},{
  "dateTime" : "05/04/17 10:24:00",
  "value" : "10"
},{
  "dateTime" : "05/04/17 10:25:00",
  "value" : "10"
},{
  "dateTime" : "05/04/17 10:26:00",
  "value" : "10"
},{
  "dateTime" : "05/04/17 10:27:00",
  "value" : "10"
},{
  "dateTime" : "05/04/17 10:28:00",
  "value" : "20"
},{
  "dateTime" : "05/04/17 10:29:00",
  "value" : "10"
},{
  "dateTime" : "05/04/17 10:30:00",
  "value" : "10"
},{
  "dateTime" : "05/04/17 10:31:00",
  "value" : "20"
},{
  "dateTime" : "05/04/17 10:32:00",
  "value" : "30"
},{
  "dateTime" : "05/04/17 12:35:00",
  "value" : "10"
},{
  "dateTime" : "05/04/17 12:36:00",
  "value" : "10"
},{
  "dateTime" : "05/04/17 12:37:00",
  "value" : "10"
},{
  "dateTime" : "05/04/17 13:23:00",
  "value" : "10"
},{
  "dateTime" : "05/04/17 13:24:00",
  "value" : "10"
},{
  "dateTime" : "05/04/17 13:31:00",
  "value" : "10"
},{
  "dateTime" : "05/04/17 13:39:00",
  "value" : "20"
},{
  "dateTime" : "05/04/17 13:40:00",
  "value" : "10"
},{
  "dateTime" : "05/04/17 13:41:00",
  "value" : "10"
},{
  "dateTime" : "05/04/17 13:42:00",
  "value" : "10"
},{
  "dateTime" : "05/04/17 14:27:00",
  "value" : "10"
},{
  "dateTime" : "05/04/17 14:28:00",
  "value" : "30"
},{
  "dateTime" : "05/04/17 14:29:00",
  "value" : "10"
},{
  "dateTime" : "05/04/17 14:30:00",
  "value" : "20"
},{
  "dateTime" : "05/04/17 14:31:00",
  "value" : "20"
},{
  "dateTime" : "05/04/17 14:32:00",
  "value" : "10"
},{
  "dateTime" : "05/04/17 14:33:00",
  "value" : "10"
},{
  "dateTime" : "05/04/17 14:34:00",
  "value" : "10"
},{
  "dateTime" : "05/04/17 15:49:00",
  "value" : "10"
},{
  "dateTime" : "05/04/17 16:37:00",
  "value" : "30"
},{
  "dateTime" : "05/04/17 16:38:00",
  "value" : "10"
},{
  "dateTime" : "05/04/17 16:53:00",
  "value" : "10"
},{
  "dateTime" : "05/04/17 16:54:00",
  "value" : "20"
},{
  "dateTime" : "05/04/17 16:55:00",
  "value" : "20"
},{
  "dateTime" : "05/04/17 17:58:00",
  "value" : "10"
},{
  "dateTime" : "05/04/17 17:59:00",
  "value" : "10"
},{
  "dateTime" : "05/04/17 18:17:00",
  "value" : "20"
},{
  "dateTime" : "05/04/17 18:18:00",
  "value" : "20"
},{
  "dateTime" : "05/04/17 18:19:00",
  "value" : "20"
},{
  "dateTime" : "05/04/17 18:50:00",
  "value" : "30"
},{
  "dateTime" : "05/04/17 18:51:00",
  "value" : "20"
},{
  "dateTime" : "05/04/17 19:23:00",
  "value" : "10"
},{
  "dateTime" : "05/04/17 20:29:00",
  "value" : "10"
},{
  "dateTime" : "05/04/17 21:05:00",
  "value" : "10"
},{
  "dateTime" : "05/04/17 21:33:00",
  "value" : "30"
},{
  "dateTime" : "05/04/17 21:34:00",
  "value" : "10"
},{
  "dateTime" : "05/04/17 21:35:00",
  "value" : "10"
},{
  "dateTime" : "05/04/17 21:48:00",
  "value" : "30"
},{
  "dateTime" : "05/04/17 21:49:00",
  "value" : "20"
},{
  "dateTime" : "05/04/17 21:50:00",
  "value" : "10"
},{
  "dateTime" : "05/04/17 21:51:00",
  "value" : "10"
},{
  "dateTime" : "05/04/17 21:58:00",
  "value" : "60"
},{
  "dateTime" : "05/04/17 21:59:00",
  "value" : "10"
},{
  "dateTime" : "05/04/17 22:15:00",
  "value" : "10"
},{
  "dateTime" : "05/04/17 22:16:00",
  "value" : "10"
},{
  "dateTime" : "05/04/17 22:17:00",
  "value" : "10"
},{
  "dateTime" : "05/04/17 22:18:00",
  "value" : "10"
},{
  "dateTime" : "05/04/17 22:40:00",
  "value" : "20"
},{
  "dateTime" : "05/04/17 22:43:00",
  "value" : "20"
},{
  "dateTime" : "05/04/17 22:44:00",
  "value" : "40"
},{
  "dateTime" : "05/04/17 22:45:00",
  "value" : "30"
},{
  "dateTime" : "05/04/17 22:46:00",
  "value" : "30"
},{
  "dateTime" : "05/04/17 22:47:00",
  "value" : "30"
},{
  "dateTime" : "05/04/17 22:48:00",
  "value" : "20"
},{
  "dateTime" : "05/04/17 22:59:00",
  "value" : "20"
},{
  "dateTime" : "05/04/17 23:00:00",
  "value" : "10"
},{
  "dateTime" : "05/04/17 23:01:00",
  "value" : "10"
},{
  "dateTime" : "05/04/17 23:02:00",
  "value" : "10"
},{
  "dateTime" : "05/04/17 23:03:00",
  "value" : "10"
},{
  "dateTime" : "05/05/17 07:17:00",
  "value" : "10"
},{
  "dateTime" : "05/05/17 07:18:00",
  "value" : "20"
},{
  "dateTime" : "05/05/17 07:19:00",
  "value" : "10"
},{
  "dateTime" : "05/05/17 07:35:00",
  "value" : "10"
},{
  "dateTime" : "05/05/17 07:36:00",
  "value" : "10"
},{
  "dateTime" : "05/05/17 07:57:00",
  "value" : "10"
},{
  "dateTime" : "05/05/17 07:58:00",
  "value" : "10"
},{
  "dateTime" : "05/05/17 07:59:00",
  "value" : "10"
},{
  "dateTime" : "05/05/17 08:00:00",
  "value" : "10"
},{
  "dateTime" : "05/05/17 08:16:00",
  "value" : "10"
},{
  "dateTime" : "05/05/17 08:17:00",
  "value" : "20"
},{
  "dateTime" : "05/05/17 08:18:00",
  "value" : "20"
},{
  "dateTime" : "05/05/17 08:19:00",
  "value" : "10"
},{
  "dateTime" : "05/05/17 08:32:00",
  "value" : "10"
},{
  "dateTime" : "05/05/17 08:33:00",
  "value" : "10"
},{
  "dateTime" : "05/05/17 08:40:00",
  "value" : "10"
},{
  "dateTime" : "05/05/17 08:41:00",
  "value" : "10"
},{
  "dateTime" : "05/05/17 08:42:00",
  "value" : "10"
},{
  "dateTime" : "05/05/17 08:53:00",
  "value" : "10"
},{
  "dateTime" : "05/05/17 09:14:00",
  "value" : "10"
},{
  "dateTime" : "05/05/17 09:15:00",
  "value" : "10"
},{
  "dateTime" : "05/05/17 09:16:00",
  "value" : "10"
},{
  "dateTime" : "05/05/17 09:17:00",
  "value" : "10"
},{
  "dateTime" : "05/05/17 09:22:00",
  "value" : "10"
},{
  "dateTime" : "05/05/17 09:23:00",
  "value" : "10"
},{
  "dateTime" : "05/05/17 09:24:00",
  "value" : "10"
},{
  "dateTime" : "05/05/17 09:25:00",
  "value" : "10"
},{
  "dateTime" : "05/05/17 09:26:00",
  "value" : "10"
},{
  "dateTime" : "05/05/17 09:27:00",
  "value" : "20"
},{
  "dateTime" : "05/05/17 09:28:00",
  "value" : "10"
},{
  "dateTime" : "05/05/17 09:29:00",
  "value" : "10"
},{
  "dateTime" : "05/05/17 09:30:00",
  "value" : "30"
},{
  "dateTime" : "05/05/17 09:31:00",
  "value" : "10"
},{
  "dateTime" : "05/05/17 09:32:00",
  "value" : "20"
},{
  "dateTime" : "05/05/17 09:33:00",
  "value" : "10"
},{
  "dateTime" : "05/05/17 09:54:00",
  "value" : "10"
},{
  "dateTime" : "05/05/17 09:55:00",
  "value" : "10"
},{
  "dateTime" : "05/05/17 09:56:00",
  "value" : "10"
},{
  "dateTime" : "05/05/17 09:57:00",
  "value" : "10"
},{
  "dateTime" : "05/05/17 09:58:00",
  "value" : "10"
},{
  "dateTime" : "05/05/17 09:59:00",
  "value" : "10"
},{
  "dateTime" : "05/05/17 10:00:00",
  "value" : "10"
},{
  "dateTime" : "05/05/17 10:01:00",
  "value" : "10"
},{
  "dateTime" : "05/05/17 10:02:00",
  "value" : "10"
},{
  "dateTime" : "05/05/17 10:03:00",
  "value" : "10"
},{
  "dateTime" : "05/05/17 10:04:00",
  "value" : "10"
},{
  "dateTime" : "05/05/17 10:05:00",
  "value" : "10"
},{
  "dateTime" : "05/05/17 10:06:00",
  "value" : "20"
},{
  "dateTime" : "05/05/17 10:07:00",
  "value" : "10"
},{
  "dateTime" : "05/05/17 10:08:00",
  "value" : "10"
},{
  "dateTime" : "05/05/17 10:09:00",
  "value" : "10"
},{
  "dateTime" : "05/05/17 10:10:00",
  "value" : "10"
},{
  "dateTime" : "05/05/17 10:11:00",
  "value" : "20"
},{
  "dateTime" : "05/05/17 10:47:00",
  "value" : "10"
},{
  "dateTime" : "05/05/17 10:48:00",
  "value" : "20"
},{
  "dateTime" : "05/05/17 10:49:00",
  "value" : "20"
},{
  "dateTime" : "05/05/17 10:50:00",
  "value" : "20"
},{
  "dateTime" : "05/05/17 10:51:00",
  "value" : "20"
},{
  "dateTime" : "05/05/17 10:52:00",
  "value" : "10"
},{
  "dateTime" : "05/05/17 10:53:00",
  "value" : "20"
},{
  "dateTime" : "05/05/17 10:54:00",
  "value" : "10"
},{
  "dateTime" : "05/05/17 11:15:00",
  "value" : "10"
},{
  "dateTime" : "05/05/17 11:16:00",
  "value" : "10"
},{
  "dateTime" : "05/05/17 11:17:00",
  "value" : "10"
},{
  "dateTime" : "05/05/17 11:18:00",
  "value" : "30"
},{
  "dateTime" : "05/05/17 11:19:00",
  "value" : "10"
},{
  "dateTime" : "05/05/17 11:20:00",
  "value" : "20"
},{
  "dateTime" : "05/05/17 11:21:00",
  "value" : "20"
},{
  "dateTime" : "05/05/17 11:22:00",
  "value" : "20"
},{
  "dateTime" : "05/05/17 11:36:00",
  "value" : "20"
},{
  "dateTime" : "05/05/17 11:37:00",
  "value" : "40"
},{
  "dateTime" : "05/05/17 11:38:00",
  "value" : "20"
},{
  "dateTime" : "05/05/17 11:39:00",
  "value" : "30"
},{
  "dateTime" : "05/05/17 11:40:00",
  "value" : "20"
},{
  "dateTime" : "05/05/17 11:41:00",
  "value" : "20"
},{
  "dateTime" : "05/05/17 11:42:00",
  "value" : "10"
},{
  "dateTime" : "05/05/17 11:43:00",
  "value" : "20"
},{
  "dateTime" : "05/05/17 11:44:00",
  "value" : "20"
},{
  "dateTime" : "05/05/17 11:45:00",
  "value" : "20"
},{
  "dateTime" : "05/05/17 11:46:00",
  "value" : "10"
},{
  "dateTime" : "05/05/17 11:47:00",
  "value" : "10"
},{
  "dateTime" : "05/05/17 11:48:00",
  "value" : "10"
},{
  "dateTime" : "05/05/17 11:49:00",
  "value" : "20"
},{
  "dateTime" : "05/05/17 11:50:00",
  "value" : "10"
},{
  "dateTime" : "05/05/17 11:51:00",
  "value" : "20"
},{
  "dateTime" : "05/05/17 11:52:00",
  "value" : "10"
},{
  "dateTime" : "05/05/17 11:53:00",
  "value" : "10"
},{
  "dateTime" : "05/05/17 11:54:00",
  "value" : "10"
},{
  "dateTime" : "05/05/17 11:55:00",
  "value" : "10"
},{
  "dateTime" : "05/05/17 11:56:00",
  "value" : "10"
},{
  "dateTime" : "05/05/17 11:57:00",
  "value" : "20"
},{
  "dateTime" : "05/05/17 11:58:00",
  "value" : "10"
},{
  "dateTime" : "05/05/17 11:59:00",
  "value" : "10"
},{
  "dateTime" : "05/05/17 12:00:00",
  "value" : "10"
},{
  "dateTime" : "05/05/17 12:01:00",
  "value" : "10"
},{
  "dateTime" : "05/05/17 12:02:00",
  "value" : "10"
},{
  "dateTime" : "05/05/17 12:03:00",
  "value" : "10"
},{
  "dateTime" : "05/05/17 12:04:00",
  "value" : "10"
},{
  "dateTime" : "05/05/17 12:05:00",
  "value" : "20"
},{
  "dateTime" : "05/05/17 12:06:00",
  "value" : "20"
},{
  "dateTime" : "05/05/17 12:07:00",
  "value" : "10"
},{
  "dateTime" : "05/05/17 12:08:00",
  "value" : "10"
},{
  "dateTime" : "05/05/17 12:09:00",
  "value" : "20"
},{
  "dateTime" : "05/05/17 12:10:00",
  "value" : "10"
},{
  "dateTime" : "05/05/17 12:11:00",
  "value" : "10"
},{
  "dateTime" : "05/05/17 12:12:00",
  "value" : "10"
},{
  "dateTime" : "05/05/17 12:13:00",
  "value" : "10"
},{
  "dateTime" : "05/05/17 12:14:00",
  "value" : "10"
},{
  "dateTime" : "05/05/17 12:15:00",
  "value" : "10"
},{
  "dateTime" : "05/05/17 12:16:00",
  "value" : "10"
},{
  "dateTime" : "05/05/17 12:17:00",
  "value" : "10"
},{
  "dateTime" : "05/05/17 12:18:00",
  "value" : "10"
},{
  "dateTime" : "05/05/17 12:19:00",
  "value" : "10"
},{
  "dateTime" : "05/05/17 12:20:00",
  "value" : "20"
},{
  "dateTime" : "05/05/17 12:21:00",
  "value" : "10"
},{
  "dateTime" : "05/05/17 12:22:00",
  "value" : "20"
},{
  "dateTime" : "05/05/17 12:23:00",
  "value" : "10"
},{
  "dateTime" : "05/05/17 12:39:00",
  "value" : "20"
},{
  "dateTime" : "05/05/17 12:40:00",
  "value" : "10"
},{
  "dateTime" : "05/05/17 12:41:00",
  "value" : "10"
},{
  "dateTime" : "05/05/17 12:42:00",
  "value" : "10"
},{
  "dateTime" : "05/05/17 12:43:00",
  "value" : "10"
},{
  "dateTime" : "05/05/17 12:47:00",
  "value" : "10"
},{
  "dateTime" : "05/05/17 12:48:00",
  "value" : "10"
},{
  "dateTime" : "05/05/17 13:03:00",
  "value" : "20"
},{
  "dateTime" : "05/05/17 13:04:00",
  "value" : "20"
},{
  "dateTime" : "05/05/17 13:05:00",
  "value" : "10"
},{
  "dateTime" : "05/05/17 13:06:00",
  "value" : "10"
},{
  "dateTime" : "05/05/17 13:11:00",
  "value" : "10"
},{
  "dateTime" : "05/05/17 13:17:00",
  "value" : "10"
},{
  "dateTime" : "05/05/17 13:18:00",
  "value" : "10"
},{
  "dateTime" : "05/05/17 13:19:00",
  "value" : "10"
},{
  "dateTime" : "05/05/17 13:42:00",
  "value" : "10"
},{
  "dateTime" : "05/05/17 14:00:00",
  "value" : "20"
},{
  "dateTime" : "05/05/17 14:01:00",
  "value" : "20"
},{
  "dateTime" : "05/05/17 14:02:00",
  "value" : "10"
},{
  "dateTime" : "05/05/17 14:49:00",
  "value" : "10"
},{
  "dateTime" : "05/05/17 14:50:00",
  "value" : "20"
},{
  "dateTime" : "05/05/17 14:51:00",
  "value" : "10"
},{
  "dateTime" : "05/05/17 14:52:00",
  "value" : "10"
},{
  "dateTime" : "05/05/17 14:53:00",
  "value" : "10"
},{
  "dateTime" : "05/05/17 15:14:00",
  "value" : "20"
},{
  "dateTime" : "05/05/17 15:15:00",
  "value" : "10"
},{
  "dateTime" : "05/05/17 15:16:00",
  "value" : "20"
},{
  "dateTime" : "05/05/17 16:50:00",
  "value" : "10"
},{
  "dateTime" : "05/05/17 16:51:00",
  "value" : "10"
},{
  "dateTime" : "05/05/17 18:18:00",
  "value" : "30"
},{
  "dateTime" : "05/05/17 18:48:00",
  "value" : "10"
},{
  "dateTime" : "05/05/17 18:49:00",
  "value" : "10"
},{
  "dateTime" : "05/05/17 18:50:00",
  "value" : "10"
},{
  "dateTime" : "05/05/17 18:51:00",
  "value" : "20"
},{
  "dateTime" : "05/05/17 19:14:00",
  "value" : "10"
},{
  "dateTime" : "05/05/17 21:12:00",
  "value" : "10"
},{
  "dateTime" : "05/05/17 21:13:00",
  "value" : "10"
},{
  "dateTime" : "05/05/17 21:14:00",
  "value" : "10"
},{
  "dateTime" : "05/05/17 21:15:00",
  "value" : "10"
},{
  "dateTime" : "05/05/17 21:16:00",
  "value" : "10"
},{
  "dateTime" : "05/05/17 21:21:00",
  "value" : "10"
},{
  "dateTime" : "05/05/17 21:56:00",
  "value" : "10"
},{
  "dateTime" : "05/05/17 23:14:00",
  "value" : "10"
},{
  "dateTime" : "05/05/17 23:15:00",
  "value" : "10"
},{
  "dateTime" : "05/05/17 23:47:00",
  "value" : "10"
},{
  "dateTime" : "05/06/17 01:17:00",
  "value" : "10"
},{
  "dateTime" : "05/06/17 09:12:00",
  "value" : "10"
},{
  "dateTime" : "05/06/17 09:13:00",
  "value" : "10"
},{
  "dateTime" : "05/06/17 09:14:00",
  "value" : "20"
},{
  "dateTime" : "05/06/17 13:16:00",
  "value" : "10"
},{
  "dateTime" : "05/06/17 13:17:00",
  "value" : "30"
},{
  "dateTime" : "05/06/17 13:44:00",
  "value" : "20"
},{
  "dateTime" : "05/06/17 13:45:00",
  "value" : "10"
},{
  "dateTime" : "05/06/17 14:04:00",
  "value" : "60"
},{
  "dateTime" : "05/06/17 14:05:00",
  "value" : "40"
},{
  "dateTime" : "05/06/17 17:16:00",
  "value" : "10"
},{
  "dateTime" : "05/06/17 19:06:00",
  "value" : "10"
},{
  "dateTime" : "05/07/17 01:17:00",
  "value" : "10"
},{
  "dateTime" : "05/07/17 01:18:00",
  "value" : "10"
},{
  "dateTime" : "05/07/17 01:33:00",
  "value" : "10"
},{
  "dateTime" : "05/07/17 01:34:00",
  "value" : "20"
},{
  "dateTime" : "05/07/17 07:23:00",
  "value" : "10"
},{
  "dateTime" : "05/07/17 07:24:00",
  "value" : "10"
},{
  "dateTime" : "05/07/17 07:25:00",
  "value" : "20"
},{
  "dateTime" : "05/07/17 07:26:00",
  "value" : "10"
},{
  "dateTime" : "05/07/17 07:27:00",
  "value" : "10"
},{
  "dateTime" : "05/07/17 07:28:00",
  "value" : "10"
},{
  "dateTime" : "05/07/17 08:48:00",
  "value" : "10"
},{
  "dateTime" : "05/07/17 08:49:00",
  "value" : "10"
},{
  "dateTime" : "05/07/17 09:46:00",
  "value" : "20"
},{
  "dateTime" : "05/07/17 11:12:00",
  "value" : "10"
},{
  "dateTime" : "05/07/17 11:13:00",
  "value" : "10"
},{
  "dateTime" : "05/07/17 11:14:00",
  "value" : "20"
},{
  "dateTime" : "05/07/17 11:20:00",
  "value" : "10"
},{
  "dateTime" : "05/07/17 11:21:00",
  "value" : "10"
},{
  "dateTime" : "05/07/17 11:22:00",
  "value" : "10"
},{
  "dateTime" : "05/07/17 11:23:00",
  "value" : "10"
},{
  "dateTime" : "05/07/17 11:45:00",
  "value" : "10"
},{
  "dateTime" : "05/07/17 11:46:00",
  "value" : "10"
},{
  "dateTime" : "05/07/17 11:47:00",
  "value" : "10"
},{
  "dateTime" : "05/07/17 11:48:00",
  "value" : "10"
},{
  "dateTime" : "05/07/17 11:49:00",
  "value" : "10"
},{
  "dateTime" : "05/07/17 12:06:00",
  "value" : "10"
},{
  "dateTime" : "05/07/17 12:23:00",
  "value" : "10"
},{
  "dateTime" : "05/07/17 12:24:00",
  "value" : "10"
},{
  "dateTime" : "05/07/17 12:25:00",
  "value" : "20"
},{
  "dateTime" : "05/07/17 12:26:00",
  "value" : "10"
},{
  "dateTime" : "05/07/17 17:40:00",
  "value" : "10"
},{
  "dateTime" : "05/07/17 18:42:00",
  "value" : "10"
},{
  "dateTime" : "05/07/17 18:59:00",
  "value" : "10"
},{
  "dateTime" : "05/07/17 19:45:00",
  "value" : "10"
},{
  "dateTime" : "05/07/17 19:46:00",
  "value" : "10"
},{
  "dateTime" : "05/07/17 19:53:00",
  "value" : "20"
},{
  "dateTime" : "05/07/17 19:54:00",
  "value" : "10"
},{
  "dateTime" : "05/07/17 19:55:00",
  "value" : "10"
},{
  "dateTime" : "05/07/17 20:11:00",
  "value" : "10"
},{
  "dateTime" : "05/07/17 20:47:00",
  "value" : "10"
},{
  "dateTime" : "05/07/17 21:03:00",
  "value" : "10"
},{
  "dateTime" : "05/07/17 21:04:00",
  "value" : "20"
},{
  "dateTime" : "05/07/17 21:05:00",
  "value" : "10"
},{
  "dateTime" : "05/07/17 21:06:00",
  "value" : "10"
},{
  "dateTime" : "05/07/17 21:07:00",
  "value" : "10"
},{
  "dateTime" : "05/07/17 21:27:00",
  "value" : "20"
},{
  "dateTime" : "05/07/17 21:28:00",
  "value" : "30"
},{
  "dateTime" : "05/07/17 21:29:00",
  "value" : "10"
},{
  "dateTime" : "05/07/17 22:06:00",
  "value" : "10"
},{
  "dateTime" : "05/07/17 22:07:00",
  "value" : "10"
},{
  "dateTime" : "05/07/17 22:08:00",
  "value" : "20"
},{
  "dateTime" : "05/07/17 22:09:00",
  "value" : "10"
},{
  "dateTime" : "05/07/17 22:14:00",
  "value" : "10"
},{
  "dateTime" : "05/07/17 22:15:00",
  "value" : "10"
},{
  "dateTime" : "05/07/17 22:16:00",
  "value" : "10"
},{
  "dateTime" : "05/07/17 22:17:00",
  "value" : "10"
},{
  "dateTime" : "05/07/17 22:22:00",
  "value" : "30"
},{
  "dateTime" : "05/07/17 22:26:00",
  "value" : "20"
},{
  "dateTime" : "05/07/17 22:27:00",
  "value" : "30"
},{
  "dateTime" : "05/07/17 22:28:00",
  "value" : "30"
},{
  "dateTime" : "05/07/17 22:29:00",
  "value" : "20"
},{
  "dateTime" : "05/07/17 22:30:00",
  "value" : "10"
},{
  "dateTime" : "05/07/17 22:31:00",
  "value" : "10"
},{
  "dateTime" : "05/07/17 22:32:00",
  "value" : "20"
},{
  "dateTime" : "05/07/17 22:33:00",
  "value" : "10"
},{
  "dateTime" : "05/07/17 22:34:00",
  "value" : "20"
},{
  "dateTime" : "05/07/17 22:47:00",
  "value" : "10"
},{
  "dateTime" : "05/07/17 22:48:00",
  "value" : "10"
},{
  "dateTime" : "05/07/17 22:49:00",
  "value" : "10"
},{
  "dateTime" : "05/07/17 23:04:00",
  "value" : "10"
},{
  "dateTime" : "05/07/17 23:05:00",
  "value" : "20"
},{
  "dateTime" : "05/07/17 23:06:00",
  "value" : "10"
},{
  "dateTime" : "05/07/17 23:07:00",
  "value" : "10"
},{
  "dateTime" : "05/07/17 23:08:00",
  "value" : "10"
},{
  "dateTime" : "05/08/17 09:18:00",
  "value" : "10"
},{
  "dateTime" : "05/08/17 09:53:00",
  "value" : "10"
},{
  "dateTime" : "05/08/17 09:54:00",
  "value" : "10"
},{
  "dateTime" : "05/08/17 09:55:00",
  "value" : "20"
},{
  "dateTime" : "05/08/17 09:56:00",
  "value" : "20"
},{
  "dateTime" : "05/08/17 10:07:00",
  "value" : "10"
},{
  "dateTime" : "05/08/17 10:08:00",
  "value" : "10"
},{
  "dateTime" : "05/08/17 10:09:00",
  "value" : "20"
},{
  "dateTime" : "05/08/17 10:10:00",
  "value" : "10"
},{
  "dateTime" : "05/08/17 10:11:00",
  "value" : "10"
},{
  "dateTime" : "05/08/17 10:12:00",
  "value" : "20"
},{
  "dateTime" : "05/08/17 10:13:00",
  "value" : "40"
},{
  "dateTime" : "05/08/17 10:14:00",
  "value" : "30"
},{
  "dateTime" : "05/08/17 10:15:00",
  "value" : "30"
},{
  "dateTime" : "05/08/17 10:16:00",
  "value" : "30"
},{
  "dateTime" : "05/08/17 10:17:00",
  "value" : "20"
},{
  "dateTime" : "05/08/17 10:18:00",
  "value" : "10"
},{
  "dateTime" : "05/08/17 10:19:00",
  "value" : "20"
},{
  "dateTime" : "05/08/17 10:39:00",
  "value" : "10"
},{
  "dateTime" : "05/08/17 10:40:00",
  "value" : "40"
},{
  "dateTime" : "05/08/17 10:41:00",
  "value" : "20"
},{
  "dateTime" : "05/08/17 10:42:00",
  "value" : "20"
},{
  "dateTime" : "05/08/17 10:43:00",
  "value" : "20"
},{
  "dateTime" : "05/08/17 10:44:00",
  "value" : "40"
},{
  "dateTime" : "05/08/17 10:45:00",
  "value" : "10"
},{
  "dateTime" : "05/08/17 10:46:00",
  "value" : "20"
},{
  "dateTime" : "05/08/17 10:47:00",
  "value" : "10"
},{
  "dateTime" : "05/08/17 10:48:00",
  "value" : "10"
},{
  "dateTime" : "05/08/17 10:49:00",
  "value" : "10"
},{
  "dateTime" : "05/08/17 10:50:00",
  "value" : "10"
},{
  "dateTime" : "05/08/17 10:51:00",
  "value" : "10"
},{
  "dateTime" : "05/08/17 11:18:00",
  "value" : "10"
},{
  "dateTime" : "05/08/17 11:42:00",
  "value" : "20"
},{
  "dateTime" : "05/08/17 11:43:00",
  "value" : "10"
},{
  "dateTime" : "05/08/17 11:44:00",
  "value" : "20"
},{
  "dateTime" : "05/08/17 11:50:00",
  "value" : "10"
},{
  "dateTime" : "05/08/17 11:51:00",
  "value" : "10"
},{
  "dateTime" : "05/08/17 11:52:00",
  "value" : "60"
},{
  "dateTime" : "05/08/17 11:53:00",
  "value" : "40"
},{
  "dateTime" : "05/08/17 11:54:00",
  "value" : "10"
},{
  "dateTime" : "05/08/17 12:07:00",
  "value" : "10"
},{
  "dateTime" : "05/08/17 12:08:00",
  "value" : "10"
},{
  "dateTime" : "05/08/17 14:03:00",
  "value" : "10"
},{
  "dateTime" : "05/08/17 14:04:00",
  "value" : "10"
},{
  "dateTime" : "05/08/17 14:05:00",
  "value" : "40"
},{
  "dateTime" : "05/08/17 14:36:00",
  "value" : "10"
},{
  "dateTime" : "05/08/17 16:01:00",
  "value" : "10"
},{
  "dateTime" : "05/08/17 16:02:00",
  "value" : "20"
},{
  "dateTime" : "05/08/17 16:03:00",
  "value" : "10"
},{
  "dateTime" : "05/08/17 16:32:00",
  "value" : "10"
},{
  "dateTime" : "05/08/17 16:40:00",
  "value" : "10"
},{
  "dateTime" : "05/08/17 16:41:00",
  "value" : "10"
},{
  "dateTime" : "05/08/17 16:42:00",
  "value" : "10"
},{
  "dateTime" : "05/08/17 16:43:00",
  "value" : "20"
},{
  "dateTime" : "05/08/17 16:44:00",
  "value" : "20"
},{
  "dateTime" : "05/08/17 16:45:00",
  "value" : "10"
},{
  "dateTime" : "05/08/17 16:46:00",
  "value" : "10"
},{
  "dateTime" : "05/08/17 16:47:00",
  "value" : "10"
},{
  "dateTime" : "05/08/17 16:48:00",
  "value" : "10"
},{
  "dateTime" : "05/08/17 16:49:00",
  "value" : "30"
},{
  "dateTime" : "05/08/17 16:50:00",
  "value" : "30"
},{
  "dateTime" : "05/08/17 16:51:00",
  "value" : "40"
},{
  "dateTime" : "05/08/17 16:52:00",
  "value" : "40"
},{
  "dateTime" : "05/08/17 16:53:00",
  "value" : "30"
},{
  "dateTime" : "05/08/17 16:54:00",
  "value" : "30"
},{
  "dateTime" : "05/08/17 16:55:00",
  "value" : "40"
},{
  "dateTime" : "05/08/17 16:56:00",
  "value" : "30"
},{
  "dateTime" : "05/08/17 16:57:00",
  "value" : "30"
},{
  "dateTime" : "05/08/17 16:58:00",
  "value" : "30"
},{
  "dateTime" : "05/08/17 16:59:00",
  "value" : "30"
},{
  "dateTime" : "05/08/17 17:00:00",
  "value" : "30"
},{
  "dateTime" : "05/08/17 17:01:00",
  "value" : "30"
},{
  "dateTime" : "05/08/17 17:02:00",
  "value" : "30"
},{
  "dateTime" : "05/08/17 17:03:00",
  "value" : "20"
},{
  "dateTime" : "05/08/17 17:04:00",
  "value" : "10"
},{
  "dateTime" : "05/08/17 17:05:00",
  "value" : "30"
},{
  "dateTime" : "05/08/17 17:06:00",
  "value" : "10"
},{
  "dateTime" : "05/08/17 17:07:00",
  "value" : "20"
},{
  "dateTime" : "05/08/17 17:08:00",
  "value" : "20"
},{
  "dateTime" : "05/08/17 17:09:00",
  "value" : "20"
},{
  "dateTime" : "05/08/17 17:10:00",
  "value" : "10"
},{
  "dateTime" : "05/08/17 17:11:00",
  "value" : "10"
},{
  "dateTime" : "05/08/17 17:49:00",
  "value" : "10"
},{
  "dateTime" : "05/08/17 18:09:00",
  "value" : "10"
},{
  "dateTime" : "05/08/17 18:10:00",
  "value" : "10"
},{
  "dateTime" : "05/08/17 18:11:00",
  "value" : "10"
},{
  "dateTime" : "05/08/17 18:12:00",
  "value" : "10"
},{
  "dateTime" : "05/08/17 18:13:00",
  "value" : "10"
},{
  "dateTime" : "05/08/17 19:57:00",
  "value" : "10"
},{
  "dateTime" : "05/08/17 19:58:00",
  "value" : "20"
},{
  "dateTime" : "05/08/17 19:59:00",
  "value" : "10"
},{
  "dateTime" : "05/08/17 20:00:00",
  "value" : "10"
},{
  "dateTime" : "05/08/17 20:05:00",
  "value" : "20"
},{
  "dateTime" : "05/08/17 20:06:00",
  "value" : "20"
},{
  "dateTime" : "05/08/17 20:07:00",
  "value" : "20"
},{
  "dateTime" : "05/08/17 20:08:00",
  "value" : "10"
},{
  "dateTime" : "05/08/17 20:56:00",
  "value" : "10"
},{
  "dateTime" : "05/08/17 20:57:00",
  "value" : "10"
},{
  "dateTime" : "05/08/17 23:10:00",
  "value" : "20"
},{
  "dateTime" : "05/08/17 23:30:00",
  "value" : "40"
},{
  "dateTime" : "05/08/17 23:49:00",
  "value" : "10"
},{
  "dateTime" : "05/08/17 23:50:00",
  "value" : "20"
},{
  "dateTime" : "05/08/17 23:51:00",
  "value" : "10"
},{
  "dateTime" : "05/09/17 08:48:00",
  "value" : "10"
},{
  "dateTime" : "05/09/17 08:49:00",
  "value" : "20"
},{
  "dateTime" : "05/09/17 08:50:00",
  "value" : "20"
},{
  "dateTime" : "05/09/17 08:51:00",
  "value" : "30"
},{
  "dateTime" : "05/09/17 09:13:00",
  "value" : "10"
},{
  "dateTime" : "05/09/17 09:14:00",
  "value" : "50"
},{
  "dateTime" : "05/09/17 09:15:00",
  "value" : "10"
},{
  "dateTime" : "05/09/17 09:16:00",
  "value" : "10"
},{
  "dateTime" : "05/09/17 09:17:00",
  "value" : "20"
},{
  "dateTime" : "05/09/17 09:18:00",
  "value" : "10"
},{
  "dateTime" : "05/09/17 09:19:00",
  "value" : "10"
},{
  "dateTime" : "05/09/17 09:20:00",
  "value" : "20"
},{
  "dateTime" : "05/09/17 09:21:00",
  "value" : "10"
},{
  "dateTime" : "05/09/17 09:22:00",
  "value" : "10"
},{
  "dateTime" : "05/09/17 12:00:00",
  "value" : "10"
},{
  "dateTime" : "05/09/17 12:01:00",
  "value" : "10"
},{
  "dateTime" : "05/09/17 12:02:00",
  "value" : "30"
},{
  "dateTime" : "05/09/17 12:03:00",
  "value" : "10"
},{
  "dateTime" : "05/09/17 12:16:00",
  "value" : "20"
},{
  "dateTime" : "05/09/17 12:17:00",
  "value" : "20"
},{
  "dateTime" : "05/09/17 12:18:00",
  "value" : "10"
},{
  "dateTime" : "05/09/17 13:21:00",
  "value" : "10"
},{
  "dateTime" : "05/09/17 15:04:00",
  "value" : "10"
},{
  "dateTime" : "05/09/17 15:05:00",
  "value" : "20"
},{
  "dateTime" : "05/09/17 15:06:00",
  "value" : "10"
},{
  "dateTime" : "05/09/17 15:12:00",
  "value" : "20"
},{
  "dateTime" : "05/09/17 15:13:00",
  "value" : "10"
},{
  "dateTime" : "05/09/17 15:14:00",
  "value" : "20"
},{
  "dateTime" : "05/09/17 15:15:00",
  "value" : "10"
},{
  "dateTime" : "05/09/17 15:41:00",
  "value" : "30"
},{
  "dateTime" : "05/09/17 16:22:00",
  "value" : "10"
},{
  "dateTime" : "05/09/17 16:23:00",
  "value" : "10"
},{
  "dateTime" : "05/09/17 16:24:00",
  "value" : "10"
},{
  "dateTime" : "05/09/17 16:25:00",
  "value" : "20"
},{
  "dateTime" : "05/09/17 16:26:00",
  "value" : "20"
},{
  "dateTime" : "05/09/17 16:27:00",
  "value" : "30"
},{
  "dateTime" : "05/09/17 16:28:00",
  "value" : "40"
},{
  "dateTime" : "05/09/17 16:29:00",
  "value" : "30"
},{
  "dateTime" : "05/09/17 16:30:00",
  "value" : "30"
},{
  "dateTime" : "05/09/17 16:31:00",
  "value" : "30"
},{
  "dateTime" : "05/09/17 16:32:00",
  "value" : "40"
},{
  "dateTime" : "05/09/17 16:33:00",
  "value" : "30"
},{
  "dateTime" : "05/09/17 16:34:00",
  "value" : "40"
},{
  "dateTime" : "05/09/17 16:35:00",
  "value" : "30"
},{
  "dateTime" : "05/09/17 16:36:00",
  "value" : "30"
},{
  "dateTime" : "05/09/17 16:37:00",
  "value" : "20"
},{
  "dateTime" : "05/09/17 16:38:00",
  "value" : "20"
},{
  "dateTime" : "05/09/17 16:39:00",
  "value" : "30"
},{
  "dateTime" : "05/09/17 16:40:00",
  "value" : "20"
},{
  "dateTime" : "05/09/17 16:41:00",
  "value" : "20"
},{
  "dateTime" : "05/09/17 16:42:00",
  "value" : "10"
},{
  "dateTime" : "05/09/17 16:43:00",
  "value" : "10"
},{
  "dateTime" : "05/09/17 16:44:00",
  "value" : "10"
},{
  "dateTime" : "05/09/17 16:45:00",
  "value" : "10"
},{
  "dateTime" : "05/09/17 16:46:00",
  "value" : "10"
},{
  "dateTime" : "05/09/17 16:47:00",
  "value" : "10"
},{
  "dateTime" : "05/09/17 16:48:00",
  "value" : "10"
},{
  "dateTime" : "05/09/17 16:49:00",
  "value" : "10"
},{
  "dateTime" : "05/09/17 16:57:00",
  "value" : "10"
},{
  "dateTime" : "05/09/17 16:58:00",
  "value" : "10"
},{
  "dateTime" : "05/09/17 16:59:00",
  "value" : "10"
},{
  "dateTime" : "05/09/17 17:00:00",
  "value" : "10"
},{
  "dateTime" : "05/09/17 17:01:00",
  "value" : "10"
},{
  "dateTime" : "05/09/17 17:02:00",
  "value" : "10"
},{
  "dateTime" : "05/09/17 17:22:00",
  "value" : "10"
},{
  "dateTime" : "05/09/17 17:23:00",
  "value" : "10"
},{
  "dateTime" : "05/09/17 17:24:00",
  "value" : "10"
},{
  "dateTime" : "05/09/17 17:25:00",
  "value" : "20"
},{
  "dateTime" : "05/09/17 17:39:00",
  "value" : "20"
},{
  "dateTime" : "05/09/17 17:40:00",
  "value" : "10"
},{
  "dateTime" : "05/09/17 17:41:00",
  "value" : "10"
},{
  "dateTime" : "05/09/17 18:08:00",
  "value" : "10"
},{
  "dateTime" : "05/09/17 18:09:00",
  "value" : "10"
},{
  "dateTime" : "05/09/17 18:10:00",
  "value" : "20"
},{
  "dateTime" : "05/09/17 18:11:00",
  "value" : "10"
},{
  "dateTime" : "05/09/17 18:12:00",
  "value" : "10"
},{
  "dateTime" : "05/09/17 18:55:00",
  "value" : "10"
},{
  "dateTime" : "05/09/17 18:56:00",
  "value" : "20"
},{
  "dateTime" : "05/09/17 18:57:00",
  "value" : "10"
},{
  "dateTime" : "05/09/17 18:58:00",
  "value" : "10"
},{
  "dateTime" : "05/09/17 18:59:00",
  "value" : "10"
},{
  "dateTime" : "05/09/17 19:00:00",
  "value" : "10"
},{
  "dateTime" : "05/09/17 20:58:00",
  "value" : "60"
},{
  "dateTime" : "05/09/17 20:59:00",
  "value" : "30"
},{
  "dateTime" : "05/09/17 21:00:00",
  "value" : "10"
},{
  "dateTime" : "05/09/17 21:01:00",
  "value" : "40"
},{
  "dateTime" : "05/09/17 21:02:00",
  "value" : "20"
},{
  "dateTime" : "05/09/17 21:03:00",
  "value" : "10"
},{
  "dateTime" : "05/09/17 21:04:00",
  "value" : "30"
},{
  "dateTime" : "05/09/17 21:05:00",
  "value" : "10"
},{
  "dateTime" : "05/09/17 22:25:00",
  "value" : "10"
},{
  "dateTime" : "05/10/17 09:05:00",
  "value" : "10"
},{
  "dateTime" : "05/10/17 09:06:00",
  "value" : "10"
},{
  "dateTime" : "05/10/17 09:07:00",
  "value" : "10"
},{
  "dateTime" : "05/10/17 10:25:00",
  "value" : "10"
},{
  "dateTime" : "05/10/17 11:29:00",
  "value" : "10"
},{
  "dateTime" : "05/10/17 11:30:00",
  "value" : "10"
},{
  "dateTime" : "05/10/17 11:31:00",
  "value" : "10"
},{
  "dateTime" : "05/10/17 12:05:00",
  "value" : "10"
},{
  "dateTime" : "05/10/17 12:06:00",
  "value" : "10"
},{
  "dateTime" : "05/10/17 12:07:00",
  "value" : "20"
},{
  "dateTime" : "05/10/17 12:08:00",
  "value" : "40"
},{
  "dateTime" : "05/10/17 12:09:00",
  "value" : "90"
},{
  "dateTime" : "05/10/17 12:10:00",
  "value" : "10"
},{
  "dateTime" : "05/10/17 12:30:00",
  "value" : "10"
},{
  "dateTime" : "05/10/17 12:31:00",
  "value" : "10"
},{
  "dateTime" : "05/10/17 12:32:00",
  "value" : "20"
},{
  "dateTime" : "05/10/17 12:33:00",
  "value" : "10"
},{
  "dateTime" : "05/10/17 12:34:00",
  "value" : "20"
},{
  "dateTime" : "05/10/17 12:39:00",
  "value" : "10"
},{
  "dateTime" : "05/10/17 12:40:00",
  "value" : "20"
},{
  "dateTime" : "05/10/17 12:41:00",
  "value" : "10"
},{
  "dateTime" : "05/10/17 13:51:00",
  "value" : "10"
},{
  "dateTime" : "05/10/17 13:52:00",
  "value" : "10"
},{
  "dateTime" : "05/10/17 14:53:00",
  "value" : "20"
},{
  "dateTime" : "05/10/17 14:54:00",
  "value" : "10"
},{
  "dateTime" : "05/10/17 14:55:00",
  "value" : "30"
},{
  "dateTime" : "05/10/17 16:46:00",
  "value" : "10"
},{
  "dateTime" : "05/10/17 16:47:00",
  "value" : "40"
},{
  "dateTime" : "05/10/17 16:48:00",
  "value" : "30"
},{
  "dateTime" : "05/10/17 16:49:00",
  "value" : "20"
},{
  "dateTime" : "05/10/17 16:50:00",
  "value" : "20"
},{
  "dateTime" : "05/10/17 16:51:00",
  "value" : "20"
},{
  "dateTime" : "05/10/17 16:52:00",
  "value" : "10"
},{
  "dateTime" : "05/10/17 16:53:00",
  "value" : "30"
},{
  "dateTime" : "05/10/17 16:54:00",
  "value" : "30"
},{
  "dateTime" : "05/10/17 16:55:00",
  "value" : "20"
},{
  "dateTime" : "05/10/17 16:56:00",
  "value" : "10"
},{
  "dateTime" : "05/10/17 16:57:00",
  "value" : "10"
},{
  "dateTime" : "05/10/17 17:09:00",
  "value" : "20"
},{
  "dateTime" : "05/10/17 17:10:00",
  "value" : "10"
},{
  "dateTime" : "05/10/17 17:11:00",
  "value" : "10"
},{
  "dateTime" : "05/10/17 17:12:00",
  "value" : "10"
},{
  "dateTime" : "05/10/17 17:13:00",
  "value" : "10"
},{
  "dateTime" : "05/10/17 17:14:00",
  "value" : "40"
},{
  "dateTime" : "05/10/17 17:15:00",
  "value" : "10"
},{
  "dateTime" : "05/10/17 17:18:00",
  "value" : "30"
},{
  "dateTime" : "05/10/17 17:19:00",
  "value" : "10"
},{
  "dateTime" : "05/10/17 17:20:00",
  "value" : "10"
},{
  "dateTime" : "05/10/17 17:26:00",
  "value" : "10"
},{
  "dateTime" : "05/10/17 17:46:00",
  "value" : "10"
},{
  "dateTime" : "05/10/17 17:47:00",
  "value" : "40"
},{
  "dateTime" : "05/10/17 17:48:00",
  "value" : "10"
},{
  "dateTime" : "05/10/17 17:49:00",
  "value" : "10"
},{
  "dateTime" : "05/10/17 17:50:00",
  "value" : "20"
},{
  "dateTime" : "05/10/17 18:08:00",
  "value" : "10"
},{
  "dateTime" : "05/10/17 18:16:00",
  "value" : "10"
},{
  "dateTime" : "05/10/17 18:17:00",
  "value" : "30"
},{
  "dateTime" : "05/10/17 18:18:00",
  "value" : "10"
},{
  "dateTime" : "05/10/17 18:19:00",
  "value" : "10"
},{
  "dateTime" : "05/10/17 20:08:00",
  "value" : "40"
},{
  "dateTime" : "05/10/17 20:09:00",
  "value" : "30"
},{
  "dateTime" : "05/10/17 20:10:00",
  "value" : "30"
},{
  "dateTime" : "05/10/17 20:11:00",
  "value" : "10"
},{
  "dateTime" : "05/10/17 20:12:00",
  "value" : "10"
},{
  "dateTime" : "05/10/17 20:13:00",
  "value" : "20"
},{
  "dateTime" : "05/10/17 20:14:00",
  "value" : "20"
},{
  "dateTime" : "05/10/17 20:15:00",
  "value" : "10"
},{
  "dateTime" : "05/10/17 23:11:00",
  "value" : "30"
},{
  "dateTime" : "05/10/17 23:12:00",
  "value" : "20"
},{
  "dateTime" : "05/10/17 23:13:00",
  "value" : "10"
},{
  "dateTime" : "05/10/17 23:14:00",
  "value" : "10"
},{
  "dateTime" : "05/10/17 23:15:00",
  "value" : "10"
},{
  "dateTime" : "05/10/17 23:16:00",
  "value" : "10"
},{
  "dateTime" : "05/10/17 23:17:00",
  "value" : "10"
},{
  "dateTime" : "05/11/17 09:33:00",
  "value" : "10"
},{
  "dateTime" : "05/11/17 09:34:00",
  "value" : "10"
},{
  "dateTime" : "05/11/17 09:35:00",
  "value" : "10"
},{
  "dateTime" : "05/11/17 09:36:00",
  "value" : "10"
},{
  "dateTime" : "05/11/17 09:58:00",
  "value" : "10"
},{
  "dateTime" : "05/11/17 09:59:00",
  "value" : "10"
},{
  "dateTime" : "05/11/17 10:06:00",
  "value" : "10"
},{
  "dateTime" : "05/11/17 11:33:00",
  "value" : "10"
},{
  "dateTime" : "05/11/17 12:27:00",
  "value" : "20"
},{
  "dateTime" : "05/11/17 12:28:00",
  "value" : "20"
},{
  "dateTime" : "05/11/17 12:29:00",
  "value" : "10"
},{
  "dateTime" : "05/11/17 12:30:00",
  "value" : "20"
},{
  "dateTime" : "05/11/17 12:31:00",
  "value" : "40"
},{
  "dateTime" : "05/11/17 12:32:00",
  "value" : "10"
},{
  "dateTime" : "05/11/17 12:35:00",
  "value" : "10"
},{
  "dateTime" : "05/11/17 12:36:00",
  "value" : "30"
},{
  "dateTime" : "05/11/17 12:37:00",
  "value" : "20"
},{
  "dateTime" : "05/11/17 12:38:00",
  "value" : "10"
},{
  "dateTime" : "05/11/17 12:39:00",
  "value" : "20"
},{
  "dateTime" : "05/11/17 12:40:00",
  "value" : "20"
},{
  "dateTime" : "05/11/17 12:41:00",
  "value" : "30"
},{
  "dateTime" : "05/11/17 12:42:00",
  "value" : "20"
},{
  "dateTime" : "05/11/17 12:43:00",
  "value" : "30"
},{
  "dateTime" : "05/11/17 12:44:00",
  "value" : "10"
},{
  "dateTime" : "05/11/17 12:45:00",
  "value" : "10"
},{
  "dateTime" : "05/11/17 12:46:00",
  "value" : "20"
},{
  "dateTime" : "05/11/17 12:47:00",
  "value" : "20"
},{
  "dateTime" : "05/11/17 12:48:00",
  "value" : "10"
},{
  "dateTime" : "05/11/17 12:51:00",
  "value" : "20"
},{
  "dateTime" : "05/11/17 12:52:00",
  "value" : "10"
},{
  "dateTime" : "05/11/17 14:08:00",
  "value" : "10"
},{
  "dateTime" : "05/11/17 17:22:00",
  "value" : "10"
},{
  "dateTime" : "05/11/17 17:23:00",
  "value" : "10"
},{
  "dateTime" : "05/11/17 17:24:00",
  "value" : "20"
},{
  "dateTime" : "05/11/17 17:25:00",
  "value" : "10"
},{
  "dateTime" : "05/11/17 18:04:00",
  "value" : "10"
},{
  "dateTime" : "05/11/17 18:05:00",
  "value" : "10"
},{
  "dateTime" : "05/11/17 18:22:00",
  "value" : "10"
},{
  "dateTime" : "05/11/17 19:09:00",
  "value" : "10"
},{
  "dateTime" : "05/11/17 19:10:00",
  "value" : "10"
},{
  "dateTime" : "05/11/17 20:09:00",
  "value" : "20"
},{
  "dateTime" : "05/11/17 20:10:00",
  "value" : "30"
},{
  "dateTime" : "05/11/17 20:11:00",
  "value" : "20"
},{
  "dateTime" : "05/11/17 20:12:00",
  "value" : "20"
},{
  "dateTime" : "05/11/17 20:13:00",
  "value" : "20"
},{
  "dateTime" : "05/11/17 20:45:00",
  "value" : "20"
},{
  "dateTime" : "05/11/17 20:46:00",
  "value" : "40"
},{
  "dateTime" : "05/11/17 21:45:00",
  "value" : "10"
},{
  "dateTime" : "05/11/17 21:46:00",
  "value" : "10"
},{
  "dateTime" : "05/11/17 21:53:00",
  "value" : "10"
},{
  "dateTime" : "05/11/17 22:09:00",
  "value" : "10"
},{
  "dateTime" : "05/11/17 22:46:00",
  "value" : "10"
},{
  "dateTime" : "05/11/17 23:02:00",
  "value" : "10"
},{
  "dateTime" : "05/11/17 23:18:00",
  "value" : "30"
},{
  "dateTime" : "05/11/17 23:19:00",
  "value" : "10"
},{
  "dateTime" : "05/12/17 00:29:00",
  "value" : "10"
},{
  "dateTime" : "05/12/17 09:08:00",
  "value" : "20"
},{
  "dateTime" : "05/12/17 10:29:00",
  "value" : "10"
},{
  "dateTime" : "05/12/17 10:30:00",
  "value" : "10"
},{
  "dateTime" : "05/12/17 11:32:00",
  "value" : "10"
},{
  "dateTime" : "05/12/17 11:58:00",
  "value" : "20"
},{
  "dateTime" : "05/12/17 11:59:00",
  "value" : "10"
},{
  "dateTime" : "05/12/17 12:37:00",
  "value" : "20"
},{
  "dateTime" : "05/12/17 14:55:00",
  "value" : "10"
},{
  "dateTime" : "05/12/17 15:23:00",
  "value" : "10"
},{
  "dateTime" : "05/12/17 15:24:00",
  "value" : "10"
},{
  "dateTime" : "05/12/17 16:16:00",
  "value" : "10"
},{
  "dateTime" : "05/12/17 16:17:00",
  "value" : "10"
},{
  "dateTime" : "05/12/17 16:46:00",
  "value" : "30"
},{
  "dateTime" : "05/12/17 17:11:00",
  "value" : "20"
},{
  "dateTime" : "05/12/17 18:02:00",
  "value" : "10"
},{
  "dateTime" : "05/12/17 18:03:00",
  "value" : "10"
},{
  "dateTime" : "05/12/17 18:25:00",
  "value" : "10"
},{
  "dateTime" : "05/12/17 18:26:00",
  "value" : "10"
},{
  "dateTime" : "05/12/17 18:27:00",
  "value" : "20"
},{
  "dateTime" : "05/12/17 18:45:00",
  "value" : "10"
},{
  "dateTime" : "05/12/17 18:46:00",
  "value" : "10"
},{
  "dateTime" : "05/12/17 18:47:00",
  "value" : "10"
},{
  "dateTime" : "05/12/17 18:48:00",
  "value" : "10"
},{
  "dateTime" : "05/12/17 19:09:00",
  "value" : "10"
},{
  "dateTime" : "05/12/17 21:13:00",
  "value" : "10"
},{
  "dateTime" : "05/12/17 21:14:00",
  "value" : "10"
},{
  "dateTime" : "05/12/17 21:15:00",
  "value" : "10"
},{
  "dateTime" : "05/12/17 21:16:00",
  "value" : "10"
},{
  "dateTime" : "05/12/17 21:24:00",
  "value" : "10"
},{
  "dateTime" : "05/12/17 21:25:00",
  "value" : "20"
},{
  "dateTime" : "05/12/17 21:40:00",
  "value" : "10"
},{
  "dateTime" : "05/12/17 21:41:00",
  "value" : "10"
},{
  "dateTime" : "05/12/17 21:42:00",
  "value" : "10"
},{
  "dateTime" : "05/12/17 21:43:00",
  "value" : "20"
},{
  "dateTime" : "05/12/17 22:28:00",
  "value" : "10"
},{
  "dateTime" : "05/12/17 22:36:00",
  "value" : "40"
},{
  "dateTime" : "05/12/17 22:37:00",
  "value" : "10"
},{
  "dateTime" : "05/12/17 22:38:00",
  "value" : "10"
},{
  "dateTime" : "05/12/17 22:39:00",
  "value" : "30"
},{
  "dateTime" : "05/12/17 22:40:00",
  "value" : "10"
},{
  "dateTime" : "05/12/17 22:41:00",
  "value" : "30"
},{
  "dateTime" : "05/12/17 22:57:00",
  "value" : "10"
},{
  "dateTime" : "05/12/17 22:58:00",
  "value" : "10"
},{
  "dateTime" : "05/12/17 22:59:00",
  "value" : "10"
},{
  "dateTime" : "05/13/17 00:37:00",
  "value" : "10"
},{
  "dateTime" : "05/13/17 00:38:00",
  "value" : "20"
},{
  "dateTime" : "05/13/17 00:39:00",
  "value" : "20"
},{
  "dateTime" : "05/13/17 00:40:00",
  "value" : "10"
},{
  "dateTime" : "05/13/17 10:20:00",
  "value" : "10"
},{
  "dateTime" : "05/13/17 10:21:00",
  "value" : "10"
},{
  "dateTime" : "05/13/17 10:50:00",
  "value" : "10"
},{
  "dateTime" : "05/13/17 10:51:00",
  "value" : "20"
},{
  "dateTime" : "05/13/17 10:52:00",
  "value" : "10"
},{
  "dateTime" : "05/13/17 10:53:00",
  "value" : "10"
},{
  "dateTime" : "05/13/17 10:54:00",
  "value" : "10"
},{
  "dateTime" : "05/13/17 10:55:00",
  "value" : "10"
},{
  "dateTime" : "05/13/17 10:56:00",
  "value" : "20"
},{
  "dateTime" : "05/13/17 10:57:00",
  "value" : "10"
},{
  "dateTime" : "05/13/17 10:58:00",
  "value" : "20"
},{
  "dateTime" : "05/13/17 10:59:00",
  "value" : "10"
},{
  "dateTime" : "05/13/17 11:00:00",
  "value" : "20"
},{
  "dateTime" : "05/13/17 11:01:00",
  "value" : "10"
},{
  "dateTime" : "05/13/17 11:02:00",
  "value" : "10"
},{
  "dateTime" : "05/13/17 11:03:00",
  "value" : "20"
},{
  "dateTime" : "05/13/17 11:04:00",
  "value" : "10"
},{
  "dateTime" : "05/13/17 11:08:00",
  "value" : "10"
},{
  "dateTime" : "05/13/17 11:09:00",
  "value" : "20"
},{
  "dateTime" : "05/13/17 11:10:00",
  "value" : "10"
},{
  "dateTime" : "05/13/17 11:11:00",
  "value" : "10"
},{
  "dateTime" : "05/13/17 11:12:00",
  "value" : "10"
},{
  "dateTime" : "05/13/17 11:13:00",
  "value" : "10"
},{
  "dateTime" : "05/13/17 11:14:00",
  "value" : "10"
},{
  "dateTime" : "05/13/17 11:15:00",
  "value" : "10"
},{
  "dateTime" : "05/13/17 11:16:00",
  "value" : "10"
},{
  "dateTime" : "05/13/17 11:17:00",
  "value" : "10"
},{
  "dateTime" : "05/13/17 11:18:00",
  "value" : "20"
},{
  "dateTime" : "05/13/17 11:19:00",
  "value" : "10"
},{
  "dateTime" : "05/13/17 11:20:00",
  "value" : "10"
},{
  "dateTime" : "05/13/17 11:21:00",
  "value" : "10"
},{
  "dateTime" : "05/13/17 11:22:00",
  "value" : "10"
},{
  "dateTime" : "05/13/17 11:41:00",
  "value" : "10"
},{
  "dateTime" : "05/13/17 11:42:00",
  "value" : "10"
},{
  "dateTime" : "05/13/17 11:43:00",
  "value" : "10"
},{
  "dateTime" : "05/13/17 11:44:00",
  "value" : "30"
},{
  "dateTime" : "05/13/17 12:19:00",
  "value" : "20"
},{
  "dateTime" : "05/13/17 12:20:00",
  "value" : "20"
},{
  "dateTime" : "05/13/17 12:21:00",
  "value" : "10"
},{
  "dateTime" : "05/13/17 12:22:00",
  "value" : "20"
},{
  "dateTime" : "05/13/17 12:27:00",
  "value" : "10"
},{
  "dateTime" : "05/13/17 12:28:00",
  "value" : "10"
},{
  "dateTime" : "05/13/17 12:29:00",
  "value" : "10"
},{
  "dateTime" : "05/13/17 12:43:00",
  "value" : "10"
},{
  "dateTime" : "05/13/17 12:44:00",
  "value" : "10"
},{
  "dateTime" : "05/13/17 12:45:00",
  "value" : "10"
},{
  "dateTime" : "05/13/17 13:56:00",
  "value" : "10"
},{
  "dateTime" : "05/13/17 13:57:00",
  "value" : "10"
},{
  "dateTime" : "05/13/17 13:58:00",
  "value" : "10"
},{
  "dateTime" : "05/13/17 14:04:00",
  "value" : "10"
},{
  "dateTime" : "05/13/17 22:27:00",
  "value" : "10"
},{
  "dateTime" : "05/13/17 22:49:00",
  "value" : "10"
},{
  "dateTime" : "05/13/17 23:05:00",
  "value" : "10"
},{
  "dateTime" : "05/14/17 00:01:00",
  "value" : "10"
},{
  "dateTime" : "05/14/17 01:19:00",
  "value" : "10"
},{
  "dateTime" : "05/14/17 01:49:00",
  "value" : "20"
},{
  "dateTime" : "05/14/17 10:41:00",
  "value" : "20"
},{
  "dateTime" : "05/14/17 10:58:00",
  "value" : "10"
},{
  "dateTime" : "05/14/17 14:05:00",
  "value" : "10"
},{
  "dateTime" : "05/14/17 14:26:00",
  "value" : "10"
},{
  "dateTime" : "05/14/17 14:27:00",
  "value" : "10"
},{
  "dateTime" : "05/14/17 15:18:00",
  "value" : "10"
},{
  "dateTime" : "05/14/17 16:54:00",
  "value" : "10"
},{
  "dateTime" : "05/14/17 16:55:00",
  "value" : "30"
},{
  "dateTime" : "05/14/17 16:56:00",
  "value" : "10"
},{
  "dateTime" : "05/14/17 16:57:00",
  "value" : "10"
},{
  "dateTime" : "05/14/17 19:38:00",
  "value" : "10"
},{
  "dateTime" : "05/14/17 20:29:00",
  "value" : "10"
},{
  "dateTime" : "05/14/17 20:30:00",
  "value" : "20"
},{
  "dateTime" : "05/14/17 21:13:00",
  "value" : "10"
},{
  "dateTime" : "05/14/17 23:31:00",
  "value" : "10"
},{
  "dateTime" : "05/14/17 23:32:00",
  "value" : "10"
},{
  "dateTime" : "05/14/17 23:33:00",
  "value" : "20"
},{
  "dateTime" : "05/14/17 23:34:00",
  "value" : "10"
},{
  "dateTime" : "05/14/17 23:39:00",
  "value" : "10"
},{
  "dateTime" : "05/15/17 09:20:00",
  "value" : "10"
},{
  "dateTime" : "05/15/17 12:01:00",
  "value" : "10"
},{
  "dateTime" : "05/15/17 12:02:00",
  "value" : "10"
},{
  "dateTime" : "05/15/17 12:22:00",
  "value" : "10"
},{
  "dateTime" : "05/15/17 12:23:00",
  "value" : "10"
},{
  "dateTime" : "05/15/17 14:40:00",
  "value" : "10"
},{
  "dateTime" : "05/15/17 14:41:00",
  "value" : "10"
},{
  "dateTime" : "05/15/17 14:42:00",
  "value" : "20"
},{
  "dateTime" : "05/15/17 15:01:00",
  "value" : "20"
},{
  "dateTime" : "05/15/17 15:02:00",
  "value" : "10"
},{
  "dateTime" : "05/15/17 15:03:00",
  "value" : "30"
},{
  "dateTime" : "05/15/17 15:28:00",
  "value" : "10"
},{
  "dateTime" : "05/15/17 15:29:00",
  "value" : "10"
},{
  "dateTime" : "05/15/17 15:30:00",
  "value" : "10"
},{
  "dateTime" : "05/15/17 17:17:00",
  "value" : "10"
},{
  "dateTime" : "05/15/17 18:44:00",
  "value" : "20"
},{
  "dateTime" : "05/15/17 19:40:00",
  "value" : "10"
},{
  "dateTime" : "05/15/17 20:12:00",
  "value" : "10"
},{
  "dateTime" : "05/15/17 20:13:00",
  "value" : "10"
},{
  "dateTime" : "05/15/17 20:41:00",
  "value" : "10"
},{
  "dateTime" : "05/15/17 20:42:00",
  "value" : "20"
},{
  "dateTime" : "05/15/17 20:43:00",
  "value" : "10"
},{
  "dateTime" : "05/15/17 21:12:00",
  "value" : "10"
},{
  "dateTime" : "05/15/17 21:13:00",
  "value" : "10"
},{
  "dateTime" : "05/15/17 22:38:00",
  "value" : "10"
},{
  "dateTime" : "05/15/17 23:06:00",
  "value" : "10"
},{
  "dateTime" : "05/16/17 13:08:00",
  "value" : "10"
},{
  "dateTime" : "05/16/17 14:28:00",
  "value" : "10"
},{
  "dateTime" : "05/16/17 14:29:00",
  "value" : "10"
},{
  "dateTime" : "05/16/17 14:30:00",
  "value" : "20"
},{
  "dateTime" : "05/16/17 14:31:00",
  "value" : "10"
},{
  "dateTime" : "05/16/17 15:15:00",
  "value" : "10"
},{
  "dateTime" : "05/16/17 15:16:00",
  "value" : "10"
},{
  "dateTime" : "05/16/17 16:10:00",
  "value" : "10"
},{
  "dateTime" : "05/16/17 17:49:00",
  "value" : "10"
},{
  "dateTime" : "05/16/17 17:50:00",
  "value" : "10"
},{
  "dateTime" : "05/16/17 17:51:00",
  "value" : "20"
},{
  "dateTime" : "05/16/17 19:27:00",
  "value" : "10"
},{
  "dateTime" : "05/16/17 19:28:00",
  "value" : "30"
},{
  "dateTime" : "05/16/17 20:43:00",
  "value" : "10"
},{
  "dateTime" : "05/16/17 20:44:00",
  "value" : "20"
},{
  "dateTime" : "05/16/17 20:45:00",
  "value" : "10"
},{
  "dateTime" : "05/16/17 21:26:00",
  "value" : "10"
},{
  "dateTime" : "05/17/17 09:26:00",
  "value" : "10"
},{
  "dateTime" : "05/17/17 15:11:00",
  "value" : "10"
},{
  "dateTime" : "05/17/17 15:12:00",
  "value" : "10"
},{
  "dateTime" : "05/17/17 15:13:00",
  "value" : "10"
},{
  "dateTime" : "05/17/17 15:14:00",
  "value" : "20"
},{
  "dateTime" : "05/17/17 15:15:00",
  "value" : "20"
},{
  "dateTime" : "05/17/17 15:16:00",
  "value" : "10"
},{
  "dateTime" : "05/17/17 15:17:00",
  "value" : "10"
},{
  "dateTime" : "05/17/17 15:29:00",
  "value" : "20"
},{
  "dateTime" : "05/17/17 15:30:00",
  "value" : "30"
},{
  "dateTime" : "05/17/17 15:31:00",
  "value" : "10"
},{
  "dateTime" : "05/17/17 15:45:00",
  "value" : "10"
},{
  "dateTime" : "05/17/17 15:46:00",
  "value" : "20"
},{
  "dateTime" : "05/17/17 15:47:00",
  "value" : "30"
},{
  "dateTime" : "05/17/17 15:48:00",
  "value" : "30"
},{
  "dateTime" : "05/17/17 15:49:00",
  "value" : "50"
},{
  "dateTime" : "05/17/17 15:50:00",
  "value" : "50"
},{
  "dateTime" : "05/17/17 15:51:00",
  "value" : "40"
},{
  "dateTime" : "05/17/17 15:52:00",
  "value" : "10"
},{
  "dateTime" : "05/17/17 15:53:00",
  "value" : "20"
},{
  "dateTime" : "05/17/17 15:54:00",
  "value" : "30"
},{
  "dateTime" : "05/17/17 15:55:00",
  "value" : "30"
},{
  "dateTime" : "05/17/17 15:56:00",
  "value" : "30"
},{
  "dateTime" : "05/17/17 15:57:00",
  "value" : "50"
},{
  "dateTime" : "05/17/17 15:58:00",
  "value" : "30"
},{
  "dateTime" : "05/17/17 15:59:00",
  "value" : "20"
},{
  "dateTime" : "05/17/17 16:21:00",
  "value" : "10"
},{
  "dateTime" : "05/17/17 16:22:00",
  "value" : "10"
},{
  "dateTime" : "05/17/17 16:23:00",
  "value" : "30"
},{
  "dateTime" : "05/17/17 16:24:00",
  "value" : "20"
},{
  "dateTime" : "05/17/17 16:48:00",
  "value" : "10"
},{
  "dateTime" : "05/17/17 16:49:00",
  "value" : "10"
},{
  "dateTime" : "05/17/17 18:06:00",
  "value" : "10"
},{
  "dateTime" : "05/17/17 18:07:00",
  "value" : "30"
},{
  "dateTime" : "05/17/17 18:08:00",
  "value" : "20"
},{
  "dateTime" : "05/17/17 18:09:00",
  "value" : "10"
},{
  "dateTime" : "05/17/17 18:10:00",
  "value" : "30"
},{
  "dateTime" : "05/18/17 10:57:00",
  "value" : "20"
},{
  "dateTime" : "05/18/17 10:58:00",
  "value" : "10"
},{
  "dateTime" : "05/18/17 10:59:00",
  "value" : "20"
},{
  "dateTime" : "05/18/17 11:00:00",
  "value" : "30"
},{
  "dateTime" : "05/18/17 11:01:00",
  "value" : "30"
},{
  "dateTime" : "05/18/17 11:02:00",
  "value" : "30"
},{
  "dateTime" : "05/18/17 11:03:00",
  "value" : "10"
},{
  "dateTime" : "05/18/17 11:04:00",
  "value" : "50"
},{
  "dateTime" : "05/18/17 11:05:00",
  "value" : "40"
},{
  "dateTime" : "05/18/17 11:06:00",
  "value" : "50"
},{
  "dateTime" : "05/18/17 11:07:00",
  "value" : "40"
},{
  "dateTime" : "05/18/17 11:08:00",
  "value" : "30"
},{
  "dateTime" : "05/18/17 11:09:00",
  "value" : "20"
},{
  "dateTime" : "05/18/17 11:10:00",
  "value" : "30"
},{
  "dateTime" : "05/18/17 11:11:00",
  "value" : "20"
},{
  "dateTime" : "05/18/17 11:12:00",
  "value" : "20"
},{
  "dateTime" : "05/18/17 11:13:00",
  "value" : "10"
},{
  "dateTime" : "05/18/17 11:14:00",
  "value" : "10"
},{
  "dateTime" : "05/18/17 11:15:00",
  "value" : "10"
},{
  "dateTime" : "05/18/17 11:16:00",
  "value" : "10"
},{
  "dateTime" : "05/18/17 11:17:00",
  "value" : "10"
},{
  "dateTime" : "05/18/17 11:18:00",
  "value" : "10"
},{
  "dateTime" : "05/18/17 11:19:00",
  "value" : "10"
},{
  "dateTime" : "05/18/17 11:42:00",
  "value" : "10"
},{
  "dateTime" : "05/18/17 11:43:00",
  "value" : "10"
},{
  "dateTime" : "05/18/17 11:44:00",
  "value" : "20"
},{
  "dateTime" : "05/18/17 11:45:00",
  "value" : "10"
},{
  "dateTime" : "05/18/17 11:46:00",
  "value" : "20"
},{
  "dateTime" : "05/18/17 11:47:00",
  "value" : "20"
},{
  "dateTime" : "05/18/17 11:48:00",
  "value" : "20"
},{
  "dateTime" : "05/18/17 11:49:00",
  "value" : "20"
},{
  "dateTime" : "05/18/17 11:50:00",
  "value" : "20"
},{
  "dateTime" : "05/18/17 11:51:00",
  "value" : "10"
},{
  "dateTime" : "05/18/17 11:52:00",
  "value" : "10"
},{
  "dateTime" : "05/18/17 11:53:00",
  "value" : "20"
},{
  "dateTime" : "05/18/17 11:54:00",
  "value" : "10"
},{
  "dateTime" : "05/18/17 13:32:00",
  "value" : "20"
},{
  "dateTime" : "05/18/17 13:33:00",
  "value" : "10"
},{
  "dateTime" : "05/18/17 16:39:00",
  "value" : "10"
},{
  "dateTime" : "05/18/17 16:40:00",
  "value" : "10"
},{
  "dateTime" : "05/18/17 16:41:00",
  "value" : "10"
},{
  "dateTime" : "05/18/17 16:42:00",
  "value" : "10"
},{
  "dateTime" : "05/18/17 17:25:00",
  "value" : "10"
},{
  "dateTime" : "05/18/17 17:46:00",
  "value" : "10"
},{
  "dateTime" : "05/18/17 17:47:00",
  "value" : "20"
},{
  "dateTime" : "05/18/17 17:48:00",
  "value" : "20"
},{
  "dateTime" : "05/18/17 17:49:00",
  "value" : "20"
},{
  "dateTime" : "05/18/17 17:50:00",
  "value" : "30"
},{
  "dateTime" : "05/18/17 17:51:00",
  "value" : "10"
},{
  "dateTime" : "05/18/17 18:27:00",
  "value" : "10"
},{
  "dateTime" : "05/18/17 18:28:00",
  "value" : "10"
},{
  "dateTime" : "05/18/17 18:29:00",
  "value" : "20"
},{
  "dateTime" : "05/18/17 18:30:00",
  "value" : "10"
},{
  "dateTime" : "05/18/17 18:31:00",
  "value" : "10"
},{
  "dateTime" : "05/18/17 18:32:00",
  "value" : "10"
},{
  "dateTime" : "05/18/17 18:33:00",
  "value" : "10"
},{
  "dateTime" : "05/18/17 18:34:00",
  "value" : "10"
},{
  "dateTime" : "05/18/17 18:35:00",
  "value" : "10"
},{
  "dateTime" : "05/18/17 18:36:00",
  "value" : "20"
},{
  "dateTime" : "05/18/17 18:37:00",
  "value" : "10"
},{
  "dateTime" : "05/18/17 18:38:00",
  "value" : "20"
},{
  "dateTime" : "05/18/17 18:39:00",
  "value" : "10"
},{
  "dateTime" : "05/18/17 18:40:00",
  "value" : "10"
},{
  "dateTime" : "05/18/17 18:44:00",
  "value" : "10"
},{
  "dateTime" : "05/18/17 18:45:00",
  "value" : "20"
},{
  "dateTime" : "05/18/17 18:46:00",
  "value" : "20"
},{
  "dateTime" : "05/18/17 18:47:00",
  "value" : "20"
},{
  "dateTime" : "05/18/17 18:48:00",
  "value" : "30"
},{
  "dateTime" : "05/18/17 18:49:00",
  "value" : "20"
},{
  "dateTime" : "05/18/17 18:50:00",
  "value" : "10"
},{
  "dateTime" : "05/18/17 19:16:00",
  "value" : "10"
},{
  "dateTime" : "05/19/17 07:51:00",
  "value" : "10"
},{
  "dateTime" : "05/19/17 07:52:00",
  "value" : "40"
},{
  "dateTime" : "05/19/17 08:38:00",
  "value" : "10"
},{
  "dateTime" : "05/19/17 08:39:00",
  "value" : "20"
},{
  "dateTime" : "05/19/17 08:40:00",
  "value" : "10"
},{
  "dateTime" : "05/19/17 08:41:00",
  "value" : "20"
},{
  "dateTime" : "05/19/17 08:42:00",
  "value" : "30"
},{
  "dateTime" : "05/19/17 08:43:00",
  "value" : "20"
},{
  "dateTime" : "05/19/17 08:44:00",
  "value" : "30"
},{
  "dateTime" : "05/19/17 08:45:00",
  "value" : "20"
},{
  "dateTime" : "05/19/17 08:46:00",
  "value" : "30"
},{
  "dateTime" : "05/19/17 08:47:00",
  "value" : "30"
},{
  "dateTime" : "05/19/17 08:48:00",
  "value" : "30"
},{
  "dateTime" : "05/19/17 08:49:00",
  "value" : "30"
},{
  "dateTime" : "05/19/17 08:50:00",
  "value" : "30"
},{
  "dateTime" : "05/19/17 08:51:00",
  "value" : "30"
},{
  "dateTime" : "05/19/17 08:52:00",
  "value" : "20"
},{
  "dateTime" : "05/19/17 08:53:00",
  "value" : "20"
},{
  "dateTime" : "05/19/17 08:54:00",
  "value" : "10"
},{
  "dateTime" : "05/19/17 08:55:00",
  "value" : "20"
},{
  "dateTime" : "05/19/17 08:56:00",
  "value" : "10"
},{
  "dateTime" : "05/19/17 09:02:00",
  "value" : "10"
},{
  "dateTime" : "05/19/17 09:03:00",
  "value" : "10"
},{
  "dateTime" : "05/19/17 09:04:00",
  "value" : "10"
},{
  "dateTime" : "05/19/17 09:05:00",
  "value" : "10"
},{
  "dateTime" : "05/19/17 10:32:00",
  "value" : "10"
},{
  "dateTime" : "05/19/17 16:27:00",
  "value" : "10"
},{
  "dateTime" : "05/19/17 18:38:00",
  "value" : "10"
},{
  "dateTime" : "05/19/17 19:29:00",
  "value" : "10"
},{
  "dateTime" : "05/19/17 20:21:00",
  "value" : "10"
},{
  "dateTime" : "05/19/17 20:22:00",
  "value" : "40"
},{
  "dateTime" : "05/19/17 20:23:00",
  "value" : "10"
},{
  "dateTime" : "05/20/17 09:48:00",
  "value" : "10"
},{
  "dateTime" : "05/20/17 09:49:00",
  "value" : "10"
},{
  "dateTime" : "05/20/17 09:50:00",
  "value" : "10"
},{
  "dateTime" : "05/20/17 09:51:00",
  "value" : "10"
},{
  "dateTime" : "05/20/17 09:52:00",
  "value" : "10"
},{
  "dateTime" : "05/20/17 09:53:00",
  "value" : "10"
},{
  "dateTime" : "05/20/17 09:54:00",
  "value" : "20"
},{
  "dateTime" : "05/20/17 09:55:00",
  "value" : "10"
},{
  "dateTime" : "05/20/17 09:56:00",
  "value" : "20"
},{
  "dateTime" : "05/20/17 09:57:00",
  "value" : "10"
},{
  "dateTime" : "05/20/17 09:58:00",
  "value" : "10"
},{
  "dateTime" : "05/20/17 09:59:00",
  "value" : "10"
},{
  "dateTime" : "05/20/17 10:00:00",
  "value" : "10"
},{
  "dateTime" : "05/20/17 10:01:00",
  "value" : "10"
},{
  "dateTime" : "05/20/17 10:02:00",
  "value" : "10"
},{
  "dateTime" : "05/20/17 10:04:00",
  "value" : "10"
},{
  "dateTime" : "05/20/17 11:39:00",
  "value" : "10"
},{
  "dateTime" : "05/20/17 12:29:00",
  "value" : "10"
},{
  "dateTime" : "05/20/17 13:20:00",
  "value" : "10"
},{
  "dateTime" : "05/20/17 17:25:00",
  "value" : "20"
},{
  "dateTime" : "05/20/17 17:26:00",
  "value" : "20"
},{
  "dateTime" : "05/20/17 19:02:00",
  "value" : "10"
},{
  "dateTime" : "05/20/17 20:13:00",
  "value" : "10"
},{
  "dateTime" : "05/20/17 20:14:00",
  "value" : "10"
},{
  "dateTime" : "05/20/17 20:35:00",
  "value" : "10"
},{
  "dateTime" : "05/20/17 20:58:00",
  "value" : "10"
},{
  "dateTime" : "05/20/17 20:59:00",
  "value" : "10"
},{
  "dateTime" : "05/20/17 23:13:00",
  "value" : "10"
},{
  "dateTime" : "05/21/17 11:43:00",
  "value" : "20"
},{
  "dateTime" : "05/21/17 11:44:00",
  "value" : "20"
},{
  "dateTime" : "05/21/17 11:45:00",
  "value" : "10"
},{
  "dateTime" : "05/21/17 11:46:00",
  "value" : "20"
},{
  "dateTime" : "05/21/17 11:47:00",
  "value" : "20"
},{
  "dateTime" : "05/21/17 11:48:00",
  "value" : "30"
},{
  "dateTime" : "05/21/17 11:49:00",
  "value" : "20"
},{
  "dateTime" : "05/21/17 11:50:00",
  "value" : "20"
},{
  "dateTime" : "05/21/17 11:51:00",
  "value" : "30"
},{
  "dateTime" : "05/21/17 11:52:00",
  "value" : "20"
},{
  "dateTime" : "05/21/17 11:53:00",
  "value" : "10"
},{
  "dateTime" : "05/21/17 11:54:00",
  "value" : "10"
},{
  "dateTime" : "05/21/17 11:55:00",
  "value" : "10"
},{
  "dateTime" : "05/21/17 11:59:00",
  "value" : "10"
},{
  "dateTime" : "05/21/17 12:48:00",
  "value" : "10"
},{
  "dateTime" : "05/21/17 14:29:00",
  "value" : "10"
},{
  "dateTime" : "05/21/17 14:52:00",
  "value" : "10"
},{
  "dateTime" : "05/21/17 16:07:00",
  "value" : "10"
},{
  "dateTime" : "05/21/17 16:08:00",
  "value" : "10"
},{
  "dateTime" : "05/21/17 16:41:00",
  "value" : "10"
},{
  "dateTime" : "05/21/17 16:42:00",
  "value" : "10"
},{
  "dateTime" : "05/22/17 09:46:00",
  "value" : "10"
},{
  "dateTime" : "05/22/17 11:15:00",
  "value" : "10"
},{
  "dateTime" : "05/22/17 11:16:00",
  "value" : "10"
},{
  "dateTime" : "05/22/17 17:46:00",
  "value" : "10"
},{
  "dateTime" : "05/22/17 17:47:00",
  "value" : "10"
},{
  "dateTime" : "05/22/17 20:03:00",
  "value" : "10"
},{
  "dateTime" : "05/23/17 07:34:00",
  "value" : "10"
},{
  "dateTime" : "05/23/17 07:35:00",
  "value" : "10"
},{
  "dateTime" : "05/23/17 07:36:00",
  "value" : "10"
},{
  "dateTime" : "05/23/17 07:37:00",
  "value" : "10"
},{
  "dateTime" : "05/23/17 07:38:00",
  "value" : "10"
},{
  "dateTime" : "05/23/17 07:39:00",
  "value" : "10"
},{
  "dateTime" : "05/23/17 07:40:00",
  "value" : "10"
},{
  "dateTime" : "05/23/17 07:41:00",
  "value" : "10"
},{
  "dateTime" : "05/23/17 07:42:00",
  "value" : "20"
},{
  "dateTime" : "05/23/17 07:43:00",
  "value" : "10"
},{
  "dateTime" : "05/23/17 08:14:00",
  "value" : "10"
},{
  "dateTime" : "05/23/17 08:15:00",
  "value" : "10"
},{
  "dateTime" : "05/23/17 08:16:00",
  "value" : "10"
},{
  "dateTime" : "05/23/17 08:17:00",
  "value" : "10"
},{
  "dateTime" : "05/23/17 08:30:00",
  "value" : "10"
},{
  "dateTime" : "05/23/17 09:27:00",
  "value" : "10"
},{
  "dateTime" : "05/23/17 10:25:00",
  "value" : "10"
},{
  "dateTime" : "05/23/17 11:49:00",
  "value" : "10"
},{
  "dateTime" : "05/23/17 13:07:00",
  "value" : "10"
},{
  "dateTime" : "05/23/17 14:58:00",
  "value" : "10"
},{
  "dateTime" : "05/23/17 21:46:00",
  "value" : "10"
},{
  "dateTime" : "05/24/17 12:34:00",
  "value" : "10"
},{
  "dateTime" : "05/24/17 18:15:00",
  "value" : "10"
},{
  "dateTime" : "05/24/17 18:46:00",
  "value" : "10"
},{
  "dateTime" : "05/24/17 18:47:00",
  "value" : "10"
},{
  "dateTime" : "05/24/17 18:48:00",
  "value" : "10"
},{
  "dateTime" : "05/24/17 18:49:00",
  "value" : "10"
},{
  "dateTime" : "05/24/17 18:50:00",
  "value" : "20"
},{
  "dateTime" : "05/24/17 18:51:00",
  "value" : "10"
},{
  "dateTime" : "05/24/17 18:52:00",
  "value" : "20"
},{
  "dateTime" : "05/24/17 18:53:00",
  "value" : "10"
},{
  "dateTime" : "05/24/17 18:54:00",
  "value" : "20"
},{
  "dateTime" : "05/24/17 18:55:00",
  "value" : "10"
},{
  "dateTime" : "05/24/17 19:02:00",
  "value" : "10"
},{
  "dateTime" : "05/24/17 19:03:00",
  "value" : "20"
},{
  "dateTime" : "05/24/17 19:28:00",
  "value" : "10"
},{
  "dateTime" : "05/24/17 21:12:00",
  "value" : "10"
},{
  "dateTime" : "05/25/17 07:32:00",
  "value" : "10"
},{
  "dateTime" : "05/25/17 08:03:00",
  "value" : "10"
},{
  "dateTime" : "05/25/17 08:52:00",
  "value" : "10"
},{
  "dateTime" : "05/25/17 11:00:00",
  "value" : "10"
},{
  "dateTime" : "05/25/17 13:40:00",
  "value" : "10"
},{
  "dateTime" : "05/25/17 13:58:00",
  "value" : "10"
},{
  "dateTime" : "05/25/17 14:36:00",
  "value" : "10"
},{
  "dateTime" : "05/25/17 18:24:00",
  "value" : "10"
},{
  "dateTime" : "05/25/17 18:49:00",
  "value" : "10"
},{
  "dateTime" : "05/25/17 18:57:00",
  "value" : "20"
},{
  "dateTime" : "05/25/17 18:58:00",
  "value" : "10"
},{
  "dateTime" : "05/25/17 20:24:00",
  "value" : "10"
},{
  "dateTime" : "05/26/17 08:02:00",
  "value" : "20"
},{
  "dateTime" : "05/26/17 08:03:00",
  "value" : "20"
},{
  "dateTime" : "05/26/17 08:04:00",
  "value" : "10"
},{
  "dateTime" : "05/26/17 08:05:00",
  "value" : "10"
},{
  "dateTime" : "05/26/17 08:06:00",
  "value" : "20"
},{
  "dateTime" : "05/26/17 08:07:00",
  "value" : "10"
},{
  "dateTime" : "05/26/17 08:08:00",
  "value" : "20"
},{
  "dateTime" : "05/26/17 08:09:00",
  "value" : "20"
},{
  "dateTime" : "05/26/17 08:10:00",
  "value" : "20"
},{
  "dateTime" : "05/26/17 08:11:00",
  "value" : "10"
},{
  "dateTime" : "05/26/17 08:12:00",
  "value" : "20"
},{
  "dateTime" : "05/26/17 08:13:00",
  "value" : "10"
},{
  "dateTime" : "05/26/17 08:14:00",
  "value" : "10"
},{
  "dateTime" : "05/26/17 08:15:00",
  "value" : "20"
},{
  "dateTime" : "05/26/17 08:18:00",
  "value" : "10"
},{
  "dateTime" : "05/26/17 08:19:00",
  "value" : "10"
},{
  "dateTime" : "05/26/17 08:20:00",
  "value" : "10"
},{
  "dateTime" : "05/26/17 08:47:00",
  "value" : "10"
},{
  "dateTime" : "05/26/17 08:48:00",
  "value" : "20"
},{
  "dateTime" : "05/26/17 09:52:00",
  "value" : "10"
},{
  "dateTime" : "05/26/17 13:14:00",
  "value" : "10"
},{
  "dateTime" : "05/26/17 20:12:00",
  "value" : "10"
},{
  "dateTime" : "05/26/17 20:35:00",
  "value" : "10"
},{
  "dateTime" : "05/26/17 21:29:00",
  "value" : "10"
},{
  "dateTime" : "05/26/17 21:30:00",
  "value" : "10"
},{
  "dateTime" : "05/26/17 22:08:00",
  "value" : "10"
},{
  "dateTime" : "05/26/17 23:16:00",
  "value" : "10"
},{
  "dateTime" : "05/27/17 14:57:00",
  "value" : "10"
},{
  "dateTime" : "05/27/17 14:58:00",
  "value" : "10"
},{
  "dateTime" : "05/27/17 14:59:00",
  "value" : "10"
},{
  "dateTime" : "05/27/17 15:29:00",
  "value" : "20"
},{
  "dateTime" : "05/27/17 15:30:00",
  "value" : "10"
},{
  "dateTime" : "05/27/17 15:31:00",
  "value" : "10"
},{
  "dateTime" : "05/27/17 15:32:00",
  "value" : "10"
},{
  "dateTime" : "05/27/17 15:33:00",
  "value" : "10"
},{
  "dateTime" : "05/27/17 15:34:00",
  "value" : "10"
},{
  "dateTime" : "05/27/17 15:45:00",
  "value" : "10"
},{
  "dateTime" : "05/27/17 15:46:00",
  "value" : "10"
},{
  "dateTime" : "05/27/17 17:10:00",
  "value" : "10"
},{
  "dateTime" : "05/27/17 17:11:00",
  "value" : "30"
},{
  "dateTime" : "05/27/17 17:12:00",
  "value" : "10"
},{
  "dateTime" : "05/27/17 17:35:00",
  "value" : "10"
},{
  "dateTime" : "05/27/17 17:36:00",
  "value" : "10"
},{
  "dateTime" : "05/27/17 17:37:00",
  "value" : "20"
},{
  "dateTime" : "05/27/17 20:47:00",
  "value" : "10"
},{
  "dateTime" : "05/27/17 23:03:00",
  "value" : "10"
},{
  "dateTime" : "05/27/17 23:04:00",
  "value" : "10"
},{
  "dateTime" : "05/27/17 23:05:00",
  "value" : "10"
},{
  "dateTime" : "05/27/17 23:06:00",
  "value" : "10"
},{
  "dateTime" : "05/28/17 09:14:00",
  "value" : "10"
},{
  "dateTime" : "05/28/17 09:15:00",
  "value" : "10"
},{
  "dateTime" : "05/28/17 10:52:00",
  "value" : "10"
},{
  "dateTime" : "05/28/17 12:58:00",
  "value" : "20"
},{
  "dateTime" : "05/28/17 12:59:00",
  "value" : "10"
},{
  "dateTime" : "05/28/17 14:21:00",
  "value" : "10"
},{
  "dateTime" : "05/28/17 14:22:00",
  "value" : "10"
},{
  "dateTime" : "05/28/17 15:10:00",
  "value" : "20"
},{
  "dateTime" : "05/28/17 15:11:00",
  "value" : "20"
}]