[{
  "dateTime" : "10/21/18 12:49:00",
  "value" : "10"
},{
  "dateTime" : "10/21/18 13:04:00",
  "value" : "10"
},{
  "dateTime" : "10/21/18 13:35:00",
  "value" : "20"
},{
  "dateTime" : "10/21/18 13:36:00",
  "value" : "40"
},{
  "dateTime" : "10/21/18 13:37:00",
  "value" : "30"
},{
  "dateTime" : "10/21/18 13:38:00",
  "value" : "10"
},{
  "dateTime" : "10/21/18 13:53:00",
  "value" : "10"
},{
  "dateTime" : "10/21/18 13:54:00",
  "value" : "40"
},{
  "dateTime" : "10/21/18 13:55:00",
  "value" : "10"
},{
  "dateTime" : "10/21/18 13:57:00",
  "value" : "20"
},{
  "dateTime" : "10/21/18 13:58:00",
  "value" : "10"
},{
  "dateTime" : "10/21/18 14:02:00",
  "value" : "10"
},{
  "dateTime" : "10/21/18 14:03:00",
  "value" : "10"
},{
  "dateTime" : "10/21/18 14:04:00",
  "value" : "20"
},{
  "dateTime" : "10/21/18 14:06:00",
  "value" : "10"
},{
  "dateTime" : "10/21/18 14:07:00",
  "value" : "30"
},{
  "dateTime" : "10/21/18 14:08:00",
  "value" : "10"
},{
  "dateTime" : "10/21/18 14:09:00",
  "value" : "20"
},{
  "dateTime" : "10/21/18 14:11:00",
  "value" : "20"
},{
  "dateTime" : "10/21/18 14:12:00",
  "value" : "20"
},{
  "dateTime" : "10/21/18 14:13:00",
  "value" : "20"
},{
  "dateTime" : "10/21/18 14:14:00",
  "value" : "20"
},{
  "dateTime" : "10/21/18 14:15:00",
  "value" : "10"
},{
  "dateTime" : "10/21/18 14:16:00",
  "value" : "10"
},{
  "dateTime" : "10/21/18 14:21:00",
  "value" : "10"
},{
  "dateTime" : "10/21/18 14:23:00",
  "value" : "10"
},{
  "dateTime" : "10/21/18 14:24:00",
  "value" : "10"
},{
  "dateTime" : "10/21/18 14:27:00",
  "value" : "10"
},{
  "dateTime" : "10/21/18 14:33:00",
  "value" : "10"
},{
  "dateTime" : "10/21/18 14:34:00",
  "value" : "20"
},{
  "dateTime" : "10/21/18 14:35:00",
  "value" : "10"
},{
  "dateTime" : "10/21/18 14:36:00",
  "value" : "10"
},{
  "dateTime" : "10/21/18 14:38:00",
  "value" : "10"
},{
  "dateTime" : "10/21/18 14:40:00",
  "value" : "10"
},{
  "dateTime" : "10/21/18 14:42:00",
  "value" : "20"
},{
  "dateTime" : "10/21/18 14:43:00",
  "value" : "10"
},{
  "dateTime" : "10/21/18 14:44:00",
  "value" : "10"
},{
  "dateTime" : "10/21/18 16:28:00",
  "value" : "10"
},{
  "dateTime" : "10/21/18 16:40:00",
  "value" : "10"
},{
  "dateTime" : "10/21/18 16:45:00",
  "value" : "10"
},{
  "dateTime" : "10/21/18 16:49:00",
  "value" : "10"
},{
  "dateTime" : "10/21/18 16:50:00",
  "value" : "10"
},{
  "dateTime" : "10/21/18 17:18:00",
  "value" : "10"
},{
  "dateTime" : "10/21/18 17:58:00",
  "value" : "10"
},{
  "dateTime" : "10/21/18 19:22:00",
  "value" : "10"
},{
  "dateTime" : "10/21/18 19:39:00",
  "value" : "10"
},{
  "dateTime" : "10/21/18 21:08:00",
  "value" : "10"
},{
  "dateTime" : "10/22/18 09:13:00",
  "value" : "10"
},{
  "dateTime" : "10/22/18 09:14:00",
  "value" : "10"
},{
  "dateTime" : "10/22/18 09:16:00",
  "value" : "10"
},{
  "dateTime" : "10/22/18 09:17:00",
  "value" : "10"
},{
  "dateTime" : "10/22/18 09:22:00",
  "value" : "10"
},{
  "dateTime" : "10/22/18 09:23:00",
  "value" : "10"
},{
  "dateTime" : "10/22/18 09:35:00",
  "value" : "20"
},{
  "dateTime" : "10/22/18 09:39:00",
  "value" : "20"
},{
  "dateTime" : "10/22/18 11:19:00",
  "value" : "10"
},{
  "dateTime" : "10/22/18 11:20:00",
  "value" : "20"
},{
  "dateTime" : "10/22/18 11:21:00",
  "value" : "10"
},{
  "dateTime" : "10/22/18 11:23:00",
  "value" : "10"
},{
  "dateTime" : "10/22/18 14:00:00",
  "value" : "10"
},{
  "dateTime" : "10/22/18 14:01:00",
  "value" : "10"
},{
  "dateTime" : "10/22/18 14:02:00",
  "value" : "10"
},{
  "dateTime" : "10/22/18 14:03:00",
  "value" : "10"
},{
  "dateTime" : "10/22/18 14:08:00",
  "value" : "10"
},{
  "dateTime" : "10/22/18 17:08:00",
  "value" : "10"
},{
  "dateTime" : "10/22/18 17:09:00",
  "value" : "20"
},{
  "dateTime" : "10/22/18 17:16:00",
  "value" : "10"
},{
  "dateTime" : "10/22/18 17:22:00",
  "value" : "10"
},{
  "dateTime" : "10/22/18 18:24:00",
  "value" : "10"
},{
  "dateTime" : "10/22/18 20:01:00",
  "value" : "10"
},{
  "dateTime" : "10/22/18 20:45:00",
  "value" : "10"
},{
  "dateTime" : "10/22/18 20:55:00",
  "value" : "10"
},{
  "dateTime" : "10/22/18 23:29:00",
  "value" : "10"
},{
  "dateTime" : "10/23/18 09:14:00",
  "value" : "10"
},{
  "dateTime" : "10/23/18 09:26:00",
  "value" : "10"
},{
  "dateTime" : "10/23/18 09:43:00",
  "value" : "10"
},{
  "dateTime" : "10/23/18 09:45:00",
  "value" : "10"
},{
  "dateTime" : "10/23/18 09:48:00",
  "value" : "10"
},{
  "dateTime" : "10/23/18 09:50:00",
  "value" : "10"
},{
  "dateTime" : "10/23/18 09:51:00",
  "value" : "20"
},{
  "dateTime" : "10/23/18 09:52:00",
  "value" : "20"
},{
  "dateTime" : "10/23/18 09:53:00",
  "value" : "10"
},{
  "dateTime" : "10/23/18 11:02:00",
  "value" : "10"
},{
  "dateTime" : "10/23/18 11:07:00",
  "value" : "10"
},{
  "dateTime" : "10/23/18 12:04:00",
  "value" : "10"
},{
  "dateTime" : "10/23/18 12:05:00",
  "value" : "10"
},{
  "dateTime" : "10/23/18 12:08:00",
  "value" : "20"
},{
  "dateTime" : "10/23/18 12:16:00",
  "value" : "10"
},{
  "dateTime" : "10/23/18 12:17:00",
  "value" : "20"
},{
  "dateTime" : "10/23/18 12:22:00",
  "value" : "10"
},{
  "dateTime" : "10/23/18 12:46:00",
  "value" : "10"
},{
  "dateTime" : "10/23/18 12:48:00",
  "value" : "10"
},{
  "dateTime" : "10/23/18 12:49:00",
  "value" : "10"
},{
  "dateTime" : "10/23/18 12:51:00",
  "value" : "20"
},{
  "dateTime" : "10/23/18 12:58:00",
  "value" : "10"
},{
  "dateTime" : "10/23/18 14:06:00",
  "value" : "10"
},{
  "dateTime" : "10/23/18 14:10:00",
  "value" : "20"
},{
  "dateTime" : "10/23/18 16:42:00",
  "value" : "10"
},{
  "dateTime" : "10/23/18 16:43:00",
  "value" : "10"
},{
  "dateTime" : "10/23/18 16:44:00",
  "value" : "10"
},{
  "dateTime" : "10/23/18 16:45:00",
  "value" : "10"
},{
  "dateTime" : "10/23/18 16:46:00",
  "value" : "10"
},{
  "dateTime" : "10/23/18 16:54:00",
  "value" : "10"
},{
  "dateTime" : "10/23/18 17:13:00",
  "value" : "10"
},{
  "dateTime" : "10/23/18 17:14:00",
  "value" : "10"
},{
  "dateTime" : "10/23/18 17:15:00",
  "value" : "20"
},{
  "dateTime" : "10/23/18 17:17:00",
  "value" : "10"
},{
  "dateTime" : "10/23/18 17:23:00",
  "value" : "20"
},{
  "dateTime" : "10/23/18 17:24:00",
  "value" : "20"
},{
  "dateTime" : "10/23/18 17:26:00",
  "value" : "20"
},{
  "dateTime" : "10/23/18 17:27:00",
  "value" : "20"
},{
  "dateTime" : "10/23/18 17:28:00",
  "value" : "10"
},{
  "dateTime" : "10/23/18 18:26:00",
  "value" : "10"
},{
  "dateTime" : "10/23/18 18:28:00",
  "value" : "10"
},{
  "dateTime" : "10/23/18 18:30:00",
  "value" : "10"
},{
  "dateTime" : "10/23/18 18:31:00",
  "value" : "10"
},{
  "dateTime" : "10/23/18 18:40:00",
  "value" : "10"
},{
  "dateTime" : "10/23/18 20:01:00",
  "value" : "10"
},{
  "dateTime" : "10/23/18 20:03:00",
  "value" : "10"
},{
  "dateTime" : "10/23/18 21:18:00",
  "value" : "10"
},{
  "dateTime" : "10/23/18 21:19:00",
  "value" : "10"
},{
  "dateTime" : "10/23/18 21:20:00",
  "value" : "10"
},{
  "dateTime" : "10/23/18 22:07:00",
  "value" : "20"
},{
  "dateTime" : "10/23/18 22:08:00",
  "value" : "20"
},{
  "dateTime" : "10/23/18 22:12:00",
  "value" : "20"
},{
  "dateTime" : "10/23/18 22:14:00",
  "value" : "10"
},{
  "dateTime" : "10/24/18 09:29:00",
  "value" : "10"
},{
  "dateTime" : "10/24/18 09:31:00",
  "value" : "10"
},{
  "dateTime" : "10/24/18 09:32:00",
  "value" : "10"
},{
  "dateTime" : "10/24/18 09:34:00",
  "value" : "10"
},{
  "dateTime" : "10/24/18 11:02:00",
  "value" : "10"
},{
  "dateTime" : "10/24/18 11:03:00",
  "value" : "20"
},{
  "dateTime" : "10/24/18 11:09:00",
  "value" : "10"
},{
  "dateTime" : "10/24/18 12:18:00",
  "value" : "10"
},{
  "dateTime" : "10/24/18 12:20:00",
  "value" : "10"
},{
  "dateTime" : "10/24/18 13:09:00",
  "value" : "10"
},{
  "dateTime" : "10/24/18 13:10:00",
  "value" : "20"
},{
  "dateTime" : "10/24/18 14:59:00",
  "value" : "10"
},{
  "dateTime" : "10/24/18 15:02:00",
  "value" : "10"
},{
  "dateTime" : "10/24/18 15:03:00",
  "value" : "20"
},{
  "dateTime" : "10/24/18 15:04:00",
  "value" : "10"
},{
  "dateTime" : "10/24/18 15:05:00",
  "value" : "20"
},{
  "dateTime" : "10/24/18 16:42:00",
  "value" : "10"
},{
  "dateTime" : "10/24/18 16:43:00",
  "value" : "20"
},{
  "dateTime" : "10/24/18 16:56:00",
  "value" : "10"
},{
  "dateTime" : "10/24/18 16:57:00",
  "value" : "10"
},{
  "dateTime" : "10/24/18 17:10:00",
  "value" : "10"
},{
  "dateTime" : "10/24/18 18:28:00",
  "value" : "10"
},{
  "dateTime" : "10/24/18 18:29:00",
  "value" : "10"
},{
  "dateTime" : "10/24/18 18:30:00",
  "value" : "10"
},{
  "dateTime" : "10/24/18 18:32:00",
  "value" : "20"
},{
  "dateTime" : "10/24/18 18:33:00",
  "value" : "10"
},{
  "dateTime" : "10/24/18 18:34:00",
  "value" : "20"
},{
  "dateTime" : "10/24/18 18:35:00",
  "value" : "20"
},{
  "dateTime" : "10/24/18 18:36:00",
  "value" : "30"
},{
  "dateTime" : "10/24/18 18:38:00",
  "value" : "10"
},{
  "dateTime" : "10/24/18 18:42:00",
  "value" : "10"
},{
  "dateTime" : "10/24/18 18:54:00",
  "value" : "10"
},{
  "dateTime" : "10/24/18 18:55:00",
  "value" : "10"
},{
  "dateTime" : "10/24/18 18:56:00",
  "value" : "10"
},{
  "dateTime" : "10/24/18 18:58:00",
  "value" : "10"
},{
  "dateTime" : "10/24/18 19:03:00",
  "value" : "20"
},{
  "dateTime" : "10/24/18 20:06:00",
  "value" : "20"
},{
  "dateTime" : "10/24/18 20:07:00",
  "value" : "10"
},{
  "dateTime" : "10/24/18 20:14:00",
  "value" : "10"
},{
  "dateTime" : "10/24/18 20:28:00",
  "value" : "10"
},{
  "dateTime" : "10/24/18 20:33:00",
  "value" : "10"
},{
  "dateTime" : "10/24/18 22:00:00",
  "value" : "10"
},{
  "dateTime" : "10/25/18 10:08:00",
  "value" : "10"
},{
  "dateTime" : "10/25/18 11:30:00",
  "value" : "10"
},{
  "dateTime" : "10/25/18 11:54:00",
  "value" : "10"
},{
  "dateTime" : "10/25/18 11:59:00",
  "value" : "10"
},{
  "dateTime" : "10/25/18 12:40:00",
  "value" : "10"
},{
  "dateTime" : "10/25/18 12:41:00",
  "value" : "10"
},{
  "dateTime" : "10/25/18 15:31:00",
  "value" : "20"
},{
  "dateTime" : "10/25/18 15:32:00",
  "value" : "10"
},{
  "dateTime" : "10/25/18 15:33:00",
  "value" : "20"
},{
  "dateTime" : "10/25/18 15:41:00",
  "value" : "20"
},{
  "dateTime" : "10/25/18 15:54:00",
  "value" : "10"
},{
  "dateTime" : "10/25/18 15:59:00",
  "value" : "10"
},{
  "dateTime" : "10/25/18 16:00:00",
  "value" : "10"
},{
  "dateTime" : "10/25/18 16:10:00",
  "value" : "10"
},{
  "dateTime" : "10/25/18 18:06:00",
  "value" : "30"
},{
  "dateTime" : "10/25/18 18:13:00",
  "value" : "10"
},{
  "dateTime" : "10/25/18 18:30:00",
  "value" : "10"
},{
  "dateTime" : "10/25/18 18:43:00",
  "value" : "10"
},{
  "dateTime" : "10/25/18 18:44:00",
  "value" : "10"
},{
  "dateTime" : "10/25/18 18:46:00",
  "value" : "10"
},{
  "dateTime" : "10/25/18 18:49:00",
  "value" : "10"
},{
  "dateTime" : "10/25/18 19:04:00",
  "value" : "10"
},{
  "dateTime" : "10/25/18 19:06:00",
  "value" : "10"
},{
  "dateTime" : "10/25/18 19:37:00",
  "value" : "20"
},{
  "dateTime" : "10/25/18 19:38:00",
  "value" : "20"
},{
  "dateTime" : "10/25/18 19:40:00",
  "value" : "10"
},{
  "dateTime" : "10/25/18 19:41:00",
  "value" : "10"
},{
  "dateTime" : "10/25/18 19:42:00",
  "value" : "20"
},{
  "dateTime" : "10/25/18 19:43:00",
  "value" : "10"
},{
  "dateTime" : "10/25/18 19:51:00",
  "value" : "10"
},{
  "dateTime" : "10/25/18 21:09:00",
  "value" : "10"
},{
  "dateTime" : "10/25/18 21:20:00",
  "value" : "10"
},{
  "dateTime" : "10/25/18 21:48:00",
  "value" : "10"
},{
  "dateTime" : "10/25/18 22:19:00",
  "value" : "10"
},{
  "dateTime" : "10/26/18 09:32:00",
  "value" : "10"
},{
  "dateTime" : "10/26/18 09:34:00",
  "value" : "10"
},{
  "dateTime" : "10/26/18 09:36:00",
  "value" : "10"
},{
  "dateTime" : "10/26/18 09:37:00",
  "value" : "10"
},{
  "dateTime" : "10/26/18 09:38:00",
  "value" : "10"
},{
  "dateTime" : "10/26/18 11:16:00",
  "value" : "10"
},{
  "dateTime" : "10/26/18 11:17:00",
  "value" : "10"
},{
  "dateTime" : "10/26/18 11:18:00",
  "value" : "10"
},{
  "dateTime" : "10/26/18 11:23:00",
  "value" : "10"
},{
  "dateTime" : "10/26/18 11:56:00",
  "value" : "10"
},{
  "dateTime" : "10/26/18 11:59:00",
  "value" : "10"
},{
  "dateTime" : "10/26/18 12:06:00",
  "value" : "10"
},{
  "dateTime" : "10/26/18 12:07:00",
  "value" : "20"
},{
  "dateTime" : "10/26/18 12:08:00",
  "value" : "10"
},{
  "dateTime" : "10/26/18 12:09:00",
  "value" : "10"
},{
  "dateTime" : "10/26/18 12:17:00",
  "value" : "20"
},{
  "dateTime" : "10/26/18 12:18:00",
  "value" : "10"
},{
  "dateTime" : "10/26/18 12:19:00",
  "value" : "20"
},{
  "dateTime" : "10/26/18 12:20:00",
  "value" : "10"
},{
  "dateTime" : "10/26/18 12:21:00",
  "value" : "10"
},{
  "dateTime" : "10/26/18 12:35:00",
  "value" : "10"
},{
  "dateTime" : "10/26/18 12:49:00",
  "value" : "10"
},{
  "dateTime" : "10/26/18 12:50:00",
  "value" : "10"
},{
  "dateTime" : "10/26/18 12:51:00",
  "value" : "20"
},{
  "dateTime" : "10/26/18 13:57:00",
  "value" : "10"
},{
  "dateTime" : "10/26/18 15:52:00",
  "value" : "10"
},{
  "dateTime" : "10/26/18 19:33:00",
  "value" : "10"
},{
  "dateTime" : "10/26/18 20:13:00",
  "value" : "10"
},{
  "dateTime" : "10/26/18 20:52:00",
  "value" : "10"
},{
  "dateTime" : "10/26/18 21:50:00",
  "value" : "10"
},{
  "dateTime" : "10/26/18 21:55:00",
  "value" : "10"
},{
  "dateTime" : "10/27/18 10:01:00",
  "value" : "10"
},{
  "dateTime" : "10/27/18 10:18:00",
  "value" : "10"
},{
  "dateTime" : "10/27/18 10:19:00",
  "value" : "10"
},{
  "dateTime" : "10/27/18 10:21:00",
  "value" : "10"
},{
  "dateTime" : "10/27/18 10:22:00",
  "value" : "10"
},{
  "dateTime" : "10/27/18 15:05:00",
  "value" : "20"
},{
  "dateTime" : "10/27/18 15:07:00",
  "value" : "20"
},{
  "dateTime" : "10/27/18 18:11:00",
  "value" : "10"
},{
  "dateTime" : "10/27/18 18:17:00",
  "value" : "20"
},{
  "dateTime" : "10/27/18 18:18:00",
  "value" : "10"
},{
  "dateTime" : "10/27/18 18:19:00",
  "value" : "10"
},{
  "dateTime" : "10/27/18 18:20:00",
  "value" : "10"
},{
  "dateTime" : "10/27/18 18:21:00",
  "value" : "10"
},{
  "dateTime" : "10/27/18 18:24:00",
  "value" : "10"
},{
  "dateTime" : "10/27/18 18:32:00",
  "value" : "10"
},{
  "dateTime" : "10/27/18 18:34:00",
  "value" : "20"
},{
  "dateTime" : "10/27/18 18:35:00",
  "value" : "10"
},{
  "dateTime" : "10/27/18 18:39:00",
  "value" : "20"
},{
  "dateTime" : "10/27/18 18:40:00",
  "value" : "20"
},{
  "dateTime" : "10/27/18 20:24:00",
  "value" : "10"
},{
  "dateTime" : "10/27/18 21:15:00",
  "value" : "10"
},{
  "dateTime" : "10/27/18 21:55:00",
  "value" : "10"
},{
  "dateTime" : "10/27/18 21:56:00",
  "value" : "10"
},{
  "dateTime" : "10/27/18 21:57:00",
  "value" : "20"
},{
  "dateTime" : "10/27/18 21:59:00",
  "value" : "10"
},{
  "dateTime" : "10/28/18 00:19:00",
  "value" : "10"
},{
  "dateTime" : "10/28/18 01:41:00",
  "value" : "10"
},{
  "dateTime" : "10/28/18 07:59:00",
  "value" : "20"
},{
  "dateTime" : "10/28/18 10:17:00",
  "value" : "10"
},{
  "dateTime" : "10/28/18 12:56:00",
  "value" : "10"
},{
  "dateTime" : "10/28/18 12:57:00",
  "value" : "20"
},{
  "dateTime" : "10/28/18 12:58:00",
  "value" : "10"
},{
  "dateTime" : "10/28/18 13:00:00",
  "value" : "10"
},{
  "dateTime" : "10/28/18 13:03:00",
  "value" : "10"
},{
  "dateTime" : "10/28/18 13:04:00",
  "value" : "10"
},{
  "dateTime" : "10/28/18 13:05:00",
  "value" : "10"
},{
  "dateTime" : "10/28/18 13:07:00",
  "value" : "10"
},{
  "dateTime" : "10/28/18 13:09:00",
  "value" : "10"
},{
  "dateTime" : "10/28/18 13:10:00",
  "value" : "10"
},{
  "dateTime" : "10/28/18 13:12:00",
  "value" : "10"
},{
  "dateTime" : "10/28/18 13:14:00",
  "value" : "10"
},{
  "dateTime" : "10/28/18 13:15:00",
  "value" : "10"
},{
  "dateTime" : "10/28/18 13:18:00",
  "value" : "10"
},{
  "dateTime" : "10/28/18 13:20:00",
  "value" : "10"
},{
  "dateTime" : "10/28/18 13:21:00",
  "value" : "10"
},{
  "dateTime" : "10/28/18 13:23:00",
  "value" : "10"
},{
  "dateTime" : "10/28/18 13:26:00",
  "value" : "10"
},{
  "dateTime" : "10/28/18 13:28:00",
  "value" : "10"
},{
  "dateTime" : "10/28/18 13:30:00",
  "value" : "10"
},{
  "dateTime" : "10/28/18 14:39:00",
  "value" : "10"
},{
  "dateTime" : "10/28/18 14:41:00",
  "value" : "10"
},{
  "dateTime" : "10/28/18 14:42:00",
  "value" : "10"
},{
  "dateTime" : "10/28/18 14:43:00",
  "value" : "10"
},{
  "dateTime" : "10/28/18 14:44:00",
  "value" : "20"
},{
  "dateTime" : "10/28/18 14:51:00",
  "value" : "10"
},{
  "dateTime" : "10/28/18 14:52:00",
  "value" : "10"
},{
  "dateTime" : "10/28/18 14:53:00",
  "value" : "20"
},{
  "dateTime" : "10/28/18 14:58:00",
  "value" : "20"
},{
  "dateTime" : "10/28/18 19:07:00",
  "value" : "10"
},{
  "dateTime" : "10/28/18 19:15:00",
  "value" : "10"
},{
  "dateTime" : "10/28/18 20:20:00",
  "value" : "10"
},{
  "dateTime" : "10/28/18 20:21:00",
  "value" : "10"
},{
  "dateTime" : "10/28/18 20:22:00",
  "value" : "20"
},{
  "dateTime" : "10/28/18 20:23:00",
  "value" : "10"
},{
  "dateTime" : "10/28/18 20:24:00",
  "value" : "10"
},{
  "dateTime" : "10/28/18 20:25:00",
  "value" : "20"
},{
  "dateTime" : "10/28/18 20:27:00",
  "value" : "10"
},{
  "dateTime" : "10/28/18 20:28:00",
  "value" : "10"
},{
  "dateTime" : "10/28/18 22:43:00",
  "value" : "10"
},{
  "dateTime" : "10/29/18 09:28:00",
  "value" : "10"
},{
  "dateTime" : "10/29/18 09:29:00",
  "value" : "10"
},{
  "dateTime" : "10/29/18 09:31:00",
  "value" : "10"
},{
  "dateTime" : "10/29/18 09:32:00",
  "value" : "10"
},{
  "dateTime" : "10/29/18 11:04:00",
  "value" : "10"
},{
  "dateTime" : "10/29/18 11:05:00",
  "value" : "20"
},{
  "dateTime" : "10/29/18 11:13:00",
  "value" : "10"
},{
  "dateTime" : "10/29/18 11:14:00",
  "value" : "10"
},{
  "dateTime" : "10/29/18 12:50:00",
  "value" : "10"
},{
  "dateTime" : "10/29/18 12:51:00",
  "value" : "20"
},{
  "dateTime" : "10/29/18 12:57:00",
  "value" : "20"
},{
  "dateTime" : "10/29/18 15:31:00",
  "value" : "10"
},{
  "dateTime" : "10/29/18 15:55:00",
  "value" : "10"
},{
  "dateTime" : "10/29/18 15:58:00",
  "value" : "10"
},{
  "dateTime" : "10/29/18 15:59:00",
  "value" : "20"
},{
  "dateTime" : "10/29/18 16:00:00",
  "value" : "10"
},{
  "dateTime" : "10/29/18 16:05:00",
  "value" : "10"
},{
  "dateTime" : "10/29/18 16:06:00",
  "value" : "10"
},{
  "dateTime" : "10/29/18 16:08:00",
  "value" : "10"
},{
  "dateTime" : "10/29/18 16:10:00",
  "value" : "10"
},{
  "dateTime" : "10/29/18 16:11:00",
  "value" : "10"
},{
  "dateTime" : "10/29/18 16:12:00",
  "value" : "10"
},{
  "dateTime" : "10/29/18 16:14:00",
  "value" : "10"
},{
  "dateTime" : "10/29/18 16:15:00",
  "value" : "10"
},{
  "dateTime" : "10/29/18 16:17:00",
  "value" : "10"
},{
  "dateTime" : "10/29/18 16:19:00",
  "value" : "10"
},{
  "dateTime" : "10/29/18 16:20:00",
  "value" : "10"
},{
  "dateTime" : "10/29/18 16:21:00",
  "value" : "10"
},{
  "dateTime" : "10/29/18 16:22:00",
  "value" : "10"
},{
  "dateTime" : "10/29/18 16:24:00",
  "value" : "10"
},{
  "dateTime" : "10/29/18 16:25:00",
  "value" : "10"
},{
  "dateTime" : "10/29/18 16:26:00",
  "value" : "20"
},{
  "dateTime" : "10/29/18 16:27:00",
  "value" : "20"
},{
  "dateTime" : "10/29/18 16:28:00",
  "value" : "10"
},{
  "dateTime" : "10/29/18 16:29:00",
  "value" : "10"
},{
  "dateTime" : "10/29/18 16:30:00",
  "value" : "10"
},{
  "dateTime" : "10/29/18 16:31:00",
  "value" : "10"
},{
  "dateTime" : "10/29/18 16:33:00",
  "value" : "10"
},{
  "dateTime" : "10/29/18 16:34:00",
  "value" : "10"
},{
  "dateTime" : "10/29/18 16:35:00",
  "value" : "10"
},{
  "dateTime" : "10/29/18 16:36:00",
  "value" : "20"
},{
  "dateTime" : "10/29/18 16:43:00",
  "value" : "10"
},{
  "dateTime" : "10/29/18 17:08:00",
  "value" : "10"
},{
  "dateTime" : "10/29/18 17:11:00",
  "value" : "10"
},{
  "dateTime" : "10/29/18 17:15:00",
  "value" : "10"
},{
  "dateTime" : "10/29/18 17:16:00",
  "value" : "20"
},{
  "dateTime" : "10/29/18 17:17:00",
  "value" : "20"
},{
  "dateTime" : "10/29/18 17:18:00",
  "value" : "10"
},{
  "dateTime" : "10/29/18 17:24:00",
  "value" : "10"
},{
  "dateTime" : "10/29/18 18:35:00",
  "value" : "10"
},{
  "dateTime" : "10/29/18 21:11:00",
  "value" : "10"
},{
  "dateTime" : "10/29/18 23:44:00",
  "value" : "10"
},{
  "dateTime" : "10/30/18 09:54:00",
  "value" : "10"
},{
  "dateTime" : "10/30/18 09:55:00",
  "value" : "10"
},{
  "dateTime" : "10/30/18 09:57:00",
  "value" : "20"
},{
  "dateTime" : "10/30/18 10:03:00",
  "value" : "10"
},{
  "dateTime" : "10/30/18 10:08:00",
  "value" : "10"
},{
  "dateTime" : "10/30/18 10:09:00",
  "value" : "10"
},{
  "dateTime" : "10/30/18 12:08:00",
  "value" : "20"
},{
  "dateTime" : "10/30/18 12:51:00",
  "value" : "10"
},{
  "dateTime" : "10/30/18 12:52:00",
  "value" : "10"
},{
  "dateTime" : "10/30/18 12:53:00",
  "value" : "20"
},{
  "dateTime" : "10/30/18 14:04:00",
  "value" : "10"
},{
  "dateTime" : "10/30/18 14:07:00",
  "value" : "10"
},{
  "dateTime" : "10/30/18 14:08:00",
  "value" : "10"
},{
  "dateTime" : "10/30/18 15:29:00",
  "value" : "20"
},{
  "dateTime" : "10/30/18 15:30:00",
  "value" : "10"
},{
  "dateTime" : "10/30/18 17:05:00",
  "value" : "10"
},{
  "dateTime" : "10/30/18 17:06:00",
  "value" : "20"
},{
  "dateTime" : "10/30/18 17:25:00",
  "value" : "10"
},{
  "dateTime" : "10/30/18 17:26:00",
  "value" : "10"
},{
  "dateTime" : "10/30/18 17:27:00",
  "value" : "10"
},{
  "dateTime" : "10/30/18 18:21:00",
  "value" : "10"
},{
  "dateTime" : "10/30/18 18:28:00",
  "value" : "10"
},{
  "dateTime" : "10/30/18 18:31:00",
  "value" : "10"
},{
  "dateTime" : "10/30/18 18:39:00",
  "value" : "10"
},{
  "dateTime" : "10/30/18 20:01:00",
  "value" : "10"
},{
  "dateTime" : "10/30/18 20:04:00",
  "value" : "10"
},{
  "dateTime" : "10/30/18 20:05:00",
  "value" : "10"
},{
  "dateTime" : "10/30/18 20:07:00",
  "value" : "10"
},{
  "dateTime" : "10/30/18 20:10:00",
  "value" : "10"
},{
  "dateTime" : "10/30/18 20:11:00",
  "value" : "10"
},{
  "dateTime" : "10/30/18 20:12:00",
  "value" : "20"
},{
  "dateTime" : "10/30/18 20:13:00",
  "value" : "10"
},{
  "dateTime" : "10/30/18 20:26:00",
  "value" : "20"
},{
  "dateTime" : "10/30/18 20:56:00",
  "value" : "10"
},{
  "dateTime" : "10/31/18 12:26:00",
  "value" : "10"
},{
  "dateTime" : "10/31/18 12:58:00",
  "value" : "10"
},{
  "dateTime" : "10/31/18 13:00:00",
  "value" : "10"
},{
  "dateTime" : "10/31/18 13:01:00",
  "value" : "10"
},{
  "dateTime" : "10/31/18 13:10:00",
  "value" : "10"
},{
  "dateTime" : "10/31/18 13:11:00",
  "value" : "10"
},{
  "dateTime" : "10/31/18 13:12:00",
  "value" : "10"
},{
  "dateTime" : "10/31/18 13:41:00",
  "value" : "10"
},{
  "dateTime" : "10/31/18 14:10:00",
  "value" : "10"
},{
  "dateTime" : "10/31/18 14:13:00",
  "value" : "10"
},{
  "dateTime" : "10/31/18 14:14:00",
  "value" : "10"
},{
  "dateTime" : "10/31/18 14:16:00",
  "value" : "30"
},{
  "dateTime" : "10/31/18 14:17:00",
  "value" : "10"
},{
  "dateTime" : "10/31/18 17:33:00",
  "value" : "10"
},{
  "dateTime" : "10/31/18 17:34:00",
  "value" : "10"
},{
  "dateTime" : "10/31/18 17:42:00",
  "value" : "10"
},{
  "dateTime" : "10/31/18 17:48:00",
  "value" : "10"
},{
  "dateTime" : "10/31/18 18:25:00",
  "value" : "20"
},{
  "dateTime" : "10/31/18 18:39:00",
  "value" : "10"
},{
  "dateTime" : "10/31/18 19:29:00",
  "value" : "10"
},{
  "dateTime" : "10/31/18 19:39:00",
  "value" : "10"
},{
  "dateTime" : "10/31/18 20:22:00",
  "value" : "10"
},{
  "dateTime" : "10/31/18 21:12:00",
  "value" : "10"
},{
  "dateTime" : "11/01/18 09:49:00",
  "value" : "10"
},{
  "dateTime" : "11/01/18 12:09:00",
  "value" : "10"
},{
  "dateTime" : "11/01/18 12:39:00",
  "value" : "10"
},{
  "dateTime" : "11/01/18 12:52:00",
  "value" : "10"
},{
  "dateTime" : "11/01/18 12:53:00",
  "value" : "10"
},{
  "dateTime" : "11/01/18 12:54:00",
  "value" : "10"
},{
  "dateTime" : "11/01/18 12:55:00",
  "value" : "10"
},{
  "dateTime" : "11/01/18 13:36:00",
  "value" : "20"
},{
  "dateTime" : "11/01/18 13:56:00",
  "value" : "10"
},{
  "dateTime" : "11/01/18 13:57:00",
  "value" : "10"
},{
  "dateTime" : "11/01/18 13:58:00",
  "value" : "10"
},{
  "dateTime" : "11/01/18 13:59:00",
  "value" : "10"
},{
  "dateTime" : "11/01/18 15:35:00",
  "value" : "10"
},{
  "dateTime" : "11/01/18 15:47:00",
  "value" : "10"
},{
  "dateTime" : "11/01/18 15:48:00",
  "value" : "20"
},{
  "dateTime" : "11/01/18 15:49:00",
  "value" : "20"
},{
  "dateTime" : "11/01/18 15:50:00",
  "value" : "10"
},{
  "dateTime" : "11/01/18 15:56:00",
  "value" : "10"
},{
  "dateTime" : "11/01/18 16:02:00",
  "value" : "10"
},{
  "dateTime" : "11/01/18 18:03:00",
  "value" : "10"
},{
  "dateTime" : "11/01/18 18:04:00",
  "value" : "20"
},{
  "dateTime" : "11/01/18 18:10:00",
  "value" : "10"
},{
  "dateTime" : "11/01/18 18:32:00",
  "value" : "20"
},{
  "dateTime" : "11/01/18 18:45:00",
  "value" : "10"
},{
  "dateTime" : "11/01/18 18:57:00",
  "value" : "10"
},{
  "dateTime" : "11/01/18 18:58:00",
  "value" : "10"
},{
  "dateTime" : "11/01/18 18:59:00",
  "value" : "20"
},{
  "dateTime" : "11/01/18 19:00:00",
  "value" : "10"
},{
  "dateTime" : "11/01/18 19:12:00",
  "value" : "10"
},{
  "dateTime" : "11/01/18 19:13:00",
  "value" : "10"
},{
  "dateTime" : "11/01/18 19:14:00",
  "value" : "10"
},{
  "dateTime" : "11/01/18 19:17:00",
  "value" : "10"
},{
  "dateTime" : "11/01/18 19:49:00",
  "value" : "10"
},{
  "dateTime" : "11/01/18 19:51:00",
  "value" : "10"
},{
  "dateTime" : "11/01/18 19:55:00",
  "value" : "10"
},{
  "dateTime" : "11/01/18 19:57:00",
  "value" : "10"
},{
  "dateTime" : "11/01/18 22:19:00",
  "value" : "10"
},{
  "dateTime" : "11/01/18 22:20:00",
  "value" : "10"
},{
  "dateTime" : "11/01/18 22:21:00",
  "value" : "20"
},{
  "dateTime" : "11/01/18 22:23:00",
  "value" : "10"
},{
  "dateTime" : "11/01/18 22:24:00",
  "value" : "10"
},{
  "dateTime" : "11/01/18 22:25:00",
  "value" : "20"
},{
  "dateTime" : "11/01/18 22:30:00",
  "value" : "10"
},{
  "dateTime" : "11/02/18 00:01:00",
  "value" : "10"
},{
  "dateTime" : "11/02/18 13:34:00",
  "value" : "10"
},{
  "dateTime" : "11/02/18 13:35:00",
  "value" : "10"
},{
  "dateTime" : "11/02/18 16:08:00",
  "value" : "10"
},{
  "dateTime" : "11/02/18 16:31:00",
  "value" : "10"
},{
  "dateTime" : "11/02/18 17:02:00",
  "value" : "10"
},{
  "dateTime" : "11/02/18 17:03:00",
  "value" : "10"
},{
  "dateTime" : "11/02/18 17:13:00",
  "value" : "20"
},{
  "dateTime" : "11/02/18 17:14:00",
  "value" : "20"
},{
  "dateTime" : "11/02/18 17:23:00",
  "value" : "10"
},{
  "dateTime" : "11/02/18 17:24:00",
  "value" : "10"
},{
  "dateTime" : "11/02/18 17:25:00",
  "value" : "10"
},{
  "dateTime" : "11/02/18 17:54:00",
  "value" : "10"
},{
  "dateTime" : "11/02/18 17:55:00",
  "value" : "10"
},{
  "dateTime" : "11/02/18 17:56:00",
  "value" : "20"
},{
  "dateTime" : "11/02/18 17:58:00",
  "value" : "10"
},{
  "dateTime" : "11/02/18 17:59:00",
  "value" : "10"
},{
  "dateTime" : "11/02/18 18:00:00",
  "value" : "10"
},{
  "dateTime" : "11/02/18 18:39:00",
  "value" : "10"
},{
  "dateTime" : "11/02/18 21:41:00",
  "value" : "10"
},{
  "dateTime" : "11/02/18 22:11:00",
  "value" : "10"
},{
  "dateTime" : "11/02/18 22:45:00",
  "value" : "10"
},{
  "dateTime" : "11/02/18 22:46:00",
  "value" : "20"
},{
  "dateTime" : "11/02/18 22:48:00",
  "value" : "10"
},{
  "dateTime" : "11/02/18 23:10:00",
  "value" : "10"
},{
  "dateTime" : "11/02/18 23:45:00",
  "value" : "10"
},{
  "dateTime" : "11/03/18 00:47:00",
  "value" : "20"
},{
  "dateTime" : "11/03/18 00:48:00",
  "value" : "30"
},{
  "dateTime" : "11/03/18 01:21:00",
  "value" : "10"
},{
  "dateTime" : "11/03/18 01:29:00",
  "value" : "20"
},{
  "dateTime" : "11/03/18 01:30:00",
  "value" : "10"
},{
  "dateTime" : "11/03/18 01:31:00",
  "value" : "20"
},{
  "dateTime" : "11/03/18 01:32:00",
  "value" : "10"
},{
  "dateTime" : "11/03/18 10:28:00",
  "value" : "10"
},{
  "dateTime" : "11/03/18 13:15:00",
  "value" : "10"
},{
  "dateTime" : "11/03/18 16:20:00",
  "value" : "10"
},{
  "dateTime" : "11/03/18 17:06:00",
  "value" : "10"
},{
  "dateTime" : "11/03/18 17:08:00",
  "value" : "10"
},{
  "dateTime" : "11/03/18 17:09:00",
  "value" : "10"
},{
  "dateTime" : "11/03/18 17:10:00",
  "value" : "10"
},{
  "dateTime" : "11/03/18 17:11:00",
  "value" : "10"
},{
  "dateTime" : "11/03/18 17:12:00",
  "value" : "20"
},{
  "dateTime" : "11/03/18 18:23:00",
  "value" : "10"
},{
  "dateTime" : "11/03/18 18:49:00",
  "value" : "10"
},{
  "dateTime" : "11/03/18 19:51:00",
  "value" : "10"
},{
  "dateTime" : "11/03/18 19:53:00",
  "value" : "10"
},{
  "dateTime" : "11/03/18 20:03:00",
  "value" : "10"
},{
  "dateTime" : "11/03/18 22:05:00",
  "value" : "10"
},{
  "dateTime" : "11/03/18 22:06:00",
  "value" : "10"
},{
  "dateTime" : "11/03/18 22:07:00",
  "value" : "10"
},{
  "dateTime" : "11/03/18 22:10:00",
  "value" : "10"
},{
  "dateTime" : "11/03/18 22:11:00",
  "value" : "20"
},{
  "dateTime" : "11/03/18 22:12:00",
  "value" : "10"
},{
  "dateTime" : "11/03/18 22:13:00",
  "value" : "30"
},{
  "dateTime" : "11/03/18 22:14:00",
  "value" : "10"
},{
  "dateTime" : "11/03/18 22:52:00",
  "value" : "10"
},{
  "dateTime" : "11/04/18 12:02:00",
  "value" : "10"
},{
  "dateTime" : "11/04/18 12:30:00",
  "value" : "20"
},{
  "dateTime" : "11/04/18 12:31:00",
  "value" : "20"
},{
  "dateTime" : "11/04/18 12:33:00",
  "value" : "10"
},{
  "dateTime" : "11/04/18 12:37:00",
  "value" : "20"
},{
  "dateTime" : "11/04/18 12:38:00",
  "value" : "10"
},{
  "dateTime" : "11/04/18 12:40:00",
  "value" : "10"
},{
  "dateTime" : "11/04/18 12:41:00",
  "value" : "10"
},{
  "dateTime" : "11/04/18 14:32:00",
  "value" : "10"
},{
  "dateTime" : "11/04/18 14:34:00",
  "value" : "10"
},{
  "dateTime" : "11/04/18 14:38:00",
  "value" : "10"
},{
  "dateTime" : "11/04/18 14:39:00",
  "value" : "10"
},{
  "dateTime" : "11/04/18 14:42:00",
  "value" : "10"
},{
  "dateTime" : "11/04/18 14:44:00",
  "value" : "10"
},{
  "dateTime" : "11/04/18 14:45:00",
  "value" : "20"
},{
  "dateTime" : "11/04/18 14:46:00",
  "value" : "10"
},{
  "dateTime" : "11/04/18 14:47:00",
  "value" : "10"
},{
  "dateTime" : "11/04/18 14:48:00",
  "value" : "10"
},{
  "dateTime" : "11/04/18 14:49:00",
  "value" : "10"
},{
  "dateTime" : "11/04/18 14:50:00",
  "value" : "10"
},{
  "dateTime" : "11/04/18 14:52:00",
  "value" : "10"
},{
  "dateTime" : "11/04/18 17:49:00",
  "value" : "10"
},{
  "dateTime" : "11/04/18 18:02:00",
  "value" : "10"
},{
  "dateTime" : "11/04/18 19:21:00",
  "value" : "10"
},{
  "dateTime" : "11/04/18 20:20:00",
  "value" : "10"
},{
  "dateTime" : "11/04/18 20:22:00",
  "value" : "10"
},{
  "dateTime" : "11/04/18 20:23:00",
  "value" : "10"
},{
  "dateTime" : "11/04/18 20:24:00",
  "value" : "10"
},{
  "dateTime" : "11/04/18 21:26:00",
  "value" : "10"
},{
  "dateTime" : "11/04/18 21:28:00",
  "value" : "10"
},{
  "dateTime" : "11/05/18 09:11:00",
  "value" : "10"
},{
  "dateTime" : "11/05/18 09:22:00",
  "value" : "10"
},{
  "dateTime" : "11/05/18 09:24:00",
  "value" : "10"
},{
  "dateTime" : "11/05/18 09:26:00",
  "value" : "10"
},{
  "dateTime" : "11/05/18 09:27:00",
  "value" : "10"
},{
  "dateTime" : "11/05/18 09:29:00",
  "value" : "10"
},{
  "dateTime" : "11/05/18 09:30:00",
  "value" : "10"
},{
  "dateTime" : "11/05/18 10:59:00",
  "value" : "30"
},{
  "dateTime" : "11/05/18 11:07:00",
  "value" : "10"
},{
  "dateTime" : "11/05/18 13:42:00",
  "value" : "10"
},{
  "dateTime" : "11/05/18 13:44:00",
  "value" : "10"
},{
  "dateTime" : "11/05/18 13:45:00",
  "value" : "10"
},{
  "dateTime" : "11/05/18 13:49:00",
  "value" : "10"
},{
  "dateTime" : "11/05/18 13:57:00",
  "value" : "20"
},{
  "dateTime" : "11/05/18 13:59:00",
  "value" : "10"
},{
  "dateTime" : "11/05/18 14:00:00",
  "value" : "20"
},{
  "dateTime" : "11/05/18 14:02:00",
  "value" : "10"
},{
  "dateTime" : "11/05/18 18:09:00",
  "value" : "10"
},{
  "dateTime" : "11/05/18 18:10:00",
  "value" : "10"
},{
  "dateTime" : "11/05/18 18:11:00",
  "value" : "10"
},{
  "dateTime" : "11/05/18 18:12:00",
  "value" : "10"
},{
  "dateTime" : "11/05/18 18:18:00",
  "value" : "10"
},{
  "dateTime" : "11/05/18 18:24:00",
  "value" : "10"
},{
  "dateTime" : "11/05/18 18:25:00",
  "value" : "20"
},{
  "dateTime" : "11/05/18 20:23:00",
  "value" : "10"
},{
  "dateTime" : "11/05/18 20:28:00",
  "value" : "10"
},{
  "dateTime" : "11/05/18 21:30:00",
  "value" : "10"
},{
  "dateTime" : "11/05/18 21:58:00",
  "value" : "10"
},{
  "dateTime" : "11/05/18 23:57:00",
  "value" : "10"
},{
  "dateTime" : "11/06/18 09:25:00",
  "value" : "10"
},{
  "dateTime" : "11/06/18 09:51:00",
  "value" : "10"
},{
  "dateTime" : "11/06/18 09:52:00",
  "value" : "10"
},{
  "dateTime" : "11/06/18 09:54:00",
  "value" : "20"
},{
  "dateTime" : "11/06/18 10:00:00",
  "value" : "10"
},{
  "dateTime" : "11/06/18 10:01:00",
  "value" : "10"
},{
  "dateTime" : "11/06/18 12:00:00",
  "value" : "20"
},{
  "dateTime" : "11/06/18 12:05:00",
  "value" : "20"
},{
  "dateTime" : "11/06/18 12:06:00",
  "value" : "20"
},{
  "dateTime" : "11/06/18 14:05:00",
  "value" : "10"
},{
  "dateTime" : "11/06/18 14:09:00",
  "value" : "10"
},{
  "dateTime" : "11/06/18 16:03:00",
  "value" : "20"
},{
  "dateTime" : "11/06/18 16:04:00",
  "value" : "20"
},{
  "dateTime" : "11/06/18 16:07:00",
  "value" : "20"
},{
  "dateTime" : "11/06/18 18:04:00",
  "value" : "10"
},{
  "dateTime" : "11/06/18 18:07:00",
  "value" : "10"
},{
  "dateTime" : "11/06/18 18:08:00",
  "value" : "10"
},{
  "dateTime" : "11/06/18 18:09:00",
  "value" : "10"
},{
  "dateTime" : "11/06/18 18:16:00",
  "value" : "10"
},{
  "dateTime" : "11/06/18 18:43:00",
  "value" : "10"
},{
  "dateTime" : "11/06/18 18:44:00",
  "value" : "10"
},{
  "dateTime" : "11/06/18 19:58:00",
  "value" : "10"
},{
  "dateTime" : "11/06/18 23:05:00",
  "value" : "30"
},{
  "dateTime" : "11/06/18 23:16:00",
  "value" : "10"
},{
  "dateTime" : "11/06/18 23:17:00",
  "value" : "10"
},{
  "dateTime" : "11/06/18 23:18:00",
  "value" : "10"
},{
  "dateTime" : "11/06/18 23:20:00",
  "value" : "10"
},{
  "dateTime" : "11/06/18 23:21:00",
  "value" : "20"
},{
  "dateTime" : "11/06/18 23:22:00",
  "value" : "20"
},{
  "dateTime" : "11/06/18 23:34:00",
  "value" : "10"
},{
  "dateTime" : "11/07/18 09:27:00",
  "value" : "10"
},{
  "dateTime" : "11/07/18 09:29:00",
  "value" : "10"
},{
  "dateTime" : "11/07/18 09:30:00",
  "value" : "10"
},{
  "dateTime" : "11/07/18 09:32:00",
  "value" : "10"
},{
  "dateTime" : "11/07/18 11:03:00",
  "value" : "10"
},{
  "dateTime" : "11/07/18 11:29:00",
  "value" : "10"
},{
  "dateTime" : "11/07/18 11:30:00",
  "value" : "20"
},{
  "dateTime" : "11/07/18 11:32:00",
  "value" : "10"
},{
  "dateTime" : "11/07/18 11:33:00",
  "value" : "20"
},{
  "dateTime" : "11/07/18 11:34:00",
  "value" : "10"
},{
  "dateTime" : "11/07/18 11:36:00",
  "value" : "10"
},{
  "dateTime" : "11/07/18 13:14:00",
  "value" : "10"
},{
  "dateTime" : "11/07/18 13:16:00",
  "value" : "20"
},{
  "dateTime" : "11/07/18 13:18:00",
  "value" : "10"
},{
  "dateTime" : "11/07/18 13:19:00",
  "value" : "10"
},{
  "dateTime" : "11/07/18 13:24:00",
  "value" : "10"
},{
  "dateTime" : "11/07/18 13:25:00",
  "value" : "10"
},{
  "dateTime" : "11/07/18 17:03:00",
  "value" : "20"
},{
  "dateTime" : "11/07/18 17:10:00",
  "value" : "10"
},{
  "dateTime" : "11/07/18 17:16:00",
  "value" : "10"
},{
  "dateTime" : "11/07/18 17:52:00",
  "value" : "10"
},{
  "dateTime" : "11/07/18 18:49:00",
  "value" : "10"
},{
  "dateTime" : "11/07/18 18:50:00",
  "value" : "10"
},{
  "dateTime" : "11/07/18 18:52:00",
  "value" : "10"
},{
  "dateTime" : "11/07/18 18:58:00",
  "value" : "10"
},{
  "dateTime" : "11/07/18 22:21:00",
  "value" : "20"
},{
  "dateTime" : "11/07/18 22:22:00",
  "value" : "10"
},{
  "dateTime" : "11/07/18 23:45:00",
  "value" : "30"
},{
  "dateTime" : "11/07/18 23:58:00",
  "value" : "10"
},{
  "dateTime" : "11/07/18 23:59:00",
  "value" : "20"
},{
  "dateTime" : "11/08/18 00:04:00",
  "value" : "20"
},{
  "dateTime" : "11/08/18 00:05:00",
  "value" : "20"
},{
  "dateTime" : "11/08/18 00:06:00",
  "value" : "20"
},{
  "dateTime" : "11/08/18 09:14:00",
  "value" : "30"
},{
  "dateTime" : "11/08/18 09:19:00",
  "value" : "10"
},{
  "dateTime" : "11/08/18 09:20:00",
  "value" : "40"
},{
  "dateTime" : "11/08/18 09:21:00",
  "value" : "40"
},{
  "dateTime" : "11/08/18 09:22:00",
  "value" : "40"
},{
  "dateTime" : "11/08/18 09:37:00",
  "value" : "10"
},{
  "dateTime" : "11/08/18 09:41:00",
  "value" : "10"
},{
  "dateTime" : "11/08/18 09:45:00",
  "value" : "10"
},{
  "dateTime" : "11/08/18 09:46:00",
  "value" : "10"
},{
  "dateTime" : "11/08/18 10:11:00",
  "value" : "10"
},{
  "dateTime" : "11/08/18 10:13:00",
  "value" : "20"
},{
  "dateTime" : "11/08/18 10:15:00",
  "value" : "10"
},{
  "dateTime" : "11/08/18 10:16:00",
  "value" : "10"
},{
  "dateTime" : "11/08/18 10:21:00",
  "value" : "10"
},{
  "dateTime" : "11/08/18 10:22:00",
  "value" : "10"
},{
  "dateTime" : "11/08/18 15:41:00",
  "value" : "20"
},{
  "dateTime" : "11/08/18 16:09:00",
  "value" : "10"
},{
  "dateTime" : "11/08/18 18:00:00",
  "value" : "10"
},{
  "dateTime" : "11/08/18 18:01:00",
  "value" : "20"
},{
  "dateTime" : "11/08/18 18:07:00",
  "value" : "10"
},{
  "dateTime" : "11/08/18 18:26:00",
  "value" : "10"
},{
  "dateTime" : "11/08/18 20:26:00",
  "value" : "10"
},{
  "dateTime" : "11/08/18 20:49:00",
  "value" : "10"
},{
  "dateTime" : "11/08/18 22:09:00",
  "value" : "10"
},{
  "dateTime" : "11/08/18 22:15:00",
  "value" : "10"
},{
  "dateTime" : "11/08/18 22:17:00",
  "value" : "20"
},{
  "dateTime" : "11/08/18 22:19:00",
  "value" : "10"
},{
  "dateTime" : "11/09/18 00:46:00",
  "value" : "10"
},{
  "dateTime" : "11/09/18 00:47:00",
  "value" : "20"
},{
  "dateTime" : "11/09/18 00:49:00",
  "value" : "10"
},{
  "dateTime" : "11/09/18 00:58:00",
  "value" : "10"
},{
  "dateTime" : "11/09/18 00:59:00",
  "value" : "10"
},{
  "dateTime" : "11/09/18 01:00:00",
  "value" : "10"
},{
  "dateTime" : "11/09/18 01:01:00",
  "value" : "10"
},{
  "dateTime" : "11/09/18 01:04:00",
  "value" : "20"
},{
  "dateTime" : "11/09/18 01:05:00",
  "value" : "20"
},{
  "dateTime" : "11/09/18 01:06:00",
  "value" : "10"
},{
  "dateTime" : "11/09/18 01:10:00",
  "value" : "10"
},{
  "dateTime" : "11/09/18 01:12:00",
  "value" : "10"
},{
  "dateTime" : "11/09/18 09:34:00",
  "value" : "10"
},{
  "dateTime" : "11/09/18 09:36:00",
  "value" : "10"
},{
  "dateTime" : "11/09/18 09:38:00",
  "value" : "10"
},{
  "dateTime" : "11/09/18 09:39:00",
  "value" : "10"
},{
  "dateTime" : "11/09/18 09:41:00",
  "value" : "10"
},{
  "dateTime" : "11/09/18 11:20:00",
  "value" : "20"
},{
  "dateTime" : "11/09/18 11:21:00",
  "value" : "10"
},{
  "dateTime" : "11/09/18 11:28:00",
  "value" : "10"
},{
  "dateTime" : "11/09/18 14:58:00",
  "value" : "10"
},{
  "dateTime" : "11/09/18 15:45:00",
  "value" : "10"
},{
  "dateTime" : "11/09/18 15:54:00",
  "value" : "10"
},{
  "dateTime" : "11/09/18 17:02:00",
  "value" : "10"
},{
  "dateTime" : "11/09/18 18:22:00",
  "value" : "10"
},{
  "dateTime" : "11/09/18 18:42:00",
  "value" : "10"
},{
  "dateTime" : "11/09/18 19:00:00",
  "value" : "10"
},{
  "dateTime" : "11/09/18 19:50:00",
  "value" : "10"
},{
  "dateTime" : "11/09/18 19:56:00",
  "value" : "10"
},{
  "dateTime" : "11/09/18 21:55:00",
  "value" : "10"
},{
  "dateTime" : "11/10/18 07:51:00",
  "value" : "10"
},{
  "dateTime" : "11/10/18 07:52:00",
  "value" : "10"
},{
  "dateTime" : "11/10/18 07:54:00",
  "value" : "10"
},{
  "dateTime" : "11/10/18 08:24:00",
  "value" : "10"
},{
  "dateTime" : "11/10/18 08:36:00",
  "value" : "10"
},{
  "dateTime" : "11/10/18 08:57:00",
  "value" : "20"
},{
  "dateTime" : "11/10/18 08:59:00",
  "value" : "10"
},{
  "dateTime" : "11/10/18 09:04:00",
  "value" : "10"
},{
  "dateTime" : "11/10/18 09:05:00",
  "value" : "20"
},{
  "dateTime" : "11/10/18 12:17:00",
  "value" : "10"
},{
  "dateTime" : "11/10/18 12:58:00",
  "value" : "10"
},{
  "dateTime" : "11/10/18 13:02:00",
  "value" : "10"
},{
  "dateTime" : "11/10/18 17:23:00",
  "value" : "10"
},{
  "dateTime" : "11/10/18 22:16:00",
  "value" : "10"
},{
  "dateTime" : "11/10/18 22:27:00",
  "value" : "10"
},{
  "dateTime" : "11/10/18 23:32:00",
  "value" : "10"
},{
  "dateTime" : "11/11/18 08:56:00",
  "value" : "10"
},{
  "dateTime" : "11/11/18 10:02:00",
  "value" : "10"
},{
  "dateTime" : "11/11/18 10:31:00",
  "value" : "10"
},{
  "dateTime" : "11/11/18 10:49:00",
  "value" : "10"
},{
  "dateTime" : "11/11/18 10:51:00",
  "value" : "10"
},{
  "dateTime" : "11/11/18 11:42:00",
  "value" : "10"
},{
  "dateTime" : "11/11/18 11:44:00",
  "value" : "10"
},{
  "dateTime" : "11/11/18 12:24:00",
  "value" : "20"
},{
  "dateTime" : "11/11/18 12:28:00",
  "value" : "10"
},{
  "dateTime" : "11/11/18 12:36:00",
  "value" : "10"
},{
  "dateTime" : "11/11/18 12:48:00",
  "value" : "10"
},{
  "dateTime" : "11/11/18 12:49:00",
  "value" : "10"
},{
  "dateTime" : "11/11/18 12:50:00",
  "value" : "10"
},{
  "dateTime" : "11/11/18 12:53:00",
  "value" : "10"
},{
  "dateTime" : "11/11/18 13:09:00",
  "value" : "10"
},{
  "dateTime" : "11/11/18 13:10:00",
  "value" : "10"
},{
  "dateTime" : "11/11/18 21:06:00",
  "value" : "10"
},{
  "dateTime" : "11/12/18 08:24:00",
  "value" : "10"
},{
  "dateTime" : "11/12/18 08:45:00",
  "value" : "10"
},{
  "dateTime" : "11/12/18 10:41:00",
  "value" : "10"
},{
  "dateTime" : "11/12/18 11:09:00",
  "value" : "10"
},{
  "dateTime" : "11/12/18 11:15:00",
  "value" : "10"
},{
  "dateTime" : "11/12/18 12:36:00",
  "value" : "10"
},{
  "dateTime" : "11/12/18 12:46:00",
  "value" : "10"
},{
  "dateTime" : "11/12/18 13:51:00",
  "value" : "10"
},{
  "dateTime" : "11/12/18 14:22:00",
  "value" : "10"
},{
  "dateTime" : "11/12/18 14:24:00",
  "value" : "10"
},{
  "dateTime" : "11/12/18 16:02:00",
  "value" : "10"
},{
  "dateTime" : "11/12/18 16:47:00",
  "value" : "10"
},{
  "dateTime" : "11/12/18 18:19:00",
  "value" : "10"
},{
  "dateTime" : "11/12/18 18:56:00",
  "value" : "10"
},{
  "dateTime" : "11/12/18 19:14:00",
  "value" : "10"
},{
  "dateTime" : "11/12/18 19:34:00",
  "value" : "10"
},{
  "dateTime" : "11/12/18 19:39:00",
  "value" : "20"
},{
  "dateTime" : "11/12/18 21:48:00",
  "value" : "20"
},{
  "dateTime" : "11/12/18 22:09:00",
  "value" : "10"
},{
  "dateTime" : "11/12/18 23:43:00",
  "value" : "10"
},{
  "dateTime" : "11/13/18 09:02:00",
  "value" : "10"
},{
  "dateTime" : "11/13/18 09:54:00",
  "value" : "10"
},{
  "dateTime" : "11/13/18 09:55:00",
  "value" : "10"
},{
  "dateTime" : "11/13/18 09:56:00",
  "value" : "10"
},{
  "dateTime" : "11/13/18 09:58:00",
  "value" : "10"
},{
  "dateTime" : "11/13/18 09:59:00",
  "value" : "10"
},{
  "dateTime" : "11/13/18 10:03:00",
  "value" : "10"
},{
  "dateTime" : "11/13/18 10:04:00",
  "value" : "10"
},{
  "dateTime" : "11/13/18 10:10:00",
  "value" : "10"
},{
  "dateTime" : "11/13/18 10:12:00",
  "value" : "10"
},{
  "dateTime" : "11/13/18 11:55:00",
  "value" : "20"
},{
  "dateTime" : "11/13/18 11:56:00",
  "value" : "20"
},{
  "dateTime" : "11/13/18 11:57:00",
  "value" : "10"
},{
  "dateTime" : "11/13/18 12:02:00",
  "value" : "10"
},{
  "dateTime" : "11/13/18 12:05:00",
  "value" : "10"
},{
  "dateTime" : "11/13/18 12:06:00",
  "value" : "10"
},{
  "dateTime" : "11/13/18 14:06:00",
  "value" : "10"
},{
  "dateTime" : "11/13/18 15:31:00",
  "value" : "20"
},{
  "dateTime" : "11/13/18 15:38:00",
  "value" : "20"
},{
  "dateTime" : "11/13/18 15:39:00",
  "value" : "10"
},{
  "dateTime" : "11/13/18 15:49:00",
  "value" : "10"
},{
  "dateTime" : "11/13/18 17:07:00",
  "value" : "10"
},{
  "dateTime" : "11/13/18 17:41:00",
  "value" : "10"
},{
  "dateTime" : "11/13/18 17:42:00",
  "value" : "10"
},{
  "dateTime" : "11/13/18 17:45:00",
  "value" : "10"
},{
  "dateTime" : "11/13/18 17:46:00",
  "value" : "10"
},{
  "dateTime" : "11/13/18 17:47:00",
  "value" : "10"
},{
  "dateTime" : "11/13/18 17:48:00",
  "value" : "10"
},{
  "dateTime" : "11/13/18 17:49:00",
  "value" : "10"
},{
  "dateTime" : "11/13/18 17:52:00",
  "value" : "10"
},{
  "dateTime" : "11/13/18 17:54:00",
  "value" : "10"
},{
  "dateTime" : "11/13/18 17:56:00",
  "value" : "20"
},{
  "dateTime" : "11/13/18 18:08:00",
  "value" : "10"
},{
  "dateTime" : "11/13/18 19:09:00",
  "value" : "10"
},{
  "dateTime" : "11/13/18 19:12:00",
  "value" : "30"
},{
  "dateTime" : "11/13/18 19:13:00",
  "value" : "10"
},{
  "dateTime" : "11/13/18 19:14:00",
  "value" : "10"
},{
  "dateTime" : "11/13/18 19:58:00",
  "value" : "10"
},{
  "dateTime" : "11/13/18 20:00:00",
  "value" : "10"
},{
  "dateTime" : "11/13/18 20:06:00",
  "value" : "10"
},{
  "dateTime" : "11/13/18 21:04:00",
  "value" : "10"
},{
  "dateTime" : "11/13/18 21:06:00",
  "value" : "20"
},{
  "dateTime" : "11/13/18 21:09:00",
  "value" : "10"
},{
  "dateTime" : "11/13/18 21:10:00",
  "value" : "20"
},{
  "dateTime" : "11/13/18 21:11:00",
  "value" : "20"
},{
  "dateTime" : "11/13/18 21:17:00",
  "value" : "10"
},{
  "dateTime" : "11/13/18 21:50:00",
  "value" : "10"
},{
  "dateTime" : "11/13/18 21:51:00",
  "value" : "10"
},{
  "dateTime" : "11/13/18 22:30:00",
  "value" : "10"
},{
  "dateTime" : "11/14/18 09:30:00",
  "value" : "10"
},{
  "dateTime" : "11/14/18 09:31:00",
  "value" : "10"
},{
  "dateTime" : "11/14/18 09:32:00",
  "value" : "10"
},{
  "dateTime" : "11/14/18 09:33:00",
  "value" : "10"
},{
  "dateTime" : "11/14/18 11:03:00",
  "value" : "10"
},{
  "dateTime" : "11/14/18 11:04:00",
  "value" : "20"
},{
  "dateTime" : "11/14/18 11:12:00",
  "value" : "20"
},{
  "dateTime" : "11/14/18 15:05:00",
  "value" : "10"
},{
  "dateTime" : "11/14/18 15:12:00",
  "value" : "10"
},{
  "dateTime" : "11/14/18 15:14:00",
  "value" : "10"
},{
  "dateTime" : "11/14/18 15:15:00",
  "value" : "10"
},{
  "dateTime" : "11/14/18 17:22:00",
  "value" : "10"
},{
  "dateTime" : "11/14/18 17:23:00",
  "value" : "10"
},{
  "dateTime" : "11/14/18 17:25:00",
  "value" : "10"
},{
  "dateTime" : "11/14/18 17:26:00",
  "value" : "10"
},{
  "dateTime" : "11/14/18 17:27:00",
  "value" : "10"
},{
  "dateTime" : "11/14/18 17:28:00",
  "value" : "10"
},{
  "dateTime" : "11/14/18 17:36:00",
  "value" : "10"
},{
  "dateTime" : "11/14/18 17:37:00",
  "value" : "20"
},{
  "dateTime" : "11/14/18 17:38:00",
  "value" : "10"
},{
  "dateTime" : "11/14/18 17:39:00",
  "value" : "20"
},{
  "dateTime" : "11/14/18 18:43:00",
  "value" : "10"
},{
  "dateTime" : "11/14/18 18:49:00",
  "value" : "10"
},{
  "dateTime" : "11/14/18 18:51:00",
  "value" : "10"
},{
  "dateTime" : "11/14/18 18:52:00",
  "value" : "10"
},{
  "dateTime" : "11/14/18 18:55:00",
  "value" : "10"
},{
  "dateTime" : "11/14/18 18:59:00",
  "value" : "10"
},{
  "dateTime" : "11/14/18 19:01:00",
  "value" : "10"
},{
  "dateTime" : "11/14/18 22:26:00",
  "value" : "10"
},{
  "dateTime" : "11/14/18 22:27:00",
  "value" : "10"
},{
  "dateTime" : "11/14/18 22:40:00",
  "value" : "10"
},{
  "dateTime" : "11/14/18 22:43:00",
  "value" : "10"
},{
  "dateTime" : "11/15/18 09:36:00",
  "value" : "10"
},{
  "dateTime" : "11/15/18 11:29:00",
  "value" : "10"
},{
  "dateTime" : "11/15/18 12:07:00",
  "value" : "10"
},{
  "dateTime" : "11/15/18 14:09:00",
  "value" : "10"
},{
  "dateTime" : "11/15/18 14:12:00",
  "value" : "10"
},{
  "dateTime" : "11/15/18 14:14:00",
  "value" : "10"
},{
  "dateTime" : "11/15/18 15:33:00",
  "value" : "20"
},{
  "dateTime" : "11/15/18 16:07:00",
  "value" : "10"
},{
  "dateTime" : "11/15/18 18:08:00",
  "value" : "20"
},{
  "dateTime" : "11/15/18 18:09:00",
  "value" : "10"
},{
  "dateTime" : "11/15/18 18:17:00",
  "value" : "10"
},{
  "dateTime" : "11/15/18 18:23:00",
  "value" : "10"
},{
  "dateTime" : "11/15/18 19:04:00",
  "value" : "10"
},{
  "dateTime" : "11/15/18 20:18:00",
  "value" : "10"
},{
  "dateTime" : "11/15/18 20:35:00",
  "value" : "20"
},{
  "dateTime" : "11/15/18 20:37:00",
  "value" : "10"
},{
  "dateTime" : "11/15/18 20:51:00",
  "value" : "10"
},{
  "dateTime" : "11/15/18 21:07:00",
  "value" : "10"
},{
  "dateTime" : "11/15/18 21:09:00",
  "value" : "10"
},{
  "dateTime" : "11/15/18 21:16:00",
  "value" : "10"
},{
  "dateTime" : "11/16/18 14:58:00",
  "value" : "10"
},{
  "dateTime" : "11/16/18 19:06:00",
  "value" : "10"
},{
  "dateTime" : "11/16/18 20:39:00",
  "value" : "10"
},{
  "dateTime" : "11/17/18 13:43:00",
  "value" : "10"
},{
  "dateTime" : "11/17/18 15:45:00",
  "value" : "10"
},{
  "dateTime" : "11/17/18 17:20:00",
  "value" : "10"
},{
  "dateTime" : "11/17/18 18:59:00",
  "value" : "10"
},{
  "dateTime" : "11/17/18 19:06:00",
  "value" : "30"
},{
  "dateTime" : "11/17/18 19:47:00",
  "value" : "10"
},{
  "dateTime" : "11/17/18 19:48:00",
  "value" : "10"
},{
  "dateTime" : "11/17/18 19:49:00",
  "value" : "10"
},{
  "dateTime" : "11/17/18 19:50:00",
  "value" : "20"
},{
  "dateTime" : "11/17/18 22:02:00",
  "value" : "10"
},{
  "dateTime" : "11/17/18 22:16:00",
  "value" : "10"
},{
  "dateTime" : "11/17/18 22:22:00",
  "value" : "20"
},{
  "dateTime" : "11/18/18 00:46:00",
  "value" : "10"
},{
  "dateTime" : "11/18/18 02:26:00",
  "value" : "10"
},{
  "dateTime" : "11/18/18 02:27:00",
  "value" : "10"
},{
  "dateTime" : "11/18/18 02:29:00",
  "value" : "20"
},{
  "dateTime" : "11/18/18 11:06:00",
  "value" : "10"
},{
  "dateTime" : "11/18/18 13:40:00",
  "value" : "10"
},{
  "dateTime" : "11/18/18 13:41:00",
  "value" : "10"
},{
  "dateTime" : "11/18/18 14:16:00",
  "value" : "10"
},{
  "dateTime" : "11/18/18 14:19:00",
  "value" : "10"
},{
  "dateTime" : "11/18/18 14:22:00",
  "value" : "10"
},{
  "dateTime" : "11/18/18 14:23:00",
  "value" : "20"
},{
  "dateTime" : "11/18/18 14:24:00",
  "value" : "10"
},{
  "dateTime" : "11/18/18 14:25:00",
  "value" : "10"
},{
  "dateTime" : "11/18/18 14:26:00",
  "value" : "20"
},{
  "dateTime" : "11/18/18 14:28:00",
  "value" : "10"
},{
  "dateTime" : "11/18/18 14:57:00",
  "value" : "10"
},{
  "dateTime" : "11/18/18 16:48:00",
  "value" : "10"
},{
  "dateTime" : "11/18/18 16:50:00",
  "value" : "10"
},{
  "dateTime" : "11/18/18 18:04:00",
  "value" : "10"
},{
  "dateTime" : "11/18/18 18:59:00",
  "value" : "10"
},{
  "dateTime" : "11/18/18 19:44:00",
  "value" : "20"
},{
  "dateTime" : "11/18/18 19:45:00",
  "value" : "10"
},{
  "dateTime" : "11/18/18 19:47:00",
  "value" : "10"
},{
  "dateTime" : "11/18/18 19:48:00",
  "value" : "20"
},{
  "dateTime" : "11/18/18 19:49:00",
  "value" : "10"
},{
  "dateTime" : "11/18/18 19:50:00",
  "value" : "10"
},{
  "dateTime" : "11/18/18 19:51:00",
  "value" : "10"
},{
  "dateTime" : "11/18/18 19:53:00",
  "value" : "10"
},{
  "dateTime" : "11/18/18 19:54:00",
  "value" : "10"
},{
  "dateTime" : "11/18/18 22:35:00",
  "value" : "10"
},{
  "dateTime" : "11/18/18 23:20:00",
  "value" : "10"
},{
  "dateTime" : "11/19/18 00:20:00",
  "value" : "10"
},{
  "dateTime" : "11/19/18 12:03:00",
  "value" : "10"
},{
  "dateTime" : "11/19/18 16:06:00",
  "value" : "10"
},{
  "dateTime" : "11/19/18 18:07:00",
  "value" : "10"
},{
  "dateTime" : "11/19/18 18:44:00",
  "value" : "10"
}]