[{
  "dateTime" : "01/29/17 10:37:00",
  "value" : "10"
},{
  "dateTime" : "01/29/17 10:38:00",
  "value" : "10"
},{
  "dateTime" : "01/29/17 10:39:00",
  "value" : "10"
},{
  "dateTime" : "01/29/17 12:24:00",
  "value" : "10"
},{
  "dateTime" : "01/29/17 15:08:00",
  "value" : "20"
},{
  "dateTime" : "01/29/17 15:09:00",
  "value" : "10"
},{
  "dateTime" : "01/29/17 15:10:00",
  "value" : "10"
},{
  "dateTime" : "01/29/17 15:11:00",
  "value" : "10"
},{
  "dateTime" : "01/29/17 15:12:00",
  "value" : "10"
},{
  "dateTime" : "01/29/17 15:39:00",
  "value" : "10"
},{
  "dateTime" : "01/29/17 15:40:00",
  "value" : "10"
},{
  "dateTime" : "01/29/17 15:41:00",
  "value" : "20"
},{
  "dateTime" : "01/29/17 16:21:00",
  "value" : "20"
},{
  "dateTime" : "01/29/17 17:02:00",
  "value" : "10"
},{
  "dateTime" : "01/29/17 17:38:00",
  "value" : "20"
},{
  "dateTime" : "01/29/17 17:39:00",
  "value" : "10"
},{
  "dateTime" : "01/29/17 19:38:00",
  "value" : "10"
},{
  "dateTime" : "01/29/17 19:39:00",
  "value" : "10"
},{
  "dateTime" : "01/29/17 19:40:00",
  "value" : "20"
},{
  "dateTime" : "01/29/17 19:41:00",
  "value" : "20"
},{
  "dateTime" : "01/29/17 21:40:00",
  "value" : "10"
},{
  "dateTime" : "01/30/17 10:30:00",
  "value" : "10"
},{
  "dateTime" : "01/30/17 10:31:00",
  "value" : "20"
},{
  "dateTime" : "01/30/17 10:32:00",
  "value" : "10"
},{
  "dateTime" : "01/30/17 10:46:00",
  "value" : "10"
},{
  "dateTime" : "01/30/17 10:47:00",
  "value" : "10"
},{
  "dateTime" : "01/30/17 10:48:00",
  "value" : "10"
},{
  "dateTime" : "01/30/17 10:49:00",
  "value" : "30"
},{
  "dateTime" : "01/30/17 10:50:00",
  "value" : "20"
},{
  "dateTime" : "01/30/17 11:04:00",
  "value" : "20"
},{
  "dateTime" : "01/30/17 11:05:00",
  "value" : "10"
},{
  "dateTime" : "01/30/17 11:06:00",
  "value" : "10"
},{
  "dateTime" : "01/30/17 12:04:00",
  "value" : "20"
},{
  "dateTime" : "01/30/17 12:05:00",
  "value" : "10"
},{
  "dateTime" : "01/30/17 12:12:00",
  "value" : "20"
},{
  "dateTime" : "01/30/17 13:40:00",
  "value" : "10"
},{
  "dateTime" : "01/30/17 13:41:00",
  "value" : "10"
},{
  "dateTime" : "01/30/17 13:42:00",
  "value" : "10"
},{
  "dateTime" : "01/30/17 13:43:00",
  "value" : "10"
},{
  "dateTime" : "01/30/17 13:44:00",
  "value" : "10"
},{
  "dateTime" : "01/30/17 14:05:00",
  "value" : "10"
},{
  "dateTime" : "01/30/17 14:06:00",
  "value" : "10"
},{
  "dateTime" : "01/30/17 14:07:00",
  "value" : "10"
},{
  "dateTime" : "01/30/17 16:17:00",
  "value" : "10"
},{
  "dateTime" : "01/30/17 16:18:00",
  "value" : "10"
},{
  "dateTime" : "01/30/17 16:19:00",
  "value" : "30"
},{
  "dateTime" : "01/30/17 18:24:00",
  "value" : "30"
},{
  "dateTime" : "01/30/17 18:25:00",
  "value" : "20"
},{
  "dateTime" : "01/30/17 18:26:00",
  "value" : "30"
},{
  "dateTime" : "01/30/17 18:27:00",
  "value" : "20"
},{
  "dateTime" : "01/30/17 18:28:00",
  "value" : "20"
},{
  "dateTime" : "01/30/17 18:29:00",
  "value" : "20"
},{
  "dateTime" : "01/30/17 18:59:00",
  "value" : "10"
},{
  "dateTime" : "01/31/17 07:59:00",
  "value" : "10"
},{
  "dateTime" : "01/31/17 08:00:00",
  "value" : "10"
},{
  "dateTime" : "01/31/17 08:01:00",
  "value" : "10"
},{
  "dateTime" : "01/31/17 08:07:00",
  "value" : "10"
},{
  "dateTime" : "01/31/17 09:04:00",
  "value" : "10"
},{
  "dateTime" : "01/31/17 10:02:00",
  "value" : "20"
},{
  "dateTime" : "01/31/17 10:03:00",
  "value" : "10"
},{
  "dateTime" : "01/31/17 12:18:00",
  "value" : "10"
},{
  "dateTime" : "01/31/17 13:00:00",
  "value" : "10"
},{
  "dateTime" : "01/31/17 13:01:00",
  "value" : "20"
},{
  "dateTime" : "01/31/17 13:02:00",
  "value" : "20"
},{
  "dateTime" : "01/31/17 13:03:00",
  "value" : "20"
},{
  "dateTime" : "01/31/17 15:21:00",
  "value" : "10"
},{
  "dateTime" : "01/31/17 15:22:00",
  "value" : "10"
},{
  "dateTime" : "01/31/17 15:23:00",
  "value" : "10"
},{
  "dateTime" : "01/31/17 15:24:00",
  "value" : "20"
},{
  "dateTime" : "01/31/17 15:25:00",
  "value" : "20"
},{
  "dateTime" : "01/31/17 15:26:00",
  "value" : "20"
},{
  "dateTime" : "01/31/17 15:27:00",
  "value" : "10"
},{
  "dateTime" : "01/31/17 15:29:00",
  "value" : "10"
},{
  "dateTime" : "01/31/17 15:30:00",
  "value" : "20"
},{
  "dateTime" : "01/31/17 15:31:00",
  "value" : "10"
},{
  "dateTime" : "01/31/17 17:01:00",
  "value" : "10"
},{
  "dateTime" : "01/31/17 18:24:00",
  "value" : "10"
},{
  "dateTime" : "01/31/17 18:25:00",
  "value" : "10"
},{
  "dateTime" : "01/31/17 18:53:00",
  "value" : "10"
},{
  "dateTime" : "01/31/17 18:54:00",
  "value" : "10"
},{
  "dateTime" : "01/31/17 18:55:00",
  "value" : "10"
},{
  "dateTime" : "01/31/17 20:04:00",
  "value" : "10"
},{
  "dateTime" : "01/31/17 20:51:00",
  "value" : "10"
},{
  "dateTime" : "01/31/17 20:52:00",
  "value" : "10"
},{
  "dateTime" : "01/31/17 20:53:00",
  "value" : "10"
},{
  "dateTime" : "01/31/17 20:54:00",
  "value" : "10"
},{
  "dateTime" : "01/31/17 20:55:00",
  "value" : "30"
},{
  "dateTime" : "02/01/17 10:23:00",
  "value" : "10"
},{
  "dateTime" : "02/01/17 10:24:00",
  "value" : "10"
},{
  "dateTime" : "02/01/17 10:25:00",
  "value" : "10"
},{
  "dateTime" : "02/01/17 10:26:00",
  "value" : "10"
},{
  "dateTime" : "02/01/17 11:04:00",
  "value" : "10"
},{
  "dateTime" : "02/01/17 11:08:00",
  "value" : "20"
},{
  "dateTime" : "02/01/17 11:09:00",
  "value" : "20"
},{
  "dateTime" : "02/01/17 12:03:00",
  "value" : "10"
},{
  "dateTime" : "02/01/17 12:04:00",
  "value" : "20"
},{
  "dateTime" : "02/01/17 12:05:00",
  "value" : "30"
},{
  "dateTime" : "02/01/17 13:53:00",
  "value" : "10"
},{
  "dateTime" : "02/01/17 13:54:00",
  "value" : "10"
},{
  "dateTime" : "02/01/17 13:55:00",
  "value" : "20"
},{
  "dateTime" : "02/01/17 13:56:00",
  "value" : "10"
},{
  "dateTime" : "02/01/17 13:57:00",
  "value" : "20"
},{
  "dateTime" : "02/01/17 16:03:00",
  "value" : "20"
},{
  "dateTime" : "02/01/17 16:04:00",
  "value" : "30"
},{
  "dateTime" : "02/01/17 17:40:00",
  "value" : "10"
},{
  "dateTime" : "02/01/17 17:41:00",
  "value" : "20"
},{
  "dateTime" : "02/01/17 17:42:00",
  "value" : "50"
},{
  "dateTime" : "02/01/17 17:43:00",
  "value" : "30"
},{
  "dateTime" : "02/01/17 17:44:00",
  "value" : "20"
},{
  "dateTime" : "02/01/17 18:23:00",
  "value" : "10"
},{
  "dateTime" : "02/01/17 18:24:00",
  "value" : "10"
},{
  "dateTime" : "02/01/17 18:25:00",
  "value" : "10"
},{
  "dateTime" : "02/01/17 18:26:00",
  "value" : "10"
},{
  "dateTime" : "02/02/17 08:49:00",
  "value" : "10"
},{
  "dateTime" : "02/02/17 08:50:00",
  "value" : "10"
},{
  "dateTime" : "02/02/17 08:51:00",
  "value" : "20"
},{
  "dateTime" : "02/02/17 08:52:00",
  "value" : "10"
},{
  "dateTime" : "02/02/17 08:53:00",
  "value" : "10"
},{
  "dateTime" : "02/02/17 08:54:00",
  "value" : "20"
},{
  "dateTime" : "02/02/17 08:55:00",
  "value" : "10"
},{
  "dateTime" : "02/02/17 14:08:00",
  "value" : "10"
},{
  "dateTime" : "02/02/17 14:09:00",
  "value" : "10"
},{
  "dateTime" : "02/02/17 15:31:00",
  "value" : "10"
},{
  "dateTime" : "02/02/17 15:32:00",
  "value" : "10"
},{
  "dateTime" : "02/02/17 15:33:00",
  "value" : "10"
},{
  "dateTime" : "02/02/17 15:34:00",
  "value" : "10"
},{
  "dateTime" : "02/02/17 15:35:00",
  "value" : "20"
},{
  "dateTime" : "02/02/17 17:02:00",
  "value" : "10"
},{
  "dateTime" : "02/02/17 17:03:00",
  "value" : "10"
},{
  "dateTime" : "02/02/17 17:04:00",
  "value" : "30"
},{
  "dateTime" : "02/02/17 18:54:00",
  "value" : "10"
},{
  "dateTime" : "02/02/17 18:55:00",
  "value" : "10"
},{
  "dateTime" : "02/02/17 18:56:00",
  "value" : "20"
},{
  "dateTime" : "02/02/17 18:57:00",
  "value" : "20"
},{
  "dateTime" : "02/02/17 18:58:00",
  "value" : "10"
},{
  "dateTime" : "02/02/17 18:59:00",
  "value" : "20"
},{
  "dateTime" : "02/02/17 19:00:00",
  "value" : "10"
},{
  "dateTime" : "02/02/17 22:00:00",
  "value" : "20"
},{
  "dateTime" : "02/02/17 22:23:00",
  "value" : "10"
},{
  "dateTime" : "02/02/17 22:24:00",
  "value" : "10"
},{
  "dateTime" : "02/02/17 22:25:00",
  "value" : "10"
},{
  "dateTime" : "02/02/17 22:26:00",
  "value" : "10"
},{
  "dateTime" : "02/02/17 22:27:00",
  "value" : "10"
},{
  "dateTime" : "02/02/17 22:28:00",
  "value" : "20"
},{
  "dateTime" : "02/03/17 08:30:00",
  "value" : "10"
},{
  "dateTime" : "02/03/17 08:31:00",
  "value" : "20"
},{
  "dateTime" : "02/03/17 08:32:00",
  "value" : "10"
},{
  "dateTime" : "02/03/17 08:33:00",
  "value" : "10"
},{
  "dateTime" : "02/03/17 08:38:00",
  "value" : "20"
},{
  "dateTime" : "02/03/17 08:40:00",
  "value" : "10"
},{
  "dateTime" : "02/03/17 08:41:00",
  "value" : "10"
},{
  "dateTime" : "02/03/17 08:42:00",
  "value" : "10"
},{
  "dateTime" : "02/03/17 08:43:00",
  "value" : "10"
},{
  "dateTime" : "02/03/17 08:44:00",
  "value" : "10"
},{
  "dateTime" : "02/03/17 08:45:00",
  "value" : "10"
},{
  "dateTime" : "02/03/17 08:46:00",
  "value" : "10"
},{
  "dateTime" : "02/03/17 08:47:00",
  "value" : "10"
},{
  "dateTime" : "02/03/17 08:48:00",
  "value" : "10"
},{
  "dateTime" : "02/03/17 08:49:00",
  "value" : "10"
},{
  "dateTime" : "02/03/17 09:06:00",
  "value" : "20"
},{
  "dateTime" : "02/03/17 09:07:00",
  "value" : "20"
},{
  "dateTime" : "02/03/17 09:26:00",
  "value" : "10"
},{
  "dateTime" : "02/03/17 09:27:00",
  "value" : "10"
},{
  "dateTime" : "02/03/17 09:28:00",
  "value" : "10"
},{
  "dateTime" : "02/03/17 09:29:00",
  "value" : "20"
},{
  "dateTime" : "02/03/17 09:30:00",
  "value" : "20"
},{
  "dateTime" : "02/03/17 09:31:00",
  "value" : "10"
},{
  "dateTime" : "02/03/17 09:32:00",
  "value" : "10"
},{
  "dateTime" : "02/03/17 09:33:00",
  "value" : "10"
},{
  "dateTime" : "02/03/17 09:51:00",
  "value" : "10"
},{
  "dateTime" : "02/03/17 10:34:00",
  "value" : "10"
},{
  "dateTime" : "02/03/17 10:35:00",
  "value" : "20"
},{
  "dateTime" : "02/03/17 10:36:00",
  "value" : "10"
},{
  "dateTime" : "02/03/17 10:37:00",
  "value" : "30"
},{
  "dateTime" : "02/03/17 10:59:00",
  "value" : "10"
},{
  "dateTime" : "02/03/17 11:00:00",
  "value" : "10"
},{
  "dateTime" : "02/03/17 11:01:00",
  "value" : "10"
},{
  "dateTime" : "02/03/17 11:02:00",
  "value" : "10"
},{
  "dateTime" : "02/03/17 11:03:00",
  "value" : "20"
},{
  "dateTime" : "02/03/17 12:07:00",
  "value" : "10"
},{
  "dateTime" : "02/03/17 12:08:00",
  "value" : "20"
},{
  "dateTime" : "02/03/17 13:53:00",
  "value" : "10"
},{
  "dateTime" : "02/03/17 13:54:00",
  "value" : "10"
},{
  "dateTime" : "02/03/17 16:13:00",
  "value" : "20"
},{
  "dateTime" : "02/03/17 16:14:00",
  "value" : "20"
},{
  "dateTime" : "02/03/17 19:06:00",
  "value" : "10"
},{
  "dateTime" : "02/03/17 19:07:00",
  "value" : "20"
},{
  "dateTime" : "02/03/17 19:08:00",
  "value" : "10"
},{
  "dateTime" : "02/03/17 20:13:00",
  "value" : "10"
},{
  "dateTime" : "02/03/17 20:14:00",
  "value" : "10"
},{
  "dateTime" : "02/03/17 20:15:00",
  "value" : "10"
},{
  "dateTime" : "02/03/17 21:36:00",
  "value" : "10"
},{
  "dateTime" : "02/03/17 21:37:00",
  "value" : "20"
},{
  "dateTime" : "02/03/17 21:38:00",
  "value" : "20"
},{
  "dateTime" : "02/03/17 22:03:00",
  "value" : "10"
},{
  "dateTime" : "02/03/17 22:04:00",
  "value" : "10"
},{
  "dateTime" : "02/03/17 22:05:00",
  "value" : "20"
},{
  "dateTime" : "02/04/17 00:44:00",
  "value" : "10"
},{
  "dateTime" : "02/04/17 00:45:00",
  "value" : "10"
},{
  "dateTime" : "02/04/17 13:21:00",
  "value" : "20"
},{
  "dateTime" : "02/04/17 13:22:00",
  "value" : "10"
},{
  "dateTime" : "02/04/17 13:23:00",
  "value" : "30"
},{
  "dateTime" : "02/04/17 16:05:00",
  "value" : "10"
},{
  "dateTime" : "02/04/17 16:06:00",
  "value" : "20"
},{
  "dateTime" : "02/04/17 16:07:00",
  "value" : "10"
},{
  "dateTime" : "02/04/17 16:08:00",
  "value" : "10"
},{
  "dateTime" : "02/04/17 16:21:00",
  "value" : "10"
},{
  "dateTime" : "02/04/17 16:22:00",
  "value" : "10"
},{
  "dateTime" : "02/04/17 16:23:00",
  "value" : "10"
},{
  "dateTime" : "02/04/17 16:24:00",
  "value" : "20"
},{
  "dateTime" : "02/04/17 16:41:00",
  "value" : "50"
},{
  "dateTime" : "02/04/17 18:49:00",
  "value" : "10"
},{
  "dateTime" : "02/04/17 19:35:00",
  "value" : "10"
},{
  "dateTime" : "02/04/17 19:36:00",
  "value" : "10"
},{
  "dateTime" : "02/04/17 19:37:00",
  "value" : "10"
},{
  "dateTime" : "02/04/17 19:38:00",
  "value" : "10"
},{
  "dateTime" : "02/05/17 06:53:00",
  "value" : "10"
},{
  "dateTime" : "02/05/17 07:27:00",
  "value" : "10"
},{
  "dateTime" : "02/05/17 07:28:00",
  "value" : "10"
},{
  "dateTime" : "02/05/17 07:29:00",
  "value" : "20"
},{
  "dateTime" : "02/05/17 07:30:00",
  "value" : "10"
},{
  "dateTime" : "02/05/17 08:19:00",
  "value" : "10"
},{
  "dateTime" : "02/05/17 08:36:00",
  "value" : "10"
},{
  "dateTime" : "02/05/17 08:37:00",
  "value" : "10"
},{
  "dateTime" : "02/05/17 08:38:00",
  "value" : "10"
},{
  "dateTime" : "02/05/17 08:39:00",
  "value" : "10"
},{
  "dateTime" : "02/05/17 08:40:00",
  "value" : "10"
},{
  "dateTime" : "02/05/17 08:41:00",
  "value" : "10"
},{
  "dateTime" : "02/05/17 08:42:00",
  "value" : "10"
},{
  "dateTime" : "02/05/17 09:00:00",
  "value" : "10"
},{
  "dateTime" : "02/05/17 09:01:00",
  "value" : "20"
},{
  "dateTime" : "02/05/17 09:02:00",
  "value" : "20"
},{
  "dateTime" : "02/05/17 09:03:00",
  "value" : "10"
},{
  "dateTime" : "02/05/17 09:04:00",
  "value" : "30"
},{
  "dateTime" : "02/05/17 09:05:00",
  "value" : "20"
},{
  "dateTime" : "02/05/17 09:06:00",
  "value" : "20"
},{
  "dateTime" : "02/05/17 09:07:00",
  "value" : "20"
},{
  "dateTime" : "02/05/17 09:08:00",
  "value" : "10"
},{
  "dateTime" : "02/05/17 09:09:00",
  "value" : "10"
},{
  "dateTime" : "02/05/17 09:10:00",
  "value" : "20"
},{
  "dateTime" : "02/05/17 09:11:00",
  "value" : "10"
},{
  "dateTime" : "02/05/17 09:12:00",
  "value" : "30"
},{
  "dateTime" : "02/05/17 09:13:00",
  "value" : "10"
},{
  "dateTime" : "02/05/17 09:14:00",
  "value" : "10"
},{
  "dateTime" : "02/05/17 09:15:00",
  "value" : "10"
},{
  "dateTime" : "02/05/17 09:16:00",
  "value" : "20"
},{
  "dateTime" : "02/05/17 09:17:00",
  "value" : "10"
},{
  "dateTime" : "02/05/17 09:18:00",
  "value" : "20"
},{
  "dateTime" : "02/05/17 09:19:00",
  "value" : "40"
},{
  "dateTime" : "02/05/17 09:20:00",
  "value" : "20"
},{
  "dateTime" : "02/05/17 09:21:00",
  "value" : "30"
},{
  "dateTime" : "02/05/17 09:22:00",
  "value" : "20"
},{
  "dateTime" : "02/05/17 09:23:00",
  "value" : "20"
},{
  "dateTime" : "02/05/17 09:24:00",
  "value" : "20"
},{
  "dateTime" : "02/05/17 09:25:00",
  "value" : "10"
},{
  "dateTime" : "02/05/17 09:26:00",
  "value" : "20"
},{
  "dateTime" : "02/05/17 09:27:00",
  "value" : "20"
},{
  "dateTime" : "02/05/17 09:28:00",
  "value" : "20"
},{
  "dateTime" : "02/05/17 09:29:00",
  "value" : "20"
},{
  "dateTime" : "02/05/17 09:30:00",
  "value" : "20"
},{
  "dateTime" : "02/05/17 09:41:00",
  "value" : "10"
},{
  "dateTime" : "02/05/17 09:42:00",
  "value" : "10"
},{
  "dateTime" : "02/05/17 09:43:00",
  "value" : "10"
},{
  "dateTime" : "02/05/17 09:44:00",
  "value" : "20"
},{
  "dateTime" : "02/05/17 09:45:00",
  "value" : "20"
},{
  "dateTime" : "02/05/17 09:46:00",
  "value" : "10"
},{
  "dateTime" : "02/05/17 09:47:00",
  "value" : "10"
},{
  "dateTime" : "02/05/17 09:48:00",
  "value" : "10"
},{
  "dateTime" : "02/05/17 09:49:00",
  "value" : "10"
},{
  "dateTime" : "02/05/17 09:50:00",
  "value" : "10"
},{
  "dateTime" : "02/05/17 09:51:00",
  "value" : "20"
},{
  "dateTime" : "02/05/17 09:52:00",
  "value" : "10"
},{
  "dateTime" : "02/05/17 10:01:00",
  "value" : "10"
},{
  "dateTime" : "02/05/17 10:02:00",
  "value" : "10"
},{
  "dateTime" : "02/05/17 10:03:00",
  "value" : "10"
},{
  "dateTime" : "02/05/17 10:04:00",
  "value" : "10"
},{
  "dateTime" : "02/05/17 10:30:00",
  "value" : "10"
},{
  "dateTime" : "02/05/17 10:31:00",
  "value" : "10"
},{
  "dateTime" : "02/05/17 10:32:00",
  "value" : "10"
},{
  "dateTime" : "02/05/17 10:33:00",
  "value" : "10"
},{
  "dateTime" : "02/05/17 10:34:00",
  "value" : "10"
},{
  "dateTime" : "02/05/17 10:35:00",
  "value" : "10"
},{
  "dateTime" : "02/05/17 10:36:00",
  "value" : "10"
},{
  "dateTime" : "02/05/17 10:42:00",
  "value" : "10"
},{
  "dateTime" : "02/05/17 10:43:00",
  "value" : "10"
},{
  "dateTime" : "02/05/17 10:44:00",
  "value" : "10"
},{
  "dateTime" : "02/05/17 10:50:00",
  "value" : "10"
},{
  "dateTime" : "02/05/17 10:51:00",
  "value" : "20"
},{
  "dateTime" : "02/05/17 10:59:00",
  "value" : "30"
},{
  "dateTime" : "02/05/17 11:00:00",
  "value" : "10"
},{
  "dateTime" : "02/05/17 11:01:00",
  "value" : "10"
},{
  "dateTime" : "02/05/17 11:02:00",
  "value" : "10"
},{
  "dateTime" : "02/05/17 11:03:00",
  "value" : "10"
},{
  "dateTime" : "02/05/17 11:04:00",
  "value" : "10"
},{
  "dateTime" : "02/05/17 11:17:00",
  "value" : "10"
},{
  "dateTime" : "02/05/17 12:59:00",
  "value" : "10"
},{
  "dateTime" : "02/05/17 13:47:00",
  "value" : "10"
},{
  "dateTime" : "02/05/17 13:48:00",
  "value" : "10"
},{
  "dateTime" : "02/05/17 13:55:00",
  "value" : "10"
},{
  "dateTime" : "02/05/17 13:56:00",
  "value" : "10"
},{
  "dateTime" : "02/05/17 13:57:00",
  "value" : "20"
},{
  "dateTime" : "02/05/17 13:58:00",
  "value" : "10"
},{
  "dateTime" : "02/05/17 18:28:00",
  "value" : "10"
},{
  "dateTime" : "02/05/17 18:29:00",
  "value" : "10"
},{
  "dateTime" : "02/05/17 18:36:00",
  "value" : "10"
},{
  "dateTime" : "02/06/17 09:17:00",
  "value" : "10"
},{
  "dateTime" : "02/06/17 09:36:00",
  "value" : "10"
},{
  "dateTime" : "02/06/17 09:37:00",
  "value" : "10"
},{
  "dateTime" : "02/06/17 10:53:00",
  "value" : "10"
},{
  "dateTime" : "02/06/17 10:54:00",
  "value" : "10"
},{
  "dateTime" : "02/06/17 10:55:00",
  "value" : "10"
},{
  "dateTime" : "02/06/17 10:56:00",
  "value" : "20"
},{
  "dateTime" : "02/06/17 10:57:00",
  "value" : "20"
},{
  "dateTime" : "02/06/17 12:01:00",
  "value" : "10"
},{
  "dateTime" : "02/06/17 12:02:00",
  "value" : "10"
},{
  "dateTime" : "02/06/17 13:57:00",
  "value" : "10"
},{
  "dateTime" : "02/06/17 13:58:00",
  "value" : "10"
},{
  "dateTime" : "02/06/17 13:59:00",
  "value" : "20"
},{
  "dateTime" : "02/06/17 14:00:00",
  "value" : "10"
},{
  "dateTime" : "02/06/17 15:02:00",
  "value" : "10"
},{
  "dateTime" : "02/06/17 19:00:00",
  "value" : "10"
},{
  "dateTime" : "02/06/17 19:01:00",
  "value" : "10"
},{
  "dateTime" : "02/06/17 19:02:00",
  "value" : "10"
},{
  "dateTime" : "02/06/17 19:03:00",
  "value" : "10"
},{
  "dateTime" : "02/06/17 19:09:00",
  "value" : "10"
},{
  "dateTime" : "02/06/17 20:07:00",
  "value" : "10"
},{
  "dateTime" : "02/06/17 20:57:00",
  "value" : "10"
},{
  "dateTime" : "02/06/17 20:58:00",
  "value" : "10"
},{
  "dateTime" : "02/06/17 22:42:00",
  "value" : "10"
},{
  "dateTime" : "02/07/17 07:57:00",
  "value" : "30"
},{
  "dateTime" : "02/07/17 07:58:00",
  "value" : "10"
},{
  "dateTime" : "02/07/17 08:08:00",
  "value" : "10"
},{
  "dateTime" : "02/07/17 09:05:00",
  "value" : "10"
},{
  "dateTime" : "02/07/17 10:11:00",
  "value" : "10"
},{
  "dateTime" : "02/07/17 11:25:00",
  "value" : "10"
},{
  "dateTime" : "02/07/17 11:26:00",
  "value" : "10"
},{
  "dateTime" : "02/07/17 11:27:00",
  "value" : "10"
},{
  "dateTime" : "02/07/17 11:28:00",
  "value" : "10"
},{
  "dateTime" : "02/07/17 11:29:00",
  "value" : "10"
},{
  "dateTime" : "02/07/17 11:33:00",
  "value" : "10"
},{
  "dateTime" : "02/07/17 11:34:00",
  "value" : "10"
},{
  "dateTime" : "02/07/17 11:35:00",
  "value" : "10"
},{
  "dateTime" : "02/07/17 11:36:00",
  "value" : "30"
},{
  "dateTime" : "02/07/17 11:37:00",
  "value" : "10"
},{
  "dateTime" : "02/07/17 12:13:00",
  "value" : "10"
},{
  "dateTime" : "02/07/17 12:14:00",
  "value" : "30"
},{
  "dateTime" : "02/07/17 12:51:00",
  "value" : "10"
},{
  "dateTime" : "02/07/17 13:19:00",
  "value" : "10"
},{
  "dateTime" : "02/07/17 14:12:00",
  "value" : "10"
},{
  "dateTime" : "02/07/17 14:13:00",
  "value" : "10"
},{
  "dateTime" : "02/07/17 15:19:00",
  "value" : "10"
},{
  "dateTime" : "02/07/17 15:20:00",
  "value" : "10"
},{
  "dateTime" : "02/07/17 15:31:00",
  "value" : "10"
},{
  "dateTime" : "02/07/17 15:32:00",
  "value" : "10"
},{
  "dateTime" : "02/07/17 15:33:00",
  "value" : "20"
},{
  "dateTime" : "02/07/17 15:34:00",
  "value" : "10"
},{
  "dateTime" : "02/07/17 15:35:00",
  "value" : "20"
},{
  "dateTime" : "02/07/17 15:36:00",
  "value" : "10"
},{
  "dateTime" : "02/07/17 17:04:00",
  "value" : "10"
},{
  "dateTime" : "02/07/17 17:37:00",
  "value" : "10"
},{
  "dateTime" : "02/07/17 17:38:00",
  "value" : "10"
},{
  "dateTime" : "02/07/17 17:39:00",
  "value" : "20"
},{
  "dateTime" : "02/07/17 17:40:00",
  "value" : "20"
},{
  "dateTime" : "02/07/17 17:41:00",
  "value" : "10"
},{
  "dateTime" : "02/07/17 18:53:00",
  "value" : "10"
},{
  "dateTime" : "02/07/17 18:54:00",
  "value" : "10"
},{
  "dateTime" : "02/07/17 18:55:00",
  "value" : "10"
},{
  "dateTime" : "02/07/17 21:16:00",
  "value" : "10"
},{
  "dateTime" : "02/07/17 21:17:00",
  "value" : "10"
},{
  "dateTime" : "02/07/17 21:18:00",
  "value" : "10"
},{
  "dateTime" : "02/07/17 21:19:00",
  "value" : "10"
},{
  "dateTime" : "02/07/17 21:20:00",
  "value" : "10"
},{
  "dateTime" : "02/07/17 21:21:00",
  "value" : "20"
},{
  "dateTime" : "02/07/17 21:40:00",
  "value" : "10"
},{
  "dateTime" : "02/07/17 23:17:00",
  "value" : "10"
},{
  "dateTime" : "02/08/17 09:36:00",
  "value" : "10"
},{
  "dateTime" : "02/08/17 09:56:00",
  "value" : "10"
},{
  "dateTime" : "02/08/17 09:57:00",
  "value" : "10"
},{
  "dateTime" : "02/08/17 09:58:00",
  "value" : "10"
},{
  "dateTime" : "02/08/17 09:59:00",
  "value" : "10"
},{
  "dateTime" : "02/08/17 10:00:00",
  "value" : "10"
},{
  "dateTime" : "02/08/17 10:04:00",
  "value" : "10"
},{
  "dateTime" : "02/08/17 10:05:00",
  "value" : "20"
},{
  "dateTime" : "02/08/17 12:06:00",
  "value" : "10"
},{
  "dateTime" : "02/08/17 12:07:00",
  "value" : "10"
},{
  "dateTime" : "02/08/17 12:57:00",
  "value" : "20"
},{
  "dateTime" : "02/08/17 12:58:00",
  "value" : "10"
},{
  "dateTime" : "02/08/17 15:01:00",
  "value" : "10"
},{
  "dateTime" : "02/08/17 16:14:00",
  "value" : "30"
},{
  "dateTime" : "02/08/17 16:15:00",
  "value" : "10"
},{
  "dateTime" : "02/08/17 16:16:00",
  "value" : "10"
},{
  "dateTime" : "02/08/17 17:13:00",
  "value" : "10"
},{
  "dateTime" : "02/08/17 17:14:00",
  "value" : "10"
},{
  "dateTime" : "02/08/17 17:53:00",
  "value" : "10"
},{
  "dateTime" : "02/08/17 17:54:00",
  "value" : "10"
},{
  "dateTime" : "02/08/17 17:55:00",
  "value" : "10"
},{
  "dateTime" : "02/08/17 17:56:00",
  "value" : "10"
},{
  "dateTime" : "02/08/17 17:57:00",
  "value" : "10"
},{
  "dateTime" : "02/08/17 17:58:00",
  "value" : "10"
},{
  "dateTime" : "02/08/17 17:59:00",
  "value" : "10"
},{
  "dateTime" : "02/08/17 18:00:00",
  "value" : "30"
},{
  "dateTime" : "02/08/17 18:01:00",
  "value" : "10"
},{
  "dateTime" : "02/08/17 18:02:00",
  "value" : "50"
},{
  "dateTime" : "02/08/17 18:03:00",
  "value" : "20"
},{
  "dateTime" : "02/08/17 18:04:00",
  "value" : "20"
},{
  "dateTime" : "02/08/17 18:17:00",
  "value" : "30"
},{
  "dateTime" : "02/08/17 18:18:00",
  "value" : "10"
},{
  "dateTime" : "02/08/17 18:19:00",
  "value" : "10"
},{
  "dateTime" : "02/08/17 18:20:00",
  "value" : "10"
},{
  "dateTime" : "02/08/17 18:21:00",
  "value" : "20"
},{
  "dateTime" : "02/08/17 18:22:00",
  "value" : "20"
},{
  "dateTime" : "02/08/17 18:23:00",
  "value" : "10"
},{
  "dateTime" : "02/08/17 18:24:00",
  "value" : "20"
},{
  "dateTime" : "02/08/17 18:46:00",
  "value" : "10"
},{
  "dateTime" : "02/08/17 18:47:00",
  "value" : "10"
},{
  "dateTime" : "02/08/17 19:18:00",
  "value" : "10"
},{
  "dateTime" : "02/09/17 09:01:00",
  "value" : "10"
},{
  "dateTime" : "02/09/17 09:02:00",
  "value" : "10"
},{
  "dateTime" : "02/09/17 09:03:00",
  "value" : "10"
},{
  "dateTime" : "02/09/17 09:04:00",
  "value" : "10"
},{
  "dateTime" : "02/09/17 09:05:00",
  "value" : "10"
},{
  "dateTime" : "02/09/17 09:06:00",
  "value" : "10"
},{
  "dateTime" : "02/09/17 09:07:00",
  "value" : "10"
},{
  "dateTime" : "02/09/17 11:04:00",
  "value" : "10"
},{
  "dateTime" : "02/09/17 11:47:00",
  "value" : "10"
},{
  "dateTime" : "02/09/17 11:48:00",
  "value" : "20"
},{
  "dateTime" : "02/09/17 13:29:00",
  "value" : "10"
},{
  "dateTime" : "02/09/17 13:37:00",
  "value" : "10"
},{
  "dateTime" : "02/09/17 13:38:00",
  "value" : "10"
},{
  "dateTime" : "02/09/17 13:39:00",
  "value" : "10"
},{
  "dateTime" : "02/09/17 14:11:00",
  "value" : "10"
},{
  "dateTime" : "02/09/17 14:12:00",
  "value" : "10"
},{
  "dateTime" : "02/09/17 14:13:00",
  "value" : "10"
},{
  "dateTime" : "02/09/17 14:14:00",
  "value" : "10"
},{
  "dateTime" : "02/09/17 14:15:00",
  "value" : "10"
},{
  "dateTime" : "02/09/17 14:16:00",
  "value" : "20"
},{
  "dateTime" : "02/09/17 14:17:00",
  "value" : "10"
},{
  "dateTime" : "02/09/17 14:18:00",
  "value" : "10"
},{
  "dateTime" : "02/09/17 14:19:00",
  "value" : "10"
},{
  "dateTime" : "02/09/17 14:21:00",
  "value" : "10"
},{
  "dateTime" : "02/09/17 14:22:00",
  "value" : "10"
},{
  "dateTime" : "02/09/17 14:37:00",
  "value" : "10"
},{
  "dateTime" : "02/09/17 14:38:00",
  "value" : "10"
},{
  "dateTime" : "02/09/17 14:39:00",
  "value" : "10"
},{
  "dateTime" : "02/09/17 14:40:00",
  "value" : "20"
},{
  "dateTime" : "02/09/17 15:31:00",
  "value" : "10"
},{
  "dateTime" : "02/09/17 15:32:00",
  "value" : "10"
},{
  "dateTime" : "02/09/17 15:33:00",
  "value" : "10"
},{
  "dateTime" : "02/09/17 15:34:00",
  "value" : "10"
},{
  "dateTime" : "02/09/17 15:35:00",
  "value" : "10"
},{
  "dateTime" : "02/09/17 15:39:00",
  "value" : "20"
},{
  "dateTime" : "02/09/17 16:32:00",
  "value" : "10"
},{
  "dateTime" : "02/09/17 18:40:00",
  "value" : "10"
},{
  "dateTime" : "02/09/17 18:41:00",
  "value" : "10"
},{
  "dateTime" : "02/09/17 18:42:00",
  "value" : "30"
},{
  "dateTime" : "02/09/17 19:01:00",
  "value" : "10"
},{
  "dateTime" : "02/09/17 19:02:00",
  "value" : "20"
},{
  "dateTime" : "02/09/17 19:03:00",
  "value" : "20"
},{
  "dateTime" : "02/09/17 20:59:00",
  "value" : "10"
},{
  "dateTime" : "02/09/17 21:00:00",
  "value" : "20"
},{
  "dateTime" : "02/09/17 21:18:00",
  "value" : "10"
},{
  "dateTime" : "02/09/17 21:19:00",
  "value" : "20"
},{
  "dateTime" : "02/09/17 21:20:00",
  "value" : "20"
},{
  "dateTime" : "02/10/17 09:52:00",
  "value" : "10"
},{
  "dateTime" : "02/10/17 09:56:00",
  "value" : "20"
},{
  "dateTime" : "02/10/17 09:57:00",
  "value" : "20"
},{
  "dateTime" : "02/10/17 10:37:00",
  "value" : "20"
},{
  "dateTime" : "02/10/17 10:38:00",
  "value" : "20"
},{
  "dateTime" : "02/10/17 10:39:00",
  "value" : "10"
},{
  "dateTime" : "02/10/17 10:40:00",
  "value" : "10"
},{
  "dateTime" : "02/10/17 10:41:00",
  "value" : "10"
},{
  "dateTime" : "02/10/17 10:42:00",
  "value" : "10"
},{
  "dateTime" : "02/10/17 10:43:00",
  "value" : "10"
},{
  "dateTime" : "02/10/17 11:06:00",
  "value" : "10"
},{
  "dateTime" : "02/10/17 11:07:00",
  "value" : "10"
},{
  "dateTime" : "02/10/17 11:08:00",
  "value" : "10"
},{
  "dateTime" : "02/10/17 11:09:00",
  "value" : "20"
},{
  "dateTime" : "02/10/17 11:10:00",
  "value" : "20"
},{
  "dateTime" : "02/10/17 12:02:00",
  "value" : "20"
},{
  "dateTime" : "02/10/17 12:23:00",
  "value" : "10"
},{
  "dateTime" : "02/10/17 12:24:00",
  "value" : "10"
},{
  "dateTime" : "02/10/17 13:27:00",
  "value" : "20"
},{
  "dateTime" : "02/10/17 13:28:00",
  "value" : "10"
},{
  "dateTime" : "02/10/17 13:29:00",
  "value" : "10"
},{
  "dateTime" : "02/10/17 15:01:00",
  "value" : "10"
},{
  "dateTime" : "02/10/17 15:02:00",
  "value" : "10"
},{
  "dateTime" : "02/10/17 15:06:00",
  "value" : "10"
},{
  "dateTime" : "02/10/17 15:07:00",
  "value" : "10"
},{
  "dateTime" : "02/10/17 16:13:00",
  "value" : "10"
},{
  "dateTime" : "02/10/17 16:14:00",
  "value" : "20"
},{
  "dateTime" : "02/10/17 18:17:00",
  "value" : "20"
},{
  "dateTime" : "02/10/17 18:18:00",
  "value" : "20"
},{
  "dateTime" : "02/10/17 18:19:00",
  "value" : "20"
},{
  "dateTime" : "02/10/17 19:28:00",
  "value" : "20"
},{
  "dateTime" : "02/10/17 19:29:00",
  "value" : "10"
},{
  "dateTime" : "02/10/17 19:30:00",
  "value" : "10"
},{
  "dateTime" : "02/10/17 19:31:00",
  "value" : "20"
},{
  "dateTime" : "02/10/17 19:32:00",
  "value" : "20"
},{
  "dateTime" : "02/10/17 19:33:00",
  "value" : "20"
},{
  "dateTime" : "02/10/17 19:34:00",
  "value" : "30"
},{
  "dateTime" : "02/10/17 19:35:00",
  "value" : "20"
},{
  "dateTime" : "02/10/17 19:36:00",
  "value" : "30"
},{
  "dateTime" : "02/10/17 19:37:00",
  "value" : "20"
},{
  "dateTime" : "02/10/17 19:38:00",
  "value" : "20"
},{
  "dateTime" : "02/10/17 19:39:00",
  "value" : "30"
},{
  "dateTime" : "02/10/17 19:40:00",
  "value" : "20"
},{
  "dateTime" : "02/10/17 19:41:00",
  "value" : "30"
},{
  "dateTime" : "02/10/17 19:42:00",
  "value" : "20"
},{
  "dateTime" : "02/10/17 19:43:00",
  "value" : "20"
},{
  "dateTime" : "02/10/17 19:44:00",
  "value" : "10"
},{
  "dateTime" : "02/10/17 19:45:00",
  "value" : "20"
},{
  "dateTime" : "02/10/17 19:46:00",
  "value" : "10"
},{
  "dateTime" : "02/10/17 19:47:00",
  "value" : "10"
},{
  "dateTime" : "02/10/17 19:48:00",
  "value" : "10"
},{
  "dateTime" : "02/10/17 19:49:00",
  "value" : "10"
},{
  "dateTime" : "02/10/17 19:52:00",
  "value" : "10"
},{
  "dateTime" : "02/10/17 19:53:00",
  "value" : "10"
},{
  "dateTime" : "02/10/17 19:54:00",
  "value" : "10"
},{
  "dateTime" : "02/10/17 20:00:00",
  "value" : "10"
},{
  "dateTime" : "02/10/17 20:20:00",
  "value" : "10"
},{
  "dateTime" : "02/10/17 20:21:00",
  "value" : "10"
},{
  "dateTime" : "02/10/17 20:41:00",
  "value" : "10"
},{
  "dateTime" : "02/10/17 21:24:00",
  "value" : "10"
},{
  "dateTime" : "02/10/17 23:59:00",
  "value" : "10"
},{
  "dateTime" : "02/11/17 12:42:00",
  "value" : "10"
},{
  "dateTime" : "02/11/17 12:43:00",
  "value" : "20"
},{
  "dateTime" : "02/11/17 12:44:00",
  "value" : "10"
},{
  "dateTime" : "02/11/17 12:45:00",
  "value" : "10"
},{
  "dateTime" : "02/11/17 12:46:00",
  "value" : "10"
},{
  "dateTime" : "02/11/17 13:37:00",
  "value" : "10"
},{
  "dateTime" : "02/11/17 13:45:00",
  "value" : "10"
},{
  "dateTime" : "02/11/17 13:46:00",
  "value" : "10"
},{
  "dateTime" : "02/11/17 18:05:00",
  "value" : "10"
},{
  "dateTime" : "02/11/17 18:06:00",
  "value" : "10"
},{
  "dateTime" : "02/11/17 18:07:00",
  "value" : "10"
},{
  "dateTime" : "02/11/17 18:08:00",
  "value" : "20"
},{
  "dateTime" : "02/11/17 20:07:00",
  "value" : "10"
},{
  "dateTime" : "02/11/17 20:08:00",
  "value" : "10"
},{
  "dateTime" : "02/11/17 20:09:00",
  "value" : "10"
},{
  "dateTime" : "02/11/17 20:10:00",
  "value" : "10"
},{
  "dateTime" : "02/11/17 20:11:00",
  "value" : "10"
},{
  "dateTime" : "02/11/17 20:37:00",
  "value" : "10"
},{
  "dateTime" : "02/12/17 09:40:00",
  "value" : "10"
},{
  "dateTime" : "02/12/17 09:41:00",
  "value" : "10"
},{
  "dateTime" : "02/12/17 09:42:00",
  "value" : "10"
},{
  "dateTime" : "02/12/17 09:43:00",
  "value" : "10"
},{
  "dateTime" : "02/12/17 09:56:00",
  "value" : "10"
},{
  "dateTime" : "02/12/17 09:57:00",
  "value" : "10"
},{
  "dateTime" : "02/12/17 13:01:00",
  "value" : "10"
},{
  "dateTime" : "02/12/17 13:02:00",
  "value" : "10"
},{
  "dateTime" : "02/12/17 14:16:00",
  "value" : "20"
},{
  "dateTime" : "02/12/17 14:17:00",
  "value" : "10"
},{
  "dateTime" : "02/12/17 17:09:00",
  "value" : "10"
},{
  "dateTime" : "02/12/17 18:44:00",
  "value" : "10"
},{
  "dateTime" : "02/12/17 18:45:00",
  "value" : "10"
},{
  "dateTime" : "02/12/17 18:46:00",
  "value" : "10"
},{
  "dateTime" : "02/12/17 18:47:00",
  "value" : "10"
},{
  "dateTime" : "02/12/17 18:48:00",
  "value" : "30"
},{
  "dateTime" : "02/12/17 19:43:00",
  "value" : "20"
},{
  "dateTime" : "02/12/17 19:44:00",
  "value" : "10"
},{
  "dateTime" : "02/12/17 22:05:00",
  "value" : "10"
},{
  "dateTime" : "02/12/17 22:42:00",
  "value" : "10"
},{
  "dateTime" : "02/12/17 22:43:00",
  "value" : "10"
},{
  "dateTime" : "02/13/17 10:54:00",
  "value" : "10"
},{
  "dateTime" : "02/13/17 10:55:00",
  "value" : "10"
},{
  "dateTime" : "02/13/17 10:56:00",
  "value" : "10"
},{
  "dateTime" : "02/13/17 10:57:00",
  "value" : "10"
},{
  "dateTime" : "02/13/17 10:58:00",
  "value" : "10"
},{
  "dateTime" : "02/13/17 10:59:00",
  "value" : "10"
},{
  "dateTime" : "02/13/17 13:08:00",
  "value" : "20"
},{
  "dateTime" : "02/13/17 13:09:00",
  "value" : "30"
},{
  "dateTime" : "02/13/17 13:10:00",
  "value" : "30"
},{
  "dateTime" : "02/13/17 14:47:00",
  "value" : "10"
},{
  "dateTime" : "02/13/17 14:48:00",
  "value" : "20"
},{
  "dateTime" : "02/13/17 14:49:00",
  "value" : "10"
},{
  "dateTime" : "02/13/17 14:58:00",
  "value" : "10"
},{
  "dateTime" : "02/13/17 15:25:00",
  "value" : "10"
},{
  "dateTime" : "02/13/17 16:12:00",
  "value" : "40"
},{
  "dateTime" : "02/13/17 17:18:00",
  "value" : "10"
},{
  "dateTime" : "02/13/17 17:19:00",
  "value" : "10"
},{
  "dateTime" : "02/13/17 17:20:00",
  "value" : "10"
},{
  "dateTime" : "02/13/17 17:21:00",
  "value" : "20"
},{
  "dateTime" : "02/13/17 17:22:00",
  "value" : "10"
},{
  "dateTime" : "02/13/17 17:23:00",
  "value" : "30"
},{
  "dateTime" : "02/13/17 17:24:00",
  "value" : "20"
},{
  "dateTime" : "02/13/17 17:25:00",
  "value" : "20"
},{
  "dateTime" : "02/13/17 17:26:00",
  "value" : "30"
},{
  "dateTime" : "02/13/17 17:27:00",
  "value" : "20"
},{
  "dateTime" : "02/13/17 17:28:00",
  "value" : "30"
},{
  "dateTime" : "02/13/17 17:29:00",
  "value" : "30"
},{
  "dateTime" : "02/13/17 17:30:00",
  "value" : "30"
},{
  "dateTime" : "02/13/17 17:31:00",
  "value" : "30"
},{
  "dateTime" : "02/13/17 17:32:00",
  "value" : "40"
},{
  "dateTime" : "02/13/17 17:33:00",
  "value" : "40"
},{
  "dateTime" : "02/13/17 17:34:00",
  "value" : "40"
},{
  "dateTime" : "02/13/17 17:35:00",
  "value" : "30"
},{
  "dateTime" : "02/13/17 17:36:00",
  "value" : "30"
},{
  "dateTime" : "02/13/17 17:37:00",
  "value" : "40"
},{
  "dateTime" : "02/13/17 17:38:00",
  "value" : "40"
},{
  "dateTime" : "02/13/17 17:39:00",
  "value" : "40"
},{
  "dateTime" : "02/13/17 17:40:00",
  "value" : "30"
},{
  "dateTime" : "02/13/17 17:41:00",
  "value" : "40"
},{
  "dateTime" : "02/13/17 17:42:00",
  "value" : "30"
},{
  "dateTime" : "02/13/17 17:43:00",
  "value" : "30"
},{
  "dateTime" : "02/13/17 17:44:00",
  "value" : "40"
},{
  "dateTime" : "02/13/17 17:45:00",
  "value" : "30"
},{
  "dateTime" : "02/13/17 17:46:00",
  "value" : "10"
},{
  "dateTime" : "02/13/17 17:47:00",
  "value" : "20"
},{
  "dateTime" : "02/13/17 17:50:00",
  "value" : "10"
},{
  "dateTime" : "02/13/17 17:51:00",
  "value" : "30"
},{
  "dateTime" : "02/13/17 17:52:00",
  "value" : "10"
},{
  "dateTime" : "02/13/17 17:58:00",
  "value" : "10"
},{
  "dateTime" : "02/13/17 18:15:00",
  "value" : "20"
},{
  "dateTime" : "02/13/17 18:16:00",
  "value" : "10"
},{
  "dateTime" : "02/13/17 18:17:00",
  "value" : "10"
},{
  "dateTime" : "02/13/17 18:18:00",
  "value" : "10"
},{
  "dateTime" : "02/13/17 18:19:00",
  "value" : "20"
},{
  "dateTime" : "02/13/17 18:20:00",
  "value" : "10"
},{
  "dateTime" : "02/13/17 18:21:00",
  "value" : "10"
},{
  "dateTime" : "02/13/17 20:10:00",
  "value" : "30"
},{
  "dateTime" : "02/13/17 22:02:00",
  "value" : "20"
},{
  "dateTime" : "02/13/17 22:03:00",
  "value" : "10"
},{
  "dateTime" : "02/13/17 22:30:00",
  "value" : "40"
},{
  "dateTime" : "02/13/17 22:31:00",
  "value" : "10"
},{
  "dateTime" : "02/14/17 01:29:00",
  "value" : "10"
},{
  "dateTime" : "02/14/17 08:04:00",
  "value" : "10"
},{
  "dateTime" : "02/14/17 08:05:00",
  "value" : "10"
},{
  "dateTime" : "02/14/17 10:10:00",
  "value" : "10"
},{
  "dateTime" : "02/14/17 11:01:00",
  "value" : "10"
},{
  "dateTime" : "02/14/17 13:50:00",
  "value" : "10"
},{
  "dateTime" : "02/14/17 13:51:00",
  "value" : "30"
},{
  "dateTime" : "02/14/17 14:52:00",
  "value" : "10"
},{
  "dateTime" : "02/14/17 14:53:00",
  "value" : "10"
},{
  "dateTime" : "02/14/17 15:27:00",
  "value" : "10"
},{
  "dateTime" : "02/14/17 15:28:00",
  "value" : "10"
},{
  "dateTime" : "02/14/17 15:29:00",
  "value" : "10"
},{
  "dateTime" : "02/14/17 15:30:00",
  "value" : "20"
},{
  "dateTime" : "02/14/17 17:02:00",
  "value" : "10"
},{
  "dateTime" : "02/14/17 17:03:00",
  "value" : "40"
},{
  "dateTime" : "02/14/17 17:42:00",
  "value" : "20"
},{
  "dateTime" : "02/14/17 21:24:00",
  "value" : "10"
},{
  "dateTime" : "02/14/17 21:25:00",
  "value" : "20"
},{
  "dateTime" : "02/14/17 21:47:00",
  "value" : "10"
},{
  "dateTime" : "02/14/17 21:48:00",
  "value" : "10"
},{
  "dateTime" : "02/14/17 22:12:00",
  "value" : "10"
},{
  "dateTime" : "02/15/17 00:49:00",
  "value" : "10"
},{
  "dateTime" : "02/15/17 09:45:00",
  "value" : "10"
},{
  "dateTime" : "02/15/17 09:46:00",
  "value" : "10"
},{
  "dateTime" : "02/15/17 09:47:00",
  "value" : "10"
},{
  "dateTime" : "02/15/17 10:50:00",
  "value" : "10"
},{
  "dateTime" : "02/15/17 11:05:00",
  "value" : "10"
},{
  "dateTime" : "02/15/17 11:06:00",
  "value" : "10"
},{
  "dateTime" : "02/15/17 11:09:00",
  "value" : "10"
},{
  "dateTime" : "02/15/17 11:10:00",
  "value" : "10"
},{
  "dateTime" : "02/15/17 14:45:00",
  "value" : "20"
},{
  "dateTime" : "02/15/17 15:09:00",
  "value" : "10"
},{
  "dateTime" : "02/15/17 15:10:00",
  "value" : "10"
},{
  "dateTime" : "02/15/17 16:09:00",
  "value" : "10"
},{
  "dateTime" : "02/15/17 16:10:00",
  "value" : "30"
},{
  "dateTime" : "02/15/17 16:45:00",
  "value" : "10"
},{
  "dateTime" : "02/15/17 17:04:00",
  "value" : "10"
},{
  "dateTime" : "02/15/17 17:05:00",
  "value" : "10"
},{
  "dateTime" : "02/15/17 17:06:00",
  "value" : "10"
},{
  "dateTime" : "02/15/17 17:07:00",
  "value" : "10"
},{
  "dateTime" : "02/15/17 17:08:00",
  "value" : "10"
},{
  "dateTime" : "02/15/17 17:12:00",
  "value" : "10"
},{
  "dateTime" : "02/15/17 17:13:00",
  "value" : "20"
},{
  "dateTime" : "02/15/17 17:14:00",
  "value" : "10"
},{
  "dateTime" : "02/15/17 17:15:00",
  "value" : "30"
},{
  "dateTime" : "02/15/17 17:16:00",
  "value" : "30"
},{
  "dateTime" : "02/15/17 17:17:00",
  "value" : "30"
},{
  "dateTime" : "02/15/17 17:18:00",
  "value" : "20"
},{
  "dateTime" : "02/15/17 17:19:00",
  "value" : "30"
},{
  "dateTime" : "02/15/17 17:20:00",
  "value" : "30"
},{
  "dateTime" : "02/15/17 17:21:00",
  "value" : "30"
},{
  "dateTime" : "02/15/17 17:22:00",
  "value" : "40"
},{
  "dateTime" : "02/15/17 17:23:00",
  "value" : "40"
},{
  "dateTime" : "02/15/17 17:24:00",
  "value" : "30"
},{
  "dateTime" : "02/15/17 17:25:00",
  "value" : "30"
},{
  "dateTime" : "02/15/17 17:26:00",
  "value" : "40"
},{
  "dateTime" : "02/15/17 17:27:00",
  "value" : "20"
},{
  "dateTime" : "02/15/17 17:28:00",
  "value" : "50"
},{
  "dateTime" : "02/15/17 17:37:00",
  "value" : "40"
},{
  "dateTime" : "02/15/17 17:38:00",
  "value" : "40"
},{
  "dateTime" : "02/15/17 17:39:00",
  "value" : "50"
},{
  "dateTime" : "02/15/17 17:40:00",
  "value" : "20"
},{
  "dateTime" : "02/15/17 17:41:00",
  "value" : "10"
},{
  "dateTime" : "02/15/17 17:42:00",
  "value" : "10"
},{
  "dateTime" : "02/15/17 18:16:00",
  "value" : "10"
},{
  "dateTime" : "02/15/17 18:17:00",
  "value" : "10"
},{
  "dateTime" : "02/15/17 18:18:00",
  "value" : "10"
},{
  "dateTime" : "02/15/17 19:40:00",
  "value" : "20"
},{
  "dateTime" : "02/15/17 19:41:00",
  "value" : "20"
},{
  "dateTime" : "02/15/17 19:42:00",
  "value" : "10"
},{
  "dateTime" : "02/15/17 19:43:00",
  "value" : "10"
},{
  "dateTime" : "02/15/17 20:33:00",
  "value" : "10"
},{
  "dateTime" : "02/15/17 20:34:00",
  "value" : "10"
},{
  "dateTime" : "02/15/17 20:35:00",
  "value" : "30"
},{
  "dateTime" : "02/15/17 22:06:00",
  "value" : "40"
},{
  "dateTime" : "02/15/17 22:07:00",
  "value" : "10"
},{
  "dateTime" : "02/15/17 22:08:00",
  "value" : "10"
},{
  "dateTime" : "02/15/17 22:09:00",
  "value" : "10"
},{
  "dateTime" : "02/15/17 22:54:00",
  "value" : "30"
},{
  "dateTime" : "02/15/17 22:55:00",
  "value" : "10"
},{
  "dateTime" : "02/15/17 23:43:00",
  "value" : "10"
},{
  "dateTime" : "02/15/17 23:44:00",
  "value" : "10"
},{
  "dateTime" : "02/16/17 07:53:00",
  "value" : "30"
},{
  "dateTime" : "02/16/17 07:54:00",
  "value" : "20"
},{
  "dateTime" : "02/16/17 07:55:00",
  "value" : "20"
},{
  "dateTime" : "02/16/17 07:56:00",
  "value" : "10"
},{
  "dateTime" : "02/16/17 07:57:00",
  "value" : "10"
},{
  "dateTime" : "02/16/17 08:09:00",
  "value" : "10"
},{
  "dateTime" : "02/16/17 08:10:00",
  "value" : "10"
},{
  "dateTime" : "02/16/17 08:49:00",
  "value" : "10"
},{
  "dateTime" : "02/16/17 08:50:00",
  "value" : "10"
},{
  "dateTime" : "02/16/17 08:51:00",
  "value" : "10"
},{
  "dateTime" : "02/16/17 08:52:00",
  "value" : "10"
},{
  "dateTime" : "02/16/17 08:53:00",
  "value" : "10"
},{
  "dateTime" : "02/16/17 11:13:00",
  "value" : "10"
},{
  "dateTime" : "02/16/17 11:14:00",
  "value" : "10"
},{
  "dateTime" : "02/16/17 11:15:00",
  "value" : "10"
},{
  "dateTime" : "02/16/17 11:16:00",
  "value" : "10"
},{
  "dateTime" : "02/16/17 11:17:00",
  "value" : "10"
},{
  "dateTime" : "02/16/17 11:53:00",
  "value" : "10"
},{
  "dateTime" : "02/16/17 11:54:00",
  "value" : "20"
},{
  "dateTime" : "02/16/17 11:55:00",
  "value" : "30"
},{
  "dateTime" : "02/16/17 11:56:00",
  "value" : "10"
},{
  "dateTime" : "02/16/17 11:57:00",
  "value" : "10"
},{
  "dateTime" : "02/16/17 11:58:00",
  "value" : "30"
},{
  "dateTime" : "02/16/17 15:33:00",
  "value" : "30"
},{
  "dateTime" : "02/16/17 15:34:00",
  "value" : "20"
},{
  "dateTime" : "02/16/17 15:35:00",
  "value" : "30"
},{
  "dateTime" : "02/16/17 15:36:00",
  "value" : "10"
},{
  "dateTime" : "02/16/17 15:37:00",
  "value" : "20"
},{
  "dateTime" : "02/16/17 15:38:00",
  "value" : "10"
},{
  "dateTime" : "02/16/17 17:36:00",
  "value" : "10"
},{
  "dateTime" : "02/16/17 17:37:00",
  "value" : "10"
},{
  "dateTime" : "02/16/17 17:38:00",
  "value" : "10"
},{
  "dateTime" : "02/16/17 17:39:00",
  "value" : "20"
},{
  "dateTime" : "02/16/17 17:40:00",
  "value" : "20"
},{
  "dateTime" : "02/16/17 17:41:00",
  "value" : "20"
},{
  "dateTime" : "02/16/17 18:02:00",
  "value" : "10"
},{
  "dateTime" : "02/16/17 18:03:00",
  "value" : "10"
},{
  "dateTime" : "02/16/17 18:04:00",
  "value" : "10"
},{
  "dateTime" : "02/16/17 18:05:00",
  "value" : "10"
},{
  "dateTime" : "02/16/17 19:03:00",
  "value" : "10"
},{
  "dateTime" : "02/16/17 20:29:00",
  "value" : "20"
},{
  "dateTime" : "02/16/17 20:30:00",
  "value" : "10"
},{
  "dateTime" : "02/16/17 21:10:00",
  "value" : "10"
},{
  "dateTime" : "02/16/17 21:59:00",
  "value" : "10"
},{
  "dateTime" : "02/16/17 22:00:00",
  "value" : "10"
},{
  "dateTime" : "02/16/17 22:01:00",
  "value" : "10"
},{
  "dateTime" : "02/16/17 22:02:00",
  "value" : "20"
},{
  "dateTime" : "02/16/17 22:03:00",
  "value" : "30"
},{
  "dateTime" : "02/16/17 22:04:00",
  "value" : "10"
},{
  "dateTime" : "02/16/17 22:05:00",
  "value" : "20"
},{
  "dateTime" : "02/16/17 22:37:00",
  "value" : "10"
},{
  "dateTime" : "02/16/17 23:01:00",
  "value" : "20"
},{
  "dateTime" : "02/16/17 23:02:00",
  "value" : "10"
},{
  "dateTime" : "02/16/17 23:03:00",
  "value" : "30"
},{
  "dateTime" : "02/16/17 23:04:00",
  "value" : "20"
},{
  "dateTime" : "02/16/17 23:05:00",
  "value" : "20"
},{
  "dateTime" : "02/16/17 23:17:00",
  "value" : "10"
},{
  "dateTime" : "02/17/17 00:41:00",
  "value" : "10"
},{
  "dateTime" : "02/17/17 00:42:00",
  "value" : "10"
},{
  "dateTime" : "02/17/17 00:43:00",
  "value" : "80"
},{
  "dateTime" : "02/17/17 00:44:00",
  "value" : "10"
},{
  "dateTime" : "02/17/17 00:55:00",
  "value" : "10"
},{
  "dateTime" : "02/17/17 00:56:00",
  "value" : "10"
},{
  "dateTime" : "02/17/17 00:57:00",
  "value" : "10"
},{
  "dateTime" : "02/17/17 00:58:00",
  "value" : "20"
},{
  "dateTime" : "02/17/17 00:59:00",
  "value" : "20"
},{
  "dateTime" : "02/17/17 01:00:00",
  "value" : "10"
},{
  "dateTime" : "02/17/17 01:27:00",
  "value" : "10"
},{
  "dateTime" : "02/17/17 08:31:00",
  "value" : "10"
},{
  "dateTime" : "02/17/17 08:32:00",
  "value" : "10"
},{
  "dateTime" : "02/17/17 08:33:00",
  "value" : "10"
},{
  "dateTime" : "02/17/17 08:41:00",
  "value" : "10"
},{
  "dateTime" : "02/17/17 08:42:00",
  "value" : "10"
},{
  "dateTime" : "02/17/17 09:14:00",
  "value" : "20"
},{
  "dateTime" : "02/17/17 09:15:00",
  "value" : "10"
},{
  "dateTime" : "02/17/17 09:16:00",
  "value" : "10"
},{
  "dateTime" : "02/17/17 09:38:00",
  "value" : "10"
},{
  "dateTime" : "02/17/17 09:39:00",
  "value" : "10"
},{
  "dateTime" : "02/17/17 09:40:00",
  "value" : "20"
},{
  "dateTime" : "02/17/17 09:41:00",
  "value" : "10"
},{
  "dateTime" : "02/17/17 09:46:00",
  "value" : "10"
},{
  "dateTime" : "02/17/17 09:47:00",
  "value" : "10"
},{
  "dateTime" : "02/17/17 09:48:00",
  "value" : "10"
},{
  "dateTime" : "02/17/17 09:49:00",
  "value" : "10"
},{
  "dateTime" : "02/17/17 10:21:00",
  "value" : "20"
},{
  "dateTime" : "02/17/17 10:22:00",
  "value" : "10"
},{
  "dateTime" : "02/17/17 10:44:00",
  "value" : "10"
},{
  "dateTime" : "02/17/17 12:08:00",
  "value" : "10"
},{
  "dateTime" : "02/17/17 12:09:00",
  "value" : "10"
},{
  "dateTime" : "02/17/17 12:10:00",
  "value" : "20"
},{
  "dateTime" : "02/17/17 12:11:00",
  "value" : "20"
},{
  "dateTime" : "02/17/17 12:52:00",
  "value" : "20"
},{
  "dateTime" : "02/17/17 12:53:00",
  "value" : "10"
},{
  "dateTime" : "02/17/17 13:56:00",
  "value" : "10"
},{
  "dateTime" : "02/17/17 14:05:00",
  "value" : "20"
},{
  "dateTime" : "02/17/17 15:04:00",
  "value" : "10"
},{
  "dateTime" : "02/17/17 15:07:00",
  "value" : "10"
},{
  "dateTime" : "02/17/17 16:37:00",
  "value" : "10"
},{
  "dateTime" : "02/17/17 19:03:00",
  "value" : "10"
},{
  "dateTime" : "02/17/17 19:04:00",
  "value" : "20"
},{
  "dateTime" : "02/17/17 19:05:00",
  "value" : "20"
},{
  "dateTime" : "02/17/17 19:06:00",
  "value" : "20"
},{
  "dateTime" : "02/17/17 19:36:00",
  "value" : "10"
},{
  "dateTime" : "02/17/17 20:29:00",
  "value" : "10"
},{
  "dateTime" : "02/17/17 20:30:00",
  "value" : "10"
},{
  "dateTime" : "02/17/17 20:56:00",
  "value" : "10"
},{
  "dateTime" : "02/17/17 20:57:00",
  "value" : "10"
},{
  "dateTime" : "02/17/17 21:15:00",
  "value" : "20"
},{
  "dateTime" : "02/17/17 21:16:00",
  "value" : "10"
},{
  "dateTime" : "02/17/17 21:17:00",
  "value" : "10"
},{
  "dateTime" : "02/17/17 21:18:00",
  "value" : "10"
},{
  "dateTime" : "02/17/17 21:19:00",
  "value" : "10"
},{
  "dateTime" : "02/17/17 23:42:00",
  "value" : "10"
},{
  "dateTime" : "02/17/17 23:43:00",
  "value" : "10"
},{
  "dateTime" : "02/18/17 09:15:00",
  "value" : "10"
},{
  "dateTime" : "02/18/17 09:16:00",
  "value" : "10"
},{
  "dateTime" : "02/18/17 10:03:00",
  "value" : "10"
},{
  "dateTime" : "02/18/17 11:04:00",
  "value" : "10"
},{
  "dateTime" : "02/18/17 11:05:00",
  "value" : "10"
},{
  "dateTime" : "02/18/17 11:06:00",
  "value" : "20"
},{
  "dateTime" : "02/18/17 11:07:00",
  "value" : "10"
},{
  "dateTime" : "02/18/17 11:49:00",
  "value" : "10"
},{
  "dateTime" : "02/18/17 11:50:00",
  "value" : "10"
},{
  "dateTime" : "02/18/17 13:31:00",
  "value" : "10"
},{
  "dateTime" : "02/18/17 13:32:00",
  "value" : "10"
},{
  "dateTime" : "02/18/17 13:33:00",
  "value" : "10"
},{
  "dateTime" : "02/18/17 13:34:00",
  "value" : "10"
},{
  "dateTime" : "02/18/17 13:40:00",
  "value" : "10"
},{
  "dateTime" : "02/18/17 13:41:00",
  "value" : "10"
},{
  "dateTime" : "02/18/17 13:42:00",
  "value" : "10"
},{
  "dateTime" : "02/18/17 13:43:00",
  "value" : "10"
},{
  "dateTime" : "02/18/17 13:44:00",
  "value" : "10"
},{
  "dateTime" : "02/18/17 13:45:00",
  "value" : "10"
},{
  "dateTime" : "02/18/17 13:46:00",
  "value" : "10"
},{
  "dateTime" : "02/18/17 13:47:00",
  "value" : "10"
},{
  "dateTime" : "02/18/17 13:48:00",
  "value" : "10"
},{
  "dateTime" : "02/18/17 13:49:00",
  "value" : "10"
},{
  "dateTime" : "02/18/17 15:25:00",
  "value" : "10"
},{
  "dateTime" : "02/18/17 15:26:00",
  "value" : "10"
},{
  "dateTime" : "02/18/17 15:27:00",
  "value" : "20"
},{
  "dateTime" : "02/18/17 15:28:00",
  "value" : "10"
},{
  "dateTime" : "02/18/17 15:29:00",
  "value" : "30"
},{
  "dateTime" : "02/18/17 16:33:00",
  "value" : "10"
},{
  "dateTime" : "02/18/17 16:34:00",
  "value" : "10"
},{
  "dateTime" : "02/18/17 16:35:00",
  "value" : "20"
},{
  "dateTime" : "02/18/17 16:36:00",
  "value" : "10"
},{
  "dateTime" : "02/18/17 16:37:00",
  "value" : "10"
},{
  "dateTime" : "02/18/17 17:32:00",
  "value" : "10"
},{
  "dateTime" : "02/18/17 17:33:00",
  "value" : "10"
},{
  "dateTime" : "02/18/17 17:41:00",
  "value" : "10"
},{
  "dateTime" : "02/18/17 17:42:00",
  "value" : "10"
},{
  "dateTime" : "02/18/17 17:43:00",
  "value" : "10"
},{
  "dateTime" : "02/18/17 17:44:00",
  "value" : "30"
},{
  "dateTime" : "02/18/17 19:05:00",
  "value" : "10"
},{
  "dateTime" : "02/18/17 19:06:00",
  "value" : "20"
},{
  "dateTime" : "02/18/17 19:07:00",
  "value" : "10"
},{
  "dateTime" : "02/18/17 19:08:00",
  "value" : "10"
},{
  "dateTime" : "02/18/17 19:09:00",
  "value" : "20"
},{
  "dateTime" : "02/18/17 19:10:00",
  "value" : "20"
},{
  "dateTime" : "02/18/17 19:39:00",
  "value" : "10"
},{
  "dateTime" : "02/18/17 20:03:00",
  "value" : "10"
},{
  "dateTime" : "02/18/17 20:11:00",
  "value" : "10"
},{
  "dateTime" : "02/18/17 20:12:00",
  "value" : "10"
},{
  "dateTime" : "02/18/17 20:13:00",
  "value" : "10"
},{
  "dateTime" : "02/18/17 21:42:00",
  "value" : "10"
},{
  "dateTime" : "02/18/17 22:13:00",
  "value" : "10"
},{
  "dateTime" : "02/18/17 22:14:00",
  "value" : "10"
},{
  "dateTime" : "02/18/17 22:15:00",
  "value" : "10"
},{
  "dateTime" : "02/18/17 22:16:00",
  "value" : "10"
},{
  "dateTime" : "02/18/17 22:17:00",
  "value" : "20"
},{
  "dateTime" : "02/18/17 22:18:00",
  "value" : "10"
},{
  "dateTime" : "02/18/17 22:37:00",
  "value" : "10"
},{
  "dateTime" : "02/18/17 22:38:00",
  "value" : "10"
},{
  "dateTime" : "02/18/17 23:05:00",
  "value" : "10"
},{
  "dateTime" : "02/18/17 23:42:00",
  "value" : "10"
},{
  "dateTime" : "02/19/17 00:00:00",
  "value" : "10"
},{
  "dateTime" : "02/19/17 00:01:00",
  "value" : "10"
},{
  "dateTime" : "02/19/17 00:30:00",
  "value" : "10"
},{
  "dateTime" : "02/19/17 09:55:00",
  "value" : "10"
},{
  "dateTime" : "02/19/17 10:33:00",
  "value" : "10"
},{
  "dateTime" : "02/19/17 10:34:00",
  "value" : "20"
},{
  "dateTime" : "02/19/17 10:41:00",
  "value" : "10"
},{
  "dateTime" : "02/19/17 10:42:00",
  "value" : "10"
},{
  "dateTime" : "02/19/17 11:18:00",
  "value" : "10"
},{
  "dateTime" : "02/19/17 11:19:00",
  "value" : "10"
},{
  "dateTime" : "02/19/17 11:38:00",
  "value" : "10"
},{
  "dateTime" : "02/19/17 11:39:00",
  "value" : "10"
},{
  "dateTime" : "02/19/17 11:40:00",
  "value" : "30"
},{
  "dateTime" : "02/19/17 11:41:00",
  "value" : "10"
},{
  "dateTime" : "02/19/17 11:54:00",
  "value" : "10"
},{
  "dateTime" : "02/19/17 12:53:00",
  "value" : "10"
},{
  "dateTime" : "02/19/17 12:54:00",
  "value" : "30"
},{
  "dateTime" : "02/19/17 12:55:00",
  "value" : "10"
},{
  "dateTime" : "02/19/17 15:51:00",
  "value" : "10"
},{
  "dateTime" : "02/19/17 15:52:00",
  "value" : "10"
},{
  "dateTime" : "02/19/17 15:53:00",
  "value" : "20"
},{
  "dateTime" : "02/19/17 16:56:00",
  "value" : "10"
},{
  "dateTime" : "02/19/17 16:57:00",
  "value" : "10"
},{
  "dateTime" : "02/19/17 17:55:00",
  "value" : "10"
},{
  "dateTime" : "02/19/17 17:56:00",
  "value" : "10"
},{
  "dateTime" : "02/19/17 17:57:00",
  "value" : "10"
},{
  "dateTime" : "02/19/17 17:58:00",
  "value" : "10"
},{
  "dateTime" : "02/19/17 18:33:00",
  "value" : "10"
},{
  "dateTime" : "02/19/17 20:00:00",
  "value" : "20"
},{
  "dateTime" : "02/19/17 20:01:00",
  "value" : "10"
},{
  "dateTime" : "02/19/17 20:02:00",
  "value" : "30"
},{
  "dateTime" : "02/19/17 20:03:00",
  "value" : "10"
},{
  "dateTime" : "02/19/17 20:04:00",
  "value" : "10"
},{
  "dateTime" : "02/19/17 20:05:00",
  "value" : "10"
},{
  "dateTime" : "02/19/17 20:06:00",
  "value" : "10"
},{
  "dateTime" : "02/19/17 20:29:00",
  "value" : "10"
},{
  "dateTime" : "02/19/17 20:30:00",
  "value" : "10"
},{
  "dateTime" : "02/19/17 20:37:00",
  "value" : "10"
},{
  "dateTime" : "02/19/17 20:38:00",
  "value" : "10"
},{
  "dateTime" : "02/19/17 20:39:00",
  "value" : "10"
},{
  "dateTime" : "02/19/17 20:40:00",
  "value" : "10"
},{
  "dateTime" : "02/19/17 20:53:00",
  "value" : "20"
},{
  "dateTime" : "02/19/17 20:54:00",
  "value" : "20"
},{
  "dateTime" : "02/19/17 20:55:00",
  "value" : "10"
},{
  "dateTime" : "02/19/17 21:01:00",
  "value" : "20"
},{
  "dateTime" : "02/19/17 21:02:00",
  "value" : "10"
},{
  "dateTime" : "02/19/17 21:09:00",
  "value" : "10"
},{
  "dateTime" : "02/19/17 21:10:00",
  "value" : "10"
},{
  "dateTime" : "02/19/17 21:11:00",
  "value" : "10"
},{
  "dateTime" : "02/19/17 21:12:00",
  "value" : "10"
},{
  "dateTime" : "02/19/17 21:13:00",
  "value" : "10"
},{
  "dateTime" : "02/19/17 21:14:00",
  "value" : "10"
},{
  "dateTime" : "02/19/17 21:18:00",
  "value" : "10"
},{
  "dateTime" : "02/19/17 21:19:00",
  "value" : "10"
},{
  "dateTime" : "02/19/17 21:20:00",
  "value" : "10"
},{
  "dateTime" : "02/19/17 21:21:00",
  "value" : "10"
},{
  "dateTime" : "02/19/17 21:22:00",
  "value" : "10"
},{
  "dateTime" : "02/19/17 21:23:00",
  "value" : "10"
},{
  "dateTime" : "02/19/17 21:24:00",
  "value" : "10"
},{
  "dateTime" : "02/19/17 21:25:00",
  "value" : "10"
},{
  "dateTime" : "02/19/17 21:26:00",
  "value" : "10"
},{
  "dateTime" : "02/19/17 21:27:00",
  "value" : "10"
},{
  "dateTime" : "02/19/17 21:28:00",
  "value" : "10"
},{
  "dateTime" : "02/19/17 21:29:00",
  "value" : "10"
},{
  "dateTime" : "02/19/17 21:30:00",
  "value" : "10"
},{
  "dateTime" : "02/19/17 21:31:00",
  "value" : "10"
},{
  "dateTime" : "02/19/17 21:32:00",
  "value" : "10"
},{
  "dateTime" : "02/19/17 21:33:00",
  "value" : "10"
},{
  "dateTime" : "02/19/17 21:34:00",
  "value" : "10"
},{
  "dateTime" : "02/19/17 21:35:00",
  "value" : "10"
},{
  "dateTime" : "02/19/17 21:36:00",
  "value" : "10"
},{
  "dateTime" : "02/19/17 21:37:00",
  "value" : "10"
},{
  "dateTime" : "02/19/17 21:38:00",
  "value" : "10"
},{
  "dateTime" : "02/19/17 21:39:00",
  "value" : "10"
},{
  "dateTime" : "02/19/17 21:40:00",
  "value" : "10"
},{
  "dateTime" : "02/19/17 21:42:00",
  "value" : "20"
},{
  "dateTime" : "02/19/17 21:43:00",
  "value" : "10"
},{
  "dateTime" : "02/19/17 21:44:00",
  "value" : "10"
},{
  "dateTime" : "02/19/17 21:45:00",
  "value" : "10"
},{
  "dateTime" : "02/19/17 21:46:00",
  "value" : "10"
},{
  "dateTime" : "02/19/17 21:47:00",
  "value" : "10"
},{
  "dateTime" : "02/19/17 21:48:00",
  "value" : "10"
},{
  "dateTime" : "02/19/17 21:49:00",
  "value" : "10"
},{
  "dateTime" : "02/19/17 22:37:00",
  "value" : "10"
},{
  "dateTime" : "02/19/17 22:38:00",
  "value" : "10"
},{
  "dateTime" : "02/19/17 22:39:00",
  "value" : "10"
},{
  "dateTime" : "02/19/17 22:40:00",
  "value" : "20"
},{
  "dateTime" : "02/19/17 23:06:00",
  "value" : "10"
},{
  "dateTime" : "02/19/17 23:07:00",
  "value" : "20"
},{
  "dateTime" : "02/20/17 10:08:00",
  "value" : "10"
},{
  "dateTime" : "02/20/17 10:50:00",
  "value" : "10"
},{
  "dateTime" : "02/20/17 10:51:00",
  "value" : "20"
},{
  "dateTime" : "02/20/17 10:52:00",
  "value" : "10"
},{
  "dateTime" : "02/20/17 10:53:00",
  "value" : "30"
},{
  "dateTime" : "02/20/17 15:54:00",
  "value" : "10"
},{
  "dateTime" : "02/20/17 15:55:00",
  "value" : "20"
},{
  "dateTime" : "02/20/17 15:56:00",
  "value" : "20"
},{
  "dateTime" : "02/20/17 16:36:00",
  "value" : "10"
},{
  "dateTime" : "02/20/17 18:03:00",
  "value" : "10"
},{
  "dateTime" : "02/20/17 18:50:00",
  "value" : "10"
},{
  "dateTime" : "02/20/17 18:51:00",
  "value" : "10"
},{
  "dateTime" : "02/20/17 18:52:00",
  "value" : "10"
},{
  "dateTime" : "02/20/17 18:53:00",
  "value" : "10"
},{
  "dateTime" : "02/20/17 18:54:00",
  "value" : "10"
},{
  "dateTime" : "02/20/17 20:27:00",
  "value" : "10"
},{
  "dateTime" : "02/20/17 22:19:00",
  "value" : "10"
},{
  "dateTime" : "02/20/17 22:21:00",
  "value" : "10"
},{
  "dateTime" : "02/20/17 22:22:00",
  "value" : "10"
},{
  "dateTime" : "02/20/17 22:23:00",
  "value" : "10"
},{
  "dateTime" : "02/20/17 22:24:00",
  "value" : "10"
},{
  "dateTime" : "02/20/17 22:30:00",
  "value" : "10"
},{
  "dateTime" : "02/20/17 22:36:00",
  "value" : "10"
},{
  "dateTime" : "02/20/17 22:37:00",
  "value" : "10"
},{
  "dateTime" : "02/20/17 22:41:00",
  "value" : "10"
},{
  "dateTime" : "02/20/17 22:49:00",
  "value" : "10"
},{
  "dateTime" : "02/20/17 22:57:00",
  "value" : "20"
},{
  "dateTime" : "02/20/17 22:58:00",
  "value" : "20"
},{
  "dateTime" : "02/20/17 23:07:00",
  "value" : "10"
},{
  "dateTime" : "02/20/17 23:08:00",
  "value" : "10"
},{
  "dateTime" : "02/20/17 23:09:00",
  "value" : "20"
},{
  "dateTime" : "02/20/17 23:10:00",
  "value" : "20"
},{
  "dateTime" : "02/20/17 23:11:00",
  "value" : "10"
},{
  "dateTime" : "02/20/17 23:12:00",
  "value" : "20"
},{
  "dateTime" : "02/20/17 23:13:00",
  "value" : "20"
},{
  "dateTime" : "02/20/17 23:14:00",
  "value" : "10"
},{
  "dateTime" : "02/20/17 23:15:00",
  "value" : "10"
},{
  "dateTime" : "02/20/17 23:16:00",
  "value" : "10"
},{
  "dateTime" : "02/20/17 23:47:00",
  "value" : "10"
},{
  "dateTime" : "02/21/17 07:59:00",
  "value" : "10"
},{
  "dateTime" : "02/21/17 08:00:00",
  "value" : "20"
},{
  "dateTime" : "02/21/17 08:01:00",
  "value" : "10"
},{
  "dateTime" : "02/21/17 08:02:00",
  "value" : "40"
},{
  "dateTime" : "02/21/17 08:03:00",
  "value" : "40"
},{
  "dateTime" : "02/21/17 08:04:00",
  "value" : "40"
},{
  "dateTime" : "02/21/17 08:05:00",
  "value" : "50"
},{
  "dateTime" : "02/21/17 08:06:00",
  "value" : "40"
},{
  "dateTime" : "02/21/17 08:07:00",
  "value" : "40"
},{
  "dateTime" : "02/21/17 08:08:00",
  "value" : "50"
},{
  "dateTime" : "02/21/17 08:09:00",
  "value" : "30"
},{
  "dateTime" : "02/21/17 08:10:00",
  "value" : "50"
},{
  "dateTime" : "02/21/17 08:11:00",
  "value" : "30"
},{
  "dateTime" : "02/21/17 08:12:00",
  "value" : "40"
},{
  "dateTime" : "02/21/17 08:13:00",
  "value" : "30"
},{
  "dateTime" : "02/21/17 08:14:00",
  "value" : "30"
},{
  "dateTime" : "02/21/17 08:15:00",
  "value" : "10"
},{
  "dateTime" : "02/21/17 10:02:00",
  "value" : "10"
},{
  "dateTime" : "02/21/17 10:03:00",
  "value" : "10"
},{
  "dateTime" : "02/21/17 10:33:00",
  "value" : "10"
},{
  "dateTime" : "02/21/17 10:34:00",
  "value" : "10"
},{
  "dateTime" : "02/21/17 13:25:00",
  "value" : "40"
},{
  "dateTime" : "02/21/17 15:33:00",
  "value" : "20"
},{
  "dateTime" : "02/21/17 15:34:00",
  "value" : "10"
},{
  "dateTime" : "02/21/17 15:35:00",
  "value" : "10"
},{
  "dateTime" : "02/21/17 15:36:00",
  "value" : "10"
},{
  "dateTime" : "02/21/17 15:37:00",
  "value" : "10"
},{
  "dateTime" : "02/21/17 16:23:00",
  "value" : "20"
},{
  "dateTime" : "02/21/17 17:53:00",
  "value" : "10"
},{
  "dateTime" : "02/21/17 17:54:00",
  "value" : "10"
},{
  "dateTime" : "02/21/17 17:55:00",
  "value" : "20"
},{
  "dateTime" : "02/21/17 17:56:00",
  "value" : "30"
},{
  "dateTime" : "02/21/17 19:59:00",
  "value" : "30"
},{
  "dateTime" : "02/21/17 20:00:00",
  "value" : "30"
},{
  "dateTime" : "02/21/17 20:01:00",
  "value" : "10"
},{
  "dateTime" : "02/21/17 20:02:00",
  "value" : "10"
},{
  "dateTime" : "02/21/17 20:03:00",
  "value" : "10"
},{
  "dateTime" : "02/21/17 20:04:00",
  "value" : "20"
},{
  "dateTime" : "02/21/17 20:05:00",
  "value" : "10"
},{
  "dateTime" : "02/21/17 20:06:00",
  "value" : "10"
},{
  "dateTime" : "02/21/17 20:07:00",
  "value" : "20"
},{
  "dateTime" : "02/21/17 21:01:00",
  "value" : "20"
},{
  "dateTime" : "02/21/17 21:02:00",
  "value" : "10"
},{
  "dateTime" : "02/21/17 21:03:00",
  "value" : "10"
},{
  "dateTime" : "02/21/17 21:04:00",
  "value" : "10"
},{
  "dateTime" : "02/21/17 21:05:00",
  "value" : "10"
},{
  "dateTime" : "02/21/17 21:13:00",
  "value" : "40"
},{
  "dateTime" : "02/21/17 23:50:00",
  "value" : "10"
},{
  "dateTime" : "02/22/17 09:07:00",
  "value" : "10"
},{
  "dateTime" : "02/22/17 09:37:00",
  "value" : "10"
},{
  "dateTime" : "02/22/17 09:38:00",
  "value" : "10"
},{
  "dateTime" : "02/22/17 09:39:00",
  "value" : "10"
},{
  "dateTime" : "02/22/17 09:40:00",
  "value" : "10"
},{
  "dateTime" : "02/22/17 09:54:00",
  "value" : "10"
},{
  "dateTime" : "02/22/17 09:55:00",
  "value" : "20"
},{
  "dateTime" : "02/22/17 09:56:00",
  "value" : "10"
},{
  "dateTime" : "02/22/17 09:57:00",
  "value" : "20"
},{
  "dateTime" : "02/22/17 09:58:00",
  "value" : "10"
},{
  "dateTime" : "02/22/17 09:59:00",
  "value" : "20"
},{
  "dateTime" : "02/22/17 10:00:00",
  "value" : "10"
},{
  "dateTime" : "02/22/17 10:01:00",
  "value" : "10"
},{
  "dateTime" : "02/22/17 10:02:00",
  "value" : "10"
},{
  "dateTime" : "02/22/17 10:03:00",
  "value" : "10"
},{
  "dateTime" : "02/22/17 10:04:00",
  "value" : "10"
},{
  "dateTime" : "02/22/17 10:18:00",
  "value" : "10"
},{
  "dateTime" : "02/22/17 10:19:00",
  "value" : "20"
},{
  "dateTime" : "02/22/17 10:20:00",
  "value" : "10"
},{
  "dateTime" : "02/22/17 10:21:00",
  "value" : "10"
},{
  "dateTime" : "02/22/17 10:22:00",
  "value" : "10"
},{
  "dateTime" : "02/22/17 10:23:00",
  "value" : "10"
},{
  "dateTime" : "02/22/17 10:24:00",
  "value" : "10"
},{
  "dateTime" : "02/22/17 10:25:00",
  "value" : "10"
},{
  "dateTime" : "02/22/17 10:26:00",
  "value" : "20"
},{
  "dateTime" : "02/22/17 10:56:00",
  "value" : "20"
},{
  "dateTime" : "02/22/17 10:57:00",
  "value" : "20"
},{
  "dateTime" : "02/22/17 10:58:00",
  "value" : "20"
},{
  "dateTime" : "02/22/17 10:59:00",
  "value" : "30"
},{
  "dateTime" : "02/22/17 11:00:00",
  "value" : "30"
},{
  "dateTime" : "02/22/17 11:01:00",
  "value" : "10"
},{
  "dateTime" : "02/22/17 11:02:00",
  "value" : "30"
},{
  "dateTime" : "02/22/17 11:03:00",
  "value" : "10"
},{
  "dateTime" : "02/22/17 11:04:00",
  "value" : "20"
},{
  "dateTime" : "02/22/17 11:05:00",
  "value" : "30"
},{
  "dateTime" : "02/22/17 11:06:00",
  "value" : "30"
},{
  "dateTime" : "02/22/17 11:07:00",
  "value" : "30"
},{
  "dateTime" : "02/22/17 11:08:00",
  "value" : "20"
},{
  "dateTime" : "02/22/17 11:09:00",
  "value" : "20"
},{
  "dateTime" : "02/22/17 11:10:00",
  "value" : "20"
},{
  "dateTime" : "02/22/17 11:11:00",
  "value" : "30"
},{
  "dateTime" : "02/22/17 11:12:00",
  "value" : "30"
},{
  "dateTime" : "02/22/17 11:13:00",
  "value" : "10"
},{
  "dateTime" : "02/22/17 11:14:00",
  "value" : "20"
},{
  "dateTime" : "02/22/17 11:15:00",
  "value" : "10"
},{
  "dateTime" : "02/22/17 12:12:00",
  "value" : "10"
},{
  "dateTime" : "02/22/17 12:45:00",
  "value" : "10"
},{
  "dateTime" : "02/22/17 12:46:00",
  "value" : "10"
},{
  "dateTime" : "02/22/17 12:47:00",
  "value" : "10"
},{
  "dateTime" : "02/22/17 12:48:00",
  "value" : "10"
},{
  "dateTime" : "02/22/17 12:49:00",
  "value" : "10"
},{
  "dateTime" : "02/22/17 12:50:00",
  "value" : "30"
},{
  "dateTime" : "02/22/17 12:51:00",
  "value" : "40"
},{
  "dateTime" : "02/22/17 13:56:00",
  "value" : "10"
},{
  "dateTime" : "02/22/17 15:00:00",
  "value" : "10"
},{
  "dateTime" : "02/22/17 15:01:00",
  "value" : "10"
},{
  "dateTime" : "02/22/17 15:02:00",
  "value" : "20"
},{
  "dateTime" : "02/22/17 15:03:00",
  "value" : "10"
},{
  "dateTime" : "02/22/17 16:09:00",
  "value" : "20"
},{
  "dateTime" : "02/22/17 16:10:00",
  "value" : "10"
},{
  "dateTime" : "02/22/17 16:11:00",
  "value" : "10"
},{
  "dateTime" : "02/22/17 16:12:00",
  "value" : "10"
},{
  "dateTime" : "02/22/17 16:13:00",
  "value" : "40"
},{
  "dateTime" : "02/22/17 17:28:00",
  "value" : "10"
},{
  "dateTime" : "02/22/17 17:29:00",
  "value" : "10"
},{
  "dateTime" : "02/22/17 17:54:00",
  "value" : "10"
},{
  "dateTime" : "02/22/17 17:55:00",
  "value" : "10"
},{
  "dateTime" : "02/22/17 18:04:00",
  "value" : "20"
},{
  "dateTime" : "02/22/17 18:05:00",
  "value" : "30"
},{
  "dateTime" : "02/22/17 18:30:00",
  "value" : "10"
},{
  "dateTime" : "02/22/17 19:41:00",
  "value" : "20"
},{
  "dateTime" : "02/22/17 19:42:00",
  "value" : "10"
},{
  "dateTime" : "02/22/17 19:43:00",
  "value" : "10"
},{
  "dateTime" : "02/22/17 19:44:00",
  "value" : "20"
},{
  "dateTime" : "02/22/17 19:49:00",
  "value" : "20"
},{
  "dateTime" : "02/22/17 20:31:00",
  "value" : "10"
},{
  "dateTime" : "02/22/17 20:32:00",
  "value" : "20"
},{
  "dateTime" : "02/23/17 09:03:00",
  "value" : "10"
},{
  "dateTime" : "02/23/17 09:04:00",
  "value" : "20"
},{
  "dateTime" : "02/23/17 09:05:00",
  "value" : "90"
},{
  "dateTime" : "02/23/17 09:06:00",
  "value" : "30"
},{
  "dateTime" : "02/23/17 09:07:00",
  "value" : "60"
},{
  "dateTime" : "02/23/17 11:03:00",
  "value" : "20"
},{
  "dateTime" : "02/23/17 11:04:00",
  "value" : "20"
},{
  "dateTime" : "02/23/17 11:05:00",
  "value" : "10"
},{
  "dateTime" : "02/23/17 11:06:00",
  "value" : "20"
},{
  "dateTime" : "02/23/17 11:07:00",
  "value" : "10"
},{
  "dateTime" : "02/23/17 11:56:00",
  "value" : "10"
},{
  "dateTime" : "02/23/17 12:47:00",
  "value" : "10"
},{
  "dateTime" : "02/23/17 14:00:00",
  "value" : "10"
},{
  "dateTime" : "02/23/17 14:01:00",
  "value" : "10"
},{
  "dateTime" : "02/23/17 14:02:00",
  "value" : "10"
},{
  "dateTime" : "02/23/17 14:03:00",
  "value" : "30"
},{
  "dateTime" : "02/23/17 14:04:00",
  "value" : "10"
},{
  "dateTime" : "02/23/17 15:22:00",
  "value" : "10"
},{
  "dateTime" : "02/23/17 15:23:00",
  "value" : "20"
},{
  "dateTime" : "02/23/17 15:30:00",
  "value" : "10"
},{
  "dateTime" : "02/23/17 15:31:00",
  "value" : "10"
},{
  "dateTime" : "02/23/17 15:32:00",
  "value" : "10"
},{
  "dateTime" : "02/23/17 15:33:00",
  "value" : "10"
},{
  "dateTime" : "02/23/17 15:34:00",
  "value" : "10"
},{
  "dateTime" : "02/23/17 15:35:00",
  "value" : "30"
},{
  "dateTime" : "02/23/17 17:00:00",
  "value" : "10"
},{
  "dateTime" : "02/23/17 17:01:00",
  "value" : "30"
},{
  "dateTime" : "02/23/17 17:02:00",
  "value" : "10"
},{
  "dateTime" : "02/23/17 17:03:00",
  "value" : "20"
},{
  "dateTime" : "02/23/17 17:04:00",
  "value" : "20"
},{
  "dateTime" : "02/23/17 17:05:00",
  "value" : "20"
},{
  "dateTime" : "02/23/17 17:06:00",
  "value" : "10"
},{
  "dateTime" : "02/23/17 17:36:00",
  "value" : "10"
},{
  "dateTime" : "02/23/17 18:09:00",
  "value" : "10"
},{
  "dateTime" : "02/23/17 18:27:00",
  "value" : "10"
},{
  "dateTime" : "02/23/17 18:28:00",
  "value" : "20"
},{
  "dateTime" : "02/23/17 18:29:00",
  "value" : "10"
},{
  "dateTime" : "02/23/17 18:58:00",
  "value" : "10"
},{
  "dateTime" : "02/23/17 18:59:00",
  "value" : "10"
},{
  "dateTime" : "02/23/17 19:00:00",
  "value" : "10"
},{
  "dateTime" : "02/23/17 19:01:00",
  "value" : "10"
},{
  "dateTime" : "02/23/17 19:02:00",
  "value" : "10"
},{
  "dateTime" : "02/23/17 19:03:00",
  "value" : "10"
},{
  "dateTime" : "02/23/17 19:04:00",
  "value" : "10"
},{
  "dateTime" : "02/23/17 20:51:00",
  "value" : "10"
},{
  "dateTime" : "02/23/17 20:52:00",
  "value" : "30"
},{
  "dateTime" : "02/23/17 21:50:00",
  "value" : "40"
},{
  "dateTime" : "02/23/17 21:51:00",
  "value" : "10"
},{
  "dateTime" : "02/24/17 08:35:00",
  "value" : "10"
},{
  "dateTime" : "02/24/17 10:58:00",
  "value" : "10"
},{
  "dateTime" : "02/24/17 10:59:00",
  "value" : "10"
},{
  "dateTime" : "02/24/17 11:00:00",
  "value" : "10"
},{
  "dateTime" : "02/24/17 11:01:00",
  "value" : "10"
},{
  "dateTime" : "02/24/17 11:06:00",
  "value" : "10"
},{
  "dateTime" : "02/24/17 11:07:00",
  "value" : "10"
},{
  "dateTime" : "02/24/17 11:08:00",
  "value" : "10"
},{
  "dateTime" : "02/24/17 12:02:00",
  "value" : "20"
},{
  "dateTime" : "02/24/17 12:03:00",
  "value" : "20"
},{
  "dateTime" : "02/24/17 12:04:00",
  "value" : "10"
},{
  "dateTime" : "02/24/17 12:05:00",
  "value" : "10"
},{
  "dateTime" : "02/24/17 12:42:00",
  "value" : "30"
},{
  "dateTime" : "02/24/17 12:43:00",
  "value" : "10"
},{
  "dateTime" : "02/24/17 12:54:00",
  "value" : "10"
},{
  "dateTime" : "02/24/17 13:57:00",
  "value" : "30"
},{
  "dateTime" : "02/24/17 13:58:00",
  "value" : "10"
},{
  "dateTime" : "02/24/17 14:20:00",
  "value" : "10"
},{
  "dateTime" : "02/24/17 14:21:00",
  "value" : "10"
},{
  "dateTime" : "02/24/17 14:22:00",
  "value" : "10"
},{
  "dateTime" : "02/24/17 15:05:00",
  "value" : "20"
},{
  "dateTime" : "02/24/17 15:06:00",
  "value" : "10"
},{
  "dateTime" : "02/24/17 16:07:00",
  "value" : "20"
},{
  "dateTime" : "02/24/17 16:08:00",
  "value" : "20"
},{
  "dateTime" : "02/24/17 16:31:00",
  "value" : "10"
},{
  "dateTime" : "02/24/17 16:32:00",
  "value" : "10"
},{
  "dateTime" : "02/24/17 16:33:00",
  "value" : "30"
},{
  "dateTime" : "02/24/17 17:36:00",
  "value" : "10"
},{
  "dateTime" : "02/24/17 17:37:00",
  "value" : "20"
},{
  "dateTime" : "02/24/17 18:21:00",
  "value" : "10"
},{
  "dateTime" : "02/24/17 19:45:00",
  "value" : "10"
},{
  "dateTime" : "02/24/17 19:46:00",
  "value" : "10"
},{
  "dateTime" : "02/24/17 20:04:00",
  "value" : "10"
},{
  "dateTime" : "02/24/17 20:05:00",
  "value" : "20"
},{
  "dateTime" : "02/24/17 20:06:00",
  "value" : "10"
},{
  "dateTime" : "02/24/17 20:07:00",
  "value" : "30"
},{
  "dateTime" : "02/24/17 20:20:00",
  "value" : "20"
},{
  "dateTime" : "02/24/17 20:21:00",
  "value" : "10"
},{
  "dateTime" : "02/24/17 20:22:00",
  "value" : "10"
},{
  "dateTime" : "02/24/17 20:23:00",
  "value" : "20"
},{
  "dateTime" : "02/24/17 20:34:00",
  "value" : "10"
},{
  "dateTime" : "02/24/17 20:35:00",
  "value" : "20"
},{
  "dateTime" : "02/24/17 20:36:00",
  "value" : "30"
},{
  "dateTime" : "02/24/17 20:37:00",
  "value" : "40"
},{
  "dateTime" : "02/24/17 21:02:00",
  "value" : "10"
},{
  "dateTime" : "02/24/17 21:44:00",
  "value" : "10"
},{
  "dateTime" : "02/24/17 22:29:00",
  "value" : "10"
},{
  "dateTime" : "02/24/17 23:31:00",
  "value" : "10"
},{
  "dateTime" : "02/24/17 23:50:00",
  "value" : "10"
},{
  "dateTime" : "02/24/17 23:51:00",
  "value" : "20"
},{
  "dateTime" : "02/24/17 23:52:00",
  "value" : "10"
},{
  "dateTime" : "02/25/17 07:31:00",
  "value" : "10"
},{
  "dateTime" : "02/25/17 11:29:00",
  "value" : "10"
},{
  "dateTime" : "02/25/17 11:30:00",
  "value" : "30"
},{
  "dateTime" : "02/25/17 11:31:00",
  "value" : "10"
},{
  "dateTime" : "02/25/17 11:53:00",
  "value" : "10"
},{
  "dateTime" : "02/25/17 13:10:00",
  "value" : "20"
},{
  "dateTime" : "02/25/17 13:11:00",
  "value" : "10"
},{
  "dateTime" : "02/25/17 13:12:00",
  "value" : "10"
},{
  "dateTime" : "02/25/17 16:34:00",
  "value" : "10"
},{
  "dateTime" : "02/25/17 16:35:00",
  "value" : "30"
},{
  "dateTime" : "02/25/17 17:46:00",
  "value" : "10"
},{
  "dateTime" : "02/25/17 17:47:00",
  "value" : "10"
},{
  "dateTime" : "02/25/17 18:03:00",
  "value" : "10"
},{
  "dateTime" : "02/25/17 18:04:00",
  "value" : "10"
},{
  "dateTime" : "02/25/17 18:05:00",
  "value" : "20"
},{
  "dateTime" : "02/25/17 18:06:00",
  "value" : "10"
},{
  "dateTime" : "02/25/17 18:07:00",
  "value" : "10"
},{
  "dateTime" : "02/25/17 18:08:00",
  "value" : "10"
},{
  "dateTime" : "02/25/17 18:09:00",
  "value" : "10"
},{
  "dateTime" : "02/25/17 18:10:00",
  "value" : "10"
},{
  "dateTime" : "02/25/17 18:11:00",
  "value" : "10"
},{
  "dateTime" : "02/25/17 18:12:00",
  "value" : "10"
},{
  "dateTime" : "02/25/17 18:35:00",
  "value" : "10"
},{
  "dateTime" : "02/25/17 18:36:00",
  "value" : "10"
},{
  "dateTime" : "02/25/17 18:37:00",
  "value" : "10"
},{
  "dateTime" : "02/25/17 19:21:00",
  "value" : "10"
},{
  "dateTime" : "02/25/17 19:22:00",
  "value" : "10"
},{
  "dateTime" : "02/25/17 19:40:00",
  "value" : "10"
},{
  "dateTime" : "02/25/17 19:57:00",
  "value" : "60"
},{
  "dateTime" : "02/25/17 19:58:00",
  "value" : "30"
},{
  "dateTime" : "02/25/17 19:59:00",
  "value" : "20"
},{
  "dateTime" : "02/25/17 21:12:00",
  "value" : "10"
},{
  "dateTime" : "02/25/17 21:13:00",
  "value" : "10"
},{
  "dateTime" : "02/25/17 21:30:00",
  "value" : "20"
},{
  "dateTime" : "02/25/17 21:31:00",
  "value" : "20"
},{
  "dateTime" : "02/25/17 21:32:00",
  "value" : "20"
},{
  "dateTime" : "02/25/17 21:33:00",
  "value" : "10"
},{
  "dateTime" : "02/25/17 21:34:00",
  "value" : "10"
},{
  "dateTime" : "02/25/17 21:35:00",
  "value" : "40"
},{
  "dateTime" : "02/25/17 21:36:00",
  "value" : "40"
},{
  "dateTime" : "02/25/17 21:37:00",
  "value" : "40"
},{
  "dateTime" : "02/25/17 21:38:00",
  "value" : "10"
},{
  "dateTime" : "02/25/17 21:39:00",
  "value" : "10"
},{
  "dateTime" : "02/25/17 21:40:00",
  "value" : "20"
},{
  "dateTime" : "02/25/17 21:41:00",
  "value" : "20"
},{
  "dateTime" : "02/25/17 21:42:00",
  "value" : "30"
},{
  "dateTime" : "02/25/17 21:43:00",
  "value" : "10"
},{
  "dateTime" : "02/25/17 22:42:00",
  "value" : "10"
},{
  "dateTime" : "02/25/17 22:43:00",
  "value" : "10"
},{
  "dateTime" : "02/25/17 22:44:00",
  "value" : "20"
},{
  "dateTime" : "02/25/17 22:45:00",
  "value" : "10"
},{
  "dateTime" : "02/25/17 23:17:00",
  "value" : "10"
},{
  "dateTime" : "02/25/17 23:18:00",
  "value" : "10"
},{
  "dateTime" : "02/25/17 23:49:00",
  "value" : "10"
},{
  "dateTime" : "02/26/17 09:50:00",
  "value" : "10"
},{
  "dateTime" : "02/26/17 10:09:00",
  "value" : "10"
},{
  "dateTime" : "02/26/17 10:10:00",
  "value" : "10"
},{
  "dateTime" : "02/26/17 10:11:00",
  "value" : "10"
},{
  "dateTime" : "02/26/17 10:37:00",
  "value" : "10"
},{
  "dateTime" : "02/26/17 10:38:00",
  "value" : "10"
},{
  "dateTime" : "02/26/17 10:39:00",
  "value" : "30"
},{
  "dateTime" : "02/26/17 15:55:00",
  "value" : "10"
},{
  "dateTime" : "02/26/17 15:56:00",
  "value" : "10"
},{
  "dateTime" : "02/26/17 15:57:00",
  "value" : "10"
},{
  "dateTime" : "02/26/17 15:58:00",
  "value" : "10"
},{
  "dateTime" : "02/26/17 15:59:00",
  "value" : "10"
},{
  "dateTime" : "02/26/17 16:00:00",
  "value" : "20"
},{
  "dateTime" : "02/26/17 16:01:00",
  "value" : "10"
},{
  "dateTime" : "02/26/17 16:02:00",
  "value" : "10"
},{
  "dateTime" : "02/26/17 16:03:00",
  "value" : "20"
},{
  "dateTime" : "02/26/17 18:14:00",
  "value" : "10"
},{
  "dateTime" : "02/26/17 18:15:00",
  "value" : "10"
},{
  "dateTime" : "02/26/17 18:16:00",
  "value" : "20"
},{
  "dateTime" : "02/26/17 18:17:00",
  "value" : "10"
},{
  "dateTime" : "02/26/17 19:15:00",
  "value" : "20"
},{
  "dateTime" : "02/26/17 20:33:00",
  "value" : "10"
},{
  "dateTime" : "02/26/17 20:34:00",
  "value" : "20"
},{
  "dateTime" : "02/26/17 20:35:00",
  "value" : "10"
},{
  "dateTime" : "02/26/17 20:36:00",
  "value" : "20"
},{
  "dateTime" : "02/26/17 23:34:00",
  "value" : "20"
},{
  "dateTime" : "02/27/17 08:43:00",
  "value" : "10"
},{
  "dateTime" : "02/27/17 08:44:00",
  "value" : "10"
},{
  "dateTime" : "02/27/17 08:45:00",
  "value" : "10"
},{
  "dateTime" : "02/27/17 08:46:00",
  "value" : "20"
},{
  "dateTime" : "02/27/17 08:47:00",
  "value" : "10"
},{
  "dateTime" : "02/27/17 08:52:00",
  "value" : "20"
},{
  "dateTime" : "02/27/17 08:53:00",
  "value" : "10"
},{
  "dateTime" : "02/27/17 10:29:00",
  "value" : "10"
},{
  "dateTime" : "02/27/17 10:53:00",
  "value" : "10"
},{
  "dateTime" : "02/27/17 10:54:00",
  "value" : "10"
},{
  "dateTime" : "02/27/17 12:01:00",
  "value" : "30"
},{
  "dateTime" : "02/27/17 12:02:00",
  "value" : "10"
},{
  "dateTime" : "02/27/17 12:09:00",
  "value" : "10"
},{
  "dateTime" : "02/27/17 12:30:00",
  "value" : "20"
},{
  "dateTime" : "02/27/17 13:01:00",
  "value" : "10"
},{
  "dateTime" : "02/27/17 13:02:00",
  "value" : "20"
},{
  "dateTime" : "02/27/17 13:46:00",
  "value" : "10"
},{
  "dateTime" : "02/27/17 13:47:00",
  "value" : "10"
},{
  "dateTime" : "02/27/17 13:48:00",
  "value" : "10"
},{
  "dateTime" : "02/27/17 13:49:00",
  "value" : "30"
},{
  "dateTime" : "02/27/17 14:59:00",
  "value" : "10"
},{
  "dateTime" : "02/27/17 15:00:00",
  "value" : "10"
},{
  "dateTime" : "02/27/17 16:08:00",
  "value" : "10"
},{
  "dateTime" : "02/27/17 16:09:00",
  "value" : "20"
},{
  "dateTime" : "02/27/17 16:10:00",
  "value" : "20"
},{
  "dateTime" : "02/27/17 16:11:00",
  "value" : "10"
},{
  "dateTime" : "02/27/17 17:03:00",
  "value" : "10"
},{
  "dateTime" : "02/27/17 17:04:00",
  "value" : "10"
},{
  "dateTime" : "02/27/17 17:05:00",
  "value" : "10"
},{
  "dateTime" : "02/27/17 17:06:00",
  "value" : "10"
},{
  "dateTime" : "02/27/17 17:07:00",
  "value" : "40"
},{
  "dateTime" : "02/27/17 17:08:00",
  "value" : "20"
},{
  "dateTime" : "02/27/17 17:09:00",
  "value" : "20"
},{
  "dateTime" : "02/27/17 17:10:00",
  "value" : "20"
},{
  "dateTime" : "02/27/17 17:11:00",
  "value" : "10"
},{
  "dateTime" : "02/27/17 18:00:00",
  "value" : "30"
},{
  "dateTime" : "02/27/17 18:01:00",
  "value" : "10"
},{
  "dateTime" : "02/27/17 18:02:00",
  "value" : "20"
},{
  "dateTime" : "02/27/17 18:48:00",
  "value" : "10"
},{
  "dateTime" : "02/27/17 18:49:00",
  "value" : "30"
},{
  "dateTime" : "02/27/17 18:50:00",
  "value" : "10"
},{
  "dateTime" : "02/27/17 18:51:00",
  "value" : "10"
},{
  "dateTime" : "02/27/17 18:52:00",
  "value" : "20"
},{
  "dateTime" : "02/27/17 18:53:00",
  "value" : "20"
},{
  "dateTime" : "02/27/17 20:16:00",
  "value" : "30"
},{
  "dateTime" : "02/27/17 20:17:00",
  "value" : "10"
},{
  "dateTime" : "02/27/17 20:18:00",
  "value" : "40"
},{
  "dateTime" : "02/27/17 20:19:00",
  "value" : "40"
},{
  "dateTime" : "02/27/17 20:20:00",
  "value" : "10"
},{
  "dateTime" : "02/27/17 20:21:00",
  "value" : "10"
},{
  "dateTime" : "02/27/17 21:11:00",
  "value" : "10"
},{
  "dateTime" : "02/27/17 21:12:00",
  "value" : "20"
},{
  "dateTime" : "02/27/17 21:13:00",
  "value" : "20"
},{
  "dateTime" : "02/27/17 21:44:00",
  "value" : "50"
},{
  "dateTime" : "02/27/17 21:45:00",
  "value" : "30"
},{
  "dateTime" : "02/27/17 21:46:00",
  "value" : "40"
},{
  "dateTime" : "02/27/17 21:47:00",
  "value" : "40"
},{
  "dateTime" : "02/27/17 21:48:00",
  "value" : "20"
}]