[{
  "dateTime" : "11/20/18 15:12:00",
  "value" : "10"
},{
  "dateTime" : "11/20/18 18:15:00",
  "value" : "10"
},{
  "dateTime" : "11/20/18 19:45:00",
  "value" : "10"
},{
  "dateTime" : "11/20/18 20:26:00",
  "value" : "10"
},{
  "dateTime" : "11/21/18 12:25:00",
  "value" : "10"
},{
  "dateTime" : "11/21/18 14:26:00",
  "value" : "10"
},{
  "dateTime" : "11/21/18 17:49:00",
  "value" : "10"
},{
  "dateTime" : "11/21/18 21:08:00",
  "value" : "10"
},{
  "dateTime" : "11/21/18 22:13:00",
  "value" : "10"
},{
  "dateTime" : "11/21/18 23:14:00",
  "value" : "10"
},{
  "dateTime" : "11/22/18 13:17:00",
  "value" : "10"
},{
  "dateTime" : "11/22/18 13:28:00",
  "value" : "10"
},{
  "dateTime" : "11/22/18 17:53:00",
  "value" : "10"
},{
  "dateTime" : "11/22/18 18:11:00",
  "value" : "10"
},{
  "dateTime" : "11/22/18 18:12:00",
  "value" : "10"
},{
  "dateTime" : "11/22/18 21:07:00",
  "value" : "10"
},{
  "dateTime" : "11/22/18 21:19:00",
  "value" : "10"
},{
  "dateTime" : "11/23/18 13:33:00",
  "value" : "10"
},{
  "dateTime" : "11/23/18 13:46:00",
  "value" : "10"
},{
  "dateTime" : "11/23/18 18:13:00",
  "value" : "10"
},{
  "dateTime" : "11/23/18 19:01:00",
  "value" : "20"
},{
  "dateTime" : "11/23/18 21:30:00",
  "value" : "10"
},{
  "dateTime" : "11/23/18 21:32:00",
  "value" : "10"
},{
  "dateTime" : "11/23/18 22:40:00",
  "value" : "10"
},{
  "dateTime" : "11/23/18 23:02:00",
  "value" : "10"
},{
  "dateTime" : "11/23/18 23:22:00",
  "value" : "10"
},{
  "dateTime" : "11/24/18 11:21:00",
  "value" : "10"
},{
  "dateTime" : "11/24/18 14:08:00",
  "value" : "10"
},{
  "dateTime" : "11/24/18 16:23:00",
  "value" : "10"
},{
  "dateTime" : "11/24/18 18:21:00",
  "value" : "10"
},{
  "dateTime" : "11/24/18 19:38:00",
  "value" : "10"
},{
  "dateTime" : "11/25/18 10:14:00",
  "value" : "10"
},{
  "dateTime" : "11/25/18 10:16:00",
  "value" : "10"
},{
  "dateTime" : "11/25/18 11:01:00",
  "value" : "10"
},{
  "dateTime" : "11/25/18 15:42:00",
  "value" : "10"
},{
  "dateTime" : "11/25/18 15:43:00",
  "value" : "10"
},{
  "dateTime" : "11/25/18 16:11:00",
  "value" : "10"
},{
  "dateTime" : "11/25/18 17:25:00",
  "value" : "10"
},{
  "dateTime" : "11/25/18 17:34:00",
  "value" : "10"
},{
  "dateTime" : "11/25/18 18:33:00",
  "value" : "10"
},{
  "dateTime" : "11/25/18 19:00:00",
  "value" : "10"
},{
  "dateTime" : "11/25/18 19:17:00",
  "value" : "10"
},{
  "dateTime" : "11/25/18 20:11:00",
  "value" : "10"
},{
  "dateTime" : "11/25/18 21:15:00",
  "value" : "10"
},{
  "dateTime" : "11/26/18 00:09:00",
  "value" : "10"
},{
  "dateTime" : "11/26/18 09:21:00",
  "value" : "10"
},{
  "dateTime" : "11/26/18 09:28:00",
  "value" : "10"
},{
  "dateTime" : "11/26/18 09:29:00",
  "value" : "10"
},{
  "dateTime" : "11/26/18 09:30:00",
  "value" : "10"
},{
  "dateTime" : "11/26/18 09:32:00",
  "value" : "10"
},{
  "dateTime" : "11/26/18 09:33:00",
  "value" : "10"
},{
  "dateTime" : "11/26/18 11:07:00",
  "value" : "10"
},{
  "dateTime" : "11/26/18 11:08:00",
  "value" : "20"
},{
  "dateTime" : "11/26/18 11:16:00",
  "value" : "10"
},{
  "dateTime" : "11/26/18 13:51:00",
  "value" : "10"
},{
  "dateTime" : "11/26/18 13:53:00",
  "value" : "10"
},{
  "dateTime" : "11/26/18 13:54:00",
  "value" : "10"
},{
  "dateTime" : "11/26/18 13:56:00",
  "value" : "20"
},{
  "dateTime" : "11/26/18 14:02:00",
  "value" : "10"
},{
  "dateTime" : "11/26/18 14:03:00",
  "value" : "10"
},{
  "dateTime" : "11/26/18 17:10:00",
  "value" : "10"
},{
  "dateTime" : "11/26/18 17:11:00",
  "value" : "20"
},{
  "dateTime" : "11/26/18 17:17:00",
  "value" : "10"
},{
  "dateTime" : "11/26/18 17:22:00",
  "value" : "20"
},{
  "dateTime" : "11/26/18 17:59:00",
  "value" : "10"
},{
  "dateTime" : "11/26/18 18:04:00",
  "value" : "10"
},{
  "dateTime" : "11/26/18 18:10:00",
  "value" : "20"
},{
  "dateTime" : "11/26/18 18:11:00",
  "value" : "10"
},{
  "dateTime" : "11/26/18 18:12:00",
  "value" : "30"
},{
  "dateTime" : "11/26/18 18:17:00",
  "value" : "10"
},{
  "dateTime" : "11/26/18 18:23:00",
  "value" : "20"
},{
  "dateTime" : "11/26/18 18:24:00",
  "value" : "20"
},{
  "dateTime" : "11/26/18 20:26:00",
  "value" : "10"
},{
  "dateTime" : "11/26/18 20:27:00",
  "value" : "10"
},{
  "dateTime" : "11/26/18 20:29:00",
  "value" : "20"
},{
  "dateTime" : "11/26/18 22:25:00",
  "value" : "10"
},{
  "dateTime" : "11/27/18 00:39:00",
  "value" : "10"
},{
  "dateTime" : "11/27/18 09:53:00",
  "value" : "10"
},{
  "dateTime" : "11/27/18 09:55:00",
  "value" : "10"
},{
  "dateTime" : "11/27/18 09:56:00",
  "value" : "10"
},{
  "dateTime" : "11/27/18 09:58:00",
  "value" : "20"
},{
  "dateTime" : "11/27/18 10:05:00",
  "value" : "10"
},{
  "dateTime" : "11/27/18 10:06:00",
  "value" : "10"
},{
  "dateTime" : "11/27/18 10:08:00",
  "value" : "10"
},{
  "dateTime" : "11/27/18 12:13:00",
  "value" : "10"
},{
  "dateTime" : "11/27/18 12:15:00",
  "value" : "10"
},{
  "dateTime" : "11/27/18 12:16:00",
  "value" : "20"
},{
  "dateTime" : "11/27/18 12:17:00",
  "value" : "10"
},{
  "dateTime" : "11/27/18 12:18:00",
  "value" : "10"
},{
  "dateTime" : "11/27/18 12:23:00",
  "value" : "10"
},{
  "dateTime" : "11/27/18 12:51:00",
  "value" : "10"
},{
  "dateTime" : "11/27/18 12:53:00",
  "value" : "10"
},{
  "dateTime" : "11/27/18 12:54:00",
  "value" : "10"
},{
  "dateTime" : "11/27/18 12:55:00",
  "value" : "10"
},{
  "dateTime" : "11/27/18 12:56:00",
  "value" : "10"
},{
  "dateTime" : "11/27/18 13:01:00",
  "value" : "10"
},{
  "dateTime" : "11/27/18 13:02:00",
  "value" : "10"
},{
  "dateTime" : "11/27/18 14:05:00",
  "value" : "10"
},{
  "dateTime" : "11/27/18 14:08:00",
  "value" : "10"
},{
  "dateTime" : "11/27/18 14:09:00",
  "value" : "10"
},{
  "dateTime" : "11/27/18 15:41:00",
  "value" : "10"
},{
  "dateTime" : "11/27/18 15:42:00",
  "value" : "10"
},{
  "dateTime" : "11/27/18 17:29:00",
  "value" : "30"
},{
  "dateTime" : "11/27/18 17:37:00",
  "value" : "10"
},{
  "dateTime" : "11/27/18 18:28:00",
  "value" : "10"
},{
  "dateTime" : "11/27/18 18:30:00",
  "value" : "10"
},{
  "dateTime" : "11/27/18 18:39:00",
  "value" : "10"
},{
  "dateTime" : "11/27/18 20:03:00",
  "value" : "10"
},{
  "dateTime" : "11/27/18 20:04:00",
  "value" : "10"
},{
  "dateTime" : "11/27/18 20:05:00",
  "value" : "10"
},{
  "dateTime" : "11/27/18 20:06:00",
  "value" : "10"
},{
  "dateTime" : "11/27/18 20:08:00",
  "value" : "10"
},{
  "dateTime" : "11/27/18 20:10:00",
  "value" : "10"
},{
  "dateTime" : "11/27/18 20:11:00",
  "value" : "20"
},{
  "dateTime" : "11/27/18 22:10:00",
  "value" : "10"
},{
  "dateTime" : "11/27/18 22:11:00",
  "value" : "10"
},{
  "dateTime" : "11/27/18 22:18:00",
  "value" : "10"
},{
  "dateTime" : "11/27/18 22:20:00",
  "value" : "10"
},{
  "dateTime" : "11/28/18 09:26:00",
  "value" : "10"
},{
  "dateTime" : "11/28/18 09:28:00",
  "value" : "10"
},{
  "dateTime" : "11/28/18 09:30:00",
  "value" : "10"
},{
  "dateTime" : "11/28/18 09:31:00",
  "value" : "10"
},{
  "dateTime" : "11/28/18 11:04:00",
  "value" : "20"
},{
  "dateTime" : "11/28/18 11:05:00",
  "value" : "10"
},{
  "dateTime" : "11/28/18 11:11:00",
  "value" : "10"
},{
  "dateTime" : "11/28/18 11:12:00",
  "value" : "20"
},{
  "dateTime" : "11/28/18 12:49:00",
  "value" : "10"
},{
  "dateTime" : "11/28/18 12:51:00",
  "value" : "10"
},{
  "dateTime" : "11/28/18 13:01:00",
  "value" : "10"
},{
  "dateTime" : "11/28/18 13:02:00",
  "value" : "10"
},{
  "dateTime" : "11/28/18 13:03:00",
  "value" : "20"
},{
  "dateTime" : "11/28/18 13:05:00",
  "value" : "10"
},{
  "dateTime" : "11/28/18 13:08:00",
  "value" : "10"
},{
  "dateTime" : "11/28/18 15:50:00",
  "value" : "10"
},{
  "dateTime" : "11/28/18 15:51:00",
  "value" : "10"
},{
  "dateTime" : "11/28/18 15:53:00",
  "value" : "10"
},{
  "dateTime" : "11/28/18 15:54:00",
  "value" : "10"
},{
  "dateTime" : "11/28/18 17:09:00",
  "value" : "10"
},{
  "dateTime" : "11/28/18 17:12:00",
  "value" : "10"
},{
  "dateTime" : "11/28/18 17:20:00",
  "value" : "20"
},{
  "dateTime" : "11/28/18 17:21:00",
  "value" : "10"
},{
  "dateTime" : "11/28/18 17:23:00",
  "value" : "10"
},{
  "dateTime" : "11/28/18 18:12:00",
  "value" : "10"
},{
  "dateTime" : "11/28/18 18:13:00",
  "value" : "10"
},{
  "dateTime" : "11/28/18 18:15:00",
  "value" : "10"
},{
  "dateTime" : "11/28/18 18:45:00",
  "value" : "10"
},{
  "dateTime" : "11/28/18 18:46:00",
  "value" : "10"
},{
  "dateTime" : "11/28/18 18:48:00",
  "value" : "20"
},{
  "dateTime" : "11/28/18 18:53:00",
  "value" : "10"
},{
  "dateTime" : "11/28/18 18:54:00",
  "value" : "10"
},{
  "dateTime" : "11/29/18 00:59:00",
  "value" : "20"
},{
  "dateTime" : "11/29/18 01:00:00",
  "value" : "10"
},{
  "dateTime" : "11/29/18 01:04:00",
  "value" : "10"
},{
  "dateTime" : "11/29/18 01:09:00",
  "value" : "20"
},{
  "dateTime" : "11/29/18 01:13:00",
  "value" : "10"
},{
  "dateTime" : "11/29/18 09:08:00",
  "value" : "10"
},{
  "dateTime" : "11/29/18 09:09:00",
  "value" : "10"
},{
  "dateTime" : "11/29/18 09:10:00",
  "value" : "10"
},{
  "dateTime" : "11/29/18 09:11:00",
  "value" : "10"
},{
  "dateTime" : "11/29/18 09:13:00",
  "value" : "10"
},{
  "dateTime" : "11/29/18 09:14:00",
  "value" : "30"
},{
  "dateTime" : "11/29/18 10:38:00",
  "value" : "10"
},{
  "dateTime" : "11/29/18 10:39:00",
  "value" : "20"
},{
  "dateTime" : "11/29/18 10:41:00",
  "value" : "10"
},{
  "dateTime" : "11/29/18 10:42:00",
  "value" : "20"
},{
  "dateTime" : "11/29/18 13:04:00",
  "value" : "20"
},{
  "dateTime" : "11/29/18 13:32:00",
  "value" : "20"
},{
  "dateTime" : "11/29/18 13:33:00",
  "value" : "10"
},{
  "dateTime" : "11/29/18 14:22:00",
  "value" : "20"
},{
  "dateTime" : "11/29/18 15:55:00",
  "value" : "20"
},{
  "dateTime" : "11/29/18 16:02:00",
  "value" : "10"
},{
  "dateTime" : "11/29/18 18:07:00",
  "value" : "20"
},{
  "dateTime" : "11/29/18 18:08:00",
  "value" : "10"
},{
  "dateTime" : "11/29/18 18:11:00",
  "value" : "10"
},{
  "dateTime" : "11/29/18 18:12:00",
  "value" : "10"
},{
  "dateTime" : "11/29/18 18:37:00",
  "value" : "10"
},{
  "dateTime" : "11/29/18 18:41:00",
  "value" : "10"
},{
  "dateTime" : "11/29/18 18:45:00",
  "value" : "20"
},{
  "dateTime" : "11/29/18 20:19:00",
  "value" : "10"
},{
  "dateTime" : "11/29/18 20:20:00",
  "value" : "10"
},{
  "dateTime" : "11/29/18 20:22:00",
  "value" : "10"
},{
  "dateTime" : "11/29/18 20:23:00",
  "value" : "10"
},{
  "dateTime" : "11/29/18 20:24:00",
  "value" : "10"
},{
  "dateTime" : "11/29/18 20:25:00",
  "value" : "20"
},{
  "dateTime" : "11/29/18 23:06:00",
  "value" : "10"
},{
  "dateTime" : "11/29/18 23:07:00",
  "value" : "10"
},{
  "dateTime" : "11/29/18 23:43:00",
  "value" : "20"
},{
  "dateTime" : "11/30/18 00:18:00",
  "value" : "10"
},{
  "dateTime" : "11/30/18 08:09:00",
  "value" : "10"
},{
  "dateTime" : "11/30/18 08:11:00",
  "value" : "10"
},{
  "dateTime" : "11/30/18 08:12:00",
  "value" : "10"
},{
  "dateTime" : "11/30/18 08:14:00",
  "value" : "10"
},{
  "dateTime" : "11/30/18 08:16:00",
  "value" : "10"
},{
  "dateTime" : "11/30/18 09:37:00",
  "value" : "10"
},{
  "dateTime" : "11/30/18 11:13:00",
  "value" : "30"
},{
  "dateTime" : "11/30/18 11:19:00",
  "value" : "10"
},{
  "dateTime" : "11/30/18 11:20:00",
  "value" : "10"
},{
  "dateTime" : "11/30/18 12:01:00",
  "value" : "10"
},{
  "dateTime" : "11/30/18 12:03:00",
  "value" : "10"
},{
  "dateTime" : "11/30/18 12:16:00",
  "value" : "10"
},{
  "dateTime" : "11/30/18 13:13:00",
  "value" : "10"
},{
  "dateTime" : "11/30/18 13:15:00",
  "value" : "10"
},{
  "dateTime" : "11/30/18 13:16:00",
  "value" : "10"
},{
  "dateTime" : "11/30/18 13:19:00",
  "value" : "20"
},{
  "dateTime" : "11/30/18 15:54:00",
  "value" : "20"
},{
  "dateTime" : "11/30/18 15:55:00",
  "value" : "20"
},{
  "dateTime" : "11/30/18 16:03:00",
  "value" : "10"
},{
  "dateTime" : "11/30/18 16:14:00",
  "value" : "10"
},{
  "dateTime" : "11/30/18 18:27:00",
  "value" : "10"
},{
  "dateTime" : "11/30/18 19:25:00",
  "value" : "10"
},{
  "dateTime" : "11/30/18 19:26:00",
  "value" : "10"
},{
  "dateTime" : "11/30/18 19:27:00",
  "value" : "10"
},{
  "dateTime" : "11/30/18 20:22:00",
  "value" : "10"
},{
  "dateTime" : "11/30/18 20:24:00",
  "value" : "10"
},{
  "dateTime" : "11/30/18 20:32:00",
  "value" : "10"
},{
  "dateTime" : "11/30/18 20:33:00",
  "value" : "10"
},{
  "dateTime" : "11/30/18 20:36:00",
  "value" : "10"
},{
  "dateTime" : "11/30/18 20:37:00",
  "value" : "10"
},{
  "dateTime" : "11/30/18 20:38:00",
  "value" : "10"
},{
  "dateTime" : "11/30/18 20:39:00",
  "value" : "10"
},{
  "dateTime" : "11/30/18 20:40:00",
  "value" : "10"
},{
  "dateTime" : "11/30/18 20:43:00",
  "value" : "10"
},{
  "dateTime" : "11/30/18 21:05:00",
  "value" : "10"
},{
  "dateTime" : "11/30/18 21:06:00",
  "value" : "10"
},{
  "dateTime" : "11/30/18 21:07:00",
  "value" : "10"
},{
  "dateTime" : "11/30/18 21:10:00",
  "value" : "10"
},{
  "dateTime" : "11/30/18 21:57:00",
  "value" : "10"
},{
  "dateTime" : "11/30/18 21:58:00",
  "value" : "10"
},{
  "dateTime" : "11/30/18 21:59:00",
  "value" : "20"
},{
  "dateTime" : "11/30/18 22:34:00",
  "value" : "10"
},{
  "dateTime" : "11/30/18 22:42:00",
  "value" : "20"
},{
  "dateTime" : "11/30/18 22:43:00",
  "value" : "20"
},{
  "dateTime" : "11/30/18 22:45:00",
  "value" : "10"
},{
  "dateTime" : "11/30/18 23:57:00",
  "value" : "10"
},{
  "dateTime" : "11/30/18 23:58:00",
  "value" : "10"
},{
  "dateTime" : "12/01/18 01:50:00",
  "value" : "10"
},{
  "dateTime" : "12/01/18 08:16:00",
  "value" : "10"
},{
  "dateTime" : "12/01/18 08:35:00",
  "value" : "10"
},{
  "dateTime" : "12/01/18 08:51:00",
  "value" : "10"
},{
  "dateTime" : "12/01/18 08:56:00",
  "value" : "10"
},{
  "dateTime" : "12/01/18 09:00:00",
  "value" : "10"
},{
  "dateTime" : "12/01/18 09:13:00",
  "value" : "10"
},{
  "dateTime" : "12/01/18 10:49:00",
  "value" : "10"
},{
  "dateTime" : "12/01/18 10:52:00",
  "value" : "10"
},{
  "dateTime" : "12/01/18 10:54:00",
  "value" : "10"
},{
  "dateTime" : "12/01/18 11:16:00",
  "value" : "10"
},{
  "dateTime" : "12/01/18 11:33:00",
  "value" : "20"
},{
  "dateTime" : "12/01/18 11:34:00",
  "value" : "10"
},{
  "dateTime" : "12/01/18 16:18:00",
  "value" : "10"
},{
  "dateTime" : "12/01/18 16:19:00",
  "value" : "10"
},{
  "dateTime" : "12/01/18 16:20:00",
  "value" : "20"
},{
  "dateTime" : "12/01/18 17:28:00",
  "value" : "10"
},{
  "dateTime" : "12/01/18 17:29:00",
  "value" : "10"
},{
  "dateTime" : "12/01/18 17:30:00",
  "value" : "10"
},{
  "dateTime" : "12/01/18 17:33:00",
  "value" : "10"
},{
  "dateTime" : "12/01/18 17:34:00",
  "value" : "20"
},{
  "dateTime" : "12/01/18 17:35:00",
  "value" : "10"
},{
  "dateTime" : "12/01/18 17:37:00",
  "value" : "10"
},{
  "dateTime" : "12/01/18 18:03:00",
  "value" : "10"
},{
  "dateTime" : "12/01/18 19:35:00",
  "value" : "10"
},{
  "dateTime" : "12/01/18 22:33:00",
  "value" : "10"
},{
  "dateTime" : "12/01/18 23:29:00",
  "value" : "10"
},{
  "dateTime" : "12/01/18 23:49:00",
  "value" : "20"
},{
  "dateTime" : "12/02/18 01:32:00",
  "value" : "20"
},{
  "dateTime" : "12/02/18 01:49:00",
  "value" : "10"
},{
  "dateTime" : "12/02/18 01:50:00",
  "value" : "10"
},{
  "dateTime" : "12/02/18 01:51:00",
  "value" : "10"
},{
  "dateTime" : "12/02/18 01:54:00",
  "value" : "10"
},{
  "dateTime" : "12/02/18 12:58:00",
  "value" : "10"
},{
  "dateTime" : "12/02/18 12:59:00",
  "value" : "20"
},{
  "dateTime" : "12/02/18 13:01:00",
  "value" : "20"
},{
  "dateTime" : "12/02/18 13:02:00",
  "value" : "10"
},{
  "dateTime" : "12/02/18 13:03:00",
  "value" : "10"
},{
  "dateTime" : "12/02/18 13:04:00",
  "value" : "20"
},{
  "dateTime" : "12/02/18 13:05:00",
  "value" : "10"
},{
  "dateTime" : "12/02/18 14:58:00",
  "value" : "10"
},{
  "dateTime" : "12/02/18 16:20:00",
  "value" : "30"
},{
  "dateTime" : "12/02/18 16:21:00",
  "value" : "30"
},{
  "dateTime" : "12/02/18 16:22:00",
  "value" : "50"
},{
  "dateTime" : "12/02/18 16:23:00",
  "value" : "20"
},{
  "dateTime" : "12/02/18 16:24:00",
  "value" : "40"
},{
  "dateTime" : "12/02/18 16:25:00",
  "value" : "40"
},{
  "dateTime" : "12/02/18 16:26:00",
  "value" : "40"
},{
  "dateTime" : "12/02/18 16:27:00",
  "value" : "20"
},{
  "dateTime" : "12/02/18 16:28:00",
  "value" : "10"
},{
  "dateTime" : "12/02/18 16:30:00",
  "value" : "10"
},{
  "dateTime" : "12/02/18 16:31:00",
  "value" : "40"
},{
  "dateTime" : "12/02/18 16:32:00",
  "value" : "40"
},{
  "dateTime" : "12/02/18 16:36:00",
  "value" : "20"
},{
  "dateTime" : "12/02/18 16:37:00",
  "value" : "10"
},{
  "dateTime" : "12/02/18 16:38:00",
  "value" : "10"
},{
  "dateTime" : "12/02/18 16:39:00",
  "value" : "30"
},{
  "dateTime" : "12/02/18 16:40:00",
  "value" : "50"
},{
  "dateTime" : "12/02/18 16:41:00",
  "value" : "30"
},{
  "dateTime" : "12/02/18 16:42:00",
  "value" : "30"
},{
  "dateTime" : "12/02/18 16:43:00",
  "value" : "30"
},{
  "dateTime" : "12/02/18 16:44:00",
  "value" : "40"
},{
  "dateTime" : "12/02/18 16:45:00",
  "value" : "20"
},{
  "dateTime" : "12/02/18 16:50:00",
  "value" : "40"
},{
  "dateTime" : "12/02/18 16:51:00",
  "value" : "40"
},{
  "dateTime" : "12/02/18 16:52:00",
  "value" : "30"
},{
  "dateTime" : "12/02/18 16:53:00",
  "value" : "40"
},{
  "dateTime" : "12/02/18 16:54:00",
  "value" : "30"
},{
  "dateTime" : "12/02/18 17:52:00",
  "value" : "10"
},{
  "dateTime" : "12/02/18 17:54:00",
  "value" : "10"
},{
  "dateTime" : "12/02/18 19:44:00",
  "value" : "10"
},{
  "dateTime" : "12/02/18 20:35:00",
  "value" : "10"
},{
  "dateTime" : "12/02/18 20:36:00",
  "value" : "10"
},{
  "dateTime" : "12/02/18 20:37:00",
  "value" : "10"
},{
  "dateTime" : "12/02/18 20:39:00",
  "value" : "10"
},{
  "dateTime" : "12/02/18 22:30:00",
  "value" : "10"
},{
  "dateTime" : "12/03/18 08:58:00",
  "value" : "10"
},{
  "dateTime" : "12/03/18 09:00:00",
  "value" : "10"
},{
  "dateTime" : "12/03/18 09:01:00",
  "value" : "10"
},{
  "dateTime" : "12/03/18 09:03:00",
  "value" : "10"
},{
  "dateTime" : "12/03/18 10:42:00",
  "value" : "10"
},{
  "dateTime" : "12/03/18 10:43:00",
  "value" : "20"
},{
  "dateTime" : "12/03/18 10:50:00",
  "value" : "20"
},{
  "dateTime" : "12/03/18 10:51:00",
  "value" : "10"
},{
  "dateTime" : "12/03/18 10:54:00",
  "value" : "10"
},{
  "dateTime" : "12/03/18 11:23:00",
  "value" : "10"
},{
  "dateTime" : "12/03/18 15:45:00",
  "value" : "10"
},{
  "dateTime" : "12/03/18 15:58:00",
  "value" : "10"
},{
  "dateTime" : "12/03/18 15:59:00",
  "value" : "10"
},{
  "dateTime" : "12/03/18 16:00:00",
  "value" : "10"
},{
  "dateTime" : "12/03/18 16:01:00",
  "value" : "10"
},{
  "dateTime" : "12/03/18 16:02:00",
  "value" : "10"
},{
  "dateTime" : "12/03/18 16:07:00",
  "value" : "10"
},{
  "dateTime" : "12/03/18 16:08:00",
  "value" : "10"
},{
  "dateTime" : "12/03/18 17:12:00",
  "value" : "10"
},{
  "dateTime" : "12/03/18 17:13:00",
  "value" : "10"
},{
  "dateTime" : "12/03/18 17:17:00",
  "value" : "10"
},{
  "dateTime" : "12/03/18 17:23:00",
  "value" : "20"
},{
  "dateTime" : "12/03/18 18:04:00",
  "value" : "10"
},{
  "dateTime" : "12/03/18 19:43:00",
  "value" : "10"
},{
  "dateTime" : "12/03/18 22:27:00",
  "value" : "10"
},{
  "dateTime" : "12/03/18 23:56:00",
  "value" : "10"
},{
  "dateTime" : "12/04/18 10:34:00",
  "value" : "10"
},{
  "dateTime" : "12/04/18 14:26:00",
  "value" : "30"
},{
  "dateTime" : "12/04/18 16:45:00",
  "value" : "10"
},{
  "dateTime" : "12/04/18 16:46:00",
  "value" : "10"
},{
  "dateTime" : "12/04/18 16:48:00",
  "value" : "10"
},{
  "dateTime" : "12/04/18 16:49:00",
  "value" : "10"
},{
  "dateTime" : "12/04/18 16:50:00",
  "value" : "10"
},{
  "dateTime" : "12/04/18 16:51:00",
  "value" : "10"
},{
  "dateTime" : "12/04/18 16:59:00",
  "value" : "30"
},{
  "dateTime" : "12/04/18 17:00:00",
  "value" : "10"
},{
  "dateTime" : "12/04/18 17:02:00",
  "value" : "10"
},{
  "dateTime" : "12/04/18 17:06:00",
  "value" : "10"
},{
  "dateTime" : "12/04/18 17:07:00",
  "value" : "10"
},{
  "dateTime" : "12/04/18 17:44:00",
  "value" : "10"
},{
  "dateTime" : "12/04/18 17:45:00",
  "value" : "10"
},{
  "dateTime" : "12/04/18 17:46:00",
  "value" : "10"
},{
  "dateTime" : "12/04/18 17:47:00",
  "value" : "10"
},{
  "dateTime" : "12/04/18 17:56:00",
  "value" : "10"
},{
  "dateTime" : "12/04/18 17:57:00",
  "value" : "10"
},{
  "dateTime" : "12/04/18 17:58:00",
  "value" : "10"
},{
  "dateTime" : "12/04/18 17:59:00",
  "value" : "10"
},{
  "dateTime" : "12/04/18 18:00:00",
  "value" : "20"
},{
  "dateTime" : "12/04/18 18:01:00",
  "value" : "20"
},{
  "dateTime" : "12/04/18 18:02:00",
  "value" : "10"
},{
  "dateTime" : "12/04/18 18:06:00",
  "value" : "10"
},{
  "dateTime" : "12/04/18 18:08:00",
  "value" : "10"
},{
  "dateTime" : "12/04/18 18:09:00",
  "value" : "10"
},{
  "dateTime" : "12/04/18 18:14:00",
  "value" : "10"
},{
  "dateTime" : "12/04/18 18:20:00",
  "value" : "10"
},{
  "dateTime" : "12/04/18 18:36:00",
  "value" : "10"
},{
  "dateTime" : "12/04/18 23:12:00",
  "value" : "10"
},{
  "dateTime" : "12/05/18 13:02:00",
  "value" : "10"
},{
  "dateTime" : "12/05/18 13:03:00",
  "value" : "10"
},{
  "dateTime" : "12/05/18 13:04:00",
  "value" : "10"
},{
  "dateTime" : "12/05/18 13:05:00",
  "value" : "10"
},{
  "dateTime" : "12/05/18 13:06:00",
  "value" : "10"
},{
  "dateTime" : "12/05/18 13:10:00",
  "value" : "10"
},{
  "dateTime" : "12/05/18 13:11:00",
  "value" : "10"
},{
  "dateTime" : "12/05/18 14:35:00",
  "value" : "10"
},{
  "dateTime" : "12/05/18 17:00:00",
  "value" : "10"
},{
  "dateTime" : "12/05/18 17:03:00",
  "value" : "10"
},{
  "dateTime" : "12/05/18 18:06:00",
  "value" : "10"
},{
  "dateTime" : "12/05/18 18:10:00",
  "value" : "10"
},{
  "dateTime" : "12/05/18 18:11:00",
  "value" : "30"
},{
  "dateTime" : "12/05/18 18:12:00",
  "value" : "10"
},{
  "dateTime" : "12/05/18 18:15:00",
  "value" : "10"
},{
  "dateTime" : "12/05/18 19:41:00",
  "value" : "10"
},{
  "dateTime" : "12/05/18 19:42:00",
  "value" : "10"
},{
  "dateTime" : "12/05/18 19:43:00",
  "value" : "10"
},{
  "dateTime" : "12/05/18 19:45:00",
  "value" : "10"
},{
  "dateTime" : "12/05/18 19:46:00",
  "value" : "10"
},{
  "dateTime" : "12/05/18 19:52:00",
  "value" : "10"
},{
  "dateTime" : "12/05/18 19:53:00",
  "value" : "10"
},{
  "dateTime" : "12/06/18 00:27:00",
  "value" : "10"
},{
  "dateTime" : "12/06/18 00:40:00",
  "value" : "10"
},{
  "dateTime" : "12/06/18 00:41:00",
  "value" : "20"
},{
  "dateTime" : "12/06/18 00:42:00",
  "value" : "10"
},{
  "dateTime" : "12/06/18 00:43:00",
  "value" : "20"
},{
  "dateTime" : "12/06/18 00:44:00",
  "value" : "20"
},{
  "dateTime" : "12/06/18 01:11:00",
  "value" : "10"
},{
  "dateTime" : "12/06/18 11:04:00",
  "value" : "10"
},{
  "dateTime" : "12/06/18 11:11:00",
  "value" : "10"
},{
  "dateTime" : "12/06/18 11:12:00",
  "value" : "10"
},{
  "dateTime" : "12/06/18 11:13:00",
  "value" : "20"
},{
  "dateTime" : "12/06/18 11:14:00",
  "value" : "40"
},{
  "dateTime" : "12/06/18 11:15:00",
  "value" : "50"
},{
  "dateTime" : "12/06/18 11:16:00",
  "value" : "30"
},{
  "dateTime" : "12/06/18 11:27:00",
  "value" : "10"
},{
  "dateTime" : "12/06/18 11:31:00",
  "value" : "10"
},{
  "dateTime" : "12/06/18 11:32:00",
  "value" : "10"
},{
  "dateTime" : "12/06/18 11:57:00",
  "value" : "10"
},{
  "dateTime" : "12/06/18 11:59:00",
  "value" : "10"
},{
  "dateTime" : "12/06/18 12:00:00",
  "value" : "10"
},{
  "dateTime" : "12/06/18 12:02:00",
  "value" : "10"
},{
  "dateTime" : "12/06/18 12:03:00",
  "value" : "20"
},{
  "dateTime" : "12/06/18 12:04:00",
  "value" : "10"
},{
  "dateTime" : "12/06/18 12:05:00",
  "value" : "10"
},{
  "dateTime" : "12/06/18 12:06:00",
  "value" : "10"
},{
  "dateTime" : "12/06/18 12:07:00",
  "value" : "20"
},{
  "dateTime" : "12/06/18 12:45:00",
  "value" : "20"
},{
  "dateTime" : "12/06/18 12:46:00",
  "value" : "10"
},{
  "dateTime" : "12/06/18 14:02:00",
  "value" : "10"
},{
  "dateTime" : "12/06/18 14:03:00",
  "value" : "10"
},{
  "dateTime" : "12/06/18 14:04:00",
  "value" : "10"
},{
  "dateTime" : "12/06/18 14:22:00",
  "value" : "10"
},{
  "dateTime" : "12/06/18 14:24:00",
  "value" : "10"
},{
  "dateTime" : "12/06/18 14:25:00",
  "value" : "20"
},{
  "dateTime" : "12/06/18 14:26:00",
  "value" : "30"
},{
  "dateTime" : "12/06/18 14:27:00",
  "value" : "40"
},{
  "dateTime" : "12/06/18 14:28:00",
  "value" : "30"
},{
  "dateTime" : "12/06/18 14:29:00",
  "value" : "30"
},{
  "dateTime" : "12/06/18 14:30:00",
  "value" : "40"
},{
  "dateTime" : "12/06/18 14:31:00",
  "value" : "60"
},{
  "dateTime" : "12/06/18 14:32:00",
  "value" : "10"
},{
  "dateTime" : "12/06/18 14:33:00",
  "value" : "20"
},{
  "dateTime" : "12/06/18 14:34:00",
  "value" : "20"
},{
  "dateTime" : "12/06/18 14:35:00",
  "value" : "40"
},{
  "dateTime" : "12/06/18 14:36:00",
  "value" : "30"
},{
  "dateTime" : "12/06/18 14:38:00",
  "value" : "10"
},{
  "dateTime" : "12/06/18 14:41:00",
  "value" : "10"
},{
  "dateTime" : "12/06/18 14:42:00",
  "value" : "20"
},{
  "dateTime" : "12/06/18 14:44:00",
  "value" : "10"
},{
  "dateTime" : "12/06/18 14:55:00",
  "value" : "10"
},{
  "dateTime" : "12/06/18 14:58:00",
  "value" : "20"
},{
  "dateTime" : "12/06/18 15:27:00",
  "value" : "20"
},{
  "dateTime" : "12/06/18 15:28:00",
  "value" : "10"
},{
  "dateTime" : "12/06/18 15:33:00",
  "value" : "10"
},{
  "dateTime" : "12/06/18 15:35:00",
  "value" : "10"
},{
  "dateTime" : "12/06/18 15:36:00",
  "value" : "10"
},{
  "dateTime" : "12/06/18 15:37:00",
  "value" : "10"
},{
  "dateTime" : "12/06/18 17:58:00",
  "value" : "10"
},{
  "dateTime" : "12/06/18 17:59:00",
  "value" : "20"
},{
  "dateTime" : "12/06/18 18:02:00",
  "value" : "10"
},{
  "dateTime" : "12/06/18 18:03:00",
  "value" : "10"
},{
  "dateTime" : "12/06/18 18:13:00",
  "value" : "10"
},{
  "dateTime" : "12/06/18 18:58:00",
  "value" : "10"
},{
  "dateTime" : "12/06/18 19:13:00",
  "value" : "10"
},{
  "dateTime" : "12/07/18 10:27:00",
  "value" : "10"
},{
  "dateTime" : "12/07/18 11:30:00",
  "value" : "10"
},{
  "dateTime" : "12/07/18 11:43:00",
  "value" : "10"
},{
  "dateTime" : "12/07/18 11:44:00",
  "value" : "10"
},{
  "dateTime" : "12/07/18 11:45:00",
  "value" : "10"
},{
  "dateTime" : "12/07/18 11:46:00",
  "value" : "10"
},{
  "dateTime" : "12/07/18 11:48:00",
  "value" : "10"
},{
  "dateTime" : "12/07/18 13:27:00",
  "value" : "20"
},{
  "dateTime" : "12/07/18 13:28:00",
  "value" : "10"
},{
  "dateTime" : "12/07/18 13:34:00",
  "value" : "10"
},{
  "dateTime" : "12/07/18 13:35:00",
  "value" : "10"
},{
  "dateTime" : "12/07/18 14:08:00",
  "value" : "10"
},{
  "dateTime" : "12/07/18 14:12:00",
  "value" : "10"
},{
  "dateTime" : "12/07/18 14:24:00",
  "value" : "10"
},{
  "dateTime" : "12/07/18 15:20:00",
  "value" : "10"
},{
  "dateTime" : "12/07/18 15:32:00",
  "value" : "10"
},{
  "dateTime" : "12/07/18 15:40:00",
  "value" : "10"
},{
  "dateTime" : "12/07/18 15:41:00",
  "value" : "20"
},{
  "dateTime" : "12/07/18 15:42:00",
  "value" : "10"
},{
  "dateTime" : "12/07/18 15:43:00",
  "value" : "10"
},{
  "dateTime" : "12/07/18 15:52:00",
  "value" : "20"
},{
  "dateTime" : "12/07/18 15:53:00",
  "value" : "10"
},{
  "dateTime" : "12/07/18 15:54:00",
  "value" : "20"
},{
  "dateTime" : "12/07/18 15:55:00",
  "value" : "10"
},{
  "dateTime" : "12/07/18 15:56:00",
  "value" : "10"
},{
  "dateTime" : "12/07/18 16:09:00",
  "value" : "10"
},{
  "dateTime" : "12/07/18 16:10:00",
  "value" : "10"
},{
  "dateTime" : "12/07/18 16:11:00",
  "value" : "10"
},{
  "dateTime" : "12/07/18 16:12:00",
  "value" : "20"
},{
  "dateTime" : "12/07/18 16:13:00",
  "value" : "10"
},{
  "dateTime" : "12/07/18 16:15:00",
  "value" : "20"
},{
  "dateTime" : "12/07/18 16:16:00",
  "value" : "10"
},{
  "dateTime" : "12/07/18 16:17:00",
  "value" : "10"
},{
  "dateTime" : "12/07/18 16:26:00",
  "value" : "10"
},{
  "dateTime" : "12/07/18 16:28:00",
  "value" : "10"
},{
  "dateTime" : "12/07/18 16:29:00",
  "value" : "10"
},{
  "dateTime" : "12/07/18 16:31:00",
  "value" : "10"
},{
  "dateTime" : "12/07/18 17:22:00",
  "value" : "10"
},{
  "dateTime" : "12/07/18 17:46:00",
  "value" : "10"
},{
  "dateTime" : "12/07/18 17:52:00",
  "value" : "10"
},{
  "dateTime" : "12/07/18 17:54:00",
  "value" : "10"
},{
  "dateTime" : "12/07/18 17:55:00",
  "value" : "10"
},{
  "dateTime" : "12/07/18 17:57:00",
  "value" : "20"
},{
  "dateTime" : "12/07/18 18:51:00",
  "value" : "10"
},{
  "dateTime" : "12/07/18 21:08:00",
  "value" : "10"
},{
  "dateTime" : "12/07/18 21:09:00",
  "value" : "20"
},{
  "dateTime" : "12/07/18 21:16:00",
  "value" : "10"
},{
  "dateTime" : "12/07/18 21:17:00",
  "value" : "10"
},{
  "dateTime" : "12/07/18 21:26:00",
  "value" : "10"
},{
  "dateTime" : "12/07/18 21:31:00",
  "value" : "10"
},{
  "dateTime" : "12/07/18 21:38:00",
  "value" : "10"
},{
  "dateTime" : "12/07/18 23:19:00",
  "value" : "10"
},{
  "dateTime" : "12/07/18 23:20:00",
  "value" : "10"
},{
  "dateTime" : "12/08/18 00:47:00",
  "value" : "10"
},{
  "dateTime" : "12/08/18 00:48:00",
  "value" : "10"
},{
  "dateTime" : "12/08/18 00:49:00",
  "value" : "10"
},{
  "dateTime" : "12/08/18 00:50:00",
  "value" : "10"
},{
  "dateTime" : "12/08/18 10:07:00",
  "value" : "10"
},{
  "dateTime" : "12/08/18 10:11:00",
  "value" : "10"
},{
  "dateTime" : "12/08/18 10:13:00",
  "value" : "20"
},{
  "dateTime" : "12/08/18 10:20:00",
  "value" : "10"
},{
  "dateTime" : "12/08/18 10:21:00",
  "value" : "20"
},{
  "dateTime" : "12/08/18 10:22:00",
  "value" : "10"
},{
  "dateTime" : "12/08/18 14:06:00",
  "value" : "10"
},{
  "dateTime" : "12/08/18 14:07:00",
  "value" : "20"
},{
  "dateTime" : "12/08/18 14:08:00",
  "value" : "10"
},{
  "dateTime" : "12/08/18 14:09:00",
  "value" : "10"
},{
  "dateTime" : "12/08/18 14:10:00",
  "value" : "10"
},{
  "dateTime" : "12/08/18 16:55:00",
  "value" : "10"
},{
  "dateTime" : "12/08/18 18:01:00",
  "value" : "10"
},{
  "dateTime" : "12/08/18 18:02:00",
  "value" : "20"
},{
  "dateTime" : "12/08/18 18:29:00",
  "value" : "10"
},{
  "dateTime" : "12/08/18 19:01:00",
  "value" : "10"
},{
  "dateTime" : "12/08/18 19:03:00",
  "value" : "10"
},{
  "dateTime" : "12/08/18 19:05:00",
  "value" : "10"
},{
  "dateTime" : "12/08/18 19:06:00",
  "value" : "10"
},{
  "dateTime" : "12/08/18 19:12:00",
  "value" : "10"
},{
  "dateTime" : "12/08/18 19:18:00",
  "value" : "10"
},{
  "dateTime" : "12/09/18 00:07:00",
  "value" : "10"
},{
  "dateTime" : "12/09/18 00:08:00",
  "value" : "20"
},{
  "dateTime" : "12/09/18 00:14:00",
  "value" : "10"
},{
  "dateTime" : "12/09/18 00:21:00",
  "value" : "10"
},{
  "dateTime" : "12/09/18 00:22:00",
  "value" : "10"
},{
  "dateTime" : "12/09/18 00:23:00",
  "value" : "10"
},{
  "dateTime" : "12/09/18 09:52:00",
  "value" : "10"
},{
  "dateTime" : "12/09/18 09:58:00",
  "value" : "10"
},{
  "dateTime" : "12/09/18 09:59:00",
  "value" : "10"
},{
  "dateTime" : "12/09/18 10:00:00",
  "value" : "10"
},{
  "dateTime" : "12/09/18 10:01:00",
  "value" : "10"
},{
  "dateTime" : "12/09/18 14:50:00",
  "value" : "10"
},{
  "dateTime" : "12/09/18 14:53:00",
  "value" : "10"
},{
  "dateTime" : "12/09/18 14:54:00",
  "value" : "10"
},{
  "dateTime" : "12/09/18 16:56:00",
  "value" : "20"
},{
  "dateTime" : "12/09/18 17:06:00",
  "value" : "10"
},{
  "dateTime" : "12/09/18 17:11:00",
  "value" : "10"
},{
  "dateTime" : "12/09/18 17:16:00",
  "value" : "20"
},{
  "dateTime" : "12/09/18 17:17:00",
  "value" : "10"
},{
  "dateTime" : "12/09/18 17:18:00",
  "value" : "20"
},{
  "dateTime" : "12/09/18 17:19:00",
  "value" : "10"
},{
  "dateTime" : "12/09/18 17:21:00",
  "value" : "20"
},{
  "dateTime" : "12/09/18 17:22:00",
  "value" : "10"
},{
  "dateTime" : "12/09/18 17:33:00",
  "value" : "10"
},{
  "dateTime" : "12/09/18 18:01:00",
  "value" : "10"
},{
  "dateTime" : "12/09/18 18:03:00",
  "value" : "10"
},{
  "dateTime" : "12/09/18 18:04:00",
  "value" : "10"
},{
  "dateTime" : "12/09/18 18:09:00",
  "value" : "10"
},{
  "dateTime" : "12/09/18 18:15:00",
  "value" : "20"
},{
  "dateTime" : "12/09/18 18:43:00",
  "value" : "20"
},{
  "dateTime" : "12/09/18 22:23:00",
  "value" : "10"
},{
  "dateTime" : "12/09/18 22:27:00",
  "value" : "10"
},{
  "dateTime" : "12/09/18 22:28:00",
  "value" : "10"
},{
  "dateTime" : "12/09/18 23:51:00",
  "value" : "20"
},{
  "dateTime" : "12/09/18 23:52:00",
  "value" : "10"
},{
  "dateTime" : "12/09/18 23:55:00",
  "value" : "10"
},{
  "dateTime" : "12/09/18 23:56:00",
  "value" : "10"
},{
  "dateTime" : "12/10/18 00:02:00",
  "value" : "10"
},{
  "dateTime" : "12/10/18 09:57:00",
  "value" : "10"
},{
  "dateTime" : "12/10/18 13:03:00",
  "value" : "10"
},{
  "dateTime" : "12/10/18 13:05:00",
  "value" : "10"
},{
  "dateTime" : "12/10/18 13:06:00",
  "value" : "10"
},{
  "dateTime" : "12/10/18 13:07:00",
  "value" : "10"
},{
  "dateTime" : "12/10/18 13:08:00",
  "value" : "10"
},{
  "dateTime" : "12/10/18 14:16:00",
  "value" : "10"
},{
  "dateTime" : "12/10/18 14:23:00",
  "value" : "10"
},{
  "dateTime" : "12/10/18 17:16:00",
  "value" : "10"
},{
  "dateTime" : "12/10/18 17:25:00",
  "value" : "10"
},{
  "dateTime" : "12/10/18 17:26:00",
  "value" : "10"
},{
  "dateTime" : "12/10/18 17:27:00",
  "value" : "10"
},{
  "dateTime" : "12/10/18 17:29:00",
  "value" : "10"
},{
  "dateTime" : "12/10/18 17:30:00",
  "value" : "10"
},{
  "dateTime" : "12/10/18 17:33:00",
  "value" : "20"
},{
  "dateTime" : "12/10/18 17:34:00",
  "value" : "10"
},{
  "dateTime" : "12/10/18 17:35:00",
  "value" : "20"
},{
  "dateTime" : "12/10/18 17:36:00",
  "value" : "10"
},{
  "dateTime" : "12/10/18 18:12:00",
  "value" : "10"
},{
  "dateTime" : "12/10/18 19:45:00",
  "value" : "10"
},{
  "dateTime" : "12/10/18 19:57:00",
  "value" : "10"
},{
  "dateTime" : "12/10/18 19:59:00",
  "value" : "10"
},{
  "dateTime" : "12/10/18 20:00:00",
  "value" : "10"
},{
  "dateTime" : "12/10/18 20:03:00",
  "value" : "10"
},{
  "dateTime" : "12/10/18 20:29:00",
  "value" : "10"
},{
  "dateTime" : "12/10/18 20:30:00",
  "value" : "10"
},{
  "dateTime" : "12/10/18 20:31:00",
  "value" : "10"
},{
  "dateTime" : "12/10/18 20:38:00",
  "value" : "10"
},{
  "dateTime" : "12/10/18 20:53:00",
  "value" : "10"
},{
  "dateTime" : "12/10/18 21:04:00",
  "value" : "10"
},{
  "dateTime" : "12/11/18 07:50:00",
  "value" : "10"
},{
  "dateTime" : "12/11/18 07:53:00",
  "value" : "10"
},{
  "dateTime" : "12/11/18 07:54:00",
  "value" : "10"
},{
  "dateTime" : "12/11/18 07:55:00",
  "value" : "10"
},{
  "dateTime" : "12/11/18 07:56:00",
  "value" : "10"
},{
  "dateTime" : "12/11/18 07:57:00",
  "value" : "10"
},{
  "dateTime" : "12/11/18 10:21:00",
  "value" : "20"
},{
  "dateTime" : "12/11/18 16:02:00",
  "value" : "10"
},{
  "dateTime" : "12/11/18 16:03:00",
  "value" : "20"
},{
  "dateTime" : "12/11/18 16:11:00",
  "value" : "10"
},{
  "dateTime" : "12/11/18 16:12:00",
  "value" : "10"
},{
  "dateTime" : "12/11/18 17:36:00",
  "value" : "10"
},{
  "dateTime" : "12/11/18 17:38:00",
  "value" : "10"
},{
  "dateTime" : "12/11/18 18:08:00",
  "value" : "10"
},{
  "dateTime" : "12/11/18 18:15:00",
  "value" : "10"
},{
  "dateTime" : "12/11/18 18:19:00",
  "value" : "10"
},{
  "dateTime" : "12/11/18 18:21:00",
  "value" : "10"
},{
  "dateTime" : "12/11/18 18:22:00",
  "value" : "10"
},{
  "dateTime" : "12/11/18 18:24:00",
  "value" : "20"
},{
  "dateTime" : "12/11/18 18:30:00",
  "value" : "10"
},{
  "dateTime" : "12/11/18 18:34:00",
  "value" : "10"
},{
  "dateTime" : "12/11/18 18:35:00",
  "value" : "10"
},{
  "dateTime" : "12/11/18 22:34:00",
  "value" : "10"
},{
  "dateTime" : "12/11/18 22:35:00",
  "value" : "20"
},{
  "dateTime" : "12/11/18 22:41:00",
  "value" : "10"
},{
  "dateTime" : "12/11/18 22:49:00",
  "value" : "10"
},{
  "dateTime" : "12/11/18 23:13:00",
  "value" : "10"
},{
  "dateTime" : "12/12/18 06:28:00",
  "value" : "10"
},{
  "dateTime" : "12/12/18 09:03:00",
  "value" : "10"
},{
  "dateTime" : "12/12/18 09:04:00",
  "value" : "10"
},{
  "dateTime" : "12/12/18 09:05:00",
  "value" : "10"
},{
  "dateTime" : "12/12/18 09:06:00",
  "value" : "20"
},{
  "dateTime" : "12/12/18 09:07:00",
  "value" : "10"
},{
  "dateTime" : "12/12/18 09:09:00",
  "value" : "20"
},{
  "dateTime" : "12/12/18 09:10:00",
  "value" : "10"
},{
  "dateTime" : "12/12/18 09:24:00",
  "value" : "10"
},{
  "dateTime" : "12/12/18 09:52:00",
  "value" : "10"
},{
  "dateTime" : "12/12/18 09:57:00",
  "value" : "10"
},{
  "dateTime" : "12/12/18 09:58:00",
  "value" : "10"
},{
  "dateTime" : "12/12/18 09:59:00",
  "value" : "20"
},{
  "dateTime" : "12/12/18 12:55:00",
  "value" : "30"
},{
  "dateTime" : "12/12/18 13:01:00",
  "value" : "10"
},{
  "dateTime" : "12/12/18 13:51:00",
  "value" : "10"
},{
  "dateTime" : "12/12/18 17:14:00",
  "value" : "20"
},{
  "dateTime" : "12/12/18 17:15:00",
  "value" : "10"
},{
  "dateTime" : "12/12/18 17:22:00",
  "value" : "10"
},{
  "dateTime" : "12/12/18 17:23:00",
  "value" : "20"
},{
  "dateTime" : "12/12/18 18:42:00",
  "value" : "10"
},{
  "dateTime" : "12/12/18 18:44:00",
  "value" : "10"
},{
  "dateTime" : "12/12/18 18:45:00",
  "value" : "10"
},{
  "dateTime" : "12/12/18 18:47:00",
  "value" : "20"
},{
  "dateTime" : "12/12/18 21:47:00",
  "value" : "30"
},{
  "dateTime" : "12/12/18 21:55:00",
  "value" : "10"
},{
  "dateTime" : "12/12/18 21:59:00",
  "value" : "10"
},{
  "dateTime" : "12/12/18 22:19:00",
  "value" : "10"
},{
  "dateTime" : "12/12/18 23:12:00",
  "value" : "10"
},{
  "dateTime" : "12/12/18 23:58:00",
  "value" : "10"
},{
  "dateTime" : "12/13/18 00:07:00",
  "value" : "10"
},{
  "dateTime" : "12/13/18 08:27:00",
  "value" : "10"
},{
  "dateTime" : "12/13/18 10:29:00",
  "value" : "10"
},{
  "dateTime" : "12/13/18 14:55:00",
  "value" : "10"
},{
  "dateTime" : "12/13/18 14:56:00",
  "value" : "10"
},{
  "dateTime" : "12/13/18 14:59:00",
  "value" : "20"
},{
  "dateTime" : "12/13/18 15:55:00",
  "value" : "10"
},{
  "dateTime" : "12/13/18 16:03:00",
  "value" : "10"
},{
  "dateTime" : "12/13/18 16:43:00",
  "value" : "20"
},{
  "dateTime" : "12/13/18 17:47:00",
  "value" : "10"
},{
  "dateTime" : "12/13/18 17:50:00",
  "value" : "10"
},{
  "dateTime" : "12/13/18 17:52:00",
  "value" : "10"
},{
  "dateTime" : "12/13/18 17:53:00",
  "value" : "10"
},{
  "dateTime" : "12/13/18 17:54:00",
  "value" : "10"
},{
  "dateTime" : "12/13/18 17:55:00",
  "value" : "10"
},{
  "dateTime" : "12/13/18 20:43:00",
  "value" : "10"
},{
  "dateTime" : "12/13/18 20:44:00",
  "value" : "20"
},{
  "dateTime" : "12/13/18 20:51:00",
  "value" : "10"
},{
  "dateTime" : "12/13/18 21:09:00",
  "value" : "10"
},{
  "dateTime" : "12/13/18 21:11:00",
  "value" : "10"
},{
  "dateTime" : "12/13/18 22:12:00",
  "value" : "10"
},{
  "dateTime" : "12/13/18 22:27:00",
  "value" : "10"
},{
  "dateTime" : "12/13/18 23:17:00",
  "value" : "10"
},{
  "dateTime" : "12/14/18 01:06:00",
  "value" : "10"
},{
  "dateTime" : "12/14/18 01:13:00",
  "value" : "10"
},{
  "dateTime" : "12/14/18 14:39:00",
  "value" : "10"
},{
  "dateTime" : "12/14/18 14:40:00",
  "value" : "10"
},{
  "dateTime" : "12/14/18 14:42:00",
  "value" : "10"
},{
  "dateTime" : "12/14/18 14:53:00",
  "value" : "10"
},{
  "dateTime" : "12/14/18 14:55:00",
  "value" : "10"
},{
  "dateTime" : "12/14/18 14:56:00",
  "value" : "20"
},{
  "dateTime" : "12/14/18 14:57:00",
  "value" : "10"
},{
  "dateTime" : "12/14/18 14:58:00",
  "value" : "10"
},{
  "dateTime" : "12/14/18 15:04:00",
  "value" : "20"
},{
  "dateTime" : "12/14/18 16:12:00",
  "value" : "20"
},{
  "dateTime" : "12/14/18 16:13:00",
  "value" : "10"
},{
  "dateTime" : "12/14/18 16:16:00",
  "value" : "10"
},{
  "dateTime" : "12/14/18 16:17:00",
  "value" : "20"
},{
  "dateTime" : "12/14/18 16:19:00",
  "value" : "10"
},{
  "dateTime" : "12/14/18 16:20:00",
  "value" : "10"
},{
  "dateTime" : "12/14/18 16:22:00",
  "value" : "10"
},{
  "dateTime" : "12/14/18 16:23:00",
  "value" : "10"
},{
  "dateTime" : "12/14/18 17:30:00",
  "value" : "10"
},{
  "dateTime" : "12/14/18 17:31:00",
  "value" : "10"
},{
  "dateTime" : "12/14/18 17:32:00",
  "value" : "10"
},{
  "dateTime" : "12/14/18 17:33:00",
  "value" : "30"
},{
  "dateTime" : "12/14/18 17:53:00",
  "value" : "20"
},{
  "dateTime" : "12/14/18 18:05:00",
  "value" : "10"
},{
  "dateTime" : "12/14/18 18:10:00",
  "value" : "10"
},{
  "dateTime" : "12/14/18 18:13:00",
  "value" : "10"
},{
  "dateTime" : "12/14/18 19:22:00",
  "value" : "10"
},{
  "dateTime" : "12/14/18 19:23:00",
  "value" : "10"
},{
  "dateTime" : "12/14/18 19:31:00",
  "value" : "10"
},{
  "dateTime" : "12/14/18 19:33:00",
  "value" : "10"
},{
  "dateTime" : "12/14/18 19:47:00",
  "value" : "10"
},{
  "dateTime" : "12/14/18 21:09:00",
  "value" : "10"
},{
  "dateTime" : "12/14/18 21:48:00",
  "value" : "20"
},{
  "dateTime" : "12/14/18 22:03:00",
  "value" : "10"
},{
  "dateTime" : "12/14/18 22:13:00",
  "value" : "10"
},{
  "dateTime" : "12/14/18 23:09:00",
  "value" : "10"
},{
  "dateTime" : "12/14/18 23:10:00",
  "value" : "10"
},{
  "dateTime" : "12/14/18 23:11:00",
  "value" : "10"
},{
  "dateTime" : "12/14/18 23:12:00",
  "value" : "10"
},{
  "dateTime" : "12/14/18 23:13:00",
  "value" : "10"
},{
  "dateTime" : "12/14/18 23:20:00",
  "value" : "20"
},{
  "dateTime" : "12/14/18 23:21:00",
  "value" : "20"
},{
  "dateTime" : "12/14/18 23:22:00",
  "value" : "20"
},{
  "dateTime" : "12/14/18 23:23:00",
  "value" : "30"
},{
  "dateTime" : "12/14/18 23:24:00",
  "value" : "30"
},{
  "dateTime" : "12/14/18 23:25:00",
  "value" : "20"
},{
  "dateTime" : "12/14/18 23:32:00",
  "value" : "10"
},{
  "dateTime" : "12/14/18 23:34:00",
  "value" : "30"
},{
  "dateTime" : "12/14/18 23:42:00",
  "value" : "10"
},{
  "dateTime" : "12/15/18 01:22:00",
  "value" : "10"
},{
  "dateTime" : "12/15/18 02:54:00",
  "value" : "10"
},{
  "dateTime" : "12/15/18 10:15:00",
  "value" : "10"
},{
  "dateTime" : "12/15/18 10:17:00",
  "value" : "20"
},{
  "dateTime" : "12/15/18 10:19:00",
  "value" : "10"
},{
  "dateTime" : "12/15/18 10:42:00",
  "value" : "30"
},{
  "dateTime" : "12/15/18 10:43:00",
  "value" : "10"
},{
  "dateTime" : "12/15/18 11:29:00",
  "value" : "10"
},{
  "dateTime" : "12/15/18 13:47:00",
  "value" : "10"
},{
  "dateTime" : "12/15/18 14:40:00",
  "value" : "10"
},{
  "dateTime" : "12/15/18 14:41:00",
  "value" : "10"
},{
  "dateTime" : "12/15/18 14:43:00",
  "value" : "10"
},{
  "dateTime" : "12/16/18 15:00:00",
  "value" : "10"
},{
  "dateTime" : "12/16/18 15:01:00",
  "value" : "10"
},{
  "dateTime" : "12/16/18 16:18:00",
  "value" : "10"
},{
  "dateTime" : "12/16/18 18:48:00",
  "value" : "10"
},{
  "dateTime" : "12/17/18 13:27:00",
  "value" : "10"
},{
  "dateTime" : "12/17/18 13:40:00",
  "value" : "10"
},{
  "dateTime" : "12/17/18 13:49:00",
  "value" : "10"
},{
  "dateTime" : "12/17/18 13:50:00",
  "value" : "10"
},{
  "dateTime" : "12/17/18 13:52:00",
  "value" : "30"
},{
  "dateTime" : "12/17/18 13:54:00",
  "value" : "10"
},{
  "dateTime" : "12/17/18 13:56:00",
  "value" : "10"
},{
  "dateTime" : "12/17/18 14:01:00",
  "value" : "10"
},{
  "dateTime" : "12/17/18 14:02:00",
  "value" : "20"
},{
  "dateTime" : "12/17/18 14:52:00",
  "value" : "10"
},{
  "dateTime" : "12/17/18 18:49:00",
  "value" : "10"
},{
  "dateTime" : "12/17/18 19:19:00",
  "value" : "10"
},{
  "dateTime" : "12/17/18 21:59:00",
  "value" : "10"
},{
  "dateTime" : "12/17/18 22:03:00",
  "value" : "10"
},{
  "dateTime" : "12/17/18 22:12:00",
  "value" : "10"
},{
  "dateTime" : "12/18/18 00:44:00",
  "value" : "10"
},{
  "dateTime" : "12/18/18 10:59:00",
  "value" : "10"
},{
  "dateTime" : "12/18/18 13:22:00",
  "value" : "10"
},{
  "dateTime" : "12/18/18 13:34:00",
  "value" : "10"
},{
  "dateTime" : "12/18/18 13:59:00",
  "value" : "10"
},{
  "dateTime" : "12/18/18 14:00:00",
  "value" : "20"
},{
  "dateTime" : "12/18/18 14:01:00",
  "value" : "40"
},{
  "dateTime" : "12/18/18 14:02:00",
  "value" : "20"
},{
  "dateTime" : "12/18/18 14:03:00",
  "value" : "10"
},{
  "dateTime" : "12/18/18 14:06:00",
  "value" : "10"
},{
  "dateTime" : "12/18/18 14:07:00",
  "value" : "10"
},{
  "dateTime" : "12/18/18 14:13:00",
  "value" : "30"
},{
  "dateTime" : "12/18/18 14:14:00",
  "value" : "20"
},{
  "dateTime" : "12/18/18 14:15:00",
  "value" : "10"
},{
  "dateTime" : "12/18/18 14:17:00",
  "value" : "30"
},{
  "dateTime" : "12/18/18 14:23:00",
  "value" : "10"
},{
  "dateTime" : "12/18/18 14:24:00",
  "value" : "20"
},{
  "dateTime" : "12/18/18 14:25:00",
  "value" : "20"
},{
  "dateTime" : "12/18/18 14:26:00",
  "value" : "30"
},{
  "dateTime" : "12/18/18 14:27:00",
  "value" : "20"
},{
  "dateTime" : "12/18/18 14:28:00",
  "value" : "20"
},{
  "dateTime" : "12/18/18 14:29:00",
  "value" : "10"
},{
  "dateTime" : "12/18/18 14:30:00",
  "value" : "20"
},{
  "dateTime" : "12/18/18 14:31:00",
  "value" : "20"
},{
  "dateTime" : "12/18/18 14:32:00",
  "value" : "20"
},{
  "dateTime" : "12/18/18 14:33:00",
  "value" : "20"
},{
  "dateTime" : "12/18/18 14:34:00",
  "value" : "20"
},{
  "dateTime" : "12/18/18 14:35:00",
  "value" : "10"
},{
  "dateTime" : "12/18/18 14:37:00",
  "value" : "10"
},{
  "dateTime" : "12/18/18 14:39:00",
  "value" : "10"
},{
  "dateTime" : "12/18/18 14:48:00",
  "value" : "20"
},{
  "dateTime" : "12/18/18 14:49:00",
  "value" : "10"
},{
  "dateTime" : "12/18/18 14:50:00",
  "value" : "10"
},{
  "dateTime" : "12/18/18 14:51:00",
  "value" : "10"
},{
  "dateTime" : "12/18/18 14:52:00",
  "value" : "10"
},{
  "dateTime" : "12/18/18 14:54:00",
  "value" : "10"
},{
  "dateTime" : "12/18/18 14:56:00",
  "value" : "20"
},{
  "dateTime" : "12/18/18 14:57:00",
  "value" : "10"
},{
  "dateTime" : "12/18/18 14:58:00",
  "value" : "10"
},{
  "dateTime" : "12/18/18 16:55:00",
  "value" : "10"
},{
  "dateTime" : "12/18/18 17:50:00",
  "value" : "10"
},{
  "dateTime" : "12/18/18 19:12:00",
  "value" : "10"
},{
  "dateTime" : "12/18/18 20:33:00",
  "value" : "10"
},{
  "dateTime" : "12/19/18 12:26:00",
  "value" : "10"
},{
  "dateTime" : "12/19/18 14:14:00",
  "value" : "10"
},{
  "dateTime" : "12/19/18 17:04:00",
  "value" : "10"
},{
  "dateTime" : "12/19/18 17:18:00",
  "value" : "10"
},{
  "dateTime" : "12/19/18 19:39:00",
  "value" : "10"
},{
  "dateTime" : "12/19/18 19:47:00",
  "value" : "10"
}]