[{
  "encodedId" : "22983X",
  "badgeType" : "DAILY_STEPS",
  "value" : 60000,
  "timesAchieved" : 1,
  "dateTime" : "2017-06-04",
  "name" : "Blue Suede Shoes (60,000 steps in a day)",
  "shortName" : "Blue Suede Shoes",
  "earnedMessage" : "Congrats on earning your first Blue Suede Shoes badge!",
  "description" : "60,000 steps in a day",
  "category" : "Daily Steps",
  "shareText" : "I took 60,000 steps and earned the Blue Suede Shoes badge! #Fitbit"
},{
  "encodedId" : "229842",
  "badgeType" : "DAILY_STEPS",
  "value" : 55000,
  "timesAchieved" : 1,
  "dateTime" : "2017-06-04",
  "name" : "Platform Shoe (55,000 steps in a day)",
  "shortName" : "Platform Shoe",
  "earnedMessage" : "Congrats on earning your first Platform Shoe badge!",
  "description" : "55,000 steps in a day",
  "category" : "Daily Steps",
  "shareText" : "I took 55,000 steps and earned the Platform Shoe badge! #Fitbit"
},{
  "encodedId" : "22983Z",
  "badgeType" : "DAILY_STEPS",
  "value" : 50000,
  "timesAchieved" : 2,
  "dateTime" : "2017-06-04",
  "name" : "Cowboy Boot (50,000 steps in a day)",
  "shortName" : "Cowboy Boot",
  "earnedMessage" : "Congrats on earning your first Cowboy Boot badge!",
  "description" : "50,000 steps in a day",
  "category" : "Daily Steps",
  "shareText" : "I took 50,000 steps and earned the Cowboy Boot badge! #Fitbit"
},{
  "encodedId" : "22984X",
  "badgeType" : "DAILY_STEPS",
  "value" : 45000,
  "timesAchieved" : 2,
  "dateTime" : "2017-06-04",
  "name" : "Snow Boot (45,000 steps in a day)",
  "shortName" : "Snow Boot",
  "earnedMessage" : "Congrats on earning your first Snow Boot badge!",
  "description" : "45,000 steps in a day",
  "category" : "Daily Steps",
  "shareText" : "I took 45,000 steps and earned the Snow Boot badge! #Fitbit"
},{
  "encodedId" : "228TLJ",
  "badgeType" : "DAILY_STEPS",
  "value" : 40000,
  "timesAchieved" : 5,
  "dateTime" : "2018-06-29",
  "name" : "Cleats (40,000 steps in a day)",
  "shortName" : "Cleats",
  "earnedMessage" : "Congrats on earning your first Cleats badge!",
  "description" : "40,000 steps in a day",
  "category" : "Daily Steps",
  "shareText" : "I took 40,000 steps and earned the Cleats badge! #Fitbit"
},{
  "encodedId" : "228TPW",
  "badgeType" : "DAILY_STEPS",
  "value" : 35000,
  "timesAchieved" : 19,
  "dateTime" : "2018-07-30",
  "name" : "Hiking Boot (35,000 steps in a day)",
  "shortName" : "Hiking Boot",
  "earnedMessage" : "Congrats on earning your first Hiking Boot badge!",
  "description" : "35,000 steps in a day",
  "category" : "Daily Steps",
  "shareText" : "I took 35,000 steps and earned the Hiking Boot badge! #Fitbit"
},{
  "encodedId" : "228TM5",
  "badgeType" : "DAILY_STEPS",
  "value" : 30000,
  "timesAchieved" : 47,
  "dateTime" : "2019-01-01",
  "name" : "Trail Shoe (30,000 steps in a day)",
  "shortName" : "Trail Shoe",
  "earnedMessage" : "Congrats on earning your first Trail Shoe badge!",
  "description" : "30,000 steps in a day",
  "category" : "Daily Steps",
  "shareText" : "I took 30,000 steps and earned the Trail Shoe badge! #Fitbit"
},{
  "encodedId" : "228TLX",
  "badgeType" : "DAILY_STEPS",
  "value" : 25000,
  "timesAchieved" : 128,
  "dateTime" : "2019-03-30",
  "name" : "Classics (25,000 steps in a day)",
  "shortName" : "Classics",
  "earnedMessage" : "Congrats on earning your first Classics badge!",
  "description" : "25,000 steps in a day",
  "category" : "Daily Steps",
  "shareText" : "I took 25,000 steps and earned the Classics badge! #Fitbit"
},{
  "encodedId" : "228TPP",
  "badgeType" : "DAILY_STEPS",
  "value" : 20000,
  "timesAchieved" : 264,
  "dateTime" : "2019-03-30",
  "name" : "High Tops (20,000 steps in a day)",
  "shortName" : "High Tops",
  "earnedMessage" : "Congrats on earning your first High Tops badge!",
  "description" : "20,000 steps in a day",
  "category" : "Daily Steps",
  "shareText" : "I took 20,000 steps and earned the High Tops badge! #Fitbit"
},{
  "encodedId" : "228TMK",
  "badgeType" : "DAILY_STEPS",
  "value" : 15000,
  "timesAchieved" : 488,
  "dateTime" : "2019-03-30",
  "name" : "Urban Boot (15,000 steps in a day)",
  "shortName" : "Urban Boot",
  "earnedMessage" : "Congrats on earning your first Urban Boot badge!",
  "description" : "15,000 steps in a day",
  "category" : "Daily Steps",
  "shareText" : "I took 15,000 steps and earned the Urban Boot badge! #Fitbit"
},{
  "encodedId" : "228TQB",
  "badgeType" : "DAILY_STEPS",
  "value" : 10000,
  "timesAchieved" : 728,
  "dateTime" : "2019-03-31",
  "name" : "Sneakers (10,000 steps in a day)",
  "shortName" : "Sneakers",
  "earnedMessage" : "Congrats on earning your first Sneakers badge!",
  "description" : "10,000 steps in a day",
  "category" : "Daily Steps",
  "shareText" : "I took 10,000 steps and earned the Sneakers badge! #Fitbit"
},{
  "encodedId" : "228TQ4",
  "badgeType" : "DAILY_STEPS",
  "value" : 5000,
  "timesAchieved" : 807,
  "dateTime" : "2019-04-02",
  "name" : "Boat Shoe (5,000 steps in a day)",
  "shortName" : "Boat Shoe",
  "earnedMessage" : "Congrats on earning your first Boat Shoe badge!",
  "description" : "5,000 steps in a day",
  "category" : "Daily Steps",
  "shareText" : "I took 5,000 steps and earned the Boat Shoe badge! #Fitbit"
},{
  "encodedId" : "22984B",
  "badgeType" : "DAILY_FLOORS",
  "value" : 300,
  "timesAchieved" : 1,
  "dateTime" : "2017-04-14",
  "name" : "Waterfall (300 floors in a day)",
  "shortName" : "Waterfall",
  "earnedMessage" : "Congrats on earning your first Waterfall badge!",
  "description" : "300 floors in a day",
  "category" : "Daily Climb",
  "shareText" : "I climbed 300 flights of stairs and earned the Waterfall badge! #Fitbit"
},{
  "encodedId" : "228TC9",
  "badgeType" : "DAILY_FLOORS",
  "value" : 200,
  "timesAchieved" : 11,
  "dateTime" : "2018-09-01",
  "name" : "Castle (200 floors in a day)",
  "shortName" : "Castle",
  "earnedMessage" : "Congrats on earning your first Castle badge!",
  "description" : "200 floors in a day",
  "category" : "Daily Climb",
  "shareText" : "I climbed 200 flights of stairs and earned the Castle badge! #Fitbit"
},{
  "encodedId" : "229849",
  "badgeType" : "DAILY_FLOORS",
  "value" : 175,
  "timesAchieved" : 14,
  "dateTime" : "2018-09-01",
  "name" : "Bridge (175 floors in a day)",
  "shortName" : "Bridge",
  "earnedMessage" : "Congrats on earning your first Bridge badge!",
  "description" : "175 floors in a day",
  "category" : "Daily Climb",
  "shareText" : "I climbed 175 flights of stairs and earned the Bridge badge! #Fitbit"
},{
  "encodedId" : "228TC3",
  "badgeType" : "DAILY_FLOORS",
  "value" : 150,
  "timesAchieved" : 29,
  "dateTime" : "2018-12-31",
  "name" : "Stadium (150 floors in a day)",
  "shortName" : "Stadium",
  "earnedMessage" : "Congrats on earning your first Stadium badge!",
  "description" : "150 floors in a day",
  "category" : "Daily Climb",
  "shareText" : "I climbed 150 flights of stairs and earned the Stadium badge! #Fitbit"
},{
  "encodedId" : "229844",
  "badgeType" : "DAILY_FLOORS",
  "value" : 125,
  "timesAchieved" : 50,
  "dateTime" : "2019-03-19",
  "name" : "Rollercoaster (125 floors in a day)",
  "shortName" : "Rollercoaster",
  "earnedMessage" : "Congrats on earning your first Rollercoaster badge!",
  "description" : "125 floors in a day",
  "category" : "Daily Climb",
  "shareText" : "I climbed 125 flights of stairs and earned the Rollercoaster badge! #Fitbit"
},{
  "encodedId" : "228TSL",
  "badgeType" : "DAILY_FLOORS",
  "value" : 100,
  "timesAchieved" : 80,
  "dateTime" : "2019-03-19",
  "name" : "Skyscraper (100 floors in a day)",
  "shortName" : "Skyscraper",
  "earnedMessage" : "Congrats on earning your first Skyscraper badge!",
  "description" : "100 floors in a day",
  "category" : "Daily Climb",
  "shareText" : "I climbed 100 flights of stairs and earned the Skyscraper badge! #Fitbit"
},{
  "encodedId" : "229843",
  "badgeType" : "DAILY_FLOORS",
  "value" : 75,
  "timesAchieved" : 131,
  "dateTime" : "2019-03-19",
  "name" : "Ferris Wheel (75 floors in a day)",
  "shortName" : "Ferris Wheel",
  "earnedMessage" : "Congrats on earning your first Ferris Wheel badge!",
  "description" : "75 floors in a day",
  "category" : "Daily Climb",
  "shareText" : "I climbed 75 flights of stairs and earned the Ferris Wheel badge! #Fitbit"
},{
  "encodedId" : "228TT7",
  "badgeType" : "DAILY_FLOORS",
  "value" : 50,
  "timesAchieved" : 291,
  "dateTime" : "2019-03-23",
  "name" : "Lighthouse (50 floors in a day)",
  "shortName" : "Lighthouse",
  "earnedMessage" : "Congrats on earning your first Lighthouse badge!",
  "description" : "50 floors in a day",
  "category" : "Daily Climb",
  "shareText" : "I climbed 50 flights of stairs and earned the Lighthouse badge! #Fitbit"
},{
  "encodedId" : "228TSZ",
  "badgeType" : "DAILY_FLOORS",
  "value" : 25,
  "timesAchieved" : 585,
  "dateTime" : "2019-04-01",
  "name" : "Redwood Forest (25 floors in a day)",
  "shortName" : "Redwood Forest",
  "earnedMessage" : "Congrats on earning your first Redwood Forest badge!",
  "description" : "25 floors in a day",
  "category" : "Daily Climb",
  "shareText" : "I climbed 25 flights of stairs and earned the Redwood Forest badge! #Fitbit"
},{
  "encodedId" : "228TTM",
  "badgeType" : "DAILY_FLOORS",
  "value" : 10,
  "timesAchieved" : 714,
  "dateTime" : "2019-04-02",
  "name" : "Happy Hill (10 floors in a day)",
  "shortName" : "Happy Hill",
  "earnedMessage" : "Congrats on earning your first Happy Hill badge!",
  "description" : "10 floors in a day",
  "category" : "Daily Climb",
  "shareText" : "I climbed 10 flights of stairs and earned the Happy Hill badge! #Fitbit"
},{
  "encodedId" : "22B8LQ",
  "badgeType" : "LIFETIME_DISTANCE",
  "value" : 5772,
  "unit" : "MILES",
  "timesAchieved" : 1,
  "dateTime" : "2018-11-30",
  "name" : "Russian Railway (5,772 lifetime miles)",
  "shortName" : "Russian Railway",
  "earnedMessage" : "Whoa! You've earned the Russian Railway badge!",
  "description" : "5,772 lifetime miles",
  "category" : "Lifetime Distance",
  "shareText" : "I covered 5,772 miles with my #Fitbit and earned the Russian Railway badge."
},{
  "encodedId" : "22B8MN",
  "badgeType" : "LIFETIME_DISTANCE",
  "value" : 5500,
  "unit" : "MILES",
  "timesAchieved" : 1,
  "dateTime" : "2018-10-20",
  "name" : "Great Wall (5,500 lifetime miles)",
  "shortName" : "Great Wall",
  "earnedMessage" : "Whoa! You've earned the Great Wall badge!",
  "description" : "5,500 lifetime miles",
  "category" : "Lifetime Distance",
  "shareText" : "I covered 5,500 miles with my #Fitbit and earned the Great Wall badge."
},{
  "encodedId" : "23B3XB",
  "badgeType" : "LIFETIME_DISTANCE",
  "value" : 5000,
  "unit" : "MILES",
  "timesAchieved" : 1,
  "dateTime" : "2018-08-12",
  "name" : "Africa (5,000 lifetime miles)",
  "shortName" : "Africa",
  "earnedMessage" : "Whoa! You've earned the Africa badge!",
  "description" : "5,000 lifetime miles",
  "category" : "Lifetime Distance",
  "shareText" : "I covered 5,000 miles with my #Fitbit and earned the Africa badge."
},{
  "encodedId" : "22B8MQ",
  "badgeType" : "LIFETIME_DISTANCE",
  "value" : 4132,
  "unit" : "MILES",
  "timesAchieved" : 1,
  "dateTime" : "2018-05-13",
  "name" : "Nile (4,132 lifetime miles)",
  "shortName" : "Nile",
  "earnedMessage" : "Whoa! You've earned the Nile badge!",
  "description" : "4,132 lifetime miles",
  "category" : "Lifetime Distance",
  "shareText" : "I covered 4,132 miles with my #Fitbit and earned the Nile badge."
},{
  "encodedId" : "22B8MP",
  "badgeType" : "LIFETIME_DISTANCE",
  "value" : 2983,
  "unit" : "MILES",
  "timesAchieved" : 1,
  "dateTime" : "2018-01-02",
  "name" : "Sahara (2,983 lifetime miles)",
  "shortName" : "Sahara",
  "earnedMessage" : "Whoa! You've earned the Sahara badge!",
  "description" : "2,983 lifetime miles",
  "category" : "Lifetime Distance",
  "shareText" : "I covered 2,983 miles with my #Fitbit and earned the Sahara badge."
},{
  "encodedId" : "22B8MJ",
  "badgeType" : "LIFETIME_DISTANCE",
  "value" : 2500,
  "unit" : "MILES",
  "timesAchieved" : 1,
  "dateTime" : "2017-10-31",
  "name" : "Monarch Migration (2,500 lifetime miles)",
  "shortName" : "Monarch Migration",
  "earnedMessage" : "Whoa! You've earned the Monarch Migration badge!",
  "description" : "2,500 lifetime miles",
  "category" : "Lifetime Distance",
  "shareText" : "I covered 2,500 miles with my #Fitbit and earned the Monarch Migration badge."
},{
  "encodedId" : "22B8MH",
  "badgeType" : "LIFETIME_DISTANCE",
  "value" : 1997,
  "unit" : "MILES",
  "timesAchieved" : 1,
  "dateTime" : "2017-08-29",
  "name" : "India (1,997 lifetime miles)",
  "shortName" : "India",
  "earnedMessage" : "Whoa! You've earned the India badge!",
  "description" : "1,997 lifetime miles",
  "category" : "Lifetime Distance",
  "shareText" : "I covered 1,997 miles with my #Fitbit and earned the India badge."
},{
  "encodedId" : "22B8ML",
  "badgeType" : "LIFETIME_DISTANCE",
  "value" : 1869,
  "unit" : "MILES",
  "timesAchieved" : 1,
  "dateTime" : "2017-08-14",
  "name" : "Japan (1,869 lifetime miles)",
  "shortName" : "Japan",
  "earnedMessage" : "Whoa! You've earned the Japan badge!",
  "description" : "1,869 lifetime miles",
  "category" : "Lifetime Distance",
  "shareText" : "I covered 1,869 miles with my #Fitbit and earned the Japan badge."
},{
  "encodedId" : "22B8MK",
  "badgeType" : "LIFETIME_DISTANCE",
  "value" : 1600,
  "unit" : "MILES",
  "timesAchieved" : 1,
  "dateTime" : "2017-07-15",
  "name" : "Great Barrier Reef (1,600 lifetime miles)",
  "shortName" : "Great Barrier Reef",
  "earnedMessage" : "Whoa! You've earned the Great Barrier Reef badge!",
  "description" : "1,600 lifetime miles",
  "category" : "Lifetime Distance",
  "shareText" : "I covered 1,600 miles with my #Fitbit and earned the Great Barrier Reef badge."
},{
  "encodedId" : "22B8MD",
  "badgeType" : "LIFETIME_DISTANCE",
  "value" : 990,
  "unit" : "MILES",
  "timesAchieved" : 1,
  "dateTime" : "2017-05-02",
  "name" : "New Zealand (990 lifetime miles)",
  "shortName" : "New Zealand",
  "earnedMessage" : "Whoa! You've earned the New Zealand badge!",
  "description" : "990 lifetime miles",
  "category" : "Lifetime Distance",
  "shareText" : "I covered 990 miles with my #Fitbit and earned the New Zealand badge."
},{
  "encodedId" : "22B8MC",
  "badgeType" : "LIFETIME_DISTANCE",
  "value" : 736,
  "unit" : "MILES",
  "timesAchieved" : 1,
  "dateTime" : "2017-04-06",
  "name" : "Italy (736 lifetime miles)",
  "shortName" : "Italy",
  "earnedMessage" : "Whoa! You've earned the Italy badge!",
  "description" : "736 lifetime miles",
  "category" : "Lifetime Distance",
  "shareText" : "I covered 736 miles with my #Fitbit and earned the Italy badge."
},{
  "encodedId" : "22B8MG",
  "badgeType" : "LIFETIME_DISTANCE",
  "value" : 500,
  "unit" : "MILES",
  "timesAchieved" : 1,
  "dateTime" : "2017-03-12",
  "name" : "Serengeti (500 lifetime miles)",
  "shortName" : "Serengeti",
  "earnedMessage" : "Whoa! You've earned the Serengeti badge!",
  "description" : "500 lifetime miles",
  "category" : "Lifetime Distance",
  "shareText" : "I covered 500 miles with my #Fitbit and earned the Serengeti badge."
},{
  "encodedId" : "22B8M8",
  "badgeType" : "LIFETIME_DISTANCE",
  "value" : 250,
  "unit" : "MILES",
  "timesAchieved" : 1,
  "dateTime" : "2017-02-10",
  "name" : "London Underground (250 lifetime miles)",
  "shortName" : "London Underground",
  "earnedMessage" : "Whoa! You've earned the London Underground badge!",
  "description" : "250 lifetime miles",
  "category" : "Lifetime Distance",
  "shareText" : "I covered 250 miles with my #Fitbit and earned the London Underground badge."
},{
  "encodedId" : "22B8M7",
  "badgeType" : "LIFETIME_DISTANCE",
  "value" : 70,
  "unit" : "MILES",
  "timesAchieved" : 1,
  "dateTime" : "2017-01-16",
  "name" : "Penguin March (70 lifetime miles)",
  "shortName" : "Penguin March",
  "earnedMessage" : "Whoa! You've earned the Penguin March badge!",
  "description" : "70 lifetime miles",
  "category" : "Lifetime Distance",
  "shareText" : "I covered 70 miles with my #Fitbit and earned the Penguin March badge."
},{
  "encodedId" : "22B8MB",
  "badgeType" : "LIFETIME_DISTANCE",
  "value" : 26,
  "unit" : "MILES",
  "timesAchieved" : 1,
  "dateTime" : "2017-01-04",
  "name" : "Marathon (26 lifetime miles)",
  "shortName" : "Marathon",
  "earnedMessage" : "Whoa! You've earned the Marathon badge!",
  "description" : "26 lifetime miles",
  "category" : "Lifetime Distance",
  "shareText" : "I covered 26 miles with my #Fitbit and earned the Marathon badge."
},{
  "encodedId" : "22B845",
  "badgeType" : "LIFETIME_FLOORS",
  "value" : 35000,
  "timesAchieved" : 1,
  "dateTime" : "2018-12-01",
  "name" : "Satellite (35,000 lifetime floors)",
  "shortName" : "Satellite",
  "earnedMessage" : "Yipee! You've earned the Satellite badge!",
  "description" : "35,000 lifetime floors",
  "category" : "Lifetime Climb",
  "shareText" : "I climbed 35,000 floors with my #Fitbit and earned the Satellite badge."
},{
  "encodedId" : "228TJX",
  "badgeType" : "LIFETIME_FLOORS",
  "value" : 28000,
  "timesAchieved" : 1,
  "dateTime" : "2018-06-08",
  "name" : "Astronaut (28,000 lifetime floors)",
  "shortName" : "Astronaut",
  "earnedMessage" : "Yipee! You've earned the Astronaut badge!",
  "description" : "28,000 lifetime floors",
  "category" : "Lifetime Climb",
  "shareText" : "I climbed 28,000 floors with my #Fitbit and earned the Astronaut badge."
},{
  "encodedId" : "228TJQ",
  "badgeType" : "LIFETIME_FLOORS",
  "value" : 20000,
  "timesAchieved" : 1,
  "dateTime" : "2018-01-07",
  "name" : "Shooting Star (20,000 lifetime floors)",
  "shortName" : "Shooting Star",
  "earnedMessage" : "Yipee! You've earned the Shooting Star badge!",
  "description" : "20,000 lifetime floors",
  "category" : "Lifetime Climb",
  "shareText" : "I climbed 20,000 floors with my #Fitbit and earned the Shooting Star badge."
},{
  "encodedId" : "228TKC",
  "badgeType" : "LIFETIME_FLOORS",
  "value" : 14000,
  "timesAchieved" : 1,
  "dateTime" : "2017-09-03",
  "name" : "Spaceship (14,000 lifetime floors)",
  "shortName" : "Spaceship",
  "earnedMessage" : "Yipee! You've earned the Spaceship badge!",
  "description" : "14,000 lifetime floors",
  "category" : "Lifetime Climb",
  "shareText" : "I climbed 14,000 floors with my #Fitbit and earned the Spaceship badge."
},{
  "encodedId" : "228TK5",
  "badgeType" : "LIFETIME_FLOORS",
  "value" : 8000,
  "timesAchieved" : 1,
  "dateTime" : "2017-04-19",
  "name" : "Cloud (8,000 lifetime floors)",
  "shortName" : "Cloud",
  "earnedMessage" : "Yipee! You've earned the Cloud badge!",
  "description" : "8,000 lifetime floors",
  "category" : "Lifetime Climb",
  "shareText" : "I climbed 8,000 floors with my #Fitbit and earned the Cloud badge."
},{
  "encodedId" : "228TKR",
  "badgeType" : "LIFETIME_FLOORS",
  "value" : 4000,
  "timesAchieved" : 1,
  "dateTime" : "2017-03-15",
  "name" : "747 (4,000 lifetime floors)",
  "shortName" : "747",
  "earnedMessage" : "Yipee! You've earned the 747 badge!",
  "description" : "4,000 lifetime floors",
  "category" : "Lifetime Climb",
  "shareText" : "I climbed 4,000 floors with my #Fitbit and earned the 747 badge."
},{
  "encodedId" : "228T9T",
  "badgeType" : "LIFETIME_FLOORS",
  "value" : 2000,
  "timesAchieved" : 1,
  "dateTime" : "2017-02-19",
  "name" : "Hot Air Balloon (2,000 lifetime floors)",
  "shortName" : "Hot Air Balloon",
  "earnedMessage" : "Yipee! You've earned the Hot Air Balloon badge!",
  "description" : "2,000 lifetime floors",
  "category" : "Lifetime Climb",
  "shareText" : "I climbed 2,000 floors with my #Fitbit and earned the Hot Air Balloon badge."
},{
  "encodedId" : "228T9C",
  "badgeType" : "LIFETIME_FLOORS",
  "value" : 1000,
  "timesAchieved" : 1,
  "dateTime" : "2017-02-04",
  "name" : "Skydiver (1,000 lifetime floors)",
  "shortName" : "Skydiver",
  "earnedMessage" : "Yipee! You've earned the Skydiver badge!",
  "description" : "1,000 lifetime floors",
  "category" : "Lifetime Climb",
  "shareText" : "I climbed 1,000 floors with my #Fitbit and earned the Skydiver badge."
},{
  "encodedId" : "228TB8",
  "badgeType" : "LIFETIME_FLOORS",
  "value" : 500,
  "timesAchieved" : 1,
  "dateTime" : "2017-01-24",
  "name" : "Helicopter (500 lifetime floors)",
  "shortName" : "Helicopter",
  "earnedMessage" : "Yipee! You've earned the Helicopter badge!",
  "description" : "500 lifetime floors",
  "category" : "Lifetime Climb",
  "shareText" : "I climbed 500 floors with my #Fitbit and earned the Helicopter badge."
}]