[{
  "dateTime" : "12/30/18 00:00:00",
  "value" : {
    "demographicVO2Max" : 40.60488,
    "demographicVO2MaxError" : 3.0000000000000004,
    "filteredDemographicVO2Max" : 41.498520000000006,
    "filteredDemographicVO2MaxError" : 0.36310000000000003
  }
},{
  "dateTime" : "12/31/18 00:00:00",
  "value" : {
    "demographicVO2Max" : 40.14795,
    "demographicVO2MaxError" : 3.0000000000000004,
    "filteredDemographicVO2Max" : 41.33505,
    "filteredDemographicVO2MaxError" : 0.36310000000000003
  }
},{
  "dateTime" : "01/01/19 00:00:00",
  "value" : {
    "demographicVO2Max" : 39.344620000000006,
    "demographicVO2MaxError" : 3.0000000000000004,
    "filteredDemographicVO2Max" : 41.09414,
    "filteredDemographicVO2MaxError" : 0.36310000000000003
  }
},{
  "dateTime" : "01/02/19 00:00:00",
  "value" : {
    "demographicVO2Max" : 39.24459,
    "demographicVO2MaxError" : 3.0000000000000004,
    "filteredDemographicVO2Max" : 40.87028,
    "filteredDemographicVO2MaxError" : 0.36310000000000003
  }
},{
  "dateTime" : "01/03/19 00:00:00",
  "value" : {
    "demographicVO2Max" : 40.299080000000004,
    "demographicVO2MaxError" : 3.0000000000000004,
    "filteredDemographicVO2Max" : 40.801140000000004,
    "filteredDemographicVO2MaxError" : 0.36310000000000003
  }
},{
  "dateTime" : "01/04/19 00:00:00",
  "value" : {
    "demographicVO2Max" : 40.249860000000005,
    "demographicVO2MaxError" : 3.0000000000000004,
    "filteredDemographicVO2Max" : 40.734410000000004,
    "filteredDemographicVO2MaxError" : 0.36310000000000003
  }
},{
  "dateTime" : "01/05/19 00:00:00",
  "value" : {
    "demographicVO2Max" : 39.795350000000006,
    "demographicVO2MaxError" : 3.0000000000000004,
    "filteredDemographicVO2Max" : 40.62075,
    "filteredDemographicVO2MaxError" : 0.36310000000000003
  }
},{
  "dateTime" : "01/06/19 00:00:00",
  "value" : {
    "demographicVO2Max" : 38.82367,
    "demographicVO2MaxError" : 3.0000000000000004,
    "filteredDemographicVO2Max" : 40.403240000000004,
    "filteredDemographicVO2MaxError" : 0.36310000000000003
  }
},{
  "dateTime" : "01/07/19 00:00:00",
  "value" : {
    "demographicVO2Max" : 37.761660000000006,
    "demographicVO2MaxError" : 3.0000000000000004,
    "filteredDemographicVO2Max" : 40.08352,
    "filteredDemographicVO2MaxError" : 0.36310000000000003
  }
},{
  "dateTime" : "01/08/19 00:00:00",
  "value" : {
    "demographicVO2Max" : 36.501430000000006,
    "demographicVO2MaxError" : 3.0000000000000004,
    "filteredDemographicVO2Max" : 39.64996,
    "filteredDemographicVO2MaxError" : 0.36310000000000003
  }
},{
  "dateTime" : "01/09/19 00:00:00",
  "value" : {
    "demographicVO2Max" : 35.64007,
    "demographicVO2MaxError" : 3.0000000000000004,
    "filteredDemographicVO2Max" : 39.164620000000006,
    "filteredDemographicVO2MaxError" : 0.36310000000000003
  }
},{
  "dateTime" : "01/10/19 00:00:00",
  "value" : {
    "demographicVO2Max" : 36.729110000000006,
    "demographicVO2MaxError" : 3.0000000000000004,
    "filteredDemographicVO2Max" : 38.86984,
    "filteredDemographicVO2MaxError" : 0.36310000000000003
  }
},{
  "dateTime" : "01/11/19 00:00:00",
  "value" : {
    "demographicVO2Max" : 37.48973,
    "demographicVO2MaxError" : 3.0000000000000004,
    "filteredDemographicVO2Max" : 38.7028,
    "filteredDemographicVO2MaxError" : 0.36310000000000003
  }
},{
  "dateTime" : "01/12/19 00:00:00",
  "value" : {
    "demographicVO2Max" : 38.47243,
    "demographicVO2MaxError" : 3.0000000000000004,
    "filteredDemographicVO2Max" : 38.674910000000004,
    "filteredDemographicVO2MaxError" : 0.36310000000000003
  }
},{
  "dateTime" : "01/13/19 00:00:00",
  "value" : {
    "demographicVO2Max" : 38.247960000000006,
    "demographicVO2MaxError" : 3.0000000000000004,
    "filteredDemographicVO2Max" : 38.62323000000001,
    "filteredDemographicVO2MaxError" : 0.36310000000000003
  }
},{
  "dateTime" : "01/14/19 00:00:00",
  "value" : {
    "demographicVO2Max" : 38.71304000000001,
    "demographicVO2MaxError" : 3.0000000000000004,
    "filteredDemographicVO2Max" : 38.634100000000004,
    "filteredDemographicVO2MaxError" : 0.36310000000000003
  }
},{
  "dateTime" : "01/15/19 00:00:00",
  "value" : {
    "demographicVO2Max" : 39.14567,
    "demographicVO2MaxError" : 3.0000000000000004,
    "filteredDemographicVO2Max" : 38.69601,
    "filteredDemographicVO2MaxError" : 0.36310000000000003
  }
},{
  "dateTime" : "01/16/19 00:00:00",
  "value" : {
    "demographicVO2Max" : 38.83061,
    "demographicVO2MaxError" : 3.0000000000000004,
    "filteredDemographicVO2Max" : 38.712300000000006,
    "filteredDemographicVO2MaxError" : 0.36310000000000003
  }
},{
  "dateTime" : "01/17/19 00:00:00",
  "value" : {
    "demographicVO2Max" : 37.75081,
    "demographicVO2MaxError" : 3.0000000000000004,
    "filteredDemographicVO2Max" : 38.59592000000001,
    "filteredDemographicVO2MaxError" : 0.36310000000000003
  }
},{
  "dateTime" : "01/18/19 00:00:00",
  "value" : {
    "demographicVO2Max" : 37.75923,
    "demographicVO2MaxError" : 3.0000000000000004,
    "filteredDemographicVO2Max" : 38.49465,
    "filteredDemographicVO2MaxError" : 0.36310000000000003
  }
},{
  "dateTime" : "01/19/19 00:00:00",
  "value" : {
    "demographicVO2Max" : 37.18375,
    "demographicVO2MaxError" : 3.0000000000000004,
    "filteredDemographicVO2Max" : 38.335980000000006,
    "filteredDemographicVO2MaxError" : 0.36310000000000003
  }
},{
  "dateTime" : "01/20/19 00:00:00",
  "value" : {
    "demographicVO2Max" : 37.685500000000005,
    "demographicVO2MaxError" : 3.0000000000000004,
    "filteredDemographicVO2Max" : 38.257250000000006,
    "filteredDemographicVO2MaxError" : 0.36310000000000003
  }
},{
  "dateTime" : "01/21/19 00:00:00",
  "value" : {
    "demographicVO2Max" : 37.2211,
    "demographicVO2MaxError" : 3.0000000000000004,
    "filteredDemographicVO2Max" : 38.131840000000004,
    "filteredDemographicVO2MaxError" : 0.36310000000000003
  }
},{
  "dateTime" : "01/22/19 00:00:00",
  "value" : {
    "demographicVO2Max" : 36.111290000000004,
    "demographicVO2MaxError" : 3.0000000000000004,
    "filteredDemographicVO2Max" : 37.887280000000004,
    "filteredDemographicVO2MaxError" : 0.36310000000000003
  }
},{
  "dateTime" : "01/23/19 00:00:00",
  "value" : {
    "demographicVO2Max" : 36.5099,
    "demographicVO2MaxError" : 3.0000000000000004,
    "filteredDemographicVO2Max" : 37.72057,
    "filteredDemographicVO2MaxError" : 0.36310000000000003
  }
},{
  "dateTime" : "01/24/19 00:00:00",
  "value" : {
    "demographicVO2Max" : 37.236380000000004,
    "demographicVO2MaxError" : 3.0000000000000004,
    "filteredDemographicVO2Max" : 37.66196,
    "filteredDemographicVO2MaxError" : 0.36310000000000003
  }
},{
  "dateTime" : "01/25/19 00:00:00",
  "value" : {
    "demographicVO2Max" : 38.46275,
    "demographicVO2MaxError" : 3.0000000000000004,
    "filteredDemographicVO2Max" : 37.758880000000005,
    "filteredDemographicVO2MaxError" : 0.36310000000000003
  }
},{
  "dateTime" : "01/26/19 00:00:00",
  "value" : {
    "demographicVO2Max" : 38.00585,
    "demographicVO2MaxError" : 3.0000000000000004,
    "filteredDemographicVO2Max" : 37.78877000000001,
    "filteredDemographicVO2MaxError" : 0.36310000000000003
  }
},{
  "dateTime" : "01/27/19 00:00:00",
  "value" : {
    "demographicVO2Max" : 37.91179,
    "demographicVO2MaxError" : 3.0000000000000004,
    "filteredDemographicVO2Max" : 37.80366,
    "filteredDemographicVO2MaxError" : 0.36310000000000003
  }
},{
  "dateTime" : "01/28/19 00:00:00",
  "value" : {
    "demographicVO2Max" : 38.91532,
    "demographicVO2MaxError" : 3.0000000000000004,
    "filteredDemographicVO2Max" : 37.9382,
    "filteredDemographicVO2MaxError" : 0.36310000000000003
  }
},{
  "dateTime" : "01/29/19 00:00:00",
  "value" : {
    "demographicVO2Max" : 39.710860000000004,
    "demographicVO2MaxError" : 3.0000000000000004,
    "filteredDemographicVO2Max" : 38.152750000000005,
    "filteredDemographicVO2MaxError" : 0.36310000000000003
  }
},{
  "dateTime" : "01/30/19 00:00:00",
  "value" : {
    "demographicVO2Max" : 40.248650000000005,
    "demographicVO2MaxError" : 3.0000000000000004,
    "filteredDemographicVO2Max" : 38.406420000000004,
    "filteredDemographicVO2MaxError" : 0.36310000000000003
  }
},{
  "dateTime" : "01/31/19 00:00:00",
  "value" : {
    "demographicVO2Max" : 40.46121,
    "demographicVO2MaxError" : 3.0000000000000004,
    "filteredDemographicVO2Max" : 38.65511,
    "filteredDemographicVO2MaxError" : 0.36310000000000003
  }
},{
  "dateTime" : "02/01/19 00:00:00",
  "value" : {
    "demographicVO2Max" : 40.522220000000004,
    "demographicVO2MaxError" : 3.0000000000000004,
    "filteredDemographicVO2Max" : 38.88109,
    "filteredDemographicVO2MaxError" : 0.36310000000000003
  }
},{
  "dateTime" : "02/02/19 00:00:00",
  "value" : {
    "demographicVO2Max" : 39.302330000000005,
    "demographicVO2MaxError" : 3.0000000000000004,
    "filteredDemographicVO2Max" : 38.93207,
    "filteredDemographicVO2MaxError" : 0.36310000000000003
  }
},{
  "dateTime" : "02/03/19 00:00:00",
  "value" : {
    "demographicVO2Max" : 39.553940000000004,
    "demographicVO2MaxError" : 3.0000000000000004,
    "filteredDemographicVO2Max" : 39.00733,
    "filteredDemographicVO2MaxError" : 0.36310000000000003
  }
},{
  "dateTime" : "02/04/19 00:00:00",
  "value" : {
    "demographicVO2Max" : 40.10533,
    "demographicVO2MaxError" : 3.0000000000000004,
    "filteredDemographicVO2Max" : 39.14022000000001,
    "filteredDemographicVO2MaxError" : 0.36310000000000003
  }
},{
  "dateTime" : "02/05/19 00:00:00",
  "value" : {
    "demographicVO2Max" : 40.019740000000006,
    "demographicVO2MaxError" : 3.0000000000000004,
    "filteredDemographicVO2Max" : 39.24667,
    "filteredDemographicVO2MaxError" : 0.36310000000000003
  }
},{
  "dateTime" : "02/06/19 00:00:00",
  "value" : {
    "demographicVO2Max" : 39.92477,
    "demographicVO2MaxError" : 3.0000000000000004,
    "filteredDemographicVO2Max" : 39.32874,
    "filteredDemographicVO2MaxError" : 0.36310000000000003
  }
},{
  "dateTime" : "02/07/19 00:00:00",
  "value" : {
    "demographicVO2Max" : 40.09904,
    "demographicVO2MaxError" : 3.0000000000000004,
    "filteredDemographicVO2Max" : 39.42197,
    "filteredDemographicVO2MaxError" : 0.36310000000000003
  }
},{
  "dateTime" : "02/08/19 00:00:00",
  "value" : {
    "demographicVO2Max" : 39.20192,
    "demographicVO2MaxError" : 3.0000000000000004,
    "filteredDemographicVO2Max" : 39.39533,
    "filteredDemographicVO2MaxError" : 0.36310000000000003
  }
},{
  "dateTime" : "02/09/19 00:00:00",
  "value" : {
    "demographicVO2Max" : 40.39396,
    "demographicVO2MaxError" : 3.0000000000000004,
    "filteredDemographicVO2Max" : 39.51619,
    "filteredDemographicVO2MaxError" : 0.36310000000000003
  }
},{
  "dateTime" : "02/10/19 00:00:00",
  "value" : {
    "demographicVO2Max" : 40.81268,
    "demographicVO2MaxError" : 3.0000000000000004,
    "filteredDemographicVO2Max" : 39.673100000000005,
    "filteredDemographicVO2MaxError" : 0.36310000000000003
  }
},{
  "dateTime" : "02/11/19 00:00:00",
  "value" : {
    "demographicVO2Max" : 41.42468,
    "demographicVO2MaxError" : 3.0000000000000004,
    "filteredDemographicVO2Max" : 39.8851,
    "filteredDemographicVO2MaxError" : 0.36310000000000003
  }
},{
  "dateTime" : "02/12/19 00:00:00",
  "value" : {
    "demographicVO2Max" : 41.79475,
    "demographicVO2MaxError" : 3.0000000000000004,
    "filteredDemographicVO2Max" : 40.11623,
    "filteredDemographicVO2MaxError" : 0.36310000000000003
  }
},{
  "dateTime" : "02/13/19 00:00:00",
  "value" : {
    "demographicVO2Max" : 41.96325,
    "demographicVO2MaxError" : 3.0000000000000004,
    "filteredDemographicVO2Max" : 40.339780000000005,
    "filteredDemographicVO2MaxError" : 0.36310000000000003
  }
},{
  "dateTime" : "02/14/19 00:00:00",
  "value" : {
    "demographicVO2Max" : 41.372780000000006,
    "demographicVO2MaxError" : 3.0000000000000004,
    "filteredDemographicVO2Max" : 40.464800000000004,
    "filteredDemographicVO2MaxError" : 0.36310000000000003
  }
},{
  "dateTime" : "02/15/19 00:00:00",
  "value" : {
    "demographicVO2Max" : 41.47719,
    "demographicVO2MaxError" : 3.0000000000000004,
    "filteredDemographicVO2Max" : 40.58733,
    "filteredDemographicVO2MaxError" : 0.36310000000000003
  }
},{
  "dateTime" : "02/16/19 00:00:00",
  "value" : {
    "demographicVO2Max" : 40.809810000000006,
    "demographicVO2MaxError" : 3.0000000000000004,
    "filteredDemographicVO2Max" : 40.614250000000006,
    "filteredDemographicVO2MaxError" : 0.36310000000000003
  }
},{
  "dateTime" : "02/17/19 00:00:00",
  "value" : {
    "demographicVO2Max" : 39.89197,
    "demographicVO2MaxError" : 3.0000000000000004,
    "filteredDemographicVO2Max" : 40.526830000000004,
    "filteredDemographicVO2MaxError" : 0.36310000000000003
  }
},{
  "dateTime" : "02/18/19 00:00:00",
  "value" : {
    "demographicVO2Max" : 40.661390000000004,
    "demographicVO2MaxError" : 3.0000000000000004,
    "filteredDemographicVO2Max" : 40.543110000000006,
    "filteredDemographicVO2MaxError" : 0.36310000000000003
  }
},{
  "dateTime" : "02/19/19 00:00:00",
  "value" : {
    "demographicVO2Max" : 41.77127,
    "demographicVO2MaxError" : 3.0000000000000004,
    "filteredDemographicVO2Max" : 40.691750000000006,
    "filteredDemographicVO2MaxError" : 0.36310000000000003
  }
},{
  "dateTime" : "02/20/19 00:00:00",
  "value" : {
    "demographicVO2Max" : 42.50885,
    "demographicVO2MaxError" : 3.0000000000000004,
    "filteredDemographicVO2Max" : 40.911680000000004,
    "filteredDemographicVO2MaxError" : 0.36310000000000003
  }
},{
  "dateTime" : "02/21/19 00:00:00",
  "value" : {
    "demographicVO2Max" : 42.7959,
    "demographicVO2MaxError" : 3.0000000000000004,
    "filteredDemographicVO2Max" : 41.13973,
    "filteredDemographicVO2MaxError" : 0.36310000000000003
  }
},{
  "dateTime" : "02/22/19 00:00:00",
  "value" : {
    "demographicVO2Max" : 42.26863,
    "demographicVO2MaxError" : 3.0000000000000004,
    "filteredDemographicVO2Max" : 41.276360000000004,
    "filteredDemographicVO2MaxError" : 0.36310000000000003
  }
},{
  "dateTime" : "02/23/19 00:00:00",
  "value" : {
    "demographicVO2Max" : 41.9343,
    "demographicVO2MaxError" : 3.0000000000000004,
    "filteredDemographicVO2Max" : 41.355990000000006,
    "filteredDemographicVO2MaxError" : 0.36310000000000003
  }
},{
  "dateTime" : "02/24/19 00:00:00",
  "value" : {
    "demographicVO2Max" : 42.205850000000005,
    "demographicVO2MaxError" : 3.0000000000000004,
    "filteredDemographicVO2Max" : 41.458850000000005,
    "filteredDemographicVO2MaxError" : 0.36310000000000003
  }
},{
  "dateTime" : "02/25/19 00:00:00",
  "value" : {
    "demographicVO2Max" : 42.203790000000005,
    "demographicVO2MaxError" : 3.0000000000000004,
    "filteredDemographicVO2Max" : 41.54901,
    "filteredDemographicVO2MaxError" : 0.36310000000000003
  }
},{
  "dateTime" : "02/26/19 00:00:00",
  "value" : {
    "demographicVO2Max" : 42.63275,
    "demographicVO2MaxError" : 3.0000000000000004,
    "filteredDemographicVO2Max" : 41.680170000000004,
    "filteredDemographicVO2MaxError" : 0.36310000000000003
  }
},{
  "dateTime" : "02/27/19 00:00:00",
  "value" : {
    "demographicVO2Max" : 43.190180000000005,
    "demographicVO2MaxError" : 3.0000000000000004,
    "filteredDemographicVO2Max" : 41.862930000000006,
    "filteredDemographicVO2MaxError" : 0.36310000000000003
  }
},{
  "dateTime" : "02/28/19 00:00:00",
  "value" : {
    "demographicVO2Max" : 42.77922,
    "demographicVO2MaxError" : 3.0000000000000004,
    "filteredDemographicVO2Max" : 41.97383000000001,
    "filteredDemographicVO2MaxError" : 0.36310000000000003
  }
},{
  "dateTime" : "03/01/19 00:00:00",
  "value" : {
    "demographicVO2Max" : 42.7969,
    "demographicVO2MaxError" : 3.0000000000000004,
    "filteredDemographicVO2Max" : 42.073440000000005,
    "filteredDemographicVO2MaxError" : 0.36310000000000003
  }
},{
  "dateTime" : "03/02/19 00:00:00",
  "value" : {
    "demographicVO2Max" : 43.27013,
    "demographicVO2MaxError" : 3.0000000000000004,
    "filteredDemographicVO2Max" : 42.21828,
    "filteredDemographicVO2MaxError" : 0.36310000000000003
  }
},{
  "dateTime" : "03/03/19 00:00:00",
  "value" : {
    "demographicVO2Max" : 42.520450000000004,
    "demographicVO2MaxError" : 3.0000000000000004,
    "filteredDemographicVO2Max" : 42.254850000000005,
    "filteredDemographicVO2MaxError" : 0.36310000000000003
  }
},{
  "dateTime" : "03/04/19 00:00:00",
  "value" : {
    "demographicVO2Max" : 42.865210000000005,
    "demographicVO2MaxError" : 3.0000000000000004,
    "filteredDemographicVO2Max" : 42.328720000000004,
    "filteredDemographicVO2MaxError" : 0.36310000000000003
  }
},{
  "dateTime" : "03/05/19 00:00:00",
  "value" : {
    "demographicVO2Max" : 42.548480000000005,
    "demographicVO2MaxError" : 3.0000000000000004,
    "filteredDemographicVO2Max" : 42.35531,
    "filteredDemographicVO2MaxError" : 0.36310000000000003
  }
},{
  "dateTime" : "03/06/19 00:00:00",
  "value" : {
    "demographicVO2Max" : 41.94155000000001,
    "demographicVO2MaxError" : 3.0000000000000004,
    "filteredDemographicVO2Max" : 42.30523,
    "filteredDemographicVO2MaxError" : 0.36310000000000003
  }
},{
  "dateTime" : "03/07/19 00:00:00",
  "value" : {
    "demographicVO2Max" : 42.66321000000001,
    "demographicVO2MaxError" : 3.0000000000000004,
    "filteredDemographicVO2Max" : 42.34855,
    "filteredDemographicVO2MaxError" : 0.36310000000000003
  }
},{
  "dateTime" : "03/08/19 00:00:00",
  "value" : {
    "demographicVO2Max" : 41.52174,
    "demographicVO2MaxError" : 3.0000000000000004,
    "filteredDemographicVO2Max" : 42.248470000000005,
    "filteredDemographicVO2MaxError" : 0.36310000000000003
  }
},{
  "dateTime" : "03/09/19 00:00:00",
  "value" : {
    "demographicVO2Max" : 42.42156000000001,
    "demographicVO2MaxError" : 3.0000000000000004,
    "filteredDemographicVO2Max" : 42.269420000000004,
    "filteredDemographicVO2MaxError" : 0.36310000000000003
  }
},{
  "dateTime" : "03/10/19 00:00:00",
  "value" : {
    "demographicVO2Max" : 43.14564,
    "demographicVO2MaxError" : 3.0000000000000004,
    "filteredDemographicVO2Max" : 42.37547,
    "filteredDemographicVO2MaxError" : 0.36310000000000003
  }
},{
  "dateTime" : "03/11/19 00:00:00",
  "value" : {
    "demographicVO2Max" : 43.711710000000004,
    "demographicVO2MaxError" : 3.0000000000000004,
    "filteredDemographicVO2Max" : 42.537200000000006,
    "filteredDemographicVO2MaxError" : 0.36310000000000003
  }
},{
  "dateTime" : "03/12/19 00:00:00",
  "value" : {
    "demographicVO2Max" : 43.96452,
    "demographicVO2MaxError" : 3.0000000000000004,
    "filteredDemographicVO2Max" : 42.709950000000006,
    "filteredDemographicVO2MaxError" : 0.36310000000000003
  }
},{
  "dateTime" : "03/13/19 00:00:00",
  "value" : {
    "demographicVO2Max" : 43.813810000000004,
    "demographicVO2MaxError" : 3.0000000000000004,
    "filteredDemographicVO2Max" : 42.84355,
    "filteredDemographicVO2MaxError" : 0.36310000000000003
  }
},{
  "dateTime" : "03/14/19 00:00:00",
  "value" : {
    "demographicVO2Max" : 42.806270000000005,
    "demographicVO2MaxError" : 3.0000000000000004,
    "filteredDemographicVO2Max" : 42.83903,
    "filteredDemographicVO2MaxError" : 0.36310000000000003
  }
},{
  "dateTime" : "03/15/19 00:00:00",
  "value" : {
    "demographicVO2Max" : 42.121230000000004,
    "demographicVO2MaxError" : 3.0000000000000004,
    "filteredDemographicVO2Max" : 42.75215,
    "filteredDemographicVO2MaxError" : 0.36310000000000003
  }
},{
  "dateTime" : "03/16/19 00:00:00",
  "value" : {
    "demographicVO2Max" : 41.06201,
    "demographicVO2MaxError" : 3.0000000000000004,
    "filteredDemographicVO2Max" : 42.54758,
    "filteredDemographicVO2MaxError" : 0.36310000000000003
  }
},{
  "dateTime" : "03/17/19 00:00:00",
  "value" : {
    "demographicVO2Max" : 40.17146,
    "demographicVO2MaxError" : 3.0000000000000004,
    "filteredDemographicVO2Max" : 42.25999,
    "filteredDemographicVO2MaxError" : 0.36310000000000003
  }
},{
  "dateTime" : "03/18/19 00:00:00",
  "value" : {
    "demographicVO2Max" : 41.36717,
    "demographicVO2MaxError" : 3.0000000000000004,
    "filteredDemographicVO2Max" : 42.151920000000004,
    "filteredDemographicVO2MaxError" : 0.36310000000000003
  }
},{
  "dateTime" : "03/19/19 00:00:00",
  "value" : {
    "demographicVO2Max" : 42.246640000000006,
    "demographicVO2MaxError" : 3.0000000000000004,
    "filteredDemographicVO2Max" : 42.163380000000004,
    "filteredDemographicVO2MaxError" : 0.36310000000000003
  }
},{
  "dateTime" : "03/20/19 00:00:00",
  "value" : {
    "demographicVO2Max" : 41.74851,
    "demographicVO2MaxError" : 3.0000000000000004,
    "filteredDemographicVO2Max" : 42.11316,
    "filteredDemographicVO2MaxError" : 0.36310000000000003
  }
},{
  "dateTime" : "03/21/19 00:00:00",
  "value" : {
    "demographicVO2Max" : 41.54238,
    "demographicVO2MaxError" : 3.0000000000000004,
    "filteredDemographicVO2Max" : 42.044070000000005,
    "filteredDemographicVO2MaxError" : 0.36310000000000003
  }
},{
  "dateTime" : "03/22/19 00:00:00",
  "value" : {
    "demographicVO2Max" : 40.84926,
    "demographicVO2MaxError" : 3.0000000000000004,
    "filteredDemographicVO2Max" : 41.89945,
    "filteredDemographicVO2MaxError" : 0.36310000000000003
  }
},{
  "dateTime" : "03/23/19 00:00:00",
  "value" : {
    "demographicVO2Max" : 42.053670000000004,
    "demographicVO2MaxError" : 3.0000000000000004,
    "filteredDemographicVO2Max" : 41.918110000000006,
    "filteredDemographicVO2MaxError" : 0.36310000000000003
  }
},{
  "dateTime" : "03/24/19 00:00:00",
  "value" : {
    "demographicVO2Max" : 41.50484,
    "demographicVO2MaxError" : 3.0000000000000004,
    "filteredDemographicVO2Max" : 41.86809,
    "filteredDemographicVO2MaxError" : 0.36310000000000003
  }
},{
  "dateTime" : "03/25/19 00:00:00",
  "value" : {
    "demographicVO2Max" : 41.304390000000005,
    "demographicVO2MaxError" : 3.0000000000000004,
    "filteredDemographicVO2Max" : 41.79986,
    "filteredDemographicVO2MaxError" : 0.36310000000000003
  }
},{
  "dateTime" : "03/26/19 00:00:00",
  "value" : {
    "demographicVO2Max" : 40.58234,
    "demographicVO2MaxError" : 3.0000000000000004,
    "filteredDemographicVO2Max" : 41.65249,
    "filteredDemographicVO2MaxError" : 0.36310000000000003
  }
},{
  "dateTime" : "03/27/19 00:00:00",
  "value" : {
    "demographicVO2Max" : 40.81237,
    "demographicVO2MaxError" : 3.0000000000000004,
    "filteredDemographicVO2Max" : 41.5508,
    "filteredDemographicVO2MaxError" : 0.36310000000000003
  }
},{
  "dateTime" : "03/28/19 00:00:00",
  "value" : {
    "demographicVO2Max" : 41.023970000000006,
    "demographicVO2MaxError" : 3.0000000000000004,
    "filteredDemographicVO2Max" : 41.487030000000004,
    "filteredDemographicVO2MaxError" : 0.36310000000000003
  }
},{
  "dateTime" : "03/29/19 00:00:00",
  "value" : {
    "demographicVO2Max" : 41.452200000000005,
    "demographicVO2MaxError" : 3.0000000000000004,
    "filteredDemographicVO2Max" : 41.48281,
    "filteredDemographicVO2MaxError" : 0.36310000000000003
  }
},{
  "dateTime" : "03/30/19 00:00:00",
  "value" : {
    "demographicVO2Max" : 42.15209,
    "demographicVO2MaxError" : 3.0000000000000004,
    "filteredDemographicVO2Max" : 41.563810000000004,
    "filteredDemographicVO2MaxError" : 0.36310000000000003
  }
},{
  "dateTime" : "03/31/19 00:00:00",
  "value" : {
    "demographicVO2Max" : 42.713860000000004,
    "demographicVO2MaxError" : 3.0000000000000004,
    "filteredDemographicVO2Max" : 41.703,
    "filteredDemographicVO2MaxError" : 0.36310000000000003
  }
},{
  "dateTime" : "04/01/19 00:00:00",
  "value" : {
    "demographicVO2Max" : 42.01196,
    "demographicVO2MaxError" : 3.0000000000000004,
    "filteredDemographicVO2Max" : 41.740390000000005,
    "filteredDemographicVO2MaxError" : 0.36310000000000003
  }
},{
  "dateTime" : "04/02/19 00:00:00",
  "value" : {
    "demographicVO2Max" : 41.10213,
    "demographicVO2MaxError" : 3.0000000000000004,
    "filteredDemographicVO2Max" : 41.663140000000006,
    "filteredDemographicVO2MaxError" : 0.36310000000000003
  }
}]