[{
  "dateTime" : "07/28/17 00:00:00",
  "value" : "302"
},{
  "dateTime" : "07/29/17 00:00:00",
  "value" : "334"
},{
  "dateTime" : "07/30/17 00:00:00",
  "value" : "238"
},{
  "dateTime" : "07/31/17 00:00:00",
  "value" : "159"
},{
  "dateTime" : "08/01/17 00:00:00",
  "value" : "206"
},{
  "dateTime" : "08/02/17 00:00:00",
  "value" : "180"
},{
  "dateTime" : "08/03/17 00:00:00",
  "value" : "217"
},{
  "dateTime" : "08/04/17 00:00:00",
  "value" : "195"
},{
  "dateTime" : "08/05/17 00:00:00",
  "value" : "341"
},{
  "dateTime" : "08/06/17 00:00:00",
  "value" : "257"
},{
  "dateTime" : "08/07/17 00:00:00",
  "value" : "125"
},{
  "dateTime" : "08/08/17 00:00:00",
  "value" : "244"
},{
  "dateTime" : "08/09/17 00:00:00",
  "value" : "179"
},{
  "dateTime" : "08/10/17 00:00:00",
  "value" : "192"
},{
  "dateTime" : "08/11/17 00:00:00",
  "value" : "232"
},{
  "dateTime" : "08/12/17 00:00:00",
  "value" : "210"
},{
  "dateTime" : "08/13/17 00:00:00",
  "value" : "362"
},{
  "dateTime" : "08/14/17 00:00:00",
  "value" : "221"
},{
  "dateTime" : "08/15/17 00:00:00",
  "value" : "304"
},{
  "dateTime" : "08/16/17 00:00:00",
  "value" : "333"
},{
  "dateTime" : "08/17/17 00:00:00",
  "value" : "217"
},{
  "dateTime" : "08/18/17 00:00:00",
  "value" : "315"
},{
  "dateTime" : "08/19/17 00:00:00",
  "value" : "402"
},{
  "dateTime" : "08/20/17 00:00:00",
  "value" : "299"
},{
  "dateTime" : "08/21/17 00:00:00",
  "value" : "352"
},{
  "dateTime" : "08/22/17 00:00:00",
  "value" : "305"
},{
  "dateTime" : "08/23/17 00:00:00",
  "value" : "279"
},{
  "dateTime" : "08/24/17 00:00:00",
  "value" : "381"
},{
  "dateTime" : "08/25/17 00:00:00",
  "value" : "397"
},{
  "dateTime" : "08/26/17 00:00:00",
  "value" : "443"
}]