[{
  "dateTime" : "02/18/19 00:00:00",
  "value" : "286"
},{
  "dateTime" : "02/19/19 00:00:00",
  "value" : "264"
},{
  "dateTime" : "02/20/19 00:00:00",
  "value" : "226"
},{
  "dateTime" : "02/21/19 00:00:00",
  "value" : "324"
},{
  "dateTime" : "02/22/19 00:00:00",
  "value" : "371"
},{
  "dateTime" : "02/23/19 00:00:00",
  "value" : "218"
},{
  "dateTime" : "02/24/19 00:00:00",
  "value" : "331"
},{
  "dateTime" : "02/25/19 00:00:00",
  "value" : "256"
},{
  "dateTime" : "02/26/19 00:00:00",
  "value" : "236"
},{
  "dateTime" : "02/27/19 00:00:00",
  "value" : "317"
},{
  "dateTime" : "02/28/19 00:00:00",
  "value" : "283"
},{
  "dateTime" : "03/01/19 00:00:00",
  "value" : "300"
},{
  "dateTime" : "03/02/19 00:00:00",
  "value" : "575"
},{
  "dateTime" : "03/03/19 00:00:00",
  "value" : "258"
},{
  "dateTime" : "03/04/19 00:00:00",
  "value" : "235"
},{
  "dateTime" : "03/05/19 00:00:00",
  "value" : "229"
},{
  "dateTime" : "03/06/19 00:00:00",
  "value" : "180"
},{
  "dateTime" : "03/07/19 00:00:00",
  "value" : "356"
},{
  "dateTime" : "03/08/19 00:00:00",
  "value" : "373"
},{
  "dateTime" : "03/09/19 00:00:00",
  "value" : "184"
},{
  "dateTime" : "03/10/19 00:00:00",
  "value" : "183"
},{
  "dateTime" : "03/11/19 00:00:00",
  "value" : "199"
},{
  "dateTime" : "03/12/19 00:00:00",
  "value" : "235"
},{
  "dateTime" : "03/13/19 00:00:00",
  "value" : "357"
},{
  "dateTime" : "03/14/19 00:00:00",
  "value" : "216"
},{
  "dateTime" : "03/15/19 00:00:00",
  "value" : "306"
},{
  "dateTime" : "03/16/19 00:00:00",
  "value" : "389"
},{
  "dateTime" : "03/17/19 00:00:00",
  "value" : "217"
},{
  "dateTime" : "03/18/19 00:00:00",
  "value" : "193"
},{
  "dateTime" : "03/19/19 00:00:00",
  "value" : "260"
}]