[{
  "dateTime" : "12/20/18 00:00:00",
  "value" : "226"
},{
  "dateTime" : "12/21/18 00:00:00",
  "value" : "240"
},{
  "dateTime" : "12/22/18 00:00:00",
  "value" : "317"
},{
  "dateTime" : "12/23/18 00:00:00",
  "value" : "277"
},{
  "dateTime" : "12/24/18 00:00:00",
  "value" : "377"
},{
  "dateTime" : "12/25/18 00:00:00",
  "value" : "450"
},{
  "dateTime" : "12/26/18 00:00:00",
  "value" : "259"
},{
  "dateTime" : "12/27/18 00:00:00",
  "value" : "203"
},{
  "dateTime" : "12/28/18 00:00:00",
  "value" : "338"
},{
  "dateTime" : "12/29/18 00:00:00",
  "value" : "185"
},{
  "dateTime" : "12/30/18 00:00:00",
  "value" : "166"
},{
  "dateTime" : "12/31/18 00:00:00",
  "value" : "312"
},{
  "dateTime" : "01/01/19 00:00:00",
  "value" : "225"
},{
  "dateTime" : "01/02/19 00:00:00",
  "value" : "170"
},{
  "dateTime" : "01/03/19 00:00:00",
  "value" : "192"
},{
  "dateTime" : "01/04/19 00:00:00",
  "value" : "248"
},{
  "dateTime" : "01/05/19 00:00:00",
  "value" : "91"
},{
  "dateTime" : "01/06/19 00:00:00",
  "value" : "210"
},{
  "dateTime" : "01/07/19 00:00:00",
  "value" : "172"
},{
  "dateTime" : "01/08/19 00:00:00",
  "value" : "270"
},{
  "dateTime" : "01/09/19 00:00:00",
  "value" : "191"
},{
  "dateTime" : "01/10/19 00:00:00",
  "value" : "175"
},{
  "dateTime" : "01/11/19 00:00:00",
  "value" : "318"
},{
  "dateTime" : "01/12/19 00:00:00",
  "value" : "216"
},{
  "dateTime" : "01/13/19 00:00:00",
  "value" : "136"
},{
  "dateTime" : "01/14/19 00:00:00",
  "value" : "168"
},{
  "dateTime" : "01/15/19 00:00:00",
  "value" : "135"
},{
  "dateTime" : "01/16/19 00:00:00",
  "value" : "157"
},{
  "dateTime" : "01/17/19 00:00:00",
  "value" : "161"
},{
  "dateTime" : "01/18/19 00:00:00",
  "value" : "255"
}]