[{
  "dateTime" : "09/21/18 00:00:00",
  "value" : "372"
},{
  "dateTime" : "09/22/18 00:00:00",
  "value" : "176"
},{
  "dateTime" : "09/23/18 00:00:00",
  "value" : "248"
},{
  "dateTime" : "09/24/18 00:00:00",
  "value" : "204"
},{
  "dateTime" : "09/25/18 00:00:00",
  "value" : "248"
},{
  "dateTime" : "09/26/18 00:00:00",
  "value" : "173"
},{
  "dateTime" : "09/27/18 00:00:00",
  "value" : "182"
},{
  "dateTime" : "09/28/18 00:00:00",
  "value" : "331"
},{
  "dateTime" : "09/29/18 00:00:00",
  "value" : "481"
},{
  "dateTime" : "09/30/18 00:00:00",
  "value" : "168"
},{
  "dateTime" : "10/01/18 00:00:00",
  "value" : "233"
},{
  "dateTime" : "10/02/18 00:00:00",
  "value" : "197"
},{
  "dateTime" : "10/03/18 00:00:00",
  "value" : "206"
},{
  "dateTime" : "10/04/18 00:00:00",
  "value" : "198"
},{
  "dateTime" : "10/05/18 00:00:00",
  "value" : "265"
},{
  "dateTime" : "10/06/18 00:00:00",
  "value" : "214"
},{
  "dateTime" : "10/07/18 00:00:00",
  "value" : "165"
},{
  "dateTime" : "10/08/18 00:00:00",
  "value" : "210"
},{
  "dateTime" : "10/09/18 00:00:00",
  "value" : "329"
},{
  "dateTime" : "10/10/18 00:00:00",
  "value" : "320"
},{
  "dateTime" : "10/11/18 00:00:00",
  "value" : "174"
},{
  "dateTime" : "10/12/18 00:00:00",
  "value" : "236"
},{
  "dateTime" : "10/13/18 00:00:00",
  "value" : "406"
},{
  "dateTime" : "10/14/18 00:00:00",
  "value" : "203"
},{
  "dateTime" : "10/15/18 00:00:00",
  "value" : "273"
},{
  "dateTime" : "10/16/18 00:00:00",
  "value" : "173"
},{
  "dateTime" : "10/17/18 00:00:00",
  "value" : "164"
},{
  "dateTime" : "10/18/18 00:00:00",
  "value" : "346"
},{
  "dateTime" : "10/19/18 00:00:00",
  "value" : "270"
},{
  "dateTime" : "10/20/18 00:00:00",
  "value" : "242"
}]