[{
  "dateTime" : "06/28/17 00:00:00",
  "value" : "234"
},{
  "dateTime" : "06/29/17 00:00:00",
  "value" : "218"
},{
  "dateTime" : "06/30/17 00:00:00",
  "value" : "265"
},{
  "dateTime" : "07/01/17 00:00:00",
  "value" : "313"
},{
  "dateTime" : "07/02/17 00:00:00",
  "value" : "221"
},{
  "dateTime" : "07/03/17 00:00:00",
  "value" : "262"
},{
  "dateTime" : "07/04/17 00:00:00",
  "value" : "343"
},{
  "dateTime" : "07/05/17 00:00:00",
  "value" : "167"
},{
  "dateTime" : "07/06/17 00:00:00",
  "value" : "142"
},{
  "dateTime" : "07/07/17 00:00:00",
  "value" : "242"
},{
  "dateTime" : "07/08/17 00:00:00",
  "value" : "338"
},{
  "dateTime" : "07/09/17 00:00:00",
  "value" : "301"
},{
  "dateTime" : "07/10/17 00:00:00",
  "value" : "208"
},{
  "dateTime" : "07/11/17 00:00:00",
  "value" : "174"
},{
  "dateTime" : "07/12/17 00:00:00",
  "value" : "182"
},{
  "dateTime" : "07/13/17 00:00:00",
  "value" : "221"
},{
  "dateTime" : "07/14/17 00:00:00",
  "value" : "329"
},{
  "dateTime" : "07/15/17 00:00:00",
  "value" : "298"
},{
  "dateTime" : "07/16/17 00:00:00",
  "value" : "164"
},{
  "dateTime" : "07/17/17 00:00:00",
  "value" : "177"
},{
  "dateTime" : "07/18/17 00:00:00",
  "value" : "242"
},{
  "dateTime" : "07/19/17 00:00:00",
  "value" : "254"
},{
  "dateTime" : "07/20/17 00:00:00",
  "value" : "186"
},{
  "dateTime" : "07/21/17 00:00:00",
  "value" : "269"
},{
  "dateTime" : "07/22/17 00:00:00",
  "value" : "238"
},{
  "dateTime" : "07/23/17 00:00:00",
  "value" : "233"
},{
  "dateTime" : "07/24/17 00:00:00",
  "value" : "211"
},{
  "dateTime" : "07/25/17 00:00:00",
  "value" : "124"
},{
  "dateTime" : "07/26/17 00:00:00",
  "value" : "209"
},{
  "dateTime" : "07/27/17 00:00:00",
  "value" : "147"
}]