[{
  "dateTime" : "01/24/18 00:00:00",
  "value" : "204"
},{
  "dateTime" : "01/25/18 00:00:00",
  "value" : "238"
},{
  "dateTime" : "01/26/18 00:00:00",
  "value" : "235"
},{
  "dateTime" : "01/27/18 00:00:00",
  "value" : "263"
},{
  "dateTime" : "01/28/18 00:00:00",
  "value" : "214"
},{
  "dateTime" : "01/29/18 00:00:00",
  "value" : "200"
},{
  "dateTime" : "01/30/18 00:00:00",
  "value" : "150"
},{
  "dateTime" : "01/31/18 00:00:00",
  "value" : "184"
},{
  "dateTime" : "02/01/18 00:00:00",
  "value" : "302"
},{
  "dateTime" : "02/02/18 00:00:00",
  "value" : "162"
},{
  "dateTime" : "02/03/18 00:00:00",
  "value" : "371"
},{
  "dateTime" : "02/04/18 00:00:00",
  "value" : "176"
},{
  "dateTime" : "02/05/18 00:00:00",
  "value" : "188"
},{
  "dateTime" : "02/06/18 00:00:00",
  "value" : "154"
},{
  "dateTime" : "02/07/18 00:00:00",
  "value" : "194"
},{
  "dateTime" : "02/08/18 00:00:00",
  "value" : "250"
},{
  "dateTime" : "02/09/18 00:00:00",
  "value" : "255"
},{
  "dateTime" : "02/10/18 00:00:00",
  "value" : "226"
},{
  "dateTime" : "02/11/18 00:00:00",
  "value" : "169"
},{
  "dateTime" : "02/12/18 00:00:00",
  "value" : "173"
},{
  "dateTime" : "02/13/18 00:00:00",
  "value" : "166"
},{
  "dateTime" : "02/14/18 00:00:00",
  "value" : "174"
},{
  "dateTime" : "02/15/18 00:00:00",
  "value" : "255"
},{
  "dateTime" : "02/16/18 00:00:00",
  "value" : "230"
},{
  "dateTime" : "02/17/18 00:00:00",
  "value" : "259"
},{
  "dateTime" : "02/18/18 00:00:00",
  "value" : "242"
},{
  "dateTime" : "02/19/18 00:00:00",
  "value" : "169"
},{
  "dateTime" : "02/20/18 00:00:00",
  "value" : "146"
},{
  "dateTime" : "02/21/18 00:00:00",
  "value" : "198"
},{
  "dateTime" : "02/22/18 00:00:00",
  "value" : "289"
}]