[{
  "dateTime" : "05/24/18 00:00:00",
  "value" : "297"
},{
  "dateTime" : "05/25/18 00:00:00",
  "value" : "409"
},{
  "dateTime" : "05/26/18 00:00:00",
  "value" : "175"
},{
  "dateTime" : "05/27/18 00:00:00",
  "value" : "375"
},{
  "dateTime" : "05/28/18 00:00:00",
  "value" : "239"
},{
  "dateTime" : "05/29/18 00:00:00",
  "value" : "259"
},{
  "dateTime" : "05/30/18 00:00:00",
  "value" : "240"
},{
  "dateTime" : "05/31/18 00:00:00",
  "value" : "379"
},{
  "dateTime" : "06/01/18 00:00:00",
  "value" : "280"
},{
  "dateTime" : "06/02/18 00:00:00",
  "value" : "475"
},{
  "dateTime" : "06/03/18 00:00:00",
  "value" : "332"
},{
  "dateTime" : "06/04/18 00:00:00",
  "value" : "362"
},{
  "dateTime" : "06/05/18 00:00:00",
  "value" : "353"
},{
  "dateTime" : "06/06/18 00:00:00",
  "value" : "408"
},{
  "dateTime" : "06/07/18 00:00:00",
  "value" : "385"
},{
  "dateTime" : "06/08/18 00:00:00",
  "value" : "383"
},{
  "dateTime" : "06/09/18 00:00:00",
  "value" : "265"
},{
  "dateTime" : "06/10/18 00:00:00",
  "value" : "399"
},{
  "dateTime" : "06/11/18 00:00:00",
  "value" : "306"
},{
  "dateTime" : "06/12/18 00:00:00",
  "value" : "286"
},{
  "dateTime" : "06/13/18 00:00:00",
  "value" : "378"
},{
  "dateTime" : "06/14/18 00:00:00",
  "value" : "302"
},{
  "dateTime" : "06/15/18 00:00:00",
  "value" : "307"
},{
  "dateTime" : "06/16/18 00:00:00",
  "value" : "380"
},{
  "dateTime" : "06/17/18 00:00:00",
  "value" : "282"
},{
  "dateTime" : "06/18/18 00:00:00",
  "value" : "376"
},{
  "dateTime" : "06/19/18 00:00:00",
  "value" : "374"
},{
  "dateTime" : "06/20/18 00:00:00",
  "value" : "257"
},{
  "dateTime" : "06/21/18 00:00:00",
  "value" : "275"
},{
  "dateTime" : "06/22/18 00:00:00",
  "value" : "418"
}]