[{
  "dateTime" : "03/25/18 00:00:00",
  "value" : "250"
},{
  "dateTime" : "03/26/18 00:00:00",
  "value" : "221"
},{
  "dateTime" : "03/27/18 00:00:00",
  "value" : "308"
},{
  "dateTime" : "03/28/18 00:00:00",
  "value" : "213"
},{
  "dateTime" : "03/29/18 00:00:00",
  "value" : "297"
},{
  "dateTime" : "03/30/18 00:00:00",
  "value" : "289"
},{
  "dateTime" : "03/31/18 00:00:00",
  "value" : "298"
},{
  "dateTime" : "04/01/18 00:00:00",
  "value" : "288"
},{
  "dateTime" : "04/02/18 00:00:00",
  "value" : "160"
},{
  "dateTime" : "04/03/18 00:00:00",
  "value" : "192"
},{
  "dateTime" : "04/04/18 00:00:00",
  "value" : "197"
},{
  "dateTime" : "04/05/18 00:00:00",
  "value" : "212"
},{
  "dateTime" : "04/06/18 00:00:00",
  "value" : "264"
},{
  "dateTime" : "04/07/18 00:00:00",
  "value" : "186"
},{
  "dateTime" : "04/08/18 00:00:00",
  "value" : "241"
},{
  "dateTime" : "04/09/18 00:00:00",
  "value" : "233"
},{
  "dateTime" : "04/10/18 00:00:00",
  "value" : "192"
},{
  "dateTime" : "04/11/18 00:00:00",
  "value" : "343"
},{
  "dateTime" : "04/12/18 00:00:00",
  "value" : "165"
},{
  "dateTime" : "04/13/18 00:00:00",
  "value" : "245"
},{
  "dateTime" : "04/14/18 00:00:00",
  "value" : "284"
},{
  "dateTime" : "04/15/18 00:00:00",
  "value" : "148"
},{
  "dateTime" : "04/16/18 00:00:00",
  "value" : "221"
},{
  "dateTime" : "04/17/18 00:00:00",
  "value" : "173"
},{
  "dateTime" : "04/18/18 00:00:00",
  "value" : "193"
},{
  "dateTime" : "04/19/18 00:00:00",
  "value" : "259"
},{
  "dateTime" : "04/20/18 00:00:00",
  "value" : "268"
},{
  "dateTime" : "04/21/18 00:00:00",
  "value" : "321"
},{
  "dateTime" : "04/22/18 00:00:00",
  "value" : "222"
},{
  "dateTime" : "04/23/18 00:00:00",
  "value" : "216"
}]