[{
  "dateTime" : "02/28/17 00:00:00",
  "value" : "213"
},{
  "dateTime" : "03/01/17 00:00:00",
  "value" : "169"
},{
  "dateTime" : "03/02/17 00:00:00",
  "value" : "241"
},{
  "dateTime" : "03/03/17 00:00:00",
  "value" : "290"
},{
  "dateTime" : "03/04/17 00:00:00",
  "value" : "297"
},{
  "dateTime" : "03/05/17 00:00:00",
  "value" : "189"
},{
  "dateTime" : "03/06/17 00:00:00",
  "value" : "155"
},{
  "dateTime" : "03/07/17 00:00:00",
  "value" : "191"
},{
  "dateTime" : "03/08/17 00:00:00",
  "value" : "211"
},{
  "dateTime" : "03/09/17 00:00:00",
  "value" : "178"
},{
  "dateTime" : "03/10/17 00:00:00",
  "value" : "247"
},{
  "dateTime" : "03/11/17 00:00:00",
  "value" : "258"
},{
  "dateTime" : "03/12/17 00:00:00",
  "value" : "190"
},{
  "dateTime" : "03/13/17 00:00:00",
  "value" : "213"
},{
  "dateTime" : "03/14/17 00:00:00",
  "value" : "195"
},{
  "dateTime" : "03/15/17 00:00:00",
  "value" : "170"
},{
  "dateTime" : "03/16/17 00:00:00",
  "value" : "294"
},{
  "dateTime" : "03/17/17 00:00:00",
  "value" : "247"
},{
  "dateTime" : "03/18/17 00:00:00",
  "value" : "252"
},{
  "dateTime" : "03/19/17 00:00:00",
  "value" : "133"
},{
  "dateTime" : "03/20/17 00:00:00",
  "value" : "200"
},{
  "dateTime" : "03/21/17 00:00:00",
  "value" : "243"
},{
  "dateTime" : "03/22/17 00:00:00",
  "value" : "268"
},{
  "dateTime" : "03/23/17 00:00:00",
  "value" : "244"
},{
  "dateTime" : "03/24/17 00:00:00",
  "value" : "222"
},{
  "dateTime" : "03/25/17 00:00:00",
  "value" : "290"
},{
  "dateTime" : "03/26/17 00:00:00",
  "value" : "302"
},{
  "dateTime" : "03/27/17 00:00:00",
  "value" : "185"
},{
  "dateTime" : "03/28/17 00:00:00",
  "value" : "257"
},{
  "dateTime" : "03/29/17 00:00:00",
  "value" : "287"
}]