[{
  "dateTime" : "02/28/17 00:00:00",
  "value" : "51"
},{
  "dateTime" : "03/01/17 00:00:00",
  "value" : "31"
},{
  "dateTime" : "03/02/17 00:00:00",
  "value" : "46"
},{
  "dateTime" : "03/03/17 00:00:00",
  "value" : "35"
},{
  "dateTime" : "03/04/17 00:00:00",
  "value" : "11"
},{
  "dateTime" : "03/05/17 00:00:00",
  "value" : "4"
},{
  "dateTime" : "03/06/17 00:00:00",
  "value" : "18"
},{
  "dateTime" : "03/07/17 00:00:00",
  "value" : "30"
},{
  "dateTime" : "03/08/17 00:00:00",
  "value" : "30"
},{
  "dateTime" : "03/09/17 00:00:00",
  "value" : "20"
},{
  "dateTime" : "03/10/17 00:00:00",
  "value" : "26"
},{
  "dateTime" : "03/11/17 00:00:00",
  "value" : "83"
},{
  "dateTime" : "03/12/17 00:00:00",
  "value" : "12"
},{
  "dateTime" : "03/13/17 00:00:00",
  "value" : "12"
},{
  "dateTime" : "03/14/17 00:00:00",
  "value" : "32"
},{
  "dateTime" : "03/15/17 00:00:00",
  "value" : "24"
},{
  "dateTime" : "03/16/17 00:00:00",
  "value" : "17"
},{
  "dateTime" : "03/17/17 00:00:00",
  "value" : "39"
},{
  "dateTime" : "03/18/17 00:00:00",
  "value" : "5"
},{
  "dateTime" : "03/19/17 00:00:00",
  "value" : "30"
},{
  "dateTime" : "03/20/17 00:00:00",
  "value" : "24"
},{
  "dateTime" : "03/21/17 00:00:00",
  "value" : "31"
},{
  "dateTime" : "03/22/17 00:00:00",
  "value" : "24"
},{
  "dateTime" : "03/23/17 00:00:00",
  "value" : "22"
},{
  "dateTime" : "03/24/17 00:00:00",
  "value" : "33"
},{
  "dateTime" : "03/25/17 00:00:00",
  "value" : "8"
},{
  "dateTime" : "03/26/17 00:00:00",
  "value" : "99"
},{
  "dateTime" : "03/27/17 00:00:00",
  "value" : "58"
},{
  "dateTime" : "03/28/17 00:00:00",
  "value" : "78"
},{
  "dateTime" : "03/29/17 00:00:00",
  "value" : "77"
}]