[{
  "dateTime" : "05/29/17 00:00:00",
  "value" : "0"
},{
  "dateTime" : "05/30/17 00:00:00",
  "value" : "0"
},{
  "dateTime" : "05/31/17 00:00:00",
  "value" : "36"
},{
  "dateTime" : "06/01/17 00:00:00",
  "value" : "25"
},{
  "dateTime" : "06/02/17 00:00:00",
  "value" : "46"
},{
  "dateTime" : "06/03/17 00:00:00",
  "value" : "25"
},{
  "dateTime" : "06/04/17 00:00:00",
  "value" : "8"
},{
  "dateTime" : "06/05/17 00:00:00",
  "value" : "21"
},{
  "dateTime" : "06/06/17 00:00:00",
  "value" : "6"
},{
  "dateTime" : "06/07/17 00:00:00",
  "value" : "33"
},{
  "dateTime" : "06/08/17 00:00:00",
  "value" : "41"
},{
  "dateTime" : "06/09/17 00:00:00",
  "value" : "88"
},{
  "dateTime" : "06/10/17 00:00:00",
  "value" : "84"
},{
  "dateTime" : "06/11/17 00:00:00",
  "value" : "117"
},{
  "dateTime" : "06/12/17 00:00:00",
  "value" : "34"
},{
  "dateTime" : "06/13/17 00:00:00",
  "value" : "19"
},{
  "dateTime" : "06/14/17 00:00:00",
  "value" : "63"
},{
  "dateTime" : "06/15/17 00:00:00",
  "value" : "18"
},{
  "dateTime" : "06/16/17 00:00:00",
  "value" : "82"
},{
  "dateTime" : "06/17/17 00:00:00",
  "value" : "92"
},{
  "dateTime" : "06/18/17 00:00:00",
  "value" : "106"
},{
  "dateTime" : "06/19/17 00:00:00",
  "value" : "25"
},{
  "dateTime" : "06/20/17 00:00:00",
  "value" : "71"
},{
  "dateTime" : "06/21/17 00:00:00",
  "value" : "53"
},{
  "dateTime" : "06/22/17 00:00:00",
  "value" : "22"
},{
  "dateTime" : "06/23/17 00:00:00",
  "value" : "57"
},{
  "dateTime" : "06/24/17 00:00:00",
  "value" : "111"
},{
  "dateTime" : "06/25/17 00:00:00",
  "value" : "111"
},{
  "dateTime" : "06/26/17 00:00:00",
  "value" : "19"
},{
  "dateTime" : "06/27/17 00:00:00",
  "value" : "107"
}]