[{
  "dateTime" : "03/30/17 00:00:00",
  "value" : "49"
},{
  "dateTime" : "03/31/17 00:00:00",
  "value" : "53"
},{
  "dateTime" : "04/01/17 00:00:00",
  "value" : "37"
},{
  "dateTime" : "04/02/17 00:00:00",
  "value" : "36"
},{
  "dateTime" : "04/03/17 00:00:00",
  "value" : "44"
},{
  "dateTime" : "04/04/17 00:00:00",
  "value" : "26"
},{
  "dateTime" : "04/05/17 00:00:00",
  "value" : "28"
},{
  "dateTime" : "04/06/17 00:00:00",
  "value" : "21"
},{
  "dateTime" : "04/07/17 00:00:00",
  "value" : "47"
},{
  "dateTime" : "04/08/17 00:00:00",
  "value" : "15"
},{
  "dateTime" : "04/09/17 00:00:00",
  "value" : "51"
},{
  "dateTime" : "04/10/17 00:00:00",
  "value" : "22"
},{
  "dateTime" : "04/11/17 00:00:00",
  "value" : "41"
},{
  "dateTime" : "04/12/17 00:00:00",
  "value" : "19"
},{
  "dateTime" : "04/13/17 00:00:00",
  "value" : "19"
},{
  "dateTime" : "04/14/17 00:00:00",
  "value" : "72"
},{
  "dateTime" : "04/15/17 00:00:00",
  "value" : "26"
},{
  "dateTime" : "04/16/17 00:00:00",
  "value" : "13"
},{
  "dateTime" : "04/17/17 00:00:00",
  "value" : "25"
},{
  "dateTime" : "04/18/17 00:00:00",
  "value" : "30"
},{
  "dateTime" : "04/19/17 00:00:00",
  "value" : "29"
},{
  "dateTime" : "04/20/17 00:00:00",
  "value" : "34"
},{
  "dateTime" : "04/21/17 00:00:00",
  "value" : "47"
},{
  "dateTime" : "04/22/17 00:00:00",
  "value" : "48"
},{
  "dateTime" : "04/23/17 00:00:00",
  "value" : "38"
},{
  "dateTime" : "04/24/17 00:00:00",
  "value" : "43"
},{
  "dateTime" : "04/25/17 00:00:00",
  "value" : "39"
},{
  "dateTime" : "04/26/17 00:00:00",
  "value" : "23"
},{
  "dateTime" : "04/27/17 00:00:00",
  "value" : "11"
},{
  "dateTime" : "04/28/17 00:00:00",
  "value" : "42"
}]