[{
  "dateTime" : "05/24/18 00:00:00",
  "value" : "76"
},{
  "dateTime" : "05/25/18 00:00:00",
  "value" : "12"
},{
  "dateTime" : "05/26/18 00:00:00",
  "value" : "108"
},{
  "dateTime" : "05/27/18 00:00:00",
  "value" : "186"
},{
  "dateTime" : "05/28/18 00:00:00",
  "value" : "180"
},{
  "dateTime" : "05/29/18 00:00:00",
  "value" : "133"
},{
  "dateTime" : "05/30/18 00:00:00",
  "value" : "165"
},{
  "dateTime" : "05/31/18 00:00:00",
  "value" : "236"
},{
  "dateTime" : "06/01/18 00:00:00",
  "value" : "111"
},{
  "dateTime" : "06/02/18 00:00:00",
  "value" : "105"
},{
  "dateTime" : "06/03/18 00:00:00",
  "value" : "230"
},{
  "dateTime" : "06/04/18 00:00:00",
  "value" : "188"
},{
  "dateTime" : "06/05/18 00:00:00",
  "value" : "128"
},{
  "dateTime" : "06/06/18 00:00:00",
  "value" : "84"
},{
  "dateTime" : "06/07/18 00:00:00",
  "value" : "129"
},{
  "dateTime" : "06/08/18 00:00:00",
  "value" : "132"
},{
  "dateTime" : "06/09/18 00:00:00",
  "value" : "127"
},{
  "dateTime" : "06/10/18 00:00:00",
  "value" : "145"
},{
  "dateTime" : "06/11/18 00:00:00",
  "value" : "87"
},{
  "dateTime" : "06/12/18 00:00:00",
  "value" : "88"
},{
  "dateTime" : "06/13/18 00:00:00",
  "value" : "31"
},{
  "dateTime" : "06/14/18 00:00:00",
  "value" : "40"
},{
  "dateTime" : "06/15/18 00:00:00",
  "value" : "26"
},{
  "dateTime" : "06/16/18 00:00:00",
  "value" : "25"
},{
  "dateTime" : "06/17/18 00:00:00",
  "value" : "70"
},{
  "dateTime" : "06/18/18 00:00:00",
  "value" : "62"
},{
  "dateTime" : "06/19/18 00:00:00",
  "value" : "134"
},{
  "dateTime" : "06/20/18 00:00:00",
  "value" : "98"
},{
  "dateTime" : "06/21/18 00:00:00",
  "value" : "48"
},{
  "dateTime" : "06/22/18 00:00:00",
  "value" : "136"
}]