[{
  "dateTime" : "02/23/18 00:00:00",
  "value" : "65"
},{
  "dateTime" : "02/24/18 00:00:00",
  "value" : "10"
},{
  "dateTime" : "02/25/18 00:00:00",
  "value" : "27"
},{
  "dateTime" : "02/26/18 00:00:00",
  "value" : "18"
},{
  "dateTime" : "02/27/18 00:00:00",
  "value" : "27"
},{
  "dateTime" : "02/28/18 00:00:00",
  "value" : "21"
},{
  "dateTime" : "03/01/18 00:00:00",
  "value" : "71"
},{
  "dateTime" : "03/02/18 00:00:00",
  "value" : "25"
},{
  "dateTime" : "03/03/18 00:00:00",
  "value" : "59"
},{
  "dateTime" : "03/04/18 00:00:00",
  "value" : "33"
},{
  "dateTime" : "03/05/18 00:00:00",
  "value" : "33"
},{
  "dateTime" : "03/06/18 00:00:00",
  "value" : "25"
},{
  "dateTime" : "03/07/18 00:00:00",
  "value" : "69"
},{
  "dateTime" : "03/08/18 00:00:00",
  "value" : "38"
},{
  "dateTime" : "03/09/18 00:00:00",
  "value" : "102"
},{
  "dateTime" : "03/10/18 00:00:00",
  "value" : "45"
},{
  "dateTime" : "03/11/18 00:00:00",
  "value" : "70"
},{
  "dateTime" : "03/12/18 00:00:00",
  "value" : "13"
},{
  "dateTime" : "03/13/18 00:00:00",
  "value" : "36"
},{
  "dateTime" : "03/14/18 00:00:00",
  "value" : "64"
},{
  "dateTime" : "03/15/18 00:00:00",
  "value" : "44"
},{
  "dateTime" : "03/16/18 00:00:00",
  "value" : "75"
},{
  "dateTime" : "03/17/18 00:00:00",
  "value" : "18"
},{
  "dateTime" : "03/18/18 00:00:00",
  "value" : "39"
},{
  "dateTime" : "03/19/18 00:00:00",
  "value" : "34"
},{
  "dateTime" : "03/20/18 00:00:00",
  "value" : "51"
},{
  "dateTime" : "03/21/18 00:00:00",
  "value" : "21"
},{
  "dateTime" : "03/22/18 00:00:00",
  "value" : "40"
},{
  "dateTime" : "03/23/18 00:00:00",
  "value" : "24"
},{
  "dateTime" : "03/24/18 00:00:00",
  "value" : "32"
}]