[{
  "dateTime" : "11/25/17 00:00:00",
  "value" : "52"
},{
  "dateTime" : "11/26/17 00:00:00",
  "value" : "3"
},{
  "dateTime" : "11/27/17 00:00:00",
  "value" : "33"
},{
  "dateTime" : "11/28/17 00:00:00",
  "value" : "34"
},{
  "dateTime" : "11/29/17 00:00:00",
  "value" : "25"
},{
  "dateTime" : "11/30/17 00:00:00",
  "value" : "51"
},{
  "dateTime" : "12/01/17 00:00:00",
  "value" : "10"
},{
  "dateTime" : "12/02/17 00:00:00",
  "value" : "21"
},{
  "dateTime" : "12/03/17 00:00:00",
  "value" : "18"
},{
  "dateTime" : "12/04/17 00:00:00",
  "value" : "35"
},{
  "dateTime" : "12/05/17 00:00:00",
  "value" : "71"
},{
  "dateTime" : "12/06/17 00:00:00",
  "value" : "16"
},{
  "dateTime" : "12/07/17 00:00:00",
  "value" : "49"
},{
  "dateTime" : "12/08/17 00:00:00",
  "value" : "71"
},{
  "dateTime" : "12/09/17 00:00:00",
  "value" : "2"
},{
  "dateTime" : "12/10/17 00:00:00",
  "value" : "13"
},{
  "dateTime" : "12/11/17 00:00:00",
  "value" : "55"
},{
  "dateTime" : "12/12/17 00:00:00",
  "value" : "48"
},{
  "dateTime" : "12/13/17 00:00:00",
  "value" : "74"
},{
  "dateTime" : "12/14/17 00:00:00",
  "value" : "62"
},{
  "dateTime" : "12/15/17 00:00:00",
  "value" : "159"
},{
  "dateTime" : "12/16/17 00:00:00",
  "value" : "96"
},{
  "dateTime" : "12/17/17 00:00:00",
  "value" : "50"
},{
  "dateTime" : "12/18/17 00:00:00",
  "value" : "33"
},{
  "dateTime" : "12/19/17 00:00:00",
  "value" : "39"
},{
  "dateTime" : "12/20/17 00:00:00",
  "value" : "60"
},{
  "dateTime" : "12/21/17 00:00:00",
  "value" : "10"
},{
  "dateTime" : "12/22/17 00:00:00",
  "value" : "56"
},{
  "dateTime" : "12/23/17 00:00:00",
  "value" : "135"
},{
  "dateTime" : "12/24/17 00:00:00",
  "value" : "0"
}]