[{
  "dateTime" : "07/28/17 00:00:00",
  "value" : "125"
},{
  "dateTime" : "07/29/17 00:00:00",
  "value" : "107"
},{
  "dateTime" : "07/30/17 00:00:00",
  "value" : "180"
},{
  "dateTime" : "07/31/17 00:00:00",
  "value" : "90"
},{
  "dateTime" : "08/01/17 00:00:00",
  "value" : "99"
},{
  "dateTime" : "08/02/17 00:00:00",
  "value" : "91"
},{
  "dateTime" : "08/03/17 00:00:00",
  "value" : "68"
},{
  "dateTime" : "08/04/17 00:00:00",
  "value" : "78"
},{
  "dateTime" : "08/05/17 00:00:00",
  "value" : "83"
},{
  "dateTime" : "08/06/17 00:00:00",
  "value" : "110"
},{
  "dateTime" : "08/07/17 00:00:00",
  "value" : "97"
},{
  "dateTime" : "08/08/17 00:00:00",
  "value" : "90"
},{
  "dateTime" : "08/09/17 00:00:00",
  "value" : "93"
},{
  "dateTime" : "08/10/17 00:00:00",
  "value" : "59"
},{
  "dateTime" : "08/11/17 00:00:00",
  "value" : "44"
},{
  "dateTime" : "08/12/17 00:00:00",
  "value" : "45"
},{
  "dateTime" : "08/13/17 00:00:00",
  "value" : "46"
},{
  "dateTime" : "08/14/17 00:00:00",
  "value" : "89"
},{
  "dateTime" : "08/15/17 00:00:00",
  "value" : "74"
},{
  "dateTime" : "08/16/17 00:00:00",
  "value" : "56"
},{
  "dateTime" : "08/17/17 00:00:00",
  "value" : "40"
},{
  "dateTime" : "08/18/17 00:00:00",
  "value" : "34"
},{
  "dateTime" : "08/19/17 00:00:00",
  "value" : "57"
},{
  "dateTime" : "08/20/17 00:00:00",
  "value" : "88"
},{
  "dateTime" : "08/21/17 00:00:00",
  "value" : "13"
},{
  "dateTime" : "08/22/17 00:00:00",
  "value" : "77"
},{
  "dateTime" : "08/23/17 00:00:00",
  "value" : "61"
},{
  "dateTime" : "08/24/17 00:00:00",
  "value" : "44"
},{
  "dateTime" : "08/25/17 00:00:00",
  "value" : "83"
},{
  "dateTime" : "08/26/17 00:00:00",
  "value" : "0"
}]