[{
  "dateTime" : "09/26/17 00:00:00",
  "value" : "38"
},{
  "dateTime" : "09/27/17 00:00:00",
  "value" : "54"
},{
  "dateTime" : "09/28/17 00:00:00",
  "value" : "40"
},{
  "dateTime" : "09/29/17 00:00:00",
  "value" : "97"
},{
  "dateTime" : "09/30/17 00:00:00",
  "value" : "90"
},{
  "dateTime" : "10/01/17 00:00:00",
  "value" : "76"
},{
  "dateTime" : "10/02/17 00:00:00",
  "value" : "62"
},{
  "dateTime" : "10/03/17 00:00:00",
  "value" : "36"
},{
  "dateTime" : "10/04/17 00:00:00",
  "value" : "19"
},{
  "dateTime" : "10/05/17 00:00:00",
  "value" : "40"
},{
  "dateTime" : "10/06/17 00:00:00",
  "value" : "62"
},{
  "dateTime" : "10/07/17 00:00:00",
  "value" : "65"
},{
  "dateTime" : "10/08/17 00:00:00",
  "value" : "18"
},{
  "dateTime" : "10/09/17 00:00:00",
  "value" : "22"
},{
  "dateTime" : "10/10/17 00:00:00",
  "value" : "39"
},{
  "dateTime" : "10/11/17 00:00:00",
  "value" : "38"
},{
  "dateTime" : "10/12/17 00:00:00",
  "value" : "54"
},{
  "dateTime" : "10/13/17 00:00:00",
  "value" : "17"
},{
  "dateTime" : "10/14/17 00:00:00",
  "value" : "88"
},{
  "dateTime" : "10/15/17 00:00:00",
  "value" : "86"
},{
  "dateTime" : "10/16/17 00:00:00",
  "value" : "54"
},{
  "dateTime" : "10/17/17 00:00:00",
  "value" : "56"
},{
  "dateTime" : "10/18/17 00:00:00",
  "value" : "29"
},{
  "dateTime" : "10/19/17 00:00:00",
  "value" : "38"
},{
  "dateTime" : "10/20/17 00:00:00",
  "value" : "86"
},{
  "dateTime" : "10/21/17 00:00:00",
  "value" : "48"
},{
  "dateTime" : "10/22/17 00:00:00",
  "value" : "16"
},{
  "dateTime" : "10/23/17 00:00:00",
  "value" : "53"
},{
  "dateTime" : "10/24/17 00:00:00",
  "value" : "60"
},{
  "dateTime" : "10/25/17 00:00:00",
  "value" : "53"
}]