[{
  "dateTime" : "06/23/18 00:00:00",
  "value" : "135"
},{
  "dateTime" : "06/24/18 00:00:00",
  "value" : "55"
},{
  "dateTime" : "06/25/18 00:00:00",
  "value" : "94"
},{
  "dateTime" : "06/26/18 00:00:00",
  "value" : "117"
},{
  "dateTime" : "06/27/18 00:00:00",
  "value" : "58"
},{
  "dateTime" : "06/28/18 00:00:00",
  "value" : "66"
},{
  "dateTime" : "06/29/18 00:00:00",
  "value" : "198"
},{
  "dateTime" : "06/30/18 00:00:00",
  "value" : "140"
},{
  "dateTime" : "07/01/18 00:00:00",
  "value" : "56"
},{
  "dateTime" : "07/02/18 00:00:00",
  "value" : "88"
},{
  "dateTime" : "07/03/18 00:00:00",
  "value" : "82"
},{
  "dateTime" : "07/04/18 00:00:00",
  "value" : "38"
},{
  "dateTime" : "07/05/18 00:00:00",
  "value" : "41"
},{
  "dateTime" : "07/06/18 00:00:00",
  "value" : "78"
},{
  "dateTime" : "07/07/18 00:00:00",
  "value" : "133"
},{
  "dateTime" : "07/08/18 00:00:00",
  "value" : "85"
},{
  "dateTime" : "07/09/18 00:00:00",
  "value" : "104"
},{
  "dateTime" : "07/10/18 00:00:00",
  "value" : "93"
},{
  "dateTime" : "07/11/18 00:00:00",
  "value" : "89"
},{
  "dateTime" : "07/12/18 00:00:00",
  "value" : "8"
},{
  "dateTime" : "07/13/18 00:00:00",
  "value" : "148"
},{
  "dateTime" : "07/14/18 00:00:00",
  "value" : "18"
},{
  "dateTime" : "07/15/18 00:00:00",
  "value" : "128"
},{
  "dateTime" : "07/16/18 00:00:00",
  "value" : "143"
},{
  "dateTime" : "07/17/18 00:00:00",
  "value" : "74"
},{
  "dateTime" : "07/18/18 00:00:00",
  "value" : "55"
},{
  "dateTime" : "07/19/18 00:00:00",
  "value" : "136"
},{
  "dateTime" : "07/20/18 00:00:00",
  "value" : "127"
},{
  "dateTime" : "07/21/18 00:00:00",
  "value" : "127"
},{
  "dateTime" : "07/22/18 00:00:00",
  "value" : "52"
}]