[{
  "dateTime" : "03/30/17 00:00:00",
  "value" : "680"
},{
  "dateTime" : "03/31/17 00:00:00",
  "value" : "616"
},{
  "dateTime" : "04/01/17 00:00:00",
  "value" : "737"
},{
  "dateTime" : "04/02/17 00:00:00",
  "value" : "462"
},{
  "dateTime" : "04/03/17 00:00:00",
  "value" : "584"
},{
  "dateTime" : "04/04/17 00:00:00",
  "value" : "548"
},{
  "dateTime" : "04/05/17 00:00:00",
  "value" : "714"
},{
  "dateTime" : "04/06/17 00:00:00",
  "value" : "525"
},{
  "dateTime" : "04/07/17 00:00:00",
  "value" : "517"
},{
  "dateTime" : "04/08/17 00:00:00",
  "value" : "700"
},{
  "dateTime" : "04/09/17 00:00:00",
  "value" : "564"
},{
  "dateTime" : "04/10/17 00:00:00",
  "value" : "579"
},{
  "dateTime" : "04/11/17 00:00:00",
  "value" : "733"
},{
  "dateTime" : "04/12/17 00:00:00",
  "value" : "601"
},{
  "dateTime" : "04/13/17 00:00:00",
  "value" : "703"
},{
  "dateTime" : "04/14/17 00:00:00",
  "value" : "395"
},{
  "dateTime" : "04/15/17 00:00:00",
  "value" : "614"
},{
  "dateTime" : "04/16/17 00:00:00",
  "value" : "699"
},{
  "dateTime" : "04/17/17 00:00:00",
  "value" : "554"
},{
  "dateTime" : "04/18/17 00:00:00",
  "value" : "707"
},{
  "dateTime" : "04/19/17 00:00:00",
  "value" : "563"
},{
  "dateTime" : "04/20/17 00:00:00",
  "value" : "477"
},{
  "dateTime" : "04/21/17 00:00:00",
  "value" : "643"
},{
  "dateTime" : "04/22/17 00:00:00",
  "value" : "531"
},{
  "dateTime" : "04/23/17 00:00:00",
  "value" : "542"
},{
  "dateTime" : "04/24/17 00:00:00",
  "value" : "672"
},{
  "dateTime" : "04/25/17 00:00:00",
  "value" : "589"
},{
  "dateTime" : "04/26/17 00:00:00",
  "value" : "787"
},{
  "dateTime" : "04/27/17 00:00:00",
  "value" : "579"
},{
  "dateTime" : "04/28/17 00:00:00",
  "value" : "458"
}]