[{
  "dateTime" : "11/25/17 00:00:00",
  "value" : "572"
},{
  "dateTime" : "11/26/17 00:00:00",
  "value" : "744"
},{
  "dateTime" : "11/27/17 00:00:00",
  "value" : "759"
},{
  "dateTime" : "11/28/17 00:00:00",
  "value" : "640"
},{
  "dateTime" : "11/29/17 00:00:00",
  "value" : "695"
},{
  "dateTime" : "11/30/17 00:00:00",
  "value" : "624"
},{
  "dateTime" : "12/01/17 00:00:00",
  "value" : "651"
},{
  "dateTime" : "12/02/17 00:00:00",
  "value" : "873"
},{
  "dateTime" : "12/03/17 00:00:00",
  "value" : "752"
},{
  "dateTime" : "12/04/17 00:00:00",
  "value" : "714"
},{
  "dateTime" : "12/05/17 00:00:00",
  "value" : "741"
},{
  "dateTime" : "12/06/17 00:00:00",
  "value" : "724"
},{
  "dateTime" : "12/07/17 00:00:00",
  "value" : "639"
},{
  "dateTime" : "12/08/17 00:00:00",
  "value" : "587"
},{
  "dateTime" : "12/09/17 00:00:00",
  "value" : "748"
},{
  "dateTime" : "12/10/17 00:00:00",
  "value" : "676"
},{
  "dateTime" : "12/11/17 00:00:00",
  "value" : "644"
},{
  "dateTime" : "12/12/17 00:00:00",
  "value" : "584"
},{
  "dateTime" : "12/13/17 00:00:00",
  "value" : "580"
},{
  "dateTime" : "12/14/17 00:00:00",
  "value" : "599"
},{
  "dateTime" : "12/15/17 00:00:00",
  "value" : "474"
},{
  "dateTime" : "12/16/17 00:00:00",
  "value" : "647"
},{
  "dateTime" : "12/17/17 00:00:00",
  "value" : "473"
},{
  "dateTime" : "12/18/17 00:00:00",
  "value" : "550"
},{
  "dateTime" : "12/19/17 00:00:00",
  "value" : "572"
},{
  "dateTime" : "12/20/17 00:00:00",
  "value" : "643"
},{
  "dateTime" : "12/21/17 00:00:00",
  "value" : "863"
},{
  "dateTime" : "12/22/17 00:00:00",
  "value" : "666"
},{
  "dateTime" : "12/23/17 00:00:00",
  "value" : "810"
},{
  "dateTime" : "12/24/17 00:00:00",
  "value" : "638"
}]