[{
  "dateTime" : "05/29/17 00:00:00",
  "value" : "1440"
},{
  "dateTime" : "05/30/17 00:00:00",
  "value" : "1184"
},{
  "dateTime" : "05/31/17 00:00:00",
  "value" : "577"
},{
  "dateTime" : "06/01/17 00:00:00",
  "value" : "573"
},{
  "dateTime" : "06/02/17 00:00:00",
  "value" : "759"
},{
  "dateTime" : "06/03/17 00:00:00",
  "value" : "619"
},{
  "dateTime" : "06/04/17 00:00:00",
  "value" : "449"
},{
  "dateTime" : "06/05/17 00:00:00",
  "value" : "527"
},{
  "dateTime" : "06/06/17 00:00:00",
  "value" : "953"
},{
  "dateTime" : "06/07/17 00:00:00",
  "value" : "779"
},{
  "dateTime" : "06/08/17 00:00:00",
  "value" : "653"
},{
  "dateTime" : "06/09/17 00:00:00",
  "value" : "710"
},{
  "dateTime" : "06/10/17 00:00:00",
  "value" : "467"
},{
  "dateTime" : "06/11/17 00:00:00",
  "value" : "374"
},{
  "dateTime" : "06/12/17 00:00:00",
  "value" : "712"
},{
  "dateTime" : "06/13/17 00:00:00",
  "value" : "611"
},{
  "dateTime" : "06/14/17 00:00:00",
  "value" : "770"
},{
  "dateTime" : "06/15/17 00:00:00",
  "value" : "708"
},{
  "dateTime" : "06/16/17 00:00:00",
  "value" : "565"
},{
  "dateTime" : "06/17/17 00:00:00",
  "value" : "508"
},{
  "dateTime" : "06/18/17 00:00:00",
  "value" : "534"
},{
  "dateTime" : "06/19/17 00:00:00",
  "value" : "718"
},{
  "dateTime" : "06/20/17 00:00:00",
  "value" : "583"
},{
  "dateTime" : "06/21/17 00:00:00",
  "value" : "609"
},{
  "dateTime" : "06/22/17 00:00:00",
  "value" : "686"
},{
  "dateTime" : "06/23/17 00:00:00",
  "value" : "744"
},{
  "dateTime" : "06/24/17 00:00:00",
  "value" : "509"
},{
  "dateTime" : "06/25/17 00:00:00",
  "value" : "447"
},{
  "dateTime" : "06/26/17 00:00:00",
  "value" : "759"
},{
  "dateTime" : "06/27/17 00:00:00",
  "value" : "537"
}]