[{
  "dateTime" : "11/20/18 00:00:00",
  "value" : "430"
},{
  "dateTime" : "11/21/18 00:00:00",
  "value" : "639"
},{
  "dateTime" : "11/22/18 00:00:00",
  "value" : "580"
},{
  "dateTime" : "11/23/18 00:00:00",
  "value" : "579"
},{
  "dateTime" : "11/24/18 00:00:00",
  "value" : "610"
},{
  "dateTime" : "11/25/18 00:00:00",
  "value" : "606"
},{
  "dateTime" : "11/26/18 00:00:00",
  "value" : "719"
},{
  "dateTime" : "11/27/18 00:00:00",
  "value" : "716"
},{
  "dateTime" : "11/28/18 00:00:00",
  "value" : "576"
},{
  "dateTime" : "11/29/18 00:00:00",
  "value" : "711"
},{
  "dateTime" : "11/30/18 00:00:00",
  "value" : "567"
},{
  "dateTime" : "12/01/18 00:00:00",
  "value" : "569"
},{
  "dateTime" : "12/02/18 00:00:00",
  "value" : "679"
},{
  "dateTime" : "12/03/18 00:00:00",
  "value" : "658"
},{
  "dateTime" : "12/04/18 00:00:00",
  "value" : "686"
},{
  "dateTime" : "12/05/18 00:00:00",
  "value" : "641"
},{
  "dateTime" : "12/06/18 00:00:00",
  "value" : "574"
},{
  "dateTime" : "12/07/18 00:00:00",
  "value" : "540"
},{
  "dateTime" : "12/08/18 00:00:00",
  "value" : "567"
},{
  "dateTime" : "12/09/18 00:00:00",
  "value" : "556"
},{
  "dateTime" : "12/10/18 00:00:00",
  "value" : "660"
},{
  "dateTime" : "12/11/18 00:00:00",
  "value" : "888"
},{
  "dateTime" : "12/12/18 00:00:00",
  "value" : "644"
},{
  "dateTime" : "12/13/18 00:00:00",
  "value" : "707"
},{
  "dateTime" : "12/14/18 00:00:00",
  "value" : "607"
},{
  "dateTime" : "12/15/18 00:00:00",
  "value" : "692"
},{
  "dateTime" : "12/16/18 00:00:00",
  "value" : "508"
},{
  "dateTime" : "12/17/18 00:00:00",
  "value" : "443"
},{
  "dateTime" : "12/18/18 00:00:00",
  "value" : "476"
},{
  "dateTime" : "12/19/18 00:00:00",
  "value" : "612"
}]