[{
  "dateTime" : "02/28/17 00:00:00",
  "value" : "627"
},{
  "dateTime" : "03/01/17 00:00:00",
  "value" : "596"
},{
  "dateTime" : "03/02/17 00:00:00",
  "value" : "427"
},{
  "dateTime" : "03/03/17 00:00:00",
  "value" : "524"
},{
  "dateTime" : "03/04/17 00:00:00",
  "value" : "673"
},{
  "dateTime" : "03/05/17 00:00:00",
  "value" : "710"
},{
  "dateTime" : "03/06/17 00:00:00",
  "value" : "681"
},{
  "dateTime" : "03/07/17 00:00:00",
  "value" : "670"
},{
  "dateTime" : "03/08/17 00:00:00",
  "value" : "554"
},{
  "dateTime" : "03/09/17 00:00:00",
  "value" : "729"
},{
  "dateTime" : "03/10/17 00:00:00",
  "value" : "603"
},{
  "dateTime" : "03/11/17 00:00:00",
  "value" : "516"
},{
  "dateTime" : "03/12/17 00:00:00",
  "value" : "713"
},{
  "dateTime" : "03/13/17 00:00:00",
  "value" : "529"
},{
  "dateTime" : "03/14/17 00:00:00",
  "value" : "653"
},{
  "dateTime" : "03/15/17 00:00:00",
  "value" : "582"
},{
  "dateTime" : "03/16/17 00:00:00",
  "value" : "583"
},{
  "dateTime" : "03/17/17 00:00:00",
  "value" : "474"
},{
  "dateTime" : "03/18/17 00:00:00",
  "value" : "581"
},{
  "dateTime" : "03/19/17 00:00:00",
  "value" : "738"
},{
  "dateTime" : "03/20/17 00:00:00",
  "value" : "625"
},{
  "dateTime" : "03/21/17 00:00:00",
  "value" : "622"
},{
  "dateTime" : "03/22/17 00:00:00",
  "value" : "524"
},{
  "dateTime" : "03/23/17 00:00:00",
  "value" : "629"
},{
  "dateTime" : "03/24/17 00:00:00",
  "value" : "560"
},{
  "dateTime" : "03/25/17 00:00:00",
  "value" : "652"
},{
  "dateTime" : "03/26/17 00:00:00",
  "value" : "668"
},{
  "dateTime" : "03/27/17 00:00:00",
  "value" : "698"
},{
  "dateTime" : "03/28/17 00:00:00",
  "value" : "525"
},{
  "dateTime" : "03/29/17 00:00:00",
  "value" : "522"
}]