[{
  "dateTime" : "01/29/17 00:00:00",
  "value" : "575"
},{
  "dateTime" : "01/30/17 00:00:00",
  "value" : "560"
},{
  "dateTime" : "01/31/17 00:00:00",
  "value" : "700"
},{
  "dateTime" : "02/01/17 00:00:00",
  "value" : "613"
},{
  "dateTime" : "02/02/17 00:00:00",
  "value" : "633"
},{
  "dateTime" : "02/03/17 00:00:00",
  "value" : "632"
},{
  "dateTime" : "02/04/17 00:00:00",
  "value" : "686"
},{
  "dateTime" : "02/05/17 00:00:00",
  "value" : "586"
},{
  "dateTime" : "02/06/17 00:00:00",
  "value" : "620"
},{
  "dateTime" : "02/07/17 00:00:00",
  "value" : "582"
},{
  "dateTime" : "02/08/17 00:00:00",
  "value" : "542"
},{
  "dateTime" : "02/09/17 00:00:00",
  "value" : "518"
},{
  "dateTime" : "02/10/17 00:00:00",
  "value" : "472"
},{
  "dateTime" : "02/11/17 00:00:00",
  "value" : "862"
},{
  "dateTime" : "02/12/17 00:00:00",
  "value" : "721"
},{
  "dateTime" : "02/13/17 00:00:00",
  "value" : "605"
},{
  "dateTime" : "02/14/17 00:00:00",
  "value" : "1074"
},{
  "dateTime" : "02/15/17 00:00:00",
  "value" : "641"
},{
  "dateTime" : "02/16/17 00:00:00",
  "value" : "567"
},{
  "dateTime" : "02/17/17 00:00:00",
  "value" : "662"
},{
  "dateTime" : "02/18/17 00:00:00",
  "value" : "457"
},{
  "dateTime" : "02/19/17 00:00:00",
  "value" : "523"
},{
  "dateTime" : "02/20/17 00:00:00",
  "value" : "529"
},{
  "dateTime" : "02/21/17 00:00:00",
  "value" : "669"
},{
  "dateTime" : "02/22/17 00:00:00",
  "value" : "570"
},{
  "dateTime" : "02/23/17 00:00:00",
  "value" : "623"
},{
  "dateTime" : "02/24/17 00:00:00",
  "value" : "522"
},{
  "dateTime" : "02/25/17 00:00:00",
  "value" : "502"
},{
  "dateTime" : "02/26/17 00:00:00",
  "value" : "668"
},{
  "dateTime" : "02/27/17 00:00:00",
  "value" : "574"
}]