[{
  "dateTime" : "12/20/18 00:00:00",
  "value" : "554"
},{
  "dateTime" : "12/21/18 00:00:00",
  "value" : "557"
},{
  "dateTime" : "12/22/18 00:00:00",
  "value" : "529"
},{
  "dateTime" : "12/23/18 00:00:00",
  "value" : "581"
},{
  "dateTime" : "12/24/18 00:00:00",
  "value" : "653"
},{
  "dateTime" : "12/25/18 00:00:00",
  "value" : "498"
},{
  "dateTime" : "12/26/18 00:00:00",
  "value" : "674"
},{
  "dateTime" : "12/27/18 00:00:00",
  "value" : "535"
},{
  "dateTime" : "12/28/18 00:00:00",
  "value" : "565"
},{
  "dateTime" : "12/29/18 00:00:00",
  "value" : "551"
},{
  "dateTime" : "12/30/18 00:00:00",
  "value" : "523"
},{
  "dateTime" : "12/31/18 00:00:00",
  "value" : "640"
},{
  "dateTime" : "01/01/19 00:00:00",
  "value" : "609"
},{
  "dateTime" : "01/02/19 00:00:00",
  "value" : "594"
},{
  "dateTime" : "01/03/19 00:00:00",
  "value" : "576"
},{
  "dateTime" : "01/04/19 00:00:00",
  "value" : "630"
},{
  "dateTime" : "01/05/19 00:00:00",
  "value" : "681"
},{
  "dateTime" : "01/06/19 00:00:00",
  "value" : "490"
},{
  "dateTime" : "01/07/19 00:00:00",
  "value" : "614"
},{
  "dateTime" : "01/08/19 00:00:00",
  "value" : "503"
},{
  "dateTime" : "01/09/19 00:00:00",
  "value" : "585"
},{
  "dateTime" : "01/10/19 00:00:00",
  "value" : "684"
},{
  "dateTime" : "01/11/19 00:00:00",
  "value" : "688"
},{
  "dateTime" : "01/12/19 00:00:00",
  "value" : "684"
},{
  "dateTime" : "01/13/19 00:00:00",
  "value" : "513"
},{
  "dateTime" : "01/14/19 00:00:00",
  "value" : "576"
},{
  "dateTime" : "01/15/19 00:00:00",
  "value" : "636"
},{
  "dateTime" : "01/16/19 00:00:00",
  "value" : "454"
},{
  "dateTime" : "01/17/19 00:00:00",
  "value" : "620"
},{
  "dateTime" : "01/18/19 00:00:00",
  "value" : "563"
}]