[{
  "dateTime" : "03/25/18 00:00:00",
  "value" : "461"
},{
  "dateTime" : "03/26/18 00:00:00",
  "value" : "589"
},{
  "dateTime" : "03/27/18 00:00:00",
  "value" : "679"
},{
  "dateTime" : "03/28/18 00:00:00",
  "value" : "388"
},{
  "dateTime" : "03/29/18 00:00:00",
  "value" : "461"
},{
  "dateTime" : "03/30/18 00:00:00",
  "value" : "592"
},{
  "dateTime" : "03/31/18 00:00:00",
  "value" : "482"
},{
  "dateTime" : "04/01/18 00:00:00",
  "value" : "482"
},{
  "dateTime" : "04/02/18 00:00:00",
  "value" : "688"
},{
  "dateTime" : "04/03/18 00:00:00",
  "value" : "566"
},{
  "dateTime" : "04/04/18 00:00:00",
  "value" : "659"
},{
  "dateTime" : "04/05/18 00:00:00",
  "value" : "675"
},{
  "dateTime" : "04/06/18 00:00:00",
  "value" : "662"
},{
  "dateTime" : "04/07/18 00:00:00",
  "value" : "565"
},{
  "dateTime" : "04/08/18 00:00:00",
  "value" : "645"
},{
  "dateTime" : "04/09/18 00:00:00",
  "value" : "750"
},{
  "dateTime" : "04/10/18 00:00:00",
  "value" : "561"
},{
  "dateTime" : "04/11/18 00:00:00",
  "value" : "529"
},{
  "dateTime" : "04/12/18 00:00:00",
  "value" : "721"
},{
  "dateTime" : "04/13/18 00:00:00",
  "value" : "485"
},{
  "dateTime" : "04/14/18 00:00:00",
  "value" : "576"
},{
  "dateTime" : "04/15/18 00:00:00",
  "value" : "698"
},{
  "dateTime" : "04/16/18 00:00:00",
  "value" : "591"
},{
  "dateTime" : "04/17/18 00:00:00",
  "value" : "583"
},{
  "dateTime" : "04/18/18 00:00:00",
  "value" : "624"
},{
  "dateTime" : "04/19/18 00:00:00",
  "value" : "785"
},{
  "dateTime" : "04/20/18 00:00:00",
  "value" : "564"
},{
  "dateTime" : "04/21/18 00:00:00",
  "value" : "474"
},{
  "dateTime" : "04/22/18 00:00:00",
  "value" : "668"
},{
  "dateTime" : "04/23/18 00:00:00",
  "value" : "773"
}]