[{
  "dateTime" : "07/23/18 00:00:00",
  "value" : "668"
},{
  "dateTime" : "07/24/18 00:00:00",
  "value" : "534"
},{
  "dateTime" : "07/25/18 00:00:00",
  "value" : "448"
},{
  "dateTime" : "07/26/18 00:00:00",
  "value" : "699"
},{
  "dateTime" : "07/27/18 00:00:00",
  "value" : "681"
},{
  "dateTime" : "07/28/18 00:00:00",
  "value" : "315"
},{
  "dateTime" : "07/29/18 00:00:00",
  "value" : "713"
},{
  "dateTime" : "07/30/18 00:00:00",
  "value" : "501"
},{
  "dateTime" : "07/31/18 00:00:00",
  "value" : "796"
},{
  "dateTime" : "08/01/18 00:00:00",
  "value" : "702"
},{
  "dateTime" : "08/02/18 00:00:00",
  "value" : "793"
},{
  "dateTime" : "08/03/18 00:00:00",
  "value" : "310"
},{
  "dateTime" : "08/04/18 00:00:00",
  "value" : "694"
},{
  "dateTime" : "08/05/18 00:00:00",
  "value" : "637"
},{
  "dateTime" : "08/06/18 00:00:00",
  "value" : "578"
},{
  "dateTime" : "08/07/18 00:00:00",
  "value" : "850"
},{
  "dateTime" : "08/08/18 00:00:00",
  "value" : "483"
},{
  "dateTime" : "08/09/18 00:00:00",
  "value" : "576"
},{
  "dateTime" : "08/10/18 00:00:00",
  "value" : "995"
},{
  "dateTime" : "08/11/18 00:00:00",
  "value" : "375"
},{
  "dateTime" : "08/12/18 00:00:00",
  "value" : "430"
},{
  "dateTime" : "08/13/18 00:00:00",
  "value" : "478"
},{
  "dateTime" : "08/14/18 00:00:00",
  "value" : "515"
},{
  "dateTime" : "08/15/18 00:00:00",
  "value" : "667"
},{
  "dateTime" : "08/16/18 00:00:00",
  "value" : "519"
},{
  "dateTime" : "08/17/18 00:00:00",
  "value" : "455"
},{
  "dateTime" : "08/18/18 00:00:00",
  "value" : "535"
},{
  "dateTime" : "08/19/18 00:00:00",
  "value" : "631"
},{
  "dateTime" : "08/20/18 00:00:00",
  "value" : "713"
},{
  "dateTime" : "08/21/18 00:00:00",
  "value" : "415"
}]