[{
  "dateTime" : "05/24/18 00:00:00",
  "value" : "531"
},{
  "dateTime" : "05/25/18 00:00:00",
  "value" : "644"
},{
  "dateTime" : "05/26/18 00:00:00",
  "value" : "949"
},{
  "dateTime" : "05/27/18 00:00:00",
  "value" : "354"
},{
  "dateTime" : "05/28/18 00:00:00",
  "value" : "562"
},{
  "dateTime" : "05/29/18 00:00:00",
  "value" : "505"
},{
  "dateTime" : "05/30/18 00:00:00",
  "value" : "468"
},{
  "dateTime" : "05/31/18 00:00:00",
  "value" : "674"
},{
  "dateTime" : "06/01/18 00:00:00",
  "value" : "484"
},{
  "dateTime" : "06/02/18 00:00:00",
  "value" : "415"
},{
  "dateTime" : "06/03/18 00:00:00",
  "value" : "444"
},{
  "dateTime" : "06/04/18 00:00:00",
  "value" : "308"
},{
  "dateTime" : "06/05/18 00:00:00",
  "value" : "581"
},{
  "dateTime" : "06/06/18 00:00:00",
  "value" : "408"
},{
  "dateTime" : "06/07/18 00:00:00",
  "value" : "532"
},{
  "dateTime" : "06/08/18 00:00:00",
  "value" : "600"
},{
  "dateTime" : "06/09/18 00:00:00",
  "value" : "427"
},{
  "dateTime" : "06/10/18 00:00:00",
  "value" : "645"
},{
  "dateTime" : "06/11/18 00:00:00",
  "value" : "825"
},{
  "dateTime" : "06/12/18 00:00:00",
  "value" : "413"
},{
  "dateTime" : "06/13/18 00:00:00",
  "value" : "435"
},{
  "dateTime" : "06/14/18 00:00:00",
  "value" : "736"
},{
  "dateTime" : "06/15/18 00:00:00",
  "value" : "694"
},{
  "dateTime" : "06/16/18 00:00:00",
  "value" : "560"
},{
  "dateTime" : "06/17/18 00:00:00",
  "value" : "657"
},{
  "dateTime" : "06/18/18 00:00:00",
  "value" : "634"
},{
  "dateTime" : "06/19/18 00:00:00",
  "value" : "491"
},{
  "dateTime" : "06/20/18 00:00:00",
  "value" : "586"
},{
  "dateTime" : "06/21/18 00:00:00",
  "value" : "727"
},{
  "dateTime" : "06/22/18 00:00:00",
  "value" : "473"
}]