[{
  "dateTime" : "08/27/17 00:00:00",
  "value" : "590"
},{
  "dateTime" : "08/28/17 00:00:00",
  "value" : "571"
},{
  "dateTime" : "08/29/17 00:00:00",
  "value" : "530"
},{
  "dateTime" : "08/30/17 00:00:00",
  "value" : "689"
},{
  "dateTime" : "08/31/17 00:00:00",
  "value" : "564"
},{
  "dateTime" : "09/01/17 00:00:00",
  "value" : "438"
},{
  "dateTime" : "09/02/17 00:00:00",
  "value" : "644"
},{
  "dateTime" : "09/03/17 00:00:00",
  "value" : "657"
},{
  "dateTime" : "09/04/17 00:00:00",
  "value" : "475"
},{
  "dateTime" : "09/05/17 00:00:00",
  "value" : "720"
},{
  "dateTime" : "09/06/17 00:00:00",
  "value" : "569"
},{
  "dateTime" : "09/07/17 00:00:00",
  "value" : "545"
},{
  "dateTime" : "09/08/17 00:00:00",
  "value" : "337"
},{
  "dateTime" : "09/09/17 00:00:00",
  "value" : "497"
},{
  "dateTime" : "09/10/17 00:00:00",
  "value" : "564"
},{
  "dateTime" : "09/11/17 00:00:00",
  "value" : "715"
},{
  "dateTime" : "09/12/17 00:00:00",
  "value" : "621"
},{
  "dateTime" : "09/13/17 00:00:00",
  "value" : "721"
},{
  "dateTime" : "09/14/17 00:00:00",
  "value" : "577"
},{
  "dateTime" : "09/15/17 00:00:00",
  "value" : "629"
},{
  "dateTime" : "09/16/17 00:00:00",
  "value" : "808"
},{
  "dateTime" : "09/17/17 00:00:00",
  "value" : "942"
},{
  "dateTime" : "09/18/17 00:00:00",
  "value" : "775"
},{
  "dateTime" : "09/19/17 00:00:00",
  "value" : "682"
},{
  "dateTime" : "09/20/17 00:00:00",
  "value" : "624"
},{
  "dateTime" : "09/21/17 00:00:00",
  "value" : "570"
},{
  "dateTime" : "09/22/17 00:00:00",
  "value" : "453"
},{
  "dateTime" : "09/23/17 00:00:00",
  "value" : "569"
},{
  "dateTime" : "09/24/17 00:00:00",
  "value" : "632"
},{
  "dateTime" : "09/25/17 00:00:00",
  "value" : "698"
}]