[{
  "dateTime" : "06/28/17 00:00:00",
  "value" : "603"
},{
  "dateTime" : "06/29/17 00:00:00",
  "value" : "639"
},{
  "dateTime" : "06/30/17 00:00:00",
  "value" : "722"
},{
  "dateTime" : "07/01/17 00:00:00",
  "value" : "447"
},{
  "dateTime" : "07/02/17 00:00:00",
  "value" : "610"
},{
  "dateTime" : "07/03/17 00:00:00",
  "value" : "574"
},{
  "dateTime" : "07/04/17 00:00:00",
  "value" : "530"
},{
  "dateTime" : "07/05/17 00:00:00",
  "value" : "612"
},{
  "dateTime" : "07/06/17 00:00:00",
  "value" : "695"
},{
  "dateTime" : "07/07/17 00:00:00",
  "value" : "548"
},{
  "dateTime" : "07/08/17 00:00:00",
  "value" : "401"
},{
  "dateTime" : "07/09/17 00:00:00",
  "value" : "514"
},{
  "dateTime" : "07/10/17 00:00:00",
  "value" : "693"
},{
  "dateTime" : "07/11/17 00:00:00",
  "value" : "587"
},{
  "dateTime" : "07/12/17 00:00:00",
  "value" : "660"
},{
  "dateTime" : "07/13/17 00:00:00",
  "value" : "460"
},{
  "dateTime" : "07/14/17 00:00:00",
  "value" : "664"
},{
  "dateTime" : "07/15/17 00:00:00",
  "value" : "574"
},{
  "dateTime" : "07/16/17 00:00:00",
  "value" : "596"
},{
  "dateTime" : "07/17/17 00:00:00",
  "value" : "620"
},{
  "dateTime" : "07/18/17 00:00:00",
  "value" : "550"
},{
  "dateTime" : "07/19/17 00:00:00",
  "value" : "514"
},{
  "dateTime" : "07/20/17 00:00:00",
  "value" : "601"
},{
  "dateTime" : "07/21/17 00:00:00",
  "value" : "482"
},{
  "dateTime" : "07/22/17 00:00:00",
  "value" : "510"
},{
  "dateTime" : "07/23/17 00:00:00",
  "value" : "631"
},{
  "dateTime" : "07/24/17 00:00:00",
  "value" : "687"
},{
  "dateTime" : "07/25/17 00:00:00",
  "value" : "684"
},{
  "dateTime" : "07/26/17 00:00:00",
  "value" : "706"
},{
  "dateTime" : "07/27/17 00:00:00",
  "value" : "608"
}]