[{
  "dateTime" : "02/23/18 00:00:00",
  "value" : "696"
},{
  "dateTime" : "02/24/18 00:00:00",
  "value" : "575"
},{
  "dateTime" : "02/25/18 00:00:00",
  "value" : "900"
},{
  "dateTime" : "02/26/18 00:00:00",
  "value" : "551"
},{
  "dateTime" : "02/27/18 00:00:00",
  "value" : "722"
},{
  "dateTime" : "02/28/18 00:00:00",
  "value" : "653"
},{
  "dateTime" : "03/01/18 00:00:00",
  "value" : "488"
},{
  "dateTime" : "03/02/18 00:00:00",
  "value" : "640"
},{
  "dateTime" : "03/03/18 00:00:00",
  "value" : "594"
},{
  "dateTime" : "03/04/18 00:00:00",
  "value" : "792"
},{
  "dateTime" : "03/05/18 00:00:00",
  "value" : "588"
},{
  "dateTime" : "03/06/18 00:00:00",
  "value" : "630"
},{
  "dateTime" : "03/07/18 00:00:00",
  "value" : "668"
},{
  "dateTime" : "03/08/18 00:00:00",
  "value" : "670"
},{
  "dateTime" : "03/09/18 00:00:00",
  "value" : "524"
},{
  "dateTime" : "03/10/18 00:00:00",
  "value" : "715"
},{
  "dateTime" : "03/11/18 00:00:00",
  "value" : "577"
},{
  "dateTime" : "03/12/18 00:00:00",
  "value" : "721"
},{
  "dateTime" : "03/13/18 00:00:00",
  "value" : "705"
},{
  "dateTime" : "03/14/18 00:00:00",
  "value" : "467"
},{
  "dateTime" : "03/15/18 00:00:00",
  "value" : "692"
},{
  "dateTime" : "03/16/18 00:00:00",
  "value" : "723"
},{
  "dateTime" : "03/17/18 00:00:00",
  "value" : "553"
},{
  "dateTime" : "03/18/18 00:00:00",
  "value" : "490"
},{
  "dateTime" : "03/19/18 00:00:00",
  "value" : "617"
},{
  "dateTime" : "03/20/18 00:00:00",
  "value" : "694"
},{
  "dateTime" : "03/21/18 00:00:00",
  "value" : "694"
},{
  "dateTime" : "03/22/18 00:00:00",
  "value" : "584"
},{
  "dateTime" : "03/23/18 00:00:00",
  "value" : "728"
},{
  "dateTime" : "03/24/18 00:00:00",
  "value" : "441"
}]