[{
  "logId" : 21814001021,
  "dateOfSleep" : "2019-04-02",
  "startTime" : "2019-04-02T00:22:00.000",
  "endTime" : "2019-04-02T08:30:30.000",
  "duration" : 29280000,
  "minutesToFallAsleep" : 0,
  "minutesAsleep" : 439,
  "minutesAwake" : 49,
  "minutesAfterWakeup" : 0,
  "timeInBed" : 488,
  "efficiency" : 95,
  "type" : "stages",
  "infoCode" : 0,
  "levels" : {
    "summary" : {
      "deep" : {
        "count" : 5,
        "minutes" : 89,
        "thirtyDayAvgMinutes" : 80
      },
      "wake" : {
        "count" : 31,
        "minutes" : 49,
        "thirtyDayAvgMinutes" : 73
      },
      "light" : {
        "count" : 27,
        "minutes" : 235,
        "thirtyDayAvgMinutes" : 284
      },
      "rem" : {
        "count" : 12,
        "minutes" : 115,
        "thirtyDayAvgMinutes" : 100
      }
    },
    "data" : [{
      "dateTime" : "2019-04-02T00:22:00.000",
      "level" : "wake",
      "seconds" : 30
    },{
      "dateTime" : "2019-04-02T00:22:30.000",
      "level" : "light",
      "seconds" : 210
    },{
      "dateTime" : "2019-04-02T00:26:00.000",
      "level" : "deep",
      "seconds" : 1020
    },{
      "dateTime" : "2019-04-02T00:43:00.000",
      "level" : "light",
      "seconds" : 630
    },{
      "dateTime" : "2019-04-02T00:53:30.000",
      "level" : "wake",
      "seconds" : 450
    },{
      "dateTime" : "2019-04-02T01:01:00.000",
      "level" : "light",
      "seconds" : 1500
    },{
      "dateTime" : "2019-04-02T01:26:00.000",
      "level" : "deep",
      "seconds" : 630
    },{
      "dateTime" : "2019-04-02T01:36:30.000",
      "level" : "light",
      "seconds" : 2070
    },{
      "dateTime" : "2019-04-02T02:11:00.000",
      "level" : "deep",
      "seconds" : 900
    },{
      "dateTime" : "2019-04-02T02:26:00.000",
      "level" : "wake",
      "seconds" : 300
    },{
      "dateTime" : "2019-04-02T02:31:00.000",
      "level" : "light",
      "seconds" : 330
    },{
      "dateTime" : "2019-04-02T02:36:30.000",
      "level" : "deep",
      "seconds" : 1830
    },{
      "dateTime" : "2019-04-02T03:07:00.000",
      "level" : "light",
      "seconds" : 270
    },{
      "dateTime" : "2019-04-02T03:11:30.000",
      "level" : "rem",
      "seconds" : 1770
    },{
      "dateTime" : "2019-04-02T03:41:00.000",
      "level" : "light",
      "seconds" : 4740
    },{
      "dateTime" : "2019-04-02T05:00:00.000",
      "level" : "rem",
      "seconds" : 270
    },{
      "dateTime" : "2019-04-02T05:04:30.000",
      "level" : "light",
      "seconds" : 1110
    },{
      "dateTime" : "2019-04-02T05:23:00.000",
      "level" : "deep",
      "seconds" : 1320
    },{
      "dateTime" : "2019-04-02T05:45:00.000",
      "level" : "light",
      "seconds" : 720
    },{
      "dateTime" : "2019-04-02T05:57:00.000",
      "level" : "rem",
      "seconds" : 2640
    },{
      "dateTime" : "2019-04-02T06:41:00.000",
      "level" : "light",
      "seconds" : 1650
    },{
      "dateTime" : "2019-04-02T07:08:30.000",
      "level" : "rem",
      "seconds" : 330
    },{
      "dateTime" : "2019-04-02T07:14:00.000",
      "level" : "light",
      "seconds" : 720
    },{
      "dateTime" : "2019-04-02T07:26:00.000",
      "level" : "rem",
      "seconds" : 2190
    },{
      "dateTime" : "2019-04-02T08:02:30.000",
      "level" : "light",
      "seconds" : 540
    },{
      "dateTime" : "2019-04-02T08:11:30.000",
      "level" : "wake",
      "seconds" : 240
    },{
      "dateTime" : "2019-04-02T08:15:30.000",
      "level" : "light",
      "seconds" : 900
    }],
    "shortData" : [{
      "dateTime" : "2019-04-02T00:22:00.000",
      "level" : "wake",
      "seconds" : 180
    },{
      "dateTime" : "2019-04-02T00:44:30.000",
      "level" : "wake",
      "seconds" : 90
    },{
      "dateTime" : "2019-04-02T01:09:30.000",
      "level" : "wake",
      "seconds" : 90
    },{
      "dateTime" : "2019-04-02T01:13:00.000",
      "level" : "wake",
      "seconds" : 30
    },{
      "dateTime" : "2019-04-02T01:34:30.000",
      "level" : "wake",
      "seconds" : 120
    },{
      "dateTime" : "2019-04-02T01:38:00.000",
      "level" : "wake",
      "seconds" : 90
    },{
      "dateTime" : "2019-04-02T01:41:30.000",
      "level" : "wake",
      "seconds" : 30
    },{
      "dateTime" : "2019-04-02T01:55:00.000",
      "level" : "wake",
      "seconds" : 30
    },{
      "dateTime" : "2019-04-02T03:04:00.000",
      "level" : "wake",
      "seconds" : 180
    },{
      "dateTime" : "2019-04-02T03:21:30.000",
      "level" : "wake",
      "seconds" : 30
    },{
      "dateTime" : "2019-04-02T03:59:00.000",
      "level" : "wake",
      "seconds" : 60
    },{
      "dateTime" : "2019-04-02T04:12:00.000",
      "level" : "wake",
      "seconds" : 90
    },{
      "dateTime" : "2019-04-02T04:22:00.000",
      "level" : "wake",
      "seconds" : 60
    },{
      "dateTime" : "2019-04-02T04:32:00.000",
      "level" : "wake",
      "seconds" : 60
    },{
      "dateTime" : "2019-04-02T04:50:30.000",
      "level" : "wake",
      "seconds" : 30
    },{
      "dateTime" : "2019-04-02T04:59:00.000",
      "level" : "wake",
      "seconds" : 60
    },{
      "dateTime" : "2019-04-02T05:04:30.000",
      "level" : "wake",
      "seconds" : 120
    },{
      "dateTime" : "2019-04-02T05:44:00.000",
      "level" : "wake",
      "seconds" : 60
    },{
      "dateTime" : "2019-04-02T05:59:30.000",
      "level" : "wake",
      "seconds" : 30
    },{
      "dateTime" : "2019-04-02T06:01:30.000",
      "level" : "wake",
      "seconds" : 60
    },{
      "dateTime" : "2019-04-02T06:34:00.000",
      "level" : "wake",
      "seconds" : 30
    },{
      "dateTime" : "2019-04-02T07:05:00.000",
      "level" : "wake",
      "seconds" : 30
    },{
      "dateTime" : "2019-04-02T07:15:30.000",
      "level" : "wake",
      "seconds" : 180
    },{
      "dateTime" : "2019-04-02T07:32:30.000",
      "level" : "wake",
      "seconds" : 30
    },{
      "dateTime" : "2019-04-02T07:51:30.000",
      "level" : "wake",
      "seconds" : 30
    },{
      "dateTime" : "2019-04-02T07:57:30.000",
      "level" : "wake",
      "seconds" : 90
    },{
      "dateTime" : "2019-04-02T08:04:00.000",
      "level" : "wake",
      "seconds" : 60
    },{
      "dateTime" : "2019-04-02T08:30:00.000",
      "level" : "wake",
      "seconds" : 30
    }]
  }
},{
  "logId" : 21765589223,
  "dateOfSleep" : "2019-04-01",
  "startTime" : "2019-04-01T16:15:00.000",
  "endTime" : "2019-04-01T17:15:00.000",
  "duration" : 3600000,
  "minutesToFallAsleep" : 0,
  "minutesAsleep" : 60,
  "minutesAwake" : 0,
  "minutesAfterWakeup" : 0,
  "timeInBed" : 60,
  "efficiency" : 100,
  "type" : "classic",
  "infoCode" : 0,
  "levels" : {
    "summary" : {
      "restless" : {
        "count" : 0,
        "minutes" : 0
      },
      "awake" : {
        "count" : 0,
        "minutes" : 0
      },
      "asleep" : {
        "count" : 0,
        "minutes" : 60
      }
    },
    "data" : [{
      "dateTime" : "2019-04-01T16:15:00.000",
      "level" : "asleep",
      "seconds" : 3600
    }]
  }
},{
  "logId" : 21801360892,
  "dateOfSleep" : "2019-04-01",
  "startTime" : "2019-03-31T23:40:00.000",
  "endTime" : "2019-04-01T08:31:30.000",
  "duration" : 31860000,
  "minutesToFallAsleep" : 0,
  "minutesAsleep" : 461,
  "minutesAwake" : 70,
  "minutesAfterWakeup" : 0,
  "timeInBed" : 531,
  "efficiency" : 92,
  "type" : "stages",
  "infoCode" : 0,
  "levels" : {
    "summary" : {
      "deep" : {
        "count" : 4,
        "minutes" : 81,
        "thirtyDayAvgMinutes" : 80
      },
      "wake" : {
        "count" : 33,
        "minutes" : 70,
        "thirtyDayAvgMinutes" : 73
      },
      "light" : {
        "count" : 33,
        "minutes" : 295,
        "thirtyDayAvgMinutes" : 283
      },
      "rem" : {
        "count" : 10,
        "minutes" : 85,
        "thirtyDayAvgMinutes" : 101
      }
    },
    "data" : [{
      "dateTime" : "2019-03-31T23:40:00.000",
      "level" : "light",
      "seconds" : 180
    },{
      "dateTime" : "2019-03-31T23:43:00.000",
      "level" : "wake",
      "seconds" : 420
    },{
      "dateTime" : "2019-03-31T23:50:00.000",
      "level" : "deep",
      "seconds" : 1470
    },{
      "dateTime" : "2019-04-01T00:14:30.000",
      "level" : "light",
      "seconds" : 390
    },{
      "dateTime" : "2019-04-01T00:21:00.000",
      "level" : "deep",
      "seconds" : 1560
    },{
      "dateTime" : "2019-04-01T00:47:00.000",
      "level" : "light",
      "seconds" : 2040
    },{
      "dateTime" : "2019-04-01T01:21:00.000",
      "level" : "deep",
      "seconds" : 1230
    },{
      "dateTime" : "2019-04-01T01:41:30.000",
      "level" : "light",
      "seconds" : 1890
    },{
      "dateTime" : "2019-04-01T02:13:00.000",
      "level" : "wake",
      "seconds" : 720
    },{
      "dateTime" : "2019-04-01T02:25:00.000",
      "level" : "light",
      "seconds" : 1770
    },{
      "dateTime" : "2019-04-01T02:54:30.000",
      "level" : "rem",
      "seconds" : 450
    },{
      "dateTime" : "2019-04-01T03:02:00.000",
      "level" : "light",
      "seconds" : 3630
    },{
      "dateTime" : "2019-04-01T04:02:30.000",
      "level" : "rem",
      "seconds" : 330
    },{
      "dateTime" : "2019-04-01T04:08:00.000",
      "level" : "wake",
      "seconds" : 360
    },{
      "dateTime" : "2019-04-01T04:14:00.000",
      "level" : "light",
      "seconds" : 1350
    },{
      "dateTime" : "2019-04-01T04:36:30.000",
      "level" : "rem",
      "seconds" : 330
    },{
      "dateTime" : "2019-04-01T04:42:00.000",
      "level" : "light",
      "seconds" : 1290
    },{
      "dateTime" : "2019-04-01T05:03:30.000",
      "level" : "wake",
      "seconds" : 450
    },{
      "dateTime" : "2019-04-01T05:11:00.000",
      "level" : "light",
      "seconds" : 1320
    },{
      "dateTime" : "2019-04-01T05:33:00.000",
      "level" : "wake",
      "seconds" : 240
    },{
      "dateTime" : "2019-04-01T05:37:00.000",
      "level" : "light",
      "seconds" : 1110
    },{
      "dateTime" : "2019-04-01T05:55:30.000",
      "level" : "rem",
      "seconds" : 1410
    },{
      "dateTime" : "2019-04-01T06:19:00.000",
      "level" : "light",
      "seconds" : 180
    },{
      "dateTime" : "2019-04-01T06:22:00.000",
      "level" : "wake",
      "seconds" : 480
    },{
      "dateTime" : "2019-04-01T06:30:00.000",
      "level" : "light",
      "seconds" : 1740
    },{
      "dateTime" : "2019-04-01T06:59:00.000",
      "level" : "deep",
      "seconds" : 840
    },{
      "dateTime" : "2019-04-01T07:13:00.000",
      "level" : "light",
      "seconds" : 330
    },{
      "dateTime" : "2019-04-01T07:18:30.000",
      "level" : "rem",
      "seconds" : 2340
    },{
      "dateTime" : "2019-04-01T07:57:30.000",
      "level" : "light",
      "seconds" : 1590
    },{
      "dateTime" : "2019-04-01T08:24:00.000",
      "level" : "rem",
      "seconds" : 450
    }],
    "shortData" : [{
      "dateTime" : "2019-04-01T00:45:30.000",
      "level" : "wake",
      "seconds" : 90
    },{
      "dateTime" : "2019-04-01T00:53:00.000",
      "level" : "wake",
      "seconds" : 60
    },{
      "dateTime" : "2019-04-01T01:04:00.000",
      "level" : "wake",
      "seconds" : 30
    },{
      "dateTime" : "2019-04-01T01:12:00.000",
      "level" : "wake",
      "seconds" : 30
    },{
      "dateTime" : "2019-04-01T01:15:00.000",
      "level" : "wake",
      "seconds" : 30
    },{
      "dateTime" : "2019-04-01T01:17:00.000",
      "level" : "wake",
      "seconds" : 30
    },{
      "dateTime" : "2019-04-01T01:39:00.000",
      "level" : "wake",
      "seconds" : 150
    },{
      "dateTime" : "2019-04-01T01:43:30.000",
      "level" : "wake",
      "seconds" : 30
    },{
      "dateTime" : "2019-04-01T01:45:30.000",
      "level" : "wake",
      "seconds" : 90
    },{
      "dateTime" : "2019-04-01T01:54:00.000",
      "level" : "wake",
      "seconds" : 60
    },{
      "dateTime" : "2019-04-01T02:06:30.000",
      "level" : "wake",
      "seconds" : 30
    },{
      "dateTime" : "2019-04-01T02:32:30.000",
      "level" : "wake",
      "seconds" : 30
    },{
      "dateTime" : "2019-04-01T03:01:30.000",
      "level" : "wake",
      "seconds" : 30
    },{
      "dateTime" : "2019-04-01T03:06:30.000",
      "level" : "wake",
      "seconds" : 30
    },{
      "dateTime" : "2019-04-01T03:43:00.000",
      "level" : "wake",
      "seconds" : 120
    },{
      "dateTime" : "2019-04-01T04:28:00.000",
      "level" : "wake",
      "seconds" : 30
    },{
      "dateTime" : "2019-04-01T04:32:30.000",
      "level" : "wake",
      "seconds" : 30
    },{
      "dateTime" : "2019-04-01T04:41:00.000",
      "level" : "wake",
      "seconds" : 60
    },{
      "dateTime" : "2019-04-01T04:44:30.000",
      "level" : "wake",
      "seconds" : 120
    },{
      "dateTime" : "2019-04-01T06:01:30.000",
      "level" : "wake",
      "seconds" : 30
    },{
      "dateTime" : "2019-04-01T06:10:30.000",
      "level" : "wake",
      "seconds" : 30
    },{
      "dateTime" : "2019-04-01T06:35:30.000",
      "level" : "wake",
      "seconds" : 120
    },{
      "dateTime" : "2019-04-01T07:13:30.000",
      "level" : "wake",
      "seconds" : 30
    },{
      "dateTime" : "2019-04-01T07:20:30.000",
      "level" : "wake",
      "seconds" : 30
    },{
      "dateTime" : "2019-04-01T08:06:00.000",
      "level" : "wake",
      "seconds" : 150
    },{
      "dateTime" : "2019-04-01T08:14:00.000",
      "level" : "wake",
      "seconds" : 60
    },{
      "dateTime" : "2019-04-01T08:26:00.000",
      "level" : "wake",
      "seconds" : 30
    }]
  }
},{
  "logId" : 21788478367,
  "dateOfSleep" : "2019-03-31",
  "startTime" : "2019-03-31T00:08:30.000",
  "endTime" : "2019-03-31T08:20:30.000",
  "duration" : 29520000,
  "minutesToFallAsleep" : 0,
  "minutesAsleep" : 432,
  "minutesAwake" : 60,
  "minutesAfterWakeup" : 0,
  "timeInBed" : 492,
  "efficiency" : 93,
  "type" : "stages",
  "infoCode" : 0,
  "levels" : {
    "summary" : {
      "deep" : {
        "count" : 3,
        "minutes" : 64,
        "thirtyDayAvgMinutes" : 82
      },
      "wake" : {
        "count" : 29,
        "minutes" : 60,
        "thirtyDayAvgMinutes" : 74
      },
      "light" : {
        "count" : 26,
        "minutes" : 264,
        "thirtyDayAvgMinutes" : 284
      },
      "rem" : {
        "count" : 8,
        "minutes" : 104,
        "thirtyDayAvgMinutes" : 101
      }
    },
    "data" : [{
      "dateTime" : "2019-03-31T00:08:30.000",
      "level" : "wake",
      "seconds" : 1320
    },{
      "dateTime" : "2019-03-31T00:30:30.000",
      "level" : "light",
      "seconds" : 1470
    },{
      "dateTime" : "2019-03-31T00:55:00.000",
      "level" : "deep",
      "seconds" : 300
    },{
      "dateTime" : "2019-03-31T01:00:00.000",
      "level" : "light",
      "seconds" : 330
    },{
      "dateTime" : "2019-03-31T01:05:30.000",
      "level" : "deep",
      "seconds" : 780
    },{
      "dateTime" : "2019-03-31T01:18:30.000",
      "level" : "light",
      "seconds" : 210
    },{
      "dateTime" : "2019-03-31T01:22:00.000",
      "level" : "rem",
      "seconds" : 1110
    },{
      "dateTime" : "2019-03-31T01:40:30.000",
      "level" : "light",
      "seconds" : 4650
    },{
      "dateTime" : "2019-03-31T02:58:00.000",
      "level" : "rem",
      "seconds" : 1860
    },{
      "dateTime" : "2019-03-31T03:29:00.000",
      "level" : "light",
      "seconds" : 8550
    },{
      "dateTime" : "2019-03-31T05:51:30.000",
      "level" : "wake",
      "seconds" : 330
    },{
      "dateTime" : "2019-03-31T05:57:00.000",
      "level" : "rem",
      "seconds" : 2190
    },{
      "dateTime" : "2019-03-31T06:33:30.000",
      "level" : "light",
      "seconds" : 300
    },{
      "dateTime" : "2019-03-31T06:38:30.000",
      "level" : "deep",
      "seconds" : 2820
    },{
      "dateTime" : "2019-03-31T07:25:30.000",
      "level" : "light",
      "seconds" : 420
    },{
      "dateTime" : "2019-03-31T07:32:30.000",
      "level" : "rem",
      "seconds" : 1440
    },{
      "dateTime" : "2019-03-31T07:56:30.000",
      "level" : "light",
      "seconds" : 930
    },{
      "dateTime" : "2019-03-31T08:12:00.000",
      "level" : "wake",
      "seconds" : 510
    }],
    "shortData" : [{
      "dateTime" : "2019-03-31T01:18:00.000",
      "level" : "wake",
      "seconds" : 30
    },{
      "dateTime" : "2019-03-31T01:47:00.000",
      "level" : "wake",
      "seconds" : 30
    },{
      "dateTime" : "2019-03-31T01:52:00.000",
      "level" : "wake",
      "seconds" : 60
    },{
      "dateTime" : "2019-03-31T02:13:00.000",
      "level" : "wake",
      "seconds" : 60
    },{
      "dateTime" : "2019-03-31T02:26:00.000",
      "level" : "wake",
      "seconds" : 60
    },{
      "dateTime" : "2019-03-31T02:53:00.000",
      "level" : "wake",
      "seconds" : 90
    },{
      "dateTime" : "2019-03-31T03:15:00.000",
      "level" : "wake",
      "seconds" : 30
    },{
      "dateTime" : "2019-03-31T03:30:00.000",
      "level" : "wake",
      "seconds" : 30
    },{
      "dateTime" : "2019-03-31T03:35:30.000",
      "level" : "wake",
      "seconds" : 30
    },{
      "dateTime" : "2019-03-31T03:41:30.000",
      "level" : "wake",
      "seconds" : 90
    },{
      "dateTime" : "2019-03-31T03:47:30.000",
      "level" : "wake",
      "seconds" : 60
    },{
      "dateTime" : "2019-03-31T03:58:00.000",
      "level" : "wake",
      "seconds" : 30
    },{
      "dateTime" : "2019-03-31T04:03:30.000",
      "level" : "wake",
      "seconds" : 60
    },{
      "dateTime" : "2019-03-31T04:27:30.000",
      "level" : "wake",
      "seconds" : 90
    },{
      "dateTime" : "2019-03-31T04:51:30.000",
      "level" : "wake",
      "seconds" : 30
    },{
      "dateTime" : "2019-03-31T04:57:00.000",
      "level" : "wake",
      "seconds" : 30
    },{
      "dateTime" : "2019-03-31T05:13:30.000",
      "level" : "wake",
      "seconds" : 30
    },{
      "dateTime" : "2019-03-31T05:21:30.000",
      "level" : "wake",
      "seconds" : 60
    },{
      "dateTime" : "2019-03-31T05:39:00.000",
      "level" : "wake",
      "seconds" : 30
    },{
      "dateTime" : "2019-03-31T06:14:30.000",
      "level" : "wake",
      "seconds" : 30
    },{
      "dateTime" : "2019-03-31T06:21:00.000",
      "level" : "wake",
      "seconds" : 30
    },{
      "dateTime" : "2019-03-31T06:32:00.000",
      "level" : "wake",
      "seconds" : 90
    },{
      "dateTime" : "2019-03-31T07:25:00.000",
      "level" : "wake",
      "seconds" : 30
    },{
      "dateTime" : "2019-03-31T07:27:30.000",
      "level" : "wake",
      "seconds" : 150
    },{
      "dateTime" : "2019-03-31T07:44:30.000",
      "level" : "wake",
      "seconds" : 120
    },{
      "dateTime" : "2019-03-31T07:55:30.000",
      "level" : "wake",
      "seconds" : 60
    }]
  }
},{
  "logId" : 21776387763,
  "dateOfSleep" : "2019-03-30",
  "startTime" : "2019-03-29T23:17:00.000",
  "endTime" : "2019-03-30T08:12:30.000",
  "duration" : 32100000,
  "minutesToFallAsleep" : 0,
  "minutesAsleep" : 463,
  "minutesAwake" : 72,
  "minutesAfterWakeup" : 0,
  "timeInBed" : 535,
  "efficiency" : 93,
  "type" : "stages",
  "infoCode" : 0,
  "levels" : {
    "summary" : {
      "deep" : {
        "count" : 5,
        "minutes" : 46,
        "thirtyDayAvgMinutes" : 85
      },
      "wake" : {
        "count" : 29,
        "minutes" : 72,
        "thirtyDayAvgMinutes" : 75
      },
      "light" : {
        "count" : 30,
        "minutes" : 336,
        "thirtyDayAvgMinutes" : 279
      },
      "rem" : {
        "count" : 8,
        "minutes" : 81,
        "thirtyDayAvgMinutes" : 103
      }
    },
    "data" : [{
      "dateTime" : "2019-03-29T23:17:00.000",
      "level" : "wake",
      "seconds" : 30
    },{
      "dateTime" : "2019-03-29T23:17:30.000",
      "level" : "light",
      "seconds" : 210
    },{
      "dateTime" : "2019-03-29T23:21:00.000",
      "level" : "wake",
      "seconds" : 600
    },{
      "dateTime" : "2019-03-29T23:31:00.000",
      "level" : "light",
      "seconds" : 60
    },{
      "dateTime" : "2019-03-29T23:32:00.000",
      "level" : "deep",
      "seconds" : 1140
    },{
      "dateTime" : "2019-03-29T23:51:00.000",
      "level" : "light",
      "seconds" : 1290
    },{
      "dateTime" : "2019-03-30T00:12:30.000",
      "level" : "wake",
      "seconds" : 570
    },{
      "dateTime" : "2019-03-30T00:22:00.000",
      "level" : "light",
      "seconds" : 270
    },{
      "dateTime" : "2019-03-30T00:26:30.000",
      "level" : "wake",
      "seconds" : 300
    },{
      "dateTime" : "2019-03-30T00:31:30.000",
      "level" : "light",
      "seconds" : 2490
    },{
      "dateTime" : "2019-03-30T01:13:00.000",
      "level" : "deep",
      "seconds" : 330
    },{
      "dateTime" : "2019-03-30T01:18:30.000",
      "level" : "light",
      "seconds" : 570
    },{
      "dateTime" : "2019-03-30T01:28:00.000",
      "level" : "rem",
      "seconds" : 840
    },{
      "dateTime" : "2019-03-30T01:42:00.000",
      "level" : "light",
      "seconds" : 2100
    },{
      "dateTime" : "2019-03-30T02:17:00.000",
      "level" : "deep",
      "seconds" : 420
    },{
      "dateTime" : "2019-03-30T02:24:00.000",
      "level" : "light",
      "seconds" : 330
    },{
      "dateTime" : "2019-03-30T02:29:30.000",
      "level" : "rem",
      "seconds" : 2130
    },{
      "dateTime" : "2019-03-30T03:05:00.000",
      "level" : "light",
      "seconds" : 930
    },{
      "dateTime" : "2019-03-30T03:20:30.000",
      "level" : "deep",
      "seconds" : 570
    },{
      "dateTime" : "2019-03-30T03:30:00.000",
      "level" : "light",
      "seconds" : 6030
    },{
      "dateTime" : "2019-03-30T05:10:30.000",
      "level" : "deep",
      "seconds" : 300
    },{
      "dateTime" : "2019-03-30T05:15:30.000",
      "level" : "light",
      "seconds" : 2880
    },{
      "dateTime" : "2019-03-30T06:03:30.000",
      "level" : "rem",
      "seconds" : 1440
    },{
      "dateTime" : "2019-03-30T06:27:30.000",
      "level" : "light",
      "seconds" : 330
    },{
      "dateTime" : "2019-03-30T06:33:00.000",
      "level" : "rem",
      "seconds" : 360
    },{
      "dateTime" : "2019-03-30T06:39:00.000",
      "level" : "light",
      "seconds" : 30
    },{
      "dateTime" : "2019-03-30T06:39:30.000",
      "level" : "wake",
      "seconds" : 450
    },{
      "dateTime" : "2019-03-30T06:47:00.000",
      "level" : "light",
      "seconds" : 2400
    },{
      "dateTime" : "2019-03-30T07:27:00.000",
      "level" : "rem",
      "seconds" : 420
    },{
      "dateTime" : "2019-03-30T07:34:00.000",
      "level" : "light",
      "seconds" : 1560
    },{
      "dateTime" : "2019-03-30T08:00:00.000",
      "level" : "wake",
      "seconds" : 750
    }],
    "shortData" : [{
      "dateTime" : "2019-03-29T23:17:00.000",
      "level" : "wake",
      "seconds" : 120
    },{
      "dateTime" : "2019-03-30T00:04:00.000",
      "level" : "wake",
      "seconds" : 60
    },{
      "dateTime" : "2019-03-30T01:03:30.000",
      "level" : "wake",
      "seconds" : 30
    },{
      "dateTime" : "2019-03-30T01:36:00.000",
      "level" : "wake",
      "seconds" : 30
    },{
      "dateTime" : "2019-03-30T01:59:00.000",
      "level" : "wake",
      "seconds" : 120
    },{
      "dateTime" : "2019-03-30T02:23:30.000",
      "level" : "wake",
      "seconds" : 30
    },{
      "dateTime" : "2019-03-30T02:36:30.000",
      "level" : "wake",
      "seconds" : 30
    },{
      "dateTime" : "2019-03-30T03:00:30.000",
      "level" : "wake",
      "seconds" : 30
    },{
      "dateTime" : "2019-03-30T03:04:00.000",
      "level" : "wake",
      "seconds" : 60
    },{
      "dateTime" : "2019-03-30T03:30:00.000",
      "level" : "wake",
      "seconds" : 120
    },{
      "dateTime" : "2019-03-30T03:44:00.000",
      "level" : "wake",
      "seconds" : 150
    },{
      "dateTime" : "2019-03-30T03:59:30.000",
      "level" : "wake",
      "seconds" : 150
    },{
      "dateTime" : "2019-03-30T04:24:30.000",
      "level" : "wake",
      "seconds" : 60
    },{
      "dateTime" : "2019-03-30T04:37:00.000",
      "level" : "wake",
      "seconds" : 30
    },{
      "dateTime" : "2019-03-30T04:42:00.000",
      "level" : "wake",
      "seconds" : 60
    },{
      "dateTime" : "2019-03-30T04:51:00.000",
      "level" : "wake",
      "seconds" : 60
    },{
      "dateTime" : "2019-03-30T05:23:30.000",
      "level" : "wake",
      "seconds" : 90
    },{
      "dateTime" : "2019-03-30T05:27:00.000",
      "level" : "wake",
      "seconds" : 30
    },{
      "dateTime" : "2019-03-30T05:47:00.000",
      "level" : "wake",
      "seconds" : 30
    },{
      "dateTime" : "2019-03-30T06:25:00.000",
      "level" : "wake",
      "seconds" : 150
    },{
      "dateTime" : "2019-03-30T06:29:00.000",
      "level" : "wake",
      "seconds" : 60
    },{
      "dateTime" : "2019-03-30T07:12:00.000",
      "level" : "wake",
      "seconds" : 30
    },{
      "dateTime" : "2019-03-30T07:34:00.000",
      "level" : "wake",
      "seconds" : 90
    },{
      "dateTime" : "2019-03-30T07:49:00.000",
      "level" : "wake",
      "seconds" : 60
    }]
  }
},{
  "logId" : 21764306186,
  "dateOfSleep" : "2019-03-29",
  "startTime" : "2019-03-29T00:52:00.000",
  "endTime" : "2019-03-29T10:08:30.000",
  "duration" : 33360000,
  "minutesToFallAsleep" : 0,
  "minutesAsleep" : 488,
  "minutesAwake" : 68,
  "minutesAfterWakeup" : 0,
  "timeInBed" : 556,
  "efficiency" : 95,
  "type" : "stages",
  "infoCode" : 0,
  "levels" : {
    "summary" : {
      "deep" : {
        "count" : 4,
        "minutes" : 85,
        "thirtyDayAvgMinutes" : 85
      },
      "wake" : {
        "count" : 37,
        "minutes" : 68,
        "thirtyDayAvgMinutes" : 75
      },
      "light" : {
        "count" : 28,
        "minutes" : 289,
        "thirtyDayAvgMinutes" : 278
      },
      "rem" : {
        "count" : 14,
        "minutes" : 114,
        "thirtyDayAvgMinutes" : 101
      }
    },
    "data" : [{
      "dateTime" : "2019-03-29T00:52:00.000",
      "level" : "wake",
      "seconds" : 420
    },{
      "dateTime" : "2019-03-29T00:59:00.000",
      "level" : "deep",
      "seconds" : 3480
    },{
      "dateTime" : "2019-03-29T01:57:00.000",
      "level" : "light",
      "seconds" : 900
    },{
      "dateTime" : "2019-03-29T02:12:00.000",
      "level" : "wake",
      "seconds" : 510
    },{
      "dateTime" : "2019-03-29T02:20:30.000",
      "level" : "light",
      "seconds" : 4320
    },{
      "dateTime" : "2019-03-29T03:32:30.000",
      "level" : "deep",
      "seconds" : 330
    },{
      "dateTime" : "2019-03-29T03:38:00.000",
      "level" : "light",
      "seconds" : 360
    },{
      "dateTime" : "2019-03-29T03:44:00.000",
      "level" : "rem",
      "seconds" : 690
    },{
      "dateTime" : "2019-03-29T03:55:30.000",
      "level" : "wake",
      "seconds" : 450
    },{
      "dateTime" : "2019-03-29T04:03:00.000",
      "level" : "rem",
      "seconds" : 1290
    },{
      "dateTime" : "2019-03-29T04:24:30.000",
      "level" : "light",
      "seconds" : 1380
    },{
      "dateTime" : "2019-03-29T04:47:30.000",
      "level" : "deep",
      "seconds" : 330
    },{
      "dateTime" : "2019-03-29T04:53:00.000",
      "level" : "light",
      "seconds" : 3600
    },{
      "dateTime" : "2019-03-29T05:53:00.000",
      "level" : "rem",
      "seconds" : 1350
    },{
      "dateTime" : "2019-03-29T06:15:30.000",
      "level" : "light",
      "seconds" : 1770
    },{
      "dateTime" : "2019-03-29T06:45:00.000",
      "level" : "deep",
      "seconds" : 1080
    },{
      "dateTime" : "2019-03-29T07:03:00.000",
      "level" : "light",
      "seconds" : 570
    },{
      "dateTime" : "2019-03-29T07:12:30.000",
      "level" : "rem",
      "seconds" : 2550
    },{
      "dateTime" : "2019-03-29T07:55:00.000",
      "level" : "light",
      "seconds" : 3300
    },{
      "dateTime" : "2019-03-29T08:50:00.000",
      "level" : "wake",
      "seconds" : 1020
    },{
      "dateTime" : "2019-03-29T09:07:00.000",
      "level" : "light",
      "seconds" : 2070
    },{
      "dateTime" : "2019-03-29T09:41:30.000",
      "level" : "rem",
      "seconds" : 1380
    },{
      "dateTime" : "2019-03-29T10:04:30.000",
      "level" : "wake",
      "seconds" : 240
    }],
    "shortData" : [{
      "dateTime" : "2019-03-29T01:56:00.000",
      "level" : "wake",
      "seconds" : 60
    },{
      "dateTime" : "2019-03-29T02:31:00.000",
      "level" : "wake",
      "seconds" : 60
    },{
      "dateTime" : "2019-03-29T02:54:00.000",
      "level" : "wake",
      "seconds" : 30
    },{
      "dateTime" : "2019-03-29T03:01:30.000",
      "level" : "wake",
      "seconds" : 30
    },{
      "dateTime" : "2019-03-29T03:16:30.000",
      "level" : "wake",
      "seconds" : 30
    },{
      "dateTime" : "2019-03-29T03:40:00.000",
      "level" : "wake",
      "seconds" : 30
    },{
      "dateTime" : "2019-03-29T03:42:30.000",
      "level" : "wake",
      "seconds" : 60
    },{
      "dateTime" : "2019-03-29T04:06:30.000",
      "level" : "wake",
      "seconds" : 30
    },{
      "dateTime" : "2019-03-29T04:15:00.000",
      "level" : "wake",
      "seconds" : 30
    },{
      "dateTime" : "2019-03-29T04:32:00.000",
      "level" : "wake",
      "seconds" : 30
    },{
      "dateTime" : "2019-03-29T04:53:00.000",
      "level" : "wake",
      "seconds" : 30
    },{
      "dateTime" : "2019-03-29T05:10:00.000",
      "level" : "wake",
      "seconds" : 30
    },{
      "dateTime" : "2019-03-29T05:19:30.000",
      "level" : "wake",
      "seconds" : 60
    },{
      "dateTime" : "2019-03-29T06:09:30.000",
      "level" : "wake",
      "seconds" : 30
    },{
      "dateTime" : "2019-03-29T06:30:00.000",
      "level" : "wake",
      "seconds" : 30
    },{
      "dateTime" : "2019-03-29T07:02:30.000",
      "level" : "wake",
      "seconds" : 30
    },{
      "dateTime" : "2019-03-29T07:13:30.000",
      "level" : "wake",
      "seconds" : 120
    },{
      "dateTime" : "2019-03-29T07:28:00.000",
      "level" : "wake",
      "seconds" : 30
    },{
      "dateTime" : "2019-03-29T07:37:00.000",
      "level" : "wake",
      "seconds" : 30
    },{
      "dateTime" : "2019-03-29T07:40:30.000",
      "level" : "wake",
      "seconds" : 30
    },{
      "dateTime" : "2019-03-29T07:45:00.000",
      "level" : "wake",
      "seconds" : 30
    },{
      "dateTime" : "2019-03-29T07:48:00.000",
      "level" : "wake",
      "seconds" : 30
    },{
      "dateTime" : "2019-03-29T07:54:00.000",
      "level" : "wake",
      "seconds" : 60
    },{
      "dateTime" : "2019-03-29T07:58:00.000",
      "level" : "wake",
      "seconds" : 60
    },{
      "dateTime" : "2019-03-29T08:05:30.000",
      "level" : "wake",
      "seconds" : 30
    },{
      "dateTime" : "2019-03-29T08:13:30.000",
      "level" : "wake",
      "seconds" : 30
    },{
      "dateTime" : "2019-03-29T08:22:00.000",
      "level" : "wake",
      "seconds" : 90
    },{
      "dateTime" : "2019-03-29T08:26:00.000",
      "level" : "wake",
      "seconds" : 30
    },{
      "dateTime" : "2019-03-29T08:37:00.000",
      "level" : "wake",
      "seconds" : 60
    },{
      "dateTime" : "2019-03-29T08:41:00.000",
      "level" : "wake",
      "seconds" : 60
    },{
      "dateTime" : "2019-03-29T08:44:30.000",
      "level" : "wake",
      "seconds" : 30
    },{
      "dateTime" : "2019-03-29T09:19:00.000",
      "level" : "wake",
      "seconds" : 120
    }]
  }
},{
  "logId" : 21752204578,
  "dateOfSleep" : "2019-03-28",
  "startTime" : "2019-03-28T17:15:00.000",
  "endTime" : "2019-03-28T18:14:00.000",
  "duration" : 3540000,
  "minutesToFallAsleep" : 15,
  "minutesAsleep" : 44,
  "minutesAwake" : 0,
  "minutesAfterWakeup" : 0,
  "timeInBed" : 59,
  "efficiency" : 100,
  "type" : "classic",
  "infoCode" : 2,
  "levels" : {
    "summary" : {
      "restless" : {
        "count" : 2,
        "minutes" : 12
      },
      "awake" : {
        "count" : 1,
        "minutes" : 3
      },
      "asleep" : {
        "count" : 0,
        "minutes" : 44
      }
    },
    "data" : [{
      "dateTime" : "2019-03-28T17:15:00.000",
      "level" : "restless",
      "seconds" : 120
    },{
      "dateTime" : "2019-03-28T17:17:00.000",
      "level" : "awake",
      "seconds" : 180
    },{
      "dateTime" : "2019-03-28T17:20:00.000",
      "level" : "restless",
      "seconds" : 600
    },{
      "dateTime" : "2019-03-28T17:30:00.000",
      "level" : "asleep",
      "seconds" : 2640
    }]
  }
},{
  "logId" : 21751573511,
  "dateOfSleep" : "2019-03-28",
  "startTime" : "2019-03-27T23:30:00.000",
  "endTime" : "2019-03-28T10:37:30.000",
  "duration" : 40020000,
  "minutesToFallAsleep" : 0,
  "minutesAsleep" : 581,
  "minutesAwake" : 86,
  "minutesAfterWakeup" : 0,
  "timeInBed" : 667,
  "efficiency" : 90,
  "type" : "stages",
  "infoCode" : 0,
  "levels" : {
    "summary" : {
      "deep" : {
        "count" : 5,
        "minutes" : 115,
        "thirtyDayAvgMinutes" : 82
      },
      "wake" : {
        "count" : 48,
        "minutes" : 86,
        "thirtyDayAvgMinutes" : 74
      },
      "light" : {
        "count" : 34,
        "minutes" : 327,
        "thirtyDayAvgMinutes" : 272
      },
      "rem" : {
        "count" : 22,
        "minutes" : 139,
        "thirtyDayAvgMinutes" : 97
      }
    },
    "data" : [{
      "dateTime" : "2019-03-27T23:30:00.000",
      "level" : "light",
      "seconds" : 300
    },{
      "dateTime" : "2019-03-27T23:35:00.000",
      "level" : "wake",
      "seconds" : 540
    },{
      "dateTime" : "2019-03-27T23:44:00.000",
      "level" : "light",
      "seconds" : 270
    },{
      "dateTime" : "2019-03-27T23:48:30.000",
      "level" : "wake",
      "seconds" : 990
    },{
      "dateTime" : "2019-03-28T00:05:00.000",
      "level" : "light",
      "seconds" : 810
    },{
      "dateTime" : "2019-03-28T00:18:30.000",
      "level" : "deep",
      "seconds" : 2430
    },{
      "dateTime" : "2019-03-28T00:59:00.000",
      "level" : "light",
      "seconds" : 540
    },{
      "dateTime" : "2019-03-28T01:08:00.000",
      "level" : "rem",
      "seconds" : 270
    },{
      "dateTime" : "2019-03-28T01:12:30.000",
      "level" : "light",
      "seconds" : 690
    },{
      "dateTime" : "2019-03-28T01:24:00.000",
      "level" : "deep",
      "seconds" : 630
    },{
      "dateTime" : "2019-03-28T01:34:30.000",
      "level" : "light",
      "seconds" : 1560
    },{
      "dateTime" : "2019-03-28T02:00:30.000",
      "level" : "deep",
      "seconds" : 2040
    },{
      "dateTime" : "2019-03-28T02:34:30.000",
      "level" : "light",
      "seconds" : 150
    },{
      "dateTime" : "2019-03-28T02:37:00.000",
      "level" : "rem",
      "seconds" : 1170
    },{
      "dateTime" : "2019-03-28T02:56:30.000",
      "level" : "light",
      "seconds" : 5400
    },{
      "dateTime" : "2019-03-28T04:26:30.000",
      "level" : "wake",
      "seconds" : 510
    },{
      "dateTime" : "2019-03-28T04:35:00.000",
      "level" : "light",
      "seconds" : 1380
    },{
      "dateTime" : "2019-03-28T04:58:00.000",
      "level" : "rem",
      "seconds" : 600
    },{
      "dateTime" : "2019-03-28T05:08:00.000",
      "level" : "light",
      "seconds" : 2850
    },{
      "dateTime" : "2019-03-28T05:55:30.000",
      "level" : "deep",
      "seconds" : 1020
    },{
      "dateTime" : "2019-03-28T06:12:30.000",
      "level" : "light",
      "seconds" : 300
    },{
      "dateTime" : "2019-03-28T06:17:30.000",
      "level" : "rem",
      "seconds" : 1290
    },{
      "dateTime" : "2019-03-28T06:39:00.000",
      "level" : "light",
      "seconds" : 990
    },{
      "dateTime" : "2019-03-28T06:55:30.000",
      "level" : "deep",
      "seconds" : 990
    },{
      "dateTime" : "2019-03-28T07:12:00.000",
      "level" : "light",
      "seconds" : 930
    },{
      "dateTime" : "2019-03-28T07:27:30.000",
      "level" : "rem",
      "seconds" : 3360
    },{
      "dateTime" : "2019-03-28T08:23:30.000",
      "level" : "wake",
      "seconds" : 270
    },{
      "dateTime" : "2019-03-28T08:28:00.000",
      "level" : "light",
      "seconds" : 2280
    },{
      "dateTime" : "2019-03-28T09:06:00.000",
      "level" : "rem",
      "seconds" : 2460
    },{
      "dateTime" : "2019-03-28T09:47:00.000",
      "level" : "light",
      "seconds" : 2550
    },{
      "dateTime" : "2019-03-28T10:29:30.000",
      "level" : "wake",
      "seconds" : 480
    }],
    "shortData" : [{
      "dateTime" : "2019-03-27T23:31:00.000",
      "level" : "wake",
      "seconds" : 30
    },{
      "dateTime" : "2019-03-28T00:10:00.000",
      "level" : "wake",
      "seconds" : 30
    },{
      "dateTime" : "2019-03-28T01:12:30.000",
      "level" : "wake",
      "seconds" : 30
    },{
      "dateTime" : "2019-03-28T01:33:30.000",
      "level" : "wake",
      "seconds" : 60
    },{
      "dateTime" : "2019-03-28T01:37:00.000",
      "level" : "wake",
      "seconds" : 120
    },{
      "dateTime" : "2019-03-28T02:34:00.000",
      "level" : "wake",
      "seconds" : 30
    },{
      "dateTime" : "2019-03-28T02:46:30.000",
      "level" : "wake",
      "seconds" : 30
    },{
      "dateTime" : "2019-03-28T03:10:30.000",
      "level" : "wake",
      "seconds" : 60
    },{
      "dateTime" : "2019-03-28T03:37:30.000",
      "level" : "wake",
      "seconds" : 120
    },{
      "dateTime" : "2019-03-28T04:00:30.000",
      "level" : "wake",
      "seconds" : 30
    },{
      "dateTime" : "2019-03-28T04:07:00.000",
      "level" : "wake",
      "seconds" : 150
    },{
      "dateTime" : "2019-03-28T04:47:30.000",
      "level" : "wake",
      "seconds" : 90
    },{
      "dateTime" : "2019-03-28T04:51:30.000",
      "level" : "wake",
      "seconds" : 90
    },{
      "dateTime" : "2019-03-28T05:07:30.000",
      "level" : "wake",
      "seconds" : 30
    },{
      "dateTime" : "2019-03-28T05:11:30.000",
      "level" : "wake",
      "seconds" : 60
    },{
      "dateTime" : "2019-03-28T05:37:00.000",
      "level" : "wake",
      "seconds" : 30
    },{
      "dateTime" : "2019-03-28T06:11:30.000",
      "level" : "wake",
      "seconds" : 60
    },{
      "dateTime" : "2019-03-28T06:14:30.000",
      "level" : "wake",
      "seconds" : 30
    },{
      "dateTime" : "2019-03-28T06:21:30.000",
      "level" : "wake",
      "seconds" : 60
    },{
      "dateTime" : "2019-03-28T06:24:00.000",
      "level" : "wake",
      "seconds" : 30
    },{
      "dateTime" : "2019-03-28T06:26:30.000",
      "level" : "wake",
      "seconds" : 120
    },{
      "dateTime" : "2019-03-28T06:35:00.000",
      "level" : "wake",
      "seconds" : 30
    },{
      "dateTime" : "2019-03-28T06:37:30.000",
      "level" : "wake",
      "seconds" : 90
    },{
      "dateTime" : "2019-03-28T07:11:00.000",
      "level" : "wake",
      "seconds" : 60
    },{
      "dateTime" : "2019-03-28T07:35:30.000",
      "level" : "wake",
      "seconds" : 30
    },{
      "dateTime" : "2019-03-28T07:42:00.000",
      "level" : "wake",
      "seconds" : 30
    },{
      "dateTime" : "2019-03-28T07:45:30.000",
      "level" : "wake",
      "seconds" : 30
    },{
      "dateTime" : "2019-03-28T07:55:00.000",
      "level" : "wake",
      "seconds" : 30
    },{
      "dateTime" : "2019-03-28T08:02:00.000",
      "level" : "wake",
      "seconds" : 30
    },{
      "dateTime" : "2019-03-28T08:05:30.000",
      "level" : "wake",
      "seconds" : 60
    },{
      "dateTime" : "2019-03-28T08:33:00.000",
      "level" : "wake",
      "seconds" : 30
    },{
      "dateTime" : "2019-03-28T08:55:30.000",
      "level" : "wake",
      "seconds" : 60
    },{
      "dateTime" : "2019-03-28T08:59:00.000",
      "level" : "wake",
      "seconds" : 120
    },{
      "dateTime" : "2019-03-28T09:16:00.000",
      "level" : "wake",
      "seconds" : 30
    },{
      "dateTime" : "2019-03-28T09:24:00.000",
      "level" : "wake",
      "seconds" : 30
    },{
      "dateTime" : "2019-03-28T09:29:00.000",
      "level" : "wake",
      "seconds" : 30
    },{
      "dateTime" : "2019-03-28T09:37:30.000",
      "level" : "wake",
      "seconds" : 30
    },{
      "dateTime" : "2019-03-28T09:42:30.000",
      "level" : "wake",
      "seconds" : 30
    },{
      "dateTime" : "2019-03-28T09:46:00.000",
      "level" : "wake",
      "seconds" : 60
    },{
      "dateTime" : "2019-03-28T09:50:00.000",
      "level" : "wake",
      "seconds" : 30
    },{
      "dateTime" : "2019-03-28T10:03:00.000",
      "level" : "wake",
      "seconds" : 60
    },{
      "dateTime" : "2019-03-28T10:12:30.000",
      "level" : "wake",
      "seconds" : 150
    },{
      "dateTime" : "2019-03-28T10:27:00.000",
      "level" : "wake",
      "seconds" : 30
    }]
  }
},{
  "logId" : 21737972062,
  "dateOfSleep" : "2019-03-27",
  "startTime" : "2019-03-27T00:25:00.000",
  "endTime" : "2019-03-27T09:19:30.000",
  "duration" : 32040000,
  "minutesToFallAsleep" : 0,
  "minutesAsleep" : 458,
  "minutesAwake" : 76,
  "minutesAfterWakeup" : 7,
  "timeInBed" : 534,
  "efficiency" : 92,
  "type" : "stages",
  "infoCode" : 0,
  "levels" : {
    "summary" : {
      "deep" : {
        "count" : 4,
        "minutes" : 76,
        "thirtyDayAvgMinutes" : 82
      },
      "wake" : {
        "count" : 39,
        "minutes" : 76,
        "thirtyDayAvgMinutes" : 74
      },
      "light" : {
        "count" : 37,
        "minutes" : 287,
        "thirtyDayAvgMinutes" : 270
      },
      "rem" : {
        "count" : 9,
        "minutes" : 95,
        "thirtyDayAvgMinutes" : 97
      }
    },
    "data" : [{
      "dateTime" : "2019-03-27T00:25:00.000",
      "level" : "light",
      "seconds" : 30
    },{
      "dateTime" : "2019-03-27T00:25:30.000",
      "level" : "wake",
      "seconds" : 1110
    },{
      "dateTime" : "2019-03-27T00:44:00.000",
      "level" : "light",
      "seconds" : 690
    },{
      "dateTime" : "2019-03-27T00:55:30.000",
      "level" : "wake",
      "seconds" : 390
    },{
      "dateTime" : "2019-03-27T01:02:00.000",
      "level" : "light",
      "seconds" : 30
    },{
      "dateTime" : "2019-03-27T01:02:30.000",
      "level" : "deep",
      "seconds" : 1950
    },{
      "dateTime" : "2019-03-27T01:35:00.000",
      "level" : "light",
      "seconds" : 510
    },{
      "dateTime" : "2019-03-27T01:43:30.000",
      "level" : "deep",
      "seconds" : 810
    },{
      "dateTime" : "2019-03-27T01:57:00.000",
      "level" : "light",
      "seconds" : 2100
    },{
      "dateTime" : "2019-03-27T02:32:00.000",
      "level" : "deep",
      "seconds" : 720
    },{
      "dateTime" : "2019-03-27T02:44:00.000",
      "level" : "light",
      "seconds" : 3540
    },{
      "dateTime" : "2019-03-27T03:43:00.000",
      "level" : "wake",
      "seconds" : 270
    },{
      "dateTime" : "2019-03-27T03:47:30.000",
      "level" : "light",
      "seconds" : 2280
    },{
      "dateTime" : "2019-03-27T04:25:30.000",
      "level" : "rem",
      "seconds" : 1500
    },{
      "dateTime" : "2019-03-27T04:50:30.000",
      "level" : "light",
      "seconds" : 390
    },{
      "dateTime" : "2019-03-27T04:57:00.000",
      "level" : "deep",
      "seconds" : 1170
    },{
      "dateTime" : "2019-03-27T05:16:30.000",
      "level" : "light",
      "seconds" : 2640
    },{
      "dateTime" : "2019-03-27T06:00:30.000",
      "level" : "rem",
      "seconds" : 1950
    },{
      "dateTime" : "2019-03-27T06:33:00.000",
      "level" : "light",
      "seconds" : 3720
    },{
      "dateTime" : "2019-03-27T07:35:00.000",
      "level" : "rem",
      "seconds" : 1260
    },{
      "dateTime" : "2019-03-27T07:56:00.000",
      "level" : "light",
      "seconds" : 780
    },{
      "dateTime" : "2019-03-27T08:09:00.000",
      "level" : "wake",
      "seconds" : 300
    },{
      "dateTime" : "2019-03-27T08:14:00.000",
      "level" : "light",
      "seconds" : 1080
    },{
      "dateTime" : "2019-03-27T08:32:00.000",
      "level" : "wake",
      "seconds" : 210
    },{
      "dateTime" : "2019-03-27T08:35:30.000",
      "level" : "light",
      "seconds" : 360
    },{
      "dateTime" : "2019-03-27T08:41:30.000",
      "level" : "rem",
      "seconds" : 1050
    },{
      "dateTime" : "2019-03-27T08:59:00.000",
      "level" : "light",
      "seconds" : 450
    },{
      "dateTime" : "2019-03-27T09:06:30.000",
      "level" : "rem",
      "seconds" : 360
    },{
      "dateTime" : "2019-03-27T09:12:30.000",
      "level" : "wake",
      "seconds" : 420
    }],
    "shortData" : [{
      "dateTime" : "2019-03-27T00:47:00.000",
      "level" : "wake",
      "seconds" : 30
    },{
      "dateTime" : "2019-03-27T01:33:30.000",
      "level" : "wake",
      "seconds" : 90
    },{
      "dateTime" : "2019-03-27T01:57:30.000",
      "level" : "wake",
      "seconds" : 30
    },{
      "dateTime" : "2019-03-27T01:59:30.000",
      "level" : "wake",
      "seconds" : 60
    },{
      "dateTime" : "2019-03-27T02:17:00.000",
      "level" : "wake",
      "seconds" : 30
    },{
      "dateTime" : "2019-03-27T02:23:00.000",
      "level" : "wake",
      "seconds" : 60
    },{
      "dateTime" : "2019-03-27T02:25:30.000",
      "level" : "wake",
      "seconds" : 60
    },{
      "dateTime" : "2019-03-27T02:44:00.000",
      "level" : "wake",
      "seconds" : 60
    },{
      "dateTime" : "2019-03-27T03:12:00.000",
      "level" : "wake",
      "seconds" : 30
    },{
      "dateTime" : "2019-03-27T03:14:30.000",
      "level" : "wake",
      "seconds" : 30
    },{
      "dateTime" : "2019-03-27T03:23:30.000",
      "level" : "wake",
      "seconds" : 60
    },{
      "dateTime" : "2019-03-27T03:30:30.000",
      "level" : "wake",
      "seconds" : 30
    },{
      "dateTime" : "2019-03-27T03:39:00.000",
      "level" : "wake",
      "seconds" : 60
    },{
      "dateTime" : "2019-03-27T03:57:30.000",
      "level" : "wake",
      "seconds" : 90
    },{
      "dateTime" : "2019-03-27T04:05:30.000",
      "level" : "wake",
      "seconds" : 90
    },{
      "dateTime" : "2019-03-27T04:16:30.000",
      "level" : "wake",
      "seconds" : 120
    },{
      "dateTime" : "2019-03-27T05:16:30.000",
      "level" : "wake",
      "seconds" : 60
    },{
      "dateTime" : "2019-03-27T05:40:30.000",
      "level" : "wake",
      "seconds" : 30
    },{
      "dateTime" : "2019-03-27T05:57:30.000",
      "level" : "wake",
      "seconds" : 30
    },{
      "dateTime" : "2019-03-27T06:06:00.000",
      "level" : "wake",
      "seconds" : 30
    },{
      "dateTime" : "2019-03-27T06:24:00.000",
      "level" : "wake",
      "seconds" : 60
    },{
      "dateTime" : "2019-03-27T06:31:30.000",
      "level" : "wake",
      "seconds" : 90
    },{
      "dateTime" : "2019-03-27T06:55:30.000",
      "level" : "wake",
      "seconds" : 90
    },{
      "dateTime" : "2019-03-27T06:59:30.000",
      "level" : "wake",
      "seconds" : 30
    },{
      "dateTime" : "2019-03-27T07:04:30.000",
      "level" : "wake",
      "seconds" : 60
    },{
      "dateTime" : "2019-03-27T07:19:00.000",
      "level" : "wake",
      "seconds" : 60
    },{
      "dateTime" : "2019-03-27T07:33:00.000",
      "level" : "wake",
      "seconds" : 90
    },{
      "dateTime" : "2019-03-27T07:36:30.000",
      "level" : "wake",
      "seconds" : 30
    },{
      "dateTime" : "2019-03-27T07:54:30.000",
      "level" : "wake",
      "seconds" : 90
    },{
      "dateTime" : "2019-03-27T07:58:00.000",
      "level" : "wake",
      "seconds" : 60
    },{
      "dateTime" : "2019-03-27T08:37:00.000",
      "level" : "wake",
      "seconds" : 60
    },{
      "dateTime" : "2019-03-27T08:48:00.000",
      "level" : "wake",
      "seconds" : 30
    },{
      "dateTime" : "2019-03-27T08:58:00.000",
      "level" : "wake",
      "seconds" : 60
    }]
  }
},{
  "logId" : 21724894213,
  "dateOfSleep" : "2019-03-26",
  "startTime" : "2019-03-25T23:19:30.000",
  "endTime" : "2019-03-26T11:10:30.000",
  "duration" : 42660000,
  "minutesToFallAsleep" : 0,
  "minutesAsleep" : 606,
  "minutesAwake" : 105,
  "minutesAfterWakeup" : 0,
  "timeInBed" : 711,
  "efficiency" : 92,
  "type" : "stages",
  "infoCode" : 0,
  "levels" : {
    "summary" : {
      "deep" : {
        "count" : 7,
        "minutes" : 104,
        "thirtyDayAvgMinutes" : 79
      },
      "wake" : {
        "count" : 59,
        "minutes" : 105,
        "thirtyDayAvgMinutes" : 69
      },
      "light" : {
        "count" : 51,
        "minutes" : 358,
        "thirtyDayAvgMinutes" : 255
      },
      "rem" : {
        "count" : 26,
        "minutes" : 144,
        "thirtyDayAvgMinutes" : 89
      }
    },
    "data" : [{
      "dateTime" : "2019-03-25T23:19:30.000",
      "level" : "wake",
      "seconds" : 270
    },{
      "dateTime" : "2019-03-25T23:24:00.000",
      "level" : "light",
      "seconds" : 1140
    },{
      "dateTime" : "2019-03-25T23:43:00.000",
      "level" : "rem",
      "seconds" : 510
    },{
      "dateTime" : "2019-03-25T23:51:30.000",
      "level" : "light",
      "seconds" : 180
    },{
      "dateTime" : "2019-03-25T23:54:30.000",
      "level" : "deep",
      "seconds" : 1350
    },{
      "dateTime" : "2019-03-26T00:17:00.000",
      "level" : "light",
      "seconds" : 390
    },{
      "dateTime" : "2019-03-26T00:23:30.000",
      "level" : "deep",
      "seconds" : 330
    },{
      "dateTime" : "2019-03-26T00:29:00.000",
      "level" : "light",
      "seconds" : 1020
    },{
      "dateTime" : "2019-03-26T00:46:00.000",
      "level" : "deep",
      "seconds" : 900
    },{
      "dateTime" : "2019-03-26T01:01:00.000",
      "level" : "light",
      "seconds" : 780
    },{
      "dateTime" : "2019-03-26T01:14:00.000",
      "level" : "wake",
      "seconds" : 210
    },{
      "dateTime" : "2019-03-26T01:17:30.000",
      "level" : "light",
      "seconds" : 3420
    },{
      "dateTime" : "2019-03-26T02:14:30.000",
      "level" : "deep",
      "seconds" : 600
    },{
      "dateTime" : "2019-03-26T02:24:30.000",
      "level" : "light",
      "seconds" : 240
    },{
      "dateTime" : "2019-03-26T02:28:30.000",
      "level" : "rem",
      "seconds" : 1080
    },{
      "dateTime" : "2019-03-26T02:46:30.000",
      "level" : "light",
      "seconds" : 330
    },{
      "dateTime" : "2019-03-26T02:52:00.000",
      "level" : "rem",
      "seconds" : 690
    },{
      "dateTime" : "2019-03-26T03:03:30.000",
      "level" : "light",
      "seconds" : 1410
    },{
      "dateTime" : "2019-03-26T03:27:00.000",
      "level" : "deep",
      "seconds" : 840
    },{
      "dateTime" : "2019-03-26T03:41:00.000",
      "level" : "light",
      "seconds" : 1530
    },{
      "dateTime" : "2019-03-26T04:06:30.000",
      "level" : "rem",
      "seconds" : 270
    },{
      "dateTime" : "2019-03-26T04:11:00.000",
      "level" : "wake",
      "seconds" : 660
    },{
      "dateTime" : "2019-03-26T04:22:00.000",
      "level" : "light",
      "seconds" : 120
    },{
      "dateTime" : "2019-03-26T04:24:00.000",
      "level" : "wake",
      "seconds" : 420
    },{
      "dateTime" : "2019-03-26T04:31:00.000",
      "level" : "light",
      "seconds" : 60
    },{
      "dateTime" : "2019-03-26T04:32:00.000",
      "level" : "deep",
      "seconds" : 2100
    },{
      "dateTime" : "2019-03-26T05:07:00.000",
      "level" : "light",
      "seconds" : 1020
    },{
      "dateTime" : "2019-03-26T05:24:00.000",
      "level" : "rem",
      "seconds" : 1320
    },{
      "dateTime" : "2019-03-26T05:46:00.000",
      "level" : "wake",
      "seconds" : 360
    },{
      "dateTime" : "2019-03-26T05:52:00.000",
      "level" : "light",
      "seconds" : 3090
    },{
      "dateTime" : "2019-03-26T06:43:30.000",
      "level" : "rem",
      "seconds" : 900
    },{
      "dateTime" : "2019-03-26T06:58:30.000",
      "level" : "wake",
      "seconds" : 240
    },{
      "dateTime" : "2019-03-26T07:02:30.000",
      "level" : "light",
      "seconds" : 210
    },{
      "dateTime" : "2019-03-26T07:06:00.000",
      "level" : "rem",
      "seconds" : 270
    },{
      "dateTime" : "2019-03-26T07:10:30.000",
      "level" : "light",
      "seconds" : 780
    },{
      "dateTime" : "2019-03-26T07:23:30.000",
      "level" : "rem",
      "seconds" : 390
    },{
      "dateTime" : "2019-03-26T07:30:00.000",
      "level" : "light",
      "seconds" : 570
    },{
      "dateTime" : "2019-03-26T07:39:30.000",
      "level" : "rem",
      "seconds" : 1560
    },{
      "dateTime" : "2019-03-26T08:05:30.000",
      "level" : "light",
      "seconds" : 570
    },{
      "dateTime" : "2019-03-26T08:15:00.000",
      "level" : "rem",
      "seconds" : 690
    },{
      "dateTime" : "2019-03-26T08:26:30.000",
      "level" : "light",
      "seconds" : 1110
    },{
      "dateTime" : "2019-03-26T08:45:00.000",
      "level" : "deep",
      "seconds" : 390
    },{
      "dateTime" : "2019-03-26T08:51:30.000",
      "level" : "light",
      "seconds" : 360
    },{
      "dateTime" : "2019-03-26T08:57:30.000",
      "level" : "wake",
      "seconds" : 660
    },{
      "dateTime" : "2019-03-26T09:08:30.000",
      "level" : "light",
      "seconds" : 240
    },{
      "dateTime" : "2019-03-26T09:12:30.000",
      "level" : "wake",
      "seconds" : 750
    },{
      "dateTime" : "2019-03-26T09:25:00.000",
      "level" : "light",
      "seconds" : 930
    },{
      "dateTime" : "2019-03-26T09:40:30.000",
      "level" : "wake",
      "seconds" : 330
    },{
      "dateTime" : "2019-03-26T09:46:00.000",
      "level" : "light",
      "seconds" : 1860
    },{
      "dateTime" : "2019-03-26T10:17:00.000",
      "level" : "rem",
      "seconds" : 1620
    },{
      "dateTime" : "2019-03-26T10:44:00.000",
      "level" : "light",
      "seconds" : 1590
    }],
    "shortData" : [{
      "dateTime" : "2019-03-25T23:34:30.000",
      "level" : "wake",
      "seconds" : 60
    },{
      "dateTime" : "2019-03-25T23:41:00.000",
      "level" : "wake",
      "seconds" : 60
    },{
      "dateTime" : "2019-03-25T23:51:00.000",
      "level" : "wake",
      "seconds" : 30
    },{
      "dateTime" : "2019-03-26T00:15:00.000",
      "level" : "wake",
      "seconds" : 120
    },{
      "dateTime" : "2019-03-26T00:30:30.000",
      "level" : "wake",
      "seconds" : 150
    },{
      "dateTime" : "2019-03-26T01:00:30.000",
      "level" : "wake",
      "seconds" : 30
    },{
      "dateTime" : "2019-03-26T01:24:30.000",
      "level" : "wake",
      "seconds" : 30
    },{
      "dateTime" : "2019-03-26T01:33:30.000",
      "level" : "wake",
      "seconds" : 30
    },{
      "dateTime" : "2019-03-26T02:00:00.000",
      "level" : "wake",
      "seconds" : 60
    },{
      "dateTime" : "2019-03-26T02:24:00.000",
      "level" : "wake",
      "seconds" : 30
    },{
      "dateTime" : "2019-03-26T02:39:00.000",
      "level" : "wake",
      "seconds" : 30
    },{
      "dateTime" : "2019-03-26T02:46:00.000",
      "level" : "wake",
      "seconds" : 30
    },{
      "dateTime" : "2019-03-26T02:50:00.000",
      "level" : "wake",
      "seconds" : 30
    },{
      "dateTime" : "2019-03-26T03:05:00.000",
      "level" : "wake",
      "seconds" : 60
    },{
      "dateTime" : "2019-03-26T03:10:00.000",
      "level" : "wake",
      "seconds" : 60
    },{
      "dateTime" : "2019-03-26T03:16:00.000",
      "level" : "wake",
      "seconds" : 60
    },{
      "dateTime" : "2019-03-26T03:40:00.000",
      "level" : "wake",
      "seconds" : 60
    },{
      "dateTime" : "2019-03-26T03:44:00.000",
      "level" : "wake",
      "seconds" : 60
    },{
      "dateTime" : "2019-03-26T03:56:00.000",
      "level" : "wake",
      "seconds" : 30
    },{
      "dateTime" : "2019-03-26T05:06:30.000",
      "level" : "wake",
      "seconds" : 30
    },{
      "dateTime" : "2019-03-26T05:14:30.000",
      "level" : "wake",
      "seconds" : 60
    },{
      "dateTime" : "2019-03-26T05:20:30.000",
      "level" : "wake",
      "seconds" : 60
    },{
      "dateTime" : "2019-03-26T05:31:00.000",
      "level" : "wake",
      "seconds" : 30
    },{
      "dateTime" : "2019-03-26T05:35:00.000",
      "level" : "wake",
      "seconds" : 30
    },{
      "dateTime" : "2019-03-26T05:42:30.000",
      "level" : "wake",
      "seconds" : 30
    },{
      "dateTime" : "2019-03-26T06:02:00.000",
      "level" : "wake",
      "seconds" : 30
    },{
      "dateTime" : "2019-03-26T06:27:30.000",
      "level" : "wake",
      "seconds" : 30
    },{
      "dateTime" : "2019-03-26T06:38:30.000",
      "level" : "wake",
      "seconds" : 30
    },{
      "dateTime" : "2019-03-26T06:52:30.000",
      "level" : "wake",
      "seconds" : 30
    },{
      "dateTime" : "2019-03-26T07:13:00.000",
      "level" : "wake",
      "seconds" : 60
    },{
      "dateTime" : "2019-03-26T07:33:00.000",
      "level" : "wake",
      "seconds" : 30
    },{
      "dateTime" : "2019-03-26T07:42:30.000",
      "level" : "wake",
      "seconds" : 30
    },{
      "dateTime" : "2019-03-26T07:46:30.000",
      "level" : "wake",
      "seconds" : 30
    },{
      "dateTime" : "2019-03-26T07:53:30.000",
      "level" : "wake",
      "seconds" : 30
    },{
      "dateTime" : "2019-03-26T08:02:00.000",
      "level" : "wake",
      "seconds" : 30
    },{
      "dateTime" : "2019-03-26T08:13:00.000",
      "level" : "wake",
      "seconds" : 90
    },{
      "dateTime" : "2019-03-26T08:19:30.000",
      "level" : "wake",
      "seconds" : 30
    },{
      "dateTime" : "2019-03-26T08:27:00.000",
      "level" : "wake",
      "seconds" : 60
    },{
      "dateTime" : "2019-03-26T08:53:00.000",
      "level" : "wake",
      "seconds" : 60
    },{
      "dateTime" : "2019-03-26T09:36:30.000",
      "level" : "wake",
      "seconds" : 60
    },{
      "dateTime" : "2019-03-26T09:59:00.000",
      "level" : "wake",
      "seconds" : 30
    },{
      "dateTime" : "2019-03-26T10:24:00.000",
      "level" : "wake",
      "seconds" : 30
    },{
      "dateTime" : "2019-03-26T10:27:00.000",
      "level" : "wake",
      "seconds" : 30
    },{
      "dateTime" : "2019-03-26T10:30:00.000",
      "level" : "wake",
      "seconds" : 30
    },{
      "dateTime" : "2019-03-26T10:32:30.000",
      "level" : "wake",
      "seconds" : 30
    },{
      "dateTime" : "2019-03-26T10:37:30.000",
      "level" : "wake",
      "seconds" : 30
    },{
      "dateTime" : "2019-03-26T10:41:00.000",
      "level" : "wake",
      "seconds" : 180
    },{
      "dateTime" : "2019-03-26T10:57:30.000",
      "level" : "wake",
      "seconds" : 90
    },{
      "dateTime" : "2019-03-26T11:01:00.000",
      "level" : "wake",
      "seconds" : 30
    },{
      "dateTime" : "2019-03-26T11:06:00.000",
      "level" : "wake",
      "seconds" : 60
    }]
  }
},{
  "logId" : 21713827666,
  "dateOfSleep" : "2019-03-25",
  "startTime" : "2019-03-25T11:34:30.000",
  "endTime" : "2019-03-25T13:17:30.000",
  "duration" : 6180000,
  "minutesToFallAsleep" : 0,
  "minutesAsleep" : 97,
  "minutesAwake" : 6,
  "minutesAfterWakeup" : 0,
  "timeInBed" : 103,
  "efficiency" : 94,
  "type" : "classic",
  "infoCode" : 2,
  "levels" : {
    "summary" : {
      "restless" : {
        "count" : 2,
        "minutes" : 5
      },
      "awake" : {
        "count" : 1,
        "minutes" : 1
      },
      "asleep" : {
        "count" : 0,
        "minutes" : 97
      }
    },
    "data" : [{
      "dateTime" : "2019-03-25T11:34:30.000",
      "level" : "asleep",
      "seconds" : 240
    },{
      "dateTime" : "2019-03-25T11:38:30.000",
      "level" : "restless",
      "seconds" : 120
    },{
      "dateTime" : "2019-03-25T11:40:30.000",
      "level" : "awake",
      "seconds" : 60
    },{
      "dateTime" : "2019-03-25T11:41:30.000",
      "level" : "asleep",
      "seconds" : 4260
    },{
      "dateTime" : "2019-03-25T12:52:30.000",
      "level" : "restless",
      "seconds" : 180
    },{
      "dateTime" : "2019-03-25T12:55:30.000",
      "level" : "asleep",
      "seconds" : 1320
    }]
  }
},{
  "logId" : 21711388707,
  "dateOfSleep" : "2019-03-25",
  "startTime" : "2019-03-25T00:38:00.000",
  "endTime" : "2019-03-25T09:38:30.000",
  "duration" : 32400000,
  "minutesToFallAsleep" : 0,
  "minutesAsleep" : 450,
  "minutesAwake" : 90,
  "minutesAfterWakeup" : 7,
  "timeInBed" : 540,
  "efficiency" : 90,
  "type" : "stages",
  "infoCode" : 0,
  "levels" : {
    "summary" : {
      "deep" : {
        "count" : 4,
        "minutes" : 89,
        "thirtyDayAvgMinutes" : 77
      },
      "wake" : {
        "count" : 44,
        "minutes" : 90,
        "thirtyDayAvgMinutes" : 64
      },
      "light" : {
        "count" : 40,
        "minutes" : 263,
        "thirtyDayAvgMinutes" : 254
      },
      "rem" : {
        "count" : 12,
        "minutes" : 98,
        "thirtyDayAvgMinutes" : 87
      }
    },
    "data" : [{
      "dateTime" : "2019-03-25T00:38:00.000",
      "level" : "wake",
      "seconds" : 540
    },{
      "dateTime" : "2019-03-25T00:47:00.000",
      "level" : "light",
      "seconds" : 1950
    },{
      "dateTime" : "2019-03-25T01:19:30.000",
      "level" : "deep",
      "seconds" : 1620
    },{
      "dateTime" : "2019-03-25T01:46:30.000",
      "level" : "light",
      "seconds" : 2340
    },{
      "dateTime" : "2019-03-25T02:25:30.000",
      "level" : "rem",
      "seconds" : 900
    },{
      "dateTime" : "2019-03-25T02:40:30.000",
      "level" : "light",
      "seconds" : 1800
    },{
      "dateTime" : "2019-03-25T03:10:30.000",
      "level" : "deep",
      "seconds" : 960
    },{
      "dateTime" : "2019-03-25T03:26:30.000",
      "level" : "light",
      "seconds" : 2310
    },{
      "dateTime" : "2019-03-25T04:05:00.000",
      "level" : "rem",
      "seconds" : 300
    },{
      "dateTime" : "2019-03-25T04:10:00.000",
      "level" : "light",
      "seconds" : 690
    },{
      "dateTime" : "2019-03-25T04:21:30.000",
      "level" : "wake",
      "seconds" : 390
    },{
      "dateTime" : "2019-03-25T04:28:00.000",
      "level" : "light",
      "seconds" : 480
    },{
      "dateTime" : "2019-03-25T04:36:00.000",
      "level" : "rem",
      "seconds" : 570
    },{
      "dateTime" : "2019-03-25T04:45:30.000",
      "level" : "light",
      "seconds" : 1860
    },{
      "dateTime" : "2019-03-25T05:16:30.000",
      "level" : "deep",
      "seconds" : 2310
    },{
      "dateTime" : "2019-03-25T05:55:00.000",
      "level" : "light",
      "seconds" : 480
    },{
      "dateTime" : "2019-03-25T06:03:00.000",
      "level" : "rem",
      "seconds" : 1500
    },{
      "dateTime" : "2019-03-25T06:28:00.000",
      "level" : "light",
      "seconds" : 360
    },{
      "dateTime" : "2019-03-25T06:34:00.000",
      "level" : "wake",
      "seconds" : 210
    },{
      "dateTime" : "2019-03-25T06:37:30.000",
      "level" : "light",
      "seconds" : 2850
    },{
      "dateTime" : "2019-03-25T07:25:00.000",
      "level" : "rem",
      "seconds" : 2160
    },{
      "dateTime" : "2019-03-25T08:01:00.000",
      "level" : "wake",
      "seconds" : 570
    },{
      "dateTime" : "2019-03-25T08:10:30.000",
      "level" : "light",
      "seconds" : 1290
    },{
      "dateTime" : "2019-03-25T08:32:00.000",
      "level" : "rem",
      "seconds" : 300
    },{
      "dateTime" : "2019-03-25T08:37:00.000",
      "level" : "deep",
      "seconds" : 630
    },{
      "dateTime" : "2019-03-25T08:47:30.000",
      "level" : "light",
      "seconds" : 330
    },{
      "dateTime" : "2019-03-25T08:53:00.000",
      "level" : "wake",
      "seconds" : 1020
    },{
      "dateTime" : "2019-03-25T09:10:00.000",
      "level" : "rem",
      "seconds" : 540
    },{
      "dateTime" : "2019-03-25T09:19:00.000",
      "level" : "light",
      "seconds" : 300
    },{
      "dateTime" : "2019-03-25T09:24:00.000",
      "level" : "wake",
      "seconds" : 300
    },{
      "dateTime" : "2019-03-25T09:29:00.000",
      "level" : "light",
      "seconds" : 120
    },{
      "dateTime" : "2019-03-25T09:31:00.000",
      "level" : "wake",
      "seconds" : 420
    },{
      "dateTime" : "2019-03-25T09:38:00.000",
      "level" : "light",
      "seconds" : 30
    }],
    "shortData" : [{
      "dateTime" : "2019-03-25T01:03:30.000",
      "level" : "wake",
      "seconds" : 30
    },{
      "dateTime" : "2019-03-25T01:45:30.000",
      "level" : "wake",
      "seconds" : 60
    },{
      "dateTime" : "2019-03-25T01:57:00.000",
      "level" : "wake",
      "seconds" : 30
    },{
      "dateTime" : "2019-03-25T02:04:00.000",
      "level" : "wake",
      "seconds" : 30
    },{
      "dateTime" : "2019-03-25T02:18:30.000",
      "level" : "wake",
      "seconds" : 30
    },{
      "dateTime" : "2019-03-25T02:40:00.000",
      "level" : "wake",
      "seconds" : 30
    },{
      "dateTime" : "2019-03-25T02:49:30.000",
      "level" : "wake",
      "seconds" : 30
    },{
      "dateTime" : "2019-03-25T03:02:00.000",
      "level" : "wake",
      "seconds" : 60
    },{
      "dateTime" : "2019-03-25T03:26:30.000",
      "level" : "wake",
      "seconds" : 30
    },{
      "dateTime" : "2019-03-25T03:45:30.000",
      "level" : "wake",
      "seconds" : 30
    },{
      "dateTime" : "2019-03-25T03:55:00.000",
      "level" : "wake",
      "seconds" : 90
    },{
      "dateTime" : "2019-03-25T03:59:30.000",
      "level" : "wake",
      "seconds" : 60
    },{
      "dateTime" : "2019-03-25T04:11:30.000",
      "level" : "wake",
      "seconds" : 90
    },{
      "dateTime" : "2019-03-25T04:31:30.000",
      "level" : "wake",
      "seconds" : 120
    },{
      "dateTime" : "2019-03-25T04:44:00.000",
      "level" : "wake",
      "seconds" : 90
    },{
      "dateTime" : "2019-03-25T04:48:30.000",
      "level" : "wake",
      "seconds" : 60
    },{
      "dateTime" : "2019-03-25T04:58:00.000",
      "level" : "wake",
      "seconds" : 60
    },{
      "dateTime" : "2019-03-25T05:02:00.000",
      "level" : "wake",
      "seconds" : 120
    },{
      "dateTime" : "2019-03-25T05:54:30.000",
      "level" : "wake",
      "seconds" : 30
    },{
      "dateTime" : "2019-03-25T05:56:30.000",
      "level" : "wake",
      "seconds" : 30
    },{
      "dateTime" : "2019-03-25T05:59:00.000",
      "level" : "wake",
      "seconds" : 30
    },{
      "dateTime" : "2019-03-25T06:10:00.000",
      "level" : "wake",
      "seconds" : 30
    },{
      "dateTime" : "2019-03-25T06:12:30.000",
      "level" : "wake",
      "seconds" : 60
    },{
      "dateTime" : "2019-03-25T06:27:00.000",
      "level" : "wake",
      "seconds" : 60
    },{
      "dateTime" : "2019-03-25T06:31:00.000",
      "level" : "wake",
      "seconds" : 60
    },{
      "dateTime" : "2019-03-25T06:40:00.000",
      "level" : "wake",
      "seconds" : 30
    },{
      "dateTime" : "2019-03-25T06:58:30.000",
      "level" : "wake",
      "seconds" : 30
    },{
      "dateTime" : "2019-03-25T07:00:30.000",
      "level" : "wake",
      "seconds" : 30
    },{
      "dateTime" : "2019-03-25T07:04:30.000",
      "level" : "wake",
      "seconds" : 30
    },{
      "dateTime" : "2019-03-25T07:16:00.000",
      "level" : "wake",
      "seconds" : 60
    },{
      "dateTime" : "2019-03-25T07:31:30.000",
      "level" : "wake",
      "seconds" : 30
    },{
      "dateTime" : "2019-03-25T07:36:00.000",
      "level" : "wake",
      "seconds" : 30
    },{
      "dateTime" : "2019-03-25T07:54:30.000",
      "level" : "wake",
      "seconds" : 60
    },{
      "dateTime" : "2019-03-25T08:16:30.000",
      "level" : "wake",
      "seconds" : 30
    },{
      "dateTime" : "2019-03-25T08:46:30.000",
      "level" : "wake",
      "seconds" : 60
    },{
      "dateTime" : "2019-03-25T08:49:00.000",
      "level" : "wake",
      "seconds" : 120
    },{
      "dateTime" : "2019-03-25T09:20:00.000",
      "level" : "wake",
      "seconds" : 120
    }]
  }
},{
  "logId" : 21698810025,
  "dateOfSleep" : "2019-03-24",
  "startTime" : "2019-03-23T23:19:30.000",
  "endTime" : "2019-03-24T09:41:30.000",
  "duration" : 37320000,
  "minutesToFallAsleep" : 0,
  "minutesAsleep" : 541,
  "minutesAwake" : 81,
  "minutesAfterWakeup" : 1,
  "timeInBed" : 622,
  "efficiency" : 94,
  "type" : "stages",
  "infoCode" : 0,
  "levels" : {
    "summary" : {
      "deep" : {
        "count" : 5,
        "minutes" : 96,
        "thirtyDayAvgMinutes" : 72
      },
      "wake" : {
        "count" : 40,
        "minutes" : 81,
        "thirtyDayAvgMinutes" : 60
      },
      "light" : {
        "count" : 38,
        "minutes" : 339,
        "thirtyDayAvgMinutes" : 232
      },
      "rem" : {
        "count" : 11,
        "minutes" : 106,
        "thirtyDayAvgMinutes" : 83
      }
    },
    "data" : [{
      "dateTime" : "2019-03-23T23:19:30.000",
      "level" : "wake",
      "seconds" : 480
    },{
      "dateTime" : "2019-03-23T23:27:30.000",
      "level" : "light",
      "seconds" : 390
    },{
      "dateTime" : "2019-03-23T23:34:00.000",
      "level" : "deep",
      "seconds" : 390
    },{
      "dateTime" : "2019-03-23T23:40:30.000",
      "level" : "light",
      "seconds" : 900
    },{
      "dateTime" : "2019-03-23T23:55:30.000",
      "level" : "deep",
      "seconds" : 300
    },{
      "dateTime" : "2019-03-24T00:00:30.000",
      "level" : "wake",
      "seconds" : 210
    },{
      "dateTime" : "2019-03-24T00:04:00.000",
      "level" : "light",
      "seconds" : 540
    },{
      "dateTime" : "2019-03-24T00:13:00.000",
      "level" : "deep",
      "seconds" : 1620
    },{
      "dateTime" : "2019-03-24T00:40:00.000",
      "level" : "light",
      "seconds" : 660
    },{
      "dateTime" : "2019-03-24T00:51:00.000",
      "level" : "wake",
      "seconds" : 390
    },{
      "dateTime" : "2019-03-24T00:57:30.000",
      "level" : "light",
      "seconds" : 390
    },{
      "dateTime" : "2019-03-24T01:04:00.000",
      "level" : "rem",
      "seconds" : 450
    },{
      "dateTime" : "2019-03-24T01:11:30.000",
      "level" : "light",
      "seconds" : 1410
    },{
      "dateTime" : "2019-03-24T01:35:00.000",
      "level" : "rem",
      "seconds" : 1020
    },{
      "dateTime" : "2019-03-24T01:52:00.000",
      "level" : "wake",
      "seconds" : 270
    },{
      "dateTime" : "2019-03-24T01:56:30.000",
      "level" : "light",
      "seconds" : 870
    },{
      "dateTime" : "2019-03-24T02:11:00.000",
      "level" : "deep",
      "seconds" : 2070
    },{
      "dateTime" : "2019-03-24T02:45:30.000",
      "level" : "light",
      "seconds" : 3780
    },{
      "dateTime" : "2019-03-24T03:48:30.000",
      "level" : "rem",
      "seconds" : 390
    },{
      "dateTime" : "2019-03-24T03:55:00.000",
      "level" : "light",
      "seconds" : 3870
    },{
      "dateTime" : "2019-03-24T04:59:30.000",
      "level" : "wake",
      "seconds" : 330
    },{
      "dateTime" : "2019-03-24T05:05:00.000",
      "level" : "light",
      "seconds" : 3210
    },{
      "dateTime" : "2019-03-24T05:58:30.000",
      "level" : "rem",
      "seconds" : 2130
    },{
      "dateTime" : "2019-03-24T06:34:00.000",
      "level" : "light",
      "seconds" : 1320
    },{
      "dateTime" : "2019-03-24T06:56:00.000",
      "level" : "deep",
      "seconds" : 1710
    },{
      "dateTime" : "2019-03-24T07:24:30.000",
      "level" : "light",
      "seconds" : 150
    },{
      "dateTime" : "2019-03-24T07:27:00.000",
      "level" : "rem",
      "seconds" : 1320
    },{
      "dateTime" : "2019-03-24T07:49:00.000",
      "level" : "light",
      "seconds" : 840
    },{
      "dateTime" : "2019-03-24T08:03:00.000",
      "level" : "rem",
      "seconds" : 1260
    },{
      "dateTime" : "2019-03-24T08:24:00.000",
      "level" : "light",
      "seconds" : 2820
    },{
      "dateTime" : "2019-03-24T09:11:00.000",
      "level" : "wake",
      "seconds" : 720
    },{
      "dateTime" : "2019-03-24T09:23:00.000",
      "level" : "light",
      "seconds" : 210
    },{
      "dateTime" : "2019-03-24T09:26:30.000",
      "level" : "wake",
      "seconds" : 240
    },{
      "dateTime" : "2019-03-24T09:30:30.000",
      "level" : "light",
      "seconds" : 330
    },{
      "dateTime" : "2019-03-24T09:36:00.000",
      "level" : "wake",
      "seconds" : 330
    }],
    "shortData" : [{
      "dateTime" : "2019-03-24T00:38:30.000",
      "level" : "wake",
      "seconds" : 90
    },{
      "dateTime" : "2019-03-24T01:18:30.000",
      "level" : "wake",
      "seconds" : 30
    },{
      "dateTime" : "2019-03-24T01:30:00.000",
      "level" : "wake",
      "seconds" : 30
    },{
      "dateTime" : "2019-03-24T02:01:30.000",
      "level" : "wake",
      "seconds" : 30
    },{
      "dateTime" : "2019-03-24T02:04:30.000",
      "level" : "wake",
      "seconds" : 120
    },{
      "dateTime" : "2019-03-24T02:42:30.000",
      "level" : "wake",
      "seconds" : 180
    },{
      "dateTime" : "2019-03-24T02:55:00.000",
      "level" : "wake",
      "seconds" : 30
    },{
      "dateTime" : "2019-03-24T03:03:30.000",
      "level" : "wake",
      "seconds" : 60
    },{
      "dateTime" : "2019-03-24T03:06:00.000",
      "level" : "wake",
      "seconds" : 30
    },{
      "dateTime" : "2019-03-24T03:29:30.000",
      "level" : "wake",
      "seconds" : 30
    },{
      "dateTime" : "2019-03-24T03:55:00.000",
      "level" : "wake",
      "seconds" : 60
    },{
      "dateTime" : "2019-03-24T04:03:30.000",
      "level" : "wake",
      "seconds" : 60
    },{
      "dateTime" : "2019-03-24T04:17:30.000",
      "level" : "wake",
      "seconds" : 30
    },{
      "dateTime" : "2019-03-24T04:23:30.000",
      "level" : "wake",
      "seconds" : 30
    },{
      "dateTime" : "2019-03-24T04:37:00.000",
      "level" : "wake",
      "seconds" : 60
    },{
      "dateTime" : "2019-03-24T04:47:30.000",
      "level" : "wake",
      "seconds" : 120
    },{
      "dateTime" : "2019-03-24T05:09:00.000",
      "level" : "wake",
      "seconds" : 120
    },{
      "dateTime" : "2019-03-24T05:14:30.000",
      "level" : "wake",
      "seconds" : 30
    },{
      "dateTime" : "2019-03-24T05:17:30.000",
      "level" : "wake",
      "seconds" : 120
    },{
      "dateTime" : "2019-03-24T06:03:00.000",
      "level" : "wake",
      "seconds" : 30
    },{
      "dateTime" : "2019-03-24T06:19:30.000",
      "level" : "wake",
      "seconds" : 30
    },{
      "dateTime" : "2019-03-24T06:38:30.000",
      "level" : "wake",
      "seconds" : 30
    },{
      "dateTime" : "2019-03-24T07:24:00.000",
      "level" : "wake",
      "seconds" : 30
    },{
      "dateTime" : "2019-03-24T07:48:30.000",
      "level" : "wake",
      "seconds" : 30
    },{
      "dateTime" : "2019-03-24T08:10:00.000",
      "level" : "wake",
      "seconds" : 90
    },{
      "dateTime" : "2019-03-24T08:16:00.000",
      "level" : "wake",
      "seconds" : 30
    },{
      "dateTime" : "2019-03-24T08:22:00.000",
      "level" : "wake",
      "seconds" : 30
    },{
      "dateTime" : "2019-03-24T08:25:30.000",
      "level" : "wake",
      "seconds" : 90
    },{
      "dateTime" : "2019-03-24T08:34:30.000",
      "level" : "wake",
      "seconds" : 30
    },{
      "dateTime" : "2019-03-24T08:38:00.000",
      "level" : "wake",
      "seconds" : 60
    },{
      "dateTime" : "2019-03-24T08:52:30.000",
      "level" : "wake",
      "seconds" : 90
    },{
      "dateTime" : "2019-03-24T09:04:00.000",
      "level" : "wake",
      "seconds" : 60
    }]
  }
},{
  "logId" : 21687078515,
  "dateOfSleep" : "2019-03-23",
  "startTime" : "2019-03-23T00:08:00.000",
  "endTime" : "2019-03-23T10:18:30.000",
  "duration" : 36600000,
  "minutesToFallAsleep" : 0,
  "minutesAsleep" : 522,
  "minutesAwake" : 88,
  "minutesAfterWakeup" : 2,
  "timeInBed" : 610,
  "efficiency" : 91,
  "type" : "stages",
  "infoCode" : 0,
  "levels" : {
    "summary" : {
      "deep" : {
        "count" : 3,
        "minutes" : 100,
        "thirtyDayAvgMinutes" : 62
      },
      "wake" : {
        "count" : 38,
        "minutes" : 88,
        "thirtyDayAvgMinutes" : 51
      },
      "light" : {
        "count" : 36,
        "minutes" : 318,
        "thirtyDayAvgMinutes" : 204
      },
      "rem" : {
        "count" : 12,
        "minutes" : 104,
        "thirtyDayAvgMinutes" : 76
      }
    },
    "data" : [{
      "dateTime" : "2019-03-23T00:08:00.000",
      "level" : "light",
      "seconds" : 180
    },{
      "dateTime" : "2019-03-23T00:11:00.000",
      "level" : "wake",
      "seconds" : 660
    },{
      "dateTime" : "2019-03-23T00:22:00.000",
      "level" : "light",
      "seconds" : 990
    },{
      "dateTime" : "2019-03-23T00:38:30.000",
      "level" : "wake",
      "seconds" : 450
    },{
      "dateTime" : "2019-03-23T00:46:00.000",
      "level" : "light",
      "seconds" : 690
    },{
      "dateTime" : "2019-03-23T00:57:30.000",
      "level" : "deep",
      "seconds" : 2100
    },{
      "dateTime" : "2019-03-23T01:32:30.000",
      "level" : "wake",
      "seconds" : 330
    },{
      "dateTime" : "2019-03-23T01:38:00.000",
      "level" : "light",
      "seconds" : 3390
    },{
      "dateTime" : "2019-03-23T02:34:30.000",
      "level" : "rem",
      "seconds" : 960
    },{
      "dateTime" : "2019-03-23T02:50:30.000",
      "level" : "light",
      "seconds" : 1860
    },{
      "dateTime" : "2019-03-23T03:21:30.000",
      "level" : "deep",
      "seconds" : 2370
    },{
      "dateTime" : "2019-03-23T04:01:00.000",
      "level" : "rem",
      "seconds" : 1770
    },{
      "dateTime" : "2019-03-23T04:30:30.000",
      "level" : "light",
      "seconds" : 3390
    },{
      "dateTime" : "2019-03-23T05:27:00.000",
      "level" : "rem",
      "seconds" : 1200
    },{
      "dateTime" : "2019-03-23T05:47:00.000",
      "level" : "light",
      "seconds" : 630
    },{
      "dateTime" : "2019-03-23T05:57:30.000",
      "level" : "rem",
      "seconds" : 360
    },{
      "dateTime" : "2019-03-23T06:03:30.000",
      "level" : "light",
      "seconds" : 300
    },{
      "dateTime" : "2019-03-23T06:08:30.000",
      "level" : "wake",
      "seconds" : 270
    },{
      "dateTime" : "2019-03-23T06:13:00.000",
      "level" : "light",
      "seconds" : 2010
    },{
      "dateTime" : "2019-03-23T06:46:30.000",
      "level" : "wake",
      "seconds" : 420
    },{
      "dateTime" : "2019-03-23T06:53:30.000",
      "level" : "light",
      "seconds" : 630
    },{
      "dateTime" : "2019-03-23T07:04:00.000",
      "level" : "wake",
      "seconds" : 420
    },{
      "dateTime" : "2019-03-23T07:11:00.000",
      "level" : "light",
      "seconds" : 1290
    },{
      "dateTime" : "2019-03-23T07:32:30.000",
      "level" : "rem",
      "seconds" : 420
    },{
      "dateTime" : "2019-03-23T07:39:30.000",
      "level" : "light",
      "seconds" : 3030
    },{
      "dateTime" : "2019-03-23T08:30:00.000",
      "level" : "deep",
      "seconds" : 1620
    },{
      "dateTime" : "2019-03-23T08:57:00.000",
      "level" : "light",
      "seconds" : 90
    },{
      "dateTime" : "2019-03-23T08:58:30.000",
      "level" : "rem",
      "seconds" : 1620
    },{
      "dateTime" : "2019-03-23T09:25:30.000",
      "level" : "light",
      "seconds" : 2430
    },{
      "dateTime" : "2019-03-23T10:06:00.000",
      "level" : "rem",
      "seconds" : 390
    },{
      "dateTime" : "2019-03-23T10:12:30.000",
      "level" : "wake",
      "seconds" : 360
    }],
    "shortData" : [{
      "dateTime" : "2019-03-23T00:29:30.000",
      "level" : "wake",
      "seconds" : 30
    },{
      "dateTime" : "2019-03-23T00:33:30.000",
      "level" : "wake",
      "seconds" : 30
    },{
      "dateTime" : "2019-03-23T00:50:30.000",
      "level" : "wake",
      "seconds" : 30
    },{
      "dateTime" : "2019-03-23T01:44:00.000",
      "level" : "wake",
      "seconds" : 30
    },{
      "dateTime" : "2019-03-23T01:46:30.000",
      "level" : "wake",
      "seconds" : 120
    },{
      "dateTime" : "2019-03-23T02:03:00.000",
      "level" : "wake",
      "seconds" : 150
    },{
      "dateTime" : "2019-03-23T02:30:30.000",
      "level" : "wake",
      "seconds" : 150
    },{
      "dateTime" : "2019-03-23T02:59:00.000",
      "level" : "wake",
      "seconds" : 30
    },{
      "dateTime" : "2019-03-23T03:17:30.000",
      "level" : "wake",
      "seconds" : 60
    },{
      "dateTime" : "2019-03-23T04:59:00.000",
      "level" : "wake",
      "seconds" : 120
    },{
      "dateTime" : "2019-03-23T05:07:00.000",
      "level" : "wake",
      "seconds" : 60
    },{
      "dateTime" : "2019-03-23T05:18:00.000",
      "level" : "wake",
      "seconds" : 60
    },{
      "dateTime" : "2019-03-23T05:24:30.000",
      "level" : "wake",
      "seconds" : 90
    },{
      "dateTime" : "2019-03-23T05:29:00.000",
      "level" : "wake",
      "seconds" : 30
    },{
      "dateTime" : "2019-03-23T05:35:00.000",
      "level" : "wake",
      "seconds" : 120
    },{
      "dateTime" : "2019-03-23T05:45:00.000",
      "level" : "wake",
      "seconds" : 120
    },{
      "dateTime" : "2019-03-23T06:06:00.000",
      "level" : "wake",
      "seconds" : 30
    },{
      "dateTime" : "2019-03-23T07:21:00.000",
      "level" : "wake",
      "seconds" : 60
    },{
      "dateTime" : "2019-03-23T07:25:00.000",
      "level" : "wake",
      "seconds" : 120
    },{
      "dateTime" : "2019-03-23T07:31:00.000",
      "level" : "wake",
      "seconds" : 30
    },{
      "dateTime" : "2019-03-23T07:42:00.000",
      "level" : "wake",
      "seconds" : 60
    },{
      "dateTime" : "2019-03-23T07:48:30.000",
      "level" : "wake",
      "seconds" : 30
    },{
      "dateTime" : "2019-03-23T07:54:00.000",
      "level" : "wake",
      "seconds" : 30
    },{
      "dateTime" : "2019-03-23T08:21:30.000",
      "level" : "wake",
      "seconds" : 60
    },{
      "dateTime" : "2019-03-23T08:55:30.000",
      "level" : "wake",
      "seconds" : 90
    },{
      "dateTime" : "2019-03-23T09:02:30.000",
      "level" : "wake",
      "seconds" : 30
    },{
      "dateTime" : "2019-03-23T09:12:00.000",
      "level" : "wake",
      "seconds" : 30
    },{
      "dateTime" : "2019-03-23T09:15:30.000",
      "level" : "wake",
      "seconds" : 120
    },{
      "dateTime" : "2019-03-23T09:25:30.000",
      "level" : "wake",
      "seconds" : 180
    },{
      "dateTime" : "2019-03-23T09:56:30.000",
      "level" : "wake",
      "seconds" : 180
    },{
      "dateTime" : "2019-03-23T10:04:00.000",
      "level" : "wake",
      "seconds" : 120
    }]
  }
},{
  "logId" : 21674966453,
  "dateOfSleep" : "2019-03-22",
  "startTime" : "2019-03-22T02:54:30.000",
  "endTime" : "2019-03-22T08:16:30.000",
  "duration" : 19320000,
  "minutesToFallAsleep" : 0,
  "minutesAsleep" : 281,
  "minutesAwake" : 41,
  "minutesAfterWakeup" : 0,
  "timeInBed" : 322,
  "efficiency" : 94,
  "type" : "stages",
  "infoCode" : 0,
  "levels" : {
    "summary" : {
      "deep" : {
        "count" : 5,
        "minutes" : 70,
        "thirtyDayAvgMinutes" : 59
      },
      "wake" : {
        "count" : 19,
        "minutes" : 41,
        "thirtyDayAvgMinutes" : 56
      },
      "light" : {
        "count" : 17,
        "minutes" : 157,
        "thirtyDayAvgMinutes" : 227
      },
      "rem" : {
        "count" : 7,
        "minutes" : 54,
        "thirtyDayAvgMinutes" : 87
      }
    },
    "data" : [{
      "dateTime" : "2019-03-22T02:54:30.000",
      "level" : "wake",
      "seconds" : 540
    },{
      "dateTime" : "2019-03-22T03:03:30.000",
      "level" : "light",
      "seconds" : 1200
    },{
      "dateTime" : "2019-03-22T03:23:30.000",
      "level" : "deep",
      "seconds" : 1170
    },{
      "dateTime" : "2019-03-22T03:43:00.000",
      "level" : "wake",
      "seconds" : 300
    },{
      "dateTime" : "2019-03-22T03:48:00.000",
      "level" : "light",
      "seconds" : 2340
    },{
      "dateTime" : "2019-03-22T04:27:00.000",
      "level" : "deep",
      "seconds" : 720
    },{
      "dateTime" : "2019-03-22T04:39:00.000",
      "level" : "light",
      "seconds" : 210
    },{
      "dateTime" : "2019-03-22T04:42:30.000",
      "level" : "rem",
      "seconds" : 1110
    },{
      "dateTime" : "2019-03-22T05:01:00.000",
      "level" : "light",
      "seconds" : 2820
    },{
      "dateTime" : "2019-03-22T05:48:00.000",
      "level" : "deep",
      "seconds" : 510
    },{
      "dateTime" : "2019-03-22T05:56:30.000",
      "level" : "light",
      "seconds" : 30
    },{
      "dateTime" : "2019-03-22T05:57:00.000",
      "level" : "wake",
      "seconds" : 240
    },{
      "dateTime" : "2019-03-22T06:01:00.000",
      "level" : "light",
      "seconds" : 1380
    },{
      "dateTime" : "2019-03-22T06:24:00.000",
      "level" : "rem",
      "seconds" : 1500
    },{
      "dateTime" : "2019-03-22T06:49:00.000",
      "level" : "light",
      "seconds" : 330
    },{
      "dateTime" : "2019-03-22T06:54:30.000",
      "level" : "rem",
      "seconds" : 420
    },{
      "dateTime" : "2019-03-22T07:01:30.000",
      "level" : "light",
      "seconds" : 660
    },{
      "dateTime" : "2019-03-22T07:12:30.000",
      "level" : "deep",
      "seconds" : 690
    },{
      "dateTime" : "2019-03-22T07:24:00.000",
      "level" : "light",
      "seconds" : 630
    },{
      "dateTime" : "2019-03-22T07:34:30.000",
      "level" : "deep",
      "seconds" : 1320
    },{
      "dateTime" : "2019-03-22T07:56:30.000",
      "level" : "light",
      "seconds" : 150
    },{
      "dateTime" : "2019-03-22T07:59:00.000",
      "level" : "rem",
      "seconds" : 540
    },{
      "dateTime" : "2019-03-22T08:08:00.000",
      "level" : "light",
      "seconds" : 210
    },{
      "dateTime" : "2019-03-22T08:11:30.000",
      "level" : "wake",
      "seconds" : 300
    }],
    "shortData" : [{
      "dateTime" : "2019-03-22T03:58:30.000",
      "level" : "wake",
      "seconds" : 180
    },{
      "dateTime" : "2019-03-22T04:04:00.000",
      "level" : "wake",
      "seconds" : 30
    },{
      "dateTime" : "2019-03-22T04:06:00.000",
      "level" : "wake",
      "seconds" : 60
    },{
      "dateTime" : "2019-03-22T04:38:30.000",
      "level" : "wake",
      "seconds" : 30
    },{
      "dateTime" : "2019-03-22T04:53:00.000",
      "level" : "wake",
      "seconds" : 30
    },{
      "dateTime" : "2019-03-22T05:22:30.000",
      "level" : "wake",
      "seconds" : 180
    },{
      "dateTime" : "2019-03-22T05:27:00.000",
      "level" : "wake",
      "seconds" : 30
    },{
      "dateTime" : "2019-03-22T05:36:30.000",
      "level" : "wake",
      "seconds" : 90
    },{
      "dateTime" : "2019-03-22T06:28:30.000",
      "level" : "wake",
      "seconds" : 30
    },{
      "dateTime" : "2019-03-22T06:35:30.000",
      "level" : "wake",
      "seconds" : 30
    },{
      "dateTime" : "2019-03-22T06:47:30.000",
      "level" : "wake",
      "seconds" : 90
    },{
      "dateTime" : "2019-03-22T07:23:00.000",
      "level" : "wake",
      "seconds" : 60
    },{
      "dateTime" : "2019-03-22T07:55:00.000",
      "level" : "wake",
      "seconds" : 90
    },{
      "dateTime" : "2019-03-22T07:59:00.000",
      "level" : "wake",
      "seconds" : 60
    },{
      "dateTime" : "2019-03-22T08:06:00.000",
      "level" : "wake",
      "seconds" : 120
    }]
  }
},{
  "logId" : 21660026428,
  "dateOfSleep" : "2019-03-21",
  "startTime" : "2019-03-21T01:35:00.000",
  "endTime" : "2019-03-21T07:54:30.000",
  "duration" : 22740000,
  "minutesToFallAsleep" : 0,
  "minutesAsleep" : 329,
  "minutesAwake" : 50,
  "minutesAfterWakeup" : 0,
  "timeInBed" : 379,
  "efficiency" : 91,
  "type" : "stages",
  "infoCode" : 0,
  "levels" : {
    "summary" : {
      "deep" : {
        "count" : 3,
        "minutes" : 66,
        "thirtyDayAvgMinutes" : 51
      },
      "wake" : {
        "count" : 25,
        "minutes" : 50,
        "thirtyDayAvgMinutes" : 62
      },
      "light" : {
        "count" : 23,
        "minutes" : 186,
        "thirtyDayAvgMinutes" : 268
      },
      "rem" : {
        "count" : 10,
        "minutes" : 77,
        "thirtyDayAvgMinutes" : 96
      }
    },
    "data" : [{
      "dateTime" : "2019-03-21T01:35:00.000",
      "level" : "wake",
      "seconds" : 840
    },{
      "dateTime" : "2019-03-21T01:49:00.000",
      "level" : "light",
      "seconds" : 540
    },{
      "dateTime" : "2019-03-21T01:58:00.000",
      "level" : "wake",
      "seconds" : 360
    },{
      "dateTime" : "2019-03-21T02:04:00.000",
      "level" : "light",
      "seconds" : 1530
    },{
      "dateTime" : "2019-03-21T02:29:30.000",
      "level" : "deep",
      "seconds" : 930
    },{
      "dateTime" : "2019-03-21T02:45:00.000",
      "level" : "light",
      "seconds" : 390
    },{
      "dateTime" : "2019-03-21T02:51:30.000",
      "level" : "wake",
      "seconds" : 450
    },{
      "dateTime" : "2019-03-21T02:59:00.000",
      "level" : "light",
      "seconds" : 1080
    },{
      "dateTime" : "2019-03-21T03:17:00.000",
      "level" : "deep",
      "seconds" : 1380
    },{
      "dateTime" : "2019-03-21T03:40:00.000",
      "level" : "light",
      "seconds" : 360
    },{
      "dateTime" : "2019-03-21T03:46:00.000",
      "level" : "rem",
      "seconds" : 1410
    },{
      "dateTime" : "2019-03-21T04:09:30.000",
      "level" : "light",
      "seconds" : 4050
    },{
      "dateTime" : "2019-03-21T05:17:00.000",
      "level" : "rem",
      "seconds" : 270
    },{
      "dateTime" : "2019-03-21T05:21:30.000",
      "level" : "light",
      "seconds" : 690
    },{
      "dateTime" : "2019-03-21T05:33:00.000",
      "level" : "rem",
      "seconds" : 450
    },{
      "dateTime" : "2019-03-21T05:40:30.000",
      "level" : "light",
      "seconds" : 570
    },{
      "dateTime" : "2019-03-21T05:50:00.000",
      "level" : "deep",
      "seconds" : 1770
    },{
      "dateTime" : "2019-03-21T06:19:30.000",
      "level" : "light",
      "seconds" : 240
    },{
      "dateTime" : "2019-03-21T06:23:30.000",
      "level" : "rem",
      "seconds" : 1710
    },{
      "dateTime" : "2019-03-21T06:52:00.000",
      "level" : "wake",
      "seconds" : 270
    },{
      "dateTime" : "2019-03-21T06:56:30.000",
      "level" : "light",
      "seconds" : 2490
    },{
      "dateTime" : "2019-03-21T07:38:00.000",
      "level" : "rem",
      "seconds" : 990
    }],
    "shortData" : [{
      "dateTime" : "2019-03-21T01:51:30.000",
      "level" : "wake",
      "seconds" : 30
    },{
      "dateTime" : "2019-03-21T02:06:00.000",
      "level" : "wake",
      "seconds" : 180
    },{
      "dateTime" : "2019-03-21T02:44:30.000",
      "level" : "wake",
      "seconds" : 30
    },{
      "dateTime" : "2019-03-21T03:12:00.000",
      "level" : "wake",
      "seconds" : 30
    },{
      "dateTime" : "2019-03-21T03:40:30.000",
      "level" : "wake",
      "seconds" : 30
    },{
      "dateTime" : "2019-03-21T03:53:30.000",
      "level" : "wake",
      "seconds" : 30
    },{
      "dateTime" : "2019-03-21T04:01:00.000",
      "level" : "wake",
      "seconds" : 30
    },{
      "dateTime" : "2019-03-21T04:12:00.000",
      "level" : "wake",
      "seconds" : 120
    },{
      "dateTime" : "2019-03-21T04:28:00.000",
      "level" : "wake",
      "seconds" : 30
    },{
      "dateTime" : "2019-03-21T04:43:30.000",
      "level" : "wake",
      "seconds" : 30
    },{
      "dateTime" : "2019-03-21T04:52:30.000",
      "level" : "wake",
      "seconds" : 30
    },{
      "dateTime" : "2019-03-21T04:57:30.000",
      "level" : "wake",
      "seconds" : 90
    },{
      "dateTime" : "2019-03-21T05:16:00.000",
      "level" : "wake",
      "seconds" : 60
    },{
      "dateTime" : "2019-03-21T06:17:30.000",
      "level" : "wake",
      "seconds" : 120
    },{
      "dateTime" : "2019-03-21T06:44:00.000",
      "level" : "wake",
      "seconds" : 30
    },{
      "dateTime" : "2019-03-21T07:03:00.000",
      "level" : "wake",
      "seconds" : 30
    },{
      "dateTime" : "2019-03-21T07:05:30.000",
      "level" : "wake",
      "seconds" : 60
    },{
      "dateTime" : "2019-03-21T07:20:30.000",
      "level" : "wake",
      "seconds" : 30
    },{
      "dateTime" : "2019-03-21T07:36:30.000",
      "level" : "wake",
      "seconds" : 30
    },{
      "dateTime" : "2019-03-21T07:43:00.000",
      "level" : "wake",
      "seconds" : 60
    },{
      "dateTime" : "2019-03-21T07:50:00.000",
      "level" : "wake",
      "seconds" : 30
    }]
  }
},{
  "logId" : 21637111222,
  "dateOfSleep" : "2019-03-20",
  "startTime" : "2019-03-20T18:45:00.000",
  "endTime" : "2019-03-20T19:15:00.000",
  "duration" : 1800000,
  "minutesToFallAsleep" : 4,
  "minutesAsleep" : 26,
  "minutesAwake" : 0,
  "minutesAfterWakeup" : 0,
  "timeInBed" : 30,
  "efficiency" : 100,
  "type" : "classic",
  "infoCode" : 2,
  "levels" : {
    "summary" : {
      "restless" : {
        "count" : 1,
        "minutes" : 3
      },
      "awake" : {
        "count" : 1,
        "minutes" : 1
      },
      "asleep" : {
        "count" : 0,
        "minutes" : 26
      }
    },
    "data" : [{
      "dateTime" : "2019-03-20T18:45:00.000",
      "level" : "awake",
      "seconds" : 60
    },{
      "dateTime" : "2019-03-20T18:46:00.000",
      "level" : "restless",
      "seconds" : 180
    },{
      "dateTime" : "2019-03-20T18:49:00.000",
      "level" : "asleep",
      "seconds" : 1560
    }]
  }
},{
  "logId" : 21648464408,
  "dateOfSleep" : "2019-03-20",
  "startTime" : "2019-03-20T00:38:30.000",
  "endTime" : "2019-03-20T08:35:30.000",
  "duration" : 28620000,
  "minutesToFallAsleep" : 0,
  "minutesAsleep" : 415,
  "minutesAwake" : 62,
  "minutesAfterWakeup" : 0,
  "timeInBed" : 477,
  "efficiency" : 94,
  "type" : "stages",
  "infoCode" : 0,
  "levels" : {
    "summary" : {
      "deep" : {
        "count" : 3,
        "minutes" : 51,
        "thirtyDayAvgMinutes" : 0
      },
      "wake" : {
        "count" : 35,
        "minutes" : 62,
        "thirtyDayAvgMinutes" : 0
      },
      "light" : {
        "count" : 31,
        "minutes" : 268,
        "thirtyDayAvgMinutes" : 0
      },
      "rem" : {
        "count" : 9,
        "minutes" : 96,
        "thirtyDayAvgMinutes" : 0
      }
    },
    "data" : [{
      "dateTime" : "2019-03-20T00:38:30.000",
      "level" : "wake",
      "seconds" : 930
    },{
      "dateTime" : "2019-03-20T00:54:00.000",
      "level" : "light",
      "seconds" : 120
    },{
      "dateTime" : "2019-03-20T00:56:00.000",
      "level" : "wake",
      "seconds" : 840
    },{
      "dateTime" : "2019-03-20T01:10:00.000",
      "level" : "light",
      "seconds" : 1410
    },{
      "dateTime" : "2019-03-20T01:33:30.000",
      "level" : "deep",
      "seconds" : 450
    },{
      "dateTime" : "2019-03-20T01:41:00.000",
      "level" : "light",
      "seconds" : 5460
    },{
      "dateTime" : "2019-03-20T03:12:00.000",
      "level" : "deep",
      "seconds" : 960
    },{
      "dateTime" : "2019-03-20T03:28:00.000",
      "level" : "light",
      "seconds" : 1080
    },{
      "dateTime" : "2019-03-20T03:46:00.000",
      "level" : "rem",
      "seconds" : 2130
    },{
      "dateTime" : "2019-03-20T04:21:30.000",
      "level" : "light",
      "seconds" : 5010
    },{
      "dateTime" : "2019-03-20T05:45:00.000",
      "level" : "rem",
      "seconds" : 780
    },{
      "dateTime" : "2019-03-20T05:58:00.000",
      "level" : "light",
      "seconds" : 1590
    },{
      "dateTime" : "2019-03-20T06:24:30.000",
      "level" : "deep",
      "seconds" : 1830
    },{
      "dateTime" : "2019-03-20T06:55:00.000",
      "level" : "rem",
      "seconds" : 1290
    },{
      "dateTime" : "2019-03-20T07:16:30.000",
      "level" : "light",
      "seconds" : 1710
    },{
      "dateTime" : "2019-03-20T07:45:00.000",
      "level" : "rem",
      "seconds" : 1800
    },{
      "dateTime" : "2019-03-20T08:15:00.000",
      "level" : "light",
      "seconds" : 600
    },{
      "dateTime" : "2019-03-20T08:25:00.000",
      "level" : "wake",
      "seconds" : 360
    },{
      "dateTime" : "2019-03-20T08:31:00.000",
      "level" : "light",
      "seconds" : 270
    }],
    "shortData" : [{
      "dateTime" : "2019-03-20T01:12:00.000",
      "level" : "wake",
      "seconds" : 150
    },{
      "dateTime" : "2019-03-20T01:41:00.000",
      "level" : "wake",
      "seconds" : 60
    },{
      "dateTime" : "2019-03-20T02:02:30.000",
      "level" : "wake",
      "seconds" : 120
    },{
      "dateTime" : "2019-03-20T02:06:00.000",
      "level" : "wake",
      "seconds" : 60
    },{
      "dateTime" : "2019-03-20T02:21:30.000",
      "level" : "wake",
      "seconds" : 30
    },{
      "dateTime" : "2019-03-20T02:26:30.000",
      "level" : "wake",
      "seconds" : 30
    },{
      "dateTime" : "2019-03-20T02:36:00.000",
      "level" : "wake",
      "seconds" : 60
    },{
      "dateTime" : "2019-03-20T03:01:30.000",
      "level" : "wake",
      "seconds" : 30
    },{
      "dateTime" : "2019-03-20T03:07:00.000",
      "level" : "wake",
      "seconds" : 30
    },{
      "dateTime" : "2019-03-20T03:25:30.000",
      "level" : "wake",
      "seconds" : 150
    },{
      "dateTime" : "2019-03-20T03:40:30.000",
      "level" : "wake",
      "seconds" : 30
    },{
      "dateTime" : "2019-03-20T04:12:00.000",
      "level" : "wake",
      "seconds" : 30
    },{
      "dateTime" : "2019-03-20T04:14:00.000",
      "level" : "wake",
      "seconds" : 30
    },{
      "dateTime" : "2019-03-20T04:20:00.000",
      "level" : "wake",
      "seconds" : 90
    },{
      "dateTime" : "2019-03-20T04:23:00.000",
      "level" : "wake",
      "seconds" : 90
    },{
      "dateTime" : "2019-03-20T04:31:00.000",
      "level" : "wake",
      "seconds" : 30
    },{
      "dateTime" : "2019-03-20T04:34:30.000",
      "level" : "wake",
      "seconds" : 30
    },{
      "dateTime" : "2019-03-20T04:51:00.000",
      "level" : "wake",
      "seconds" : 60
    },{
      "dateTime" : "2019-03-20T05:00:00.000",
      "level" : "wake",
      "seconds" : 30
    },{
      "dateTime" : "2019-03-20T05:07:00.000",
      "level" : "wake",
      "seconds" : 30
    },{
      "dateTime" : "2019-03-20T05:18:30.000",
      "level" : "wake",
      "seconds" : 30
    },{
      "dateTime" : "2019-03-20T05:31:00.000",
      "level" : "wake",
      "seconds" : 30
    },{
      "dateTime" : "2019-03-20T06:12:30.000",
      "level" : "wake",
      "seconds" : 90
    },{
      "dateTime" : "2019-03-20T06:54:30.000",
      "level" : "wake",
      "seconds" : 30
    },{
      "dateTime" : "2019-03-20T07:00:30.000",
      "level" : "wake",
      "seconds" : 30
    },{
      "dateTime" : "2019-03-20T07:10:00.000",
      "level" : "wake",
      "seconds" : 30
    },{
      "dateTime" : "2019-03-20T07:17:30.000",
      "level" : "wake",
      "seconds" : 30
    },{
      "dateTime" : "2019-03-20T07:21:00.000",
      "level" : "wake",
      "seconds" : 60
    },{
      "dateTime" : "2019-03-20T07:37:30.000",
      "level" : "wake",
      "seconds" : 30
    },{
      "dateTime" : "2019-03-20T08:10:00.000",
      "level" : "wake",
      "seconds" : 30
    },{
      "dateTime" : "2019-03-20T08:16:30.000",
      "level" : "wake",
      "seconds" : 30
    },{
      "dateTime" : "2019-03-20T08:35:00.000",
      "level" : "wake",
      "seconds" : 30
    }]
  }
}]