[{
  "logId" : 13633122428,
  "dateOfSleep" : "2017-01-29",
  "startTime" : "2017-01-28T22:29:30.000",
  "endTime" : "2017-01-29T09:29:30.000",
  "duration" : 39600000,
  "minutesToFallAsleep" : 0,
  "minutesAsleep" : 595,
  "minutesAwake" : 65,
  "minutesAfterWakeup" : 0,
  "timeInBed" : 660,
  "efficiency" : 90,
  "type" : "classic",
  "infoCode" : 0,
  "levels" : {
    "summary" : {
      "restless" : {
        "count" : 34,
        "minutes" : 58
      },
      "awake" : {
        "count" : 3,
        "minutes" : 7
      },
      "asleep" : {
        "count" : 0,
        "minutes" : 595
      }
    },
    "data" : [{
      "dateTime" : "2017-01-28T22:29:30.000",
      "level" : "asleep",
      "seconds" : 540
    },{
      "dateTime" : "2017-01-28T22:38:30.000",
      "level" : "restless",
      "seconds" : 60
    },{
      "dateTime" : "2017-01-28T22:39:30.000",
      "level" : "asleep",
      "seconds" : 60
    },{
      "dateTime" : "2017-01-28T22:40:30.000",
      "level" : "restless",
      "seconds" : 180
    },{
      "dateTime" : "2017-01-28T22:43:30.000",
      "level" : "awake",
      "seconds" : 120
    },{
      "dateTime" : "2017-01-28T22:45:30.000",
      "level" : "restless",
      "seconds" : 60
    },{
      "dateTime" : "2017-01-28T22:46:30.000",
      "level" : "asleep",
      "seconds" : 2040
    },{
      "dateTime" : "2017-01-28T23:20:30.000",
      "level" : "restless",
      "seconds" : 120
    },{
      "dateTime" : "2017-01-28T23:22:30.000",
      "level" : "asleep",
      "seconds" : 3360
    },{
      "dateTime" : "2017-01-29T00:18:30.000",
      "level" : "restless",
      "seconds" : 60
    },{
      "dateTime" : "2017-01-29T00:19:30.000",
      "level" : "asleep",
      "seconds" : 2460
    },{
      "dateTime" : "2017-01-29T01:00:30.000",
      "level" : "restless",
      "seconds" : 60
    },{
      "dateTime" : "2017-01-29T01:01:30.000",
      "level" : "asleep",
      "seconds" : 1260
    },{
      "dateTime" : "2017-01-29T01:22:30.000",
      "level" : "restless",
      "seconds" : 60
    },{
      "dateTime" : "2017-01-29T01:23:30.000",
      "level" : "asleep",
      "seconds" : 420
    },{
      "dateTime" : "2017-01-29T01:30:30.000",
      "level" : "restless",
      "seconds" : 60
    },{
      "dateTime" : "2017-01-29T01:31:30.000",
      "level" : "asleep",
      "seconds" : 660
    },{
      "dateTime" : "2017-01-29T01:42:30.000",
      "level" : "restless",
      "seconds" : 60
    },{
      "dateTime" : "2017-01-29T01:43:30.000",
      "level" : "asleep",
      "seconds" : 2640
    },{
      "dateTime" : "2017-01-29T02:27:30.000",
      "level" : "restless",
      "seconds" : 60
    },{
      "dateTime" : "2017-01-29T02:28:30.000",
      "level" : "asleep",
      "seconds" : 360
    },{
      "dateTime" : "2017-01-29T02:34:30.000",
      "level" : "restless",
      "seconds" : 120
    },{
      "dateTime" : "2017-01-29T02:36:30.000",
      "level" : "asleep",
      "seconds" : 360
    },{
      "dateTime" : "2017-01-29T02:42:30.000",
      "level" : "restless",
      "seconds" : 420
    },{
      "dateTime" : "2017-01-29T02:49:30.000",
      "level" : "awake",
      "seconds" : 240
    },{
      "dateTime" : "2017-01-29T02:53:30.000",
      "level" : "restless",
      "seconds" : 60
    },{
      "dateTime" : "2017-01-29T02:54:30.000",
      "level" : "awake",
      "seconds" : 60
    },{
      "dateTime" : "2017-01-29T02:55:30.000",
      "level" : "restless",
      "seconds" : 60
    },{
      "dateTime" : "2017-01-29T02:56:30.000",
      "level" : "asleep",
      "seconds" : 360
    },{
      "dateTime" : "2017-01-29T03:02:30.000",
      "level" : "restless",
      "seconds" : 120
    },{
      "dateTime" : "2017-01-29T03:04:30.000",
      "level" : "asleep",
      "seconds" : 180
    },{
      "dateTime" : "2017-01-29T03:07:30.000",
      "level" : "restless",
      "seconds" : 60
    },{
      "dateTime" : "2017-01-29T03:08:30.000",
      "level" : "asleep",
      "seconds" : 3000
    },{
      "dateTime" : "2017-01-29T03:58:30.000",
      "level" : "restless",
      "seconds" : 60
    },{
      "dateTime" : "2017-01-29T03:59:30.000",
      "level" : "asleep",
      "seconds" : 120
    },{
      "dateTime" : "2017-01-29T04:01:30.000",
      "level" : "restless",
      "seconds" : 60
    },{
      "dateTime" : "2017-01-29T04:02:30.000",
      "level" : "asleep",
      "seconds" : 240
    },{
      "dateTime" : "2017-01-29T04:06:30.000",
      "level" : "restless",
      "seconds" : 60
    },{
      "dateTime" : "2017-01-29T04:07:30.000",
      "level" : "asleep",
      "seconds" : 180
    },{
      "dateTime" : "2017-01-29T04:10:30.000",
      "level" : "restless",
      "seconds" : 180
    },{
      "dateTime" : "2017-01-29T04:13:30.000",
      "level" : "asleep",
      "seconds" : 60
    },{
      "dateTime" : "2017-01-29T04:14:30.000",
      "level" : "restless",
      "seconds" : 120
    },{
      "dateTime" : "2017-01-29T04:16:30.000",
      "level" : "asleep",
      "seconds" : 840
    },{
      "dateTime" : "2017-01-29T04:30:30.000",
      "level" : "restless",
      "seconds" : 180
    },{
      "dateTime" : "2017-01-29T04:33:30.000",
      "level" : "asleep",
      "seconds" : 120
    },{
      "dateTime" : "2017-01-29T04:35:30.000",
      "level" : "restless",
      "seconds" : 120
    },{
      "dateTime" : "2017-01-29T04:37:30.000",
      "level" : "asleep",
      "seconds" : 1920
    },{
      "dateTime" : "2017-01-29T05:09:30.000",
      "level" : "restless",
      "seconds" : 60
    },{
      "dateTime" : "2017-01-29T05:10:30.000",
      "level" : "asleep",
      "seconds" : 600
    },{
      "dateTime" : "2017-01-29T05:20:30.000",
      "level" : "restless",
      "seconds" : 60
    },{
      "dateTime" : "2017-01-29T05:21:30.000",
      "level" : "asleep",
      "seconds" : 1080
    },{
      "dateTime" : "2017-01-29T05:39:30.000",
      "level" : "restless",
      "seconds" : 60
    },{
      "dateTime" : "2017-01-29T05:40:30.000",
      "level" : "asleep",
      "seconds" : 2580
    },{
      "dateTime" : "2017-01-29T06:23:30.000",
      "level" : "restless",
      "seconds" : 60
    },{
      "dateTime" : "2017-01-29T06:24:30.000",
      "level" : "asleep",
      "seconds" : 300
    },{
      "dateTime" : "2017-01-29T06:29:30.000",
      "level" : "restless",
      "seconds" : 60
    },{
      "dateTime" : "2017-01-29T06:30:30.000",
      "level" : "asleep",
      "seconds" : 960
    },{
      "dateTime" : "2017-01-29T06:46:30.000",
      "level" : "restless",
      "seconds" : 180
    },{
      "dateTime" : "2017-01-29T06:49:30.000",
      "level" : "asleep",
      "seconds" : 720
    },{
      "dateTime" : "2017-01-29T07:01:30.000",
      "level" : "restless",
      "seconds" : 60
    },{
      "dateTime" : "2017-01-29T07:02:30.000",
      "level" : "asleep",
      "seconds" : 5580
    },{
      "dateTime" : "2017-01-29T08:35:30.000",
      "level" : "restless",
      "seconds" : 60
    },{
      "dateTime" : "2017-01-29T08:36:30.000",
      "level" : "asleep",
      "seconds" : 2520
    },{
      "dateTime" : "2017-01-29T09:18:30.000",
      "level" : "restless",
      "seconds" : 360
    },{
      "dateTime" : "2017-01-29T09:24:30.000",
      "level" : "asleep",
      "seconds" : 60
    },{
      "dateTime" : "2017-01-29T09:25:30.000",
      "level" : "restless",
      "seconds" : 60
    },{
      "dateTime" : "2017-01-29T09:26:30.000",
      "level" : "asleep",
      "seconds" : 60
    },{
      "dateTime" : "2017-01-29T09:27:30.000",
      "level" : "restless",
      "seconds" : 60
    },{
      "dateTime" : "2017-01-29T09:28:30.000",
      "level" : "asleep",
      "seconds" : 60
    }]
  }
},{
  "logId" : 13625067930,
  "dateOfSleep" : "2017-01-28",
  "startTime" : "2017-01-28T02:15:30.000",
  "endTime" : "2017-01-28T08:51:00.000",
  "duration" : 23700000,
  "minutesToFallAsleep" : 0,
  "minutesAsleep" : 372,
  "minutesAwake" : 23,
  "minutesAfterWakeup" : 0,
  "timeInBed" : 395,
  "efficiency" : 94,
  "type" : "classic",
  "infoCode" : 0,
  "levels" : {
    "summary" : {
      "restless" : {
        "count" : 7,
        "minutes" : 23
      },
      "awake" : {
        "count" : 0,
        "minutes" : 0
      },
      "asleep" : {
        "count" : 0,
        "minutes" : 372
      }
    },
    "data" : [{
      "dateTime" : "2017-01-28T02:15:30.000",
      "level" : "asleep",
      "seconds" : 60
    },{
      "dateTime" : "2017-01-28T02:16:30.000",
      "level" : "restless",
      "seconds" : 60
    },{
      "dateTime" : "2017-01-28T02:17:30.000",
      "level" : "asleep",
      "seconds" : 6180
    },{
      "dateTime" : "2017-01-28T04:00:30.000",
      "level" : "restless",
      "seconds" : 60
    },{
      "dateTime" : "2017-01-28T04:01:30.000",
      "level" : "asleep",
      "seconds" : 180
    },{
      "dateTime" : "2017-01-28T04:04:30.000",
      "level" : "restless",
      "seconds" : 60
    },{
      "dateTime" : "2017-01-28T04:05:30.000",
      "level" : "asleep",
      "seconds" : 3060
    },{
      "dateTime" : "2017-01-28T04:56:30.000",
      "level" : "restless",
      "seconds" : 60
    },{
      "dateTime" : "2017-01-28T04:57:30.000",
      "level" : "asleep",
      "seconds" : 120
    },{
      "dateTime" : "2017-01-28T04:59:30.000",
      "level" : "restless",
      "seconds" : 1020
    },{
      "dateTime" : "2017-01-28T05:16:30.000",
      "level" : "asleep",
      "seconds" : 3660
    },{
      "dateTime" : "2017-01-28T06:17:30.000",
      "level" : "restless",
      "seconds" : 60
    },{
      "dateTime" : "2017-01-28T06:18:30.000",
      "level" : "asleep",
      "seconds" : 1440
    },{
      "dateTime" : "2017-01-28T06:42:30.000",
      "level" : "restless",
      "seconds" : 60
    },{
      "dateTime" : "2017-01-28T06:43:30.000",
      "level" : "asleep",
      "seconds" : 7620
    }]
  }
},{
  "logId" : 13615615241,
  "dateOfSleep" : "2017-01-27",
  "startTime" : "2017-01-26T23:10:00.000",
  "endTime" : "2017-01-27T09:33:00.000",
  "duration" : 37380000,
  "minutesToFallAsleep" : 0,
  "minutesAsleep" : 576,
  "minutesAwake" : 47,
  "minutesAfterWakeup" : 0,
  "timeInBed" : 623,
  "efficiency" : 92,
  "type" : "classic",
  "infoCode" : 0,
  "levels" : {
    "summary" : {
      "restless" : {
        "count" : 19,
        "minutes" : 45
      },
      "awake" : {
        "count" : 2,
        "minutes" : 2
      },
      "asleep" : {
        "count" : 0,
        "minutes" : 576
      }
    },
    "data" : [{
      "dateTime" : "2017-01-26T23:10:00.000",
      "level" : "asleep",
      "seconds" : 120
    },{
      "dateTime" : "2017-01-26T23:12:00.000",
      "level" : "restless",
      "seconds" : 120
    },{
      "dateTime" : "2017-01-26T23:14:00.000",
      "level" : "asleep",
      "seconds" : 4800
    },{
      "dateTime" : "2017-01-27T00:34:00.000",
      "level" : "restless",
      "seconds" : 120
    },{
      "dateTime" : "2017-01-27T00:36:00.000",
      "level" : "asleep",
      "seconds" : 120
    },{
      "dateTime" : "2017-01-27T00:38:00.000",
      "level" : "restless",
      "seconds" : 60
    },{
      "dateTime" : "2017-01-27T00:39:00.000",
      "level" : "asleep",
      "seconds" : 2520
    },{
      "dateTime" : "2017-01-27T01:21:00.000",
      "level" : "restless",
      "seconds" : 120
    },{
      "dateTime" : "2017-01-27T01:23:00.000",
      "level" : "asleep",
      "seconds" : 1920
    },{
      "dateTime" : "2017-01-27T01:55:00.000",
      "level" : "restless",
      "seconds" : 420
    },{
      "dateTime" : "2017-01-27T02:02:00.000",
      "level" : "awake",
      "seconds" : 60
    },{
      "dateTime" : "2017-01-27T02:03:00.000",
      "level" : "restless",
      "seconds" : 180
    },{
      "dateTime" : "2017-01-27T02:06:00.000",
      "level" : "asleep",
      "seconds" : 60
    },{
      "dateTime" : "2017-01-27T02:07:00.000",
      "level" : "restless",
      "seconds" : 120
    },{
      "dateTime" : "2017-01-27T02:09:00.000",
      "level" : "asleep",
      "seconds" : 120
    },{
      "dateTime" : "2017-01-27T02:11:00.000",
      "level" : "restless",
      "seconds" : 480
    },{
      "dateTime" : "2017-01-27T02:19:00.000",
      "level" : "awake",
      "seconds" : 60
    },{
      "dateTime" : "2017-01-27T02:20:00.000",
      "level" : "restless",
      "seconds" : 60
    },{
      "dateTime" : "2017-01-27T02:21:00.000",
      "level" : "asleep",
      "seconds" : 120
    },{
      "dateTime" : "2017-01-27T02:23:00.000",
      "level" : "restless",
      "seconds" : 180
    },{
      "dateTime" : "2017-01-27T02:26:00.000",
      "level" : "asleep",
      "seconds" : 60
    },{
      "dateTime" : "2017-01-27T02:27:00.000",
      "level" : "restless",
      "seconds" : 60
    },{
      "dateTime" : "2017-01-27T02:28:00.000",
      "level" : "asleep",
      "seconds" : 60
    },{
      "dateTime" : "2017-01-27T02:29:00.000",
      "level" : "restless",
      "seconds" : 60
    },{
      "dateTime" : "2017-01-27T02:30:00.000",
      "level" : "asleep",
      "seconds" : 1260
    },{
      "dateTime" : "2017-01-27T02:51:00.000",
      "level" : "restless",
      "seconds" : 120
    },{
      "dateTime" : "2017-01-27T02:53:00.000",
      "level" : "asleep",
      "seconds" : 4320
    },{
      "dateTime" : "2017-01-27T04:05:00.000",
      "level" : "restless",
      "seconds" : 60
    },{
      "dateTime" : "2017-01-27T04:06:00.000",
      "level" : "asleep",
      "seconds" : 180
    },{
      "dateTime" : "2017-01-27T04:09:00.000",
      "level" : "restless",
      "seconds" : 60
    },{
      "dateTime" : "2017-01-27T04:10:00.000",
      "level" : "asleep",
      "seconds" : 3360
    },{
      "dateTime" : "2017-01-27T05:06:00.000",
      "level" : "restless",
      "seconds" : 60
    },{
      "dateTime" : "2017-01-27T05:07:00.000",
      "level" : "asleep",
      "seconds" : 9360
    },{
      "dateTime" : "2017-01-27T07:43:00.000",
      "level" : "restless",
      "seconds" : 120
    },{
      "dateTime" : "2017-01-27T07:45:00.000",
      "level" : "asleep",
      "seconds" : 120
    },{
      "dateTime" : "2017-01-27T07:47:00.000",
      "level" : "restless",
      "seconds" : 120
    },{
      "dateTime" : "2017-01-27T07:49:00.000",
      "level" : "asleep",
      "seconds" : 6000
    },{
      "dateTime" : "2017-01-27T09:29:00.000",
      "level" : "restless",
      "seconds" : 180
    },{
      "dateTime" : "2017-01-27T09:32:00.000",
      "level" : "asleep",
      "seconds" : 60
    }]
  }
},{
  "logId" : 13603959612,
  "dateOfSleep" : "2017-01-26",
  "startTime" : "2017-01-25T23:37:00.000",
  "endTime" : "2017-01-26T08:12:30.000",
  "duration" : 30900000,
  "minutesToFallAsleep" : 0,
  "minutesAsleep" : 465,
  "minutesAwake" : 50,
  "minutesAfterWakeup" : 0,
  "timeInBed" : 515,
  "efficiency" : 90,
  "type" : "classic",
  "infoCode" : 0,
  "levels" : {
    "summary" : {
      "restless" : {
        "count" : 24,
        "minutes" : 46
      },
      "awake" : {
        "count" : 2,
        "minutes" : 4
      },
      "asleep" : {
        "count" : 0,
        "minutes" : 465
      }
    },
    "data" : [{
      "dateTime" : "2017-01-25T23:37:00.000",
      "level" : "awake",
      "seconds" : 120
    },{
      "dateTime" : "2017-01-25T23:39:00.000",
      "level" : "restless",
      "seconds" : 180
    },{
      "dateTime" : "2017-01-25T23:42:00.000",
      "level" : "asleep",
      "seconds" : 420
    },{
      "dateTime" : "2017-01-25T23:49:00.000",
      "level" : "restless",
      "seconds" : 120
    },{
      "dateTime" : "2017-01-25T23:51:00.000",
      "level" : "asleep",
      "seconds" : 180
    },{
      "dateTime" : "2017-01-25T23:54:00.000",
      "level" : "restless",
      "seconds" : 60
    },{
      "dateTime" : "2017-01-25T23:55:00.000",
      "level" : "asleep",
      "seconds" : 9480
    },{
      "dateTime" : "2017-01-26T02:33:00.000",
      "level" : "restless",
      "seconds" : 60
    },{
      "dateTime" : "2017-01-26T02:34:00.000",
      "level" : "asleep",
      "seconds" : 60
    },{
      "dateTime" : "2017-01-26T02:35:00.000",
      "level" : "restless",
      "seconds" : 720
    },{
      "dateTime" : "2017-01-26T02:47:00.000",
      "level" : "asleep",
      "seconds" : 120
    },{
      "dateTime" : "2017-01-26T02:49:00.000",
      "level" : "restless",
      "seconds" : 60
    },{
      "dateTime" : "2017-01-26T02:50:00.000",
      "level" : "asleep",
      "seconds" : 180
    },{
      "dateTime" : "2017-01-26T02:53:00.000",
      "level" : "restless",
      "seconds" : 120
    },{
      "dateTime" : "2017-01-26T02:55:00.000",
      "level" : "asleep",
      "seconds" : 120
    },{
      "dateTime" : "2017-01-26T02:57:00.000",
      "level" : "restless",
      "seconds" : 60
    },{
      "dateTime" : "2017-01-26T02:58:00.000",
      "level" : "asleep",
      "seconds" : 540
    },{
      "dateTime" : "2017-01-26T03:07:00.000",
      "level" : "restless",
      "seconds" : 60
    },{
      "dateTime" : "2017-01-26T03:08:00.000",
      "level" : "asleep",
      "seconds" : 1200
    },{
      "dateTime" : "2017-01-26T03:28:00.000",
      "level" : "restless",
      "seconds" : 60
    },{
      "dateTime" : "2017-01-26T03:29:00.000",
      "level" : "asleep",
      "seconds" : 3480
    },{
      "dateTime" : "2017-01-26T04:27:00.000",
      "level" : "restless",
      "seconds" : 60
    },{
      "dateTime" : "2017-01-26T04:28:00.000",
      "level" : "asleep",
      "seconds" : 1020
    },{
      "dateTime" : "2017-01-26T04:45:00.000",
      "level" : "restless",
      "seconds" : 60
    },{
      "dateTime" : "2017-01-26T04:46:00.000",
      "level" : "asleep",
      "seconds" : 1020
    },{
      "dateTime" : "2017-01-26T05:03:00.000",
      "level" : "restless",
      "seconds" : 60
    },{
      "dateTime" : "2017-01-26T05:04:00.000",
      "level" : "asleep",
      "seconds" : 2460
    },{
      "dateTime" : "2017-01-26T05:45:00.000",
      "level" : "restless",
      "seconds" : 60
    },{
      "dateTime" : "2017-01-26T05:46:00.000",
      "level" : "asleep",
      "seconds" : 180
    },{
      "dateTime" : "2017-01-26T05:49:00.000",
      "level" : "restless",
      "seconds" : 60
    },{
      "dateTime" : "2017-01-26T05:50:00.000",
      "level" : "asleep",
      "seconds" : 540
    },{
      "dateTime" : "2017-01-26T05:59:00.000",
      "level" : "restless",
      "seconds" : 60
    },{
      "dateTime" : "2017-01-26T06:00:00.000",
      "level" : "asleep",
      "seconds" : 180
    },{
      "dateTime" : "2017-01-26T06:03:00.000",
      "level" : "restless",
      "seconds" : 60
    },{
      "dateTime" : "2017-01-26T06:04:00.000",
      "level" : "asleep",
      "seconds" : 1500
    },{
      "dateTime" : "2017-01-26T06:29:00.000",
      "level" : "restless",
      "seconds" : 240
    },{
      "dateTime" : "2017-01-26T06:33:00.000",
      "level" : "awake",
      "seconds" : 120
    },{
      "dateTime" : "2017-01-26T06:35:00.000",
      "level" : "restless",
      "seconds" : 180
    },{
      "dateTime" : "2017-01-26T06:38:00.000",
      "level" : "asleep",
      "seconds" : 120
    },{
      "dateTime" : "2017-01-26T06:40:00.000",
      "level" : "restless",
      "seconds" : 60
    },{
      "dateTime" : "2017-01-26T06:41:00.000",
      "level" : "asleep",
      "seconds" : 360
    },{
      "dateTime" : "2017-01-26T06:47:00.000",
      "level" : "restless",
      "seconds" : 60
    },{
      "dateTime" : "2017-01-26T06:48:00.000",
      "level" : "asleep",
      "seconds" : 2580
    },{
      "dateTime" : "2017-01-26T07:31:00.000",
      "level" : "restless",
      "seconds" : 180
    },{
      "dateTime" : "2017-01-26T07:34:00.000",
      "level" : "asleep",
      "seconds" : 60
    },{
      "dateTime" : "2017-01-26T07:35:00.000",
      "level" : "restless",
      "seconds" : 60
    },{
      "dateTime" : "2017-01-26T07:36:00.000",
      "level" : "asleep",
      "seconds" : 60
    },{
      "dateTime" : "2017-01-26T07:37:00.000",
      "level" : "restless",
      "seconds" : 60
    },{
      "dateTime" : "2017-01-26T07:38:00.000",
      "level" : "asleep",
      "seconds" : 2040
    }]
  }
},{
  "logId" : 13593370375,
  "dateOfSleep" : "2017-01-25",
  "startTime" : "2017-01-24T23:37:30.000",
  "endTime" : "2017-01-25T08:47:30.000",
  "duration" : 33000000,
  "minutesToFallAsleep" : 0,
  "minutesAsleep" : 508,
  "minutesAwake" : 41,
  "minutesAfterWakeup" : 1,
  "timeInBed" : 550,
  "efficiency" : 93,
  "type" : "classic",
  "infoCode" : 0,
  "levels" : {
    "summary" : {
      "restless" : {
        "count" : 15,
        "minutes" : 37
      },
      "awake" : {
        "count" : 3,
        "minutes" : 5
      },
      "asleep" : {
        "count" : 0,
        "minutes" : 508
      }
    },
    "data" : [{
      "dateTime" : "2017-01-24T23:37:30.000",
      "level" : "awake",
      "seconds" : 120
    },{
      "dateTime" : "2017-01-24T23:39:30.000",
      "level" : "asleep",
      "seconds" : 9240
    },{
      "dateTime" : "2017-01-25T02:13:30.000",
      "level" : "restless",
      "seconds" : 120
    },{
      "dateTime" : "2017-01-25T02:15:30.000",
      "level" : "asleep",
      "seconds" : 1320
    },{
      "dateTime" : "2017-01-25T02:37:30.000",
      "level" : "restless",
      "seconds" : 240
    },{
      "dateTime" : "2017-01-25T02:41:30.000",
      "level" : "awake",
      "seconds" : 60
    },{
      "dateTime" : "2017-01-25T02:42:30.000",
      "level" : "restless",
      "seconds" : 180
    },{
      "dateTime" : "2017-01-25T02:45:30.000",
      "level" : "asleep",
      "seconds" : 180
    },{
      "dateTime" : "2017-01-25T02:48:30.000",
      "level" : "restless",
      "seconds" : 420
    },{
      "dateTime" : "2017-01-25T02:55:30.000",
      "level" : "asleep",
      "seconds" : 4020
    },{
      "dateTime" : "2017-01-25T04:02:30.000",
      "level" : "restless",
      "seconds" : 120
    },{
      "dateTime" : "2017-01-25T04:04:30.000",
      "level" : "asleep",
      "seconds" : 60
    },{
      "dateTime" : "2017-01-25T04:05:30.000",
      "level" : "restless",
      "seconds" : 120
    },{
      "dateTime" : "2017-01-25T04:07:30.000",
      "level" : "asleep",
      "seconds" : 3900
    },{
      "dateTime" : "2017-01-25T05:12:30.000",
      "level" : "restless",
      "seconds" : 60
    },{
      "dateTime" : "2017-01-25T05:13:30.000",
      "level" : "asleep",
      "seconds" : 1860
    },{
      "dateTime" : "2017-01-25T05:44:30.000",
      "level" : "restless",
      "seconds" : 240
    },{
      "dateTime" : "2017-01-25T05:48:30.000",
      "level" : "asleep",
      "seconds" : 780
    },{
      "dateTime" : "2017-01-25T06:01:30.000",
      "level" : "restless",
      "seconds" : 240
    },{
      "dateTime" : "2017-01-25T06:05:30.000",
      "level" : "awake",
      "seconds" : 120
    },{
      "dateTime" : "2017-01-25T06:07:30.000",
      "level" : "restless",
      "seconds" : 60
    },{
      "dateTime" : "2017-01-25T06:08:30.000",
      "level" : "asleep",
      "seconds" : 840
    },{
      "dateTime" : "2017-01-25T06:22:30.000",
      "level" : "restless",
      "seconds" : 60
    },{
      "dateTime" : "2017-01-25T06:23:30.000",
      "level" : "asleep",
      "seconds" : 360
    },{
      "dateTime" : "2017-01-25T06:29:30.000",
      "level" : "restless",
      "seconds" : 180
    },{
      "dateTime" : "2017-01-25T06:32:30.000",
      "level" : "asleep",
      "seconds" : 3600
    },{
      "dateTime" : "2017-01-25T07:32:30.000",
      "level" : "restless",
      "seconds" : 60
    },{
      "dateTime" : "2017-01-25T07:33:30.000",
      "level" : "asleep",
      "seconds" : 1920
    },{
      "dateTime" : "2017-01-25T08:05:30.000",
      "level" : "restless",
      "seconds" : 60
    },{
      "dateTime" : "2017-01-25T08:06:30.000",
      "level" : "asleep",
      "seconds" : 2400
    },{
      "dateTime" : "2017-01-25T08:46:30.000",
      "level" : "restless",
      "seconds" : 60
    }]
  }
},{
  "logId" : 13581174826,
  "dateOfSleep" : "2017-01-24",
  "startTime" : "2017-01-23T23:24:30.000",
  "endTime" : "2017-01-24T07:11:00.000",
  "duration" : 27960000,
  "minutesToFallAsleep" : 0,
  "minutesAsleep" : 439,
  "minutesAwake" : 26,
  "minutesAfterWakeup" : 1,
  "timeInBed" : 466,
  "efficiency" : 94,
  "type" : "classic",
  "infoCode" : 0,
  "levels" : {
    "summary" : {
      "restless" : {
        "count" : 11,
        "minutes" : 20
      },
      "awake" : {
        "count" : 1,
        "minutes" : 7
      },
      "asleep" : {
        "count" : 0,
        "minutes" : 439
      }
    },
    "data" : [{
      "dateTime" : "2017-01-23T23:24:30.000",
      "level" : "restless",
      "seconds" : 120
    },{
      "dateTime" : "2017-01-23T23:26:30.000",
      "level" : "asleep",
      "seconds" : 180
    },{
      "dateTime" : "2017-01-23T23:29:30.000",
      "level" : "restless",
      "seconds" : 60
    },{
      "dateTime" : "2017-01-23T23:30:30.000",
      "level" : "asleep",
      "seconds" : 11580
    },{
      "dateTime" : "2017-01-24T02:43:30.000",
      "level" : "restless",
      "seconds" : 480
    },{
      "dateTime" : "2017-01-24T02:51:30.000",
      "level" : "awake",
      "seconds" : 420
    },{
      "dateTime" : "2017-01-24T02:58:30.000",
      "level" : "restless",
      "seconds" : 60
    },{
      "dateTime" : "2017-01-24T02:59:30.000",
      "level" : "asleep",
      "seconds" : 60
    },{
      "dateTime" : "2017-01-24T03:00:30.000",
      "level" : "restless",
      "seconds" : 60
    },{
      "dateTime" : "2017-01-24T03:01:30.000",
      "level" : "asleep",
      "seconds" : 6960
    },{
      "dateTime" : "2017-01-24T04:57:30.000",
      "level" : "restless",
      "seconds" : 120
    },{
      "dateTime" : "2017-01-24T04:59:30.000",
      "level" : "asleep",
      "seconds" : 180
    },{
      "dateTime" : "2017-01-24T05:02:30.000",
      "level" : "restless",
      "seconds" : 60
    },{
      "dateTime" : "2017-01-24T05:03:30.000",
      "level" : "asleep",
      "seconds" : 6180
    },{
      "dateTime" : "2017-01-24T06:46:30.000",
      "level" : "restless",
      "seconds" : 60
    },{
      "dateTime" : "2017-01-24T06:47:30.000",
      "level" : "asleep",
      "seconds" : 960
    },{
      "dateTime" : "2017-01-24T07:03:30.000",
      "level" : "restless",
      "seconds" : 60
    },{
      "dateTime" : "2017-01-24T07:04:30.000",
      "level" : "asleep",
      "seconds" : 180
    },{
      "dateTime" : "2017-01-24T07:07:30.000",
      "level" : "restless",
      "seconds" : 60
    },{
      "dateTime" : "2017-01-24T07:08:30.000",
      "level" : "asleep",
      "seconds" : 60
    },{
      "dateTime" : "2017-01-24T07:09:30.000",
      "level" : "restless",
      "seconds" : 60
    }]
  }
},{
  "logId" : 13574482850,
  "dateOfSleep" : "2017-01-23",
  "startTime" : "2017-01-23T00:20:00.000",
  "endTime" : "2017-01-23T09:54:00.000",
  "duration" : 34440000,
  "minutesToFallAsleep" : 0,
  "minutesAsleep" : 532,
  "minutesAwake" : 42,
  "minutesAfterWakeup" : 0,
  "timeInBed" : 574,
  "efficiency" : 93,
  "type" : "classic",
  "infoCode" : 0,
  "levels" : {
    "summary" : {
      "restless" : {
        "count" : 22,
        "minutes" : 37
      },
      "awake" : {
        "count" : 2,
        "minutes" : 5
      },
      "asleep" : {
        "count" : 0,
        "minutes" : 532
      }
    },
    "data" : [{
      "dateTime" : "2017-01-23T00:20:00.000",
      "level" : "awake",
      "seconds" : 180
    },{
      "dateTime" : "2017-01-23T00:23:00.000",
      "level" : "restless",
      "seconds" : 60
    },{
      "dateTime" : "2017-01-23T00:24:00.000",
      "level" : "asleep",
      "seconds" : 420
    },{
      "dateTime" : "2017-01-23T00:31:00.000",
      "level" : "restless",
      "seconds" : 60
    },{
      "dateTime" : "2017-01-23T00:32:00.000",
      "level" : "asleep",
      "seconds" : 780
    },{
      "dateTime" : "2017-01-23T00:45:00.000",
      "level" : "restless",
      "seconds" : 420
    },{
      "dateTime" : "2017-01-23T00:52:00.000",
      "level" : "asleep",
      "seconds" : 7320
    },{
      "dateTime" : "2017-01-23T02:54:00.000",
      "level" : "restless",
      "seconds" : 120
    },{
      "dateTime" : "2017-01-23T02:56:00.000",
      "level" : "asleep",
      "seconds" : 4680
    },{
      "dateTime" : "2017-01-23T04:14:00.000",
      "level" : "restless",
      "seconds" : 60
    },{
      "dateTime" : "2017-01-23T04:15:00.000",
      "level" : "asleep",
      "seconds" : 180
    },{
      "dateTime" : "2017-01-23T04:18:00.000",
      "level" : "restless",
      "seconds" : 60
    },{
      "dateTime" : "2017-01-23T04:19:00.000",
      "level" : "asleep",
      "seconds" : 180
    },{
      "dateTime" : "2017-01-23T04:22:00.000",
      "level" : "restless",
      "seconds" : 60
    },{
      "dateTime" : "2017-01-23T04:23:00.000",
      "level" : "asleep",
      "seconds" : 2280
    },{
      "dateTime" : "2017-01-23T05:01:00.000",
      "level" : "restless",
      "seconds" : 60
    },{
      "dateTime" : "2017-01-23T05:02:00.000",
      "level" : "asleep",
      "seconds" : 3240
    },{
      "dateTime" : "2017-01-23T05:56:00.000",
      "level" : "restless",
      "seconds" : 60
    },{
      "dateTime" : "2017-01-23T05:57:00.000",
      "level" : "asleep",
      "seconds" : 4080
    },{
      "dateTime" : "2017-01-23T07:05:00.000",
      "level" : "restless",
      "seconds" : 60
    },{
      "dateTime" : "2017-01-23T07:06:00.000",
      "level" : "asleep",
      "seconds" : 180
    },{
      "dateTime" : "2017-01-23T07:09:00.000",
      "level" : "restless",
      "seconds" : 60
    },{
      "dateTime" : "2017-01-23T07:10:00.000",
      "level" : "asleep",
      "seconds" : 120
    },{
      "dateTime" : "2017-01-23T07:12:00.000",
      "level" : "restless",
      "seconds" : 120
    },{
      "dateTime" : "2017-01-23T07:14:00.000",
      "level" : "asleep",
      "seconds" : 120
    },{
      "dateTime" : "2017-01-23T07:16:00.000",
      "level" : "restless",
      "seconds" : 120
    },{
      "dateTime" : "2017-01-23T07:18:00.000",
      "level" : "asleep",
      "seconds" : 2220
    },{
      "dateTime" : "2017-01-23T07:55:00.000",
      "level" : "restless",
      "seconds" : 60
    },{
      "dateTime" : "2017-01-23T07:56:00.000",
      "level" : "asleep",
      "seconds" : 1080
    },{
      "dateTime" : "2017-01-23T08:14:00.000",
      "level" : "restless",
      "seconds" : 120
    },{
      "dateTime" : "2017-01-23T08:16:00.000",
      "level" : "asleep",
      "seconds" : 120
    },{
      "dateTime" : "2017-01-23T08:18:00.000",
      "level" : "restless",
      "seconds" : 120
    },{
      "dateTime" : "2017-01-23T08:20:00.000",
      "level" : "asleep",
      "seconds" : 2880
    },{
      "dateTime" : "2017-01-23T09:08:00.000",
      "level" : "restless",
      "seconds" : 60
    },{
      "dateTime" : "2017-01-23T09:09:00.000",
      "level" : "asleep",
      "seconds" : 780
    },{
      "dateTime" : "2017-01-23T09:22:00.000",
      "level" : "restless",
      "seconds" : 180
    },{
      "dateTime" : "2017-01-23T09:25:00.000",
      "level" : "asleep",
      "seconds" : 60
    },{
      "dateTime" : "2017-01-23T09:26:00.000",
      "level" : "restless",
      "seconds" : 60
    },{
      "dateTime" : "2017-01-23T09:27:00.000",
      "level" : "asleep",
      "seconds" : 60
    },{
      "dateTime" : "2017-01-23T09:28:00.000",
      "level" : "restless",
      "seconds" : 60
    },{
      "dateTime" : "2017-01-23T09:29:00.000",
      "level" : "asleep",
      "seconds" : 720
    },{
      "dateTime" : "2017-01-23T09:41:00.000",
      "level" : "restless",
      "seconds" : 60
    },{
      "dateTime" : "2017-01-23T09:42:00.000",
      "level" : "asleep",
      "seconds" : 300
    },{
      "dateTime" : "2017-01-23T09:47:00.000",
      "level" : "restless",
      "seconds" : 180
    },{
      "dateTime" : "2017-01-23T09:50:00.000",
      "level" : "awake",
      "seconds" : 120
    },{
      "dateTime" : "2017-01-23T09:52:00.000",
      "level" : "asleep",
      "seconds" : 120
    }]
  }
},{
  "logId" : 13520585347,
  "dateOfSleep" : "2017-01-18",
  "startTime" : "2017-01-17T23:27:30.000",
  "endTime" : "2017-01-18T08:41:00.000",
  "duration" : 33180000,
  "minutesToFallAsleep" : 0,
  "minutesAsleep" : 507,
  "minutesAwake" : 33,
  "minutesAfterWakeup" : 0,
  "timeInBed" : 553,
  "efficiency" : 94,
  "type" : "classic",
  "infoCode" : 0,
  "levels" : {
    "summary" : {
      "restless" : {
        "count" : 17,
        "minutes" : 32
      },
      "awake" : {
        "count" : 3,
        "minutes" : 14
      },
      "asleep" : {
        "count" : 0,
        "minutes" : 507
      }
    },
    "data" : [{
      "dateTime" : "2017-01-17T23:27:30.000",
      "level" : "asleep",
      "seconds" : 60
    },{
      "dateTime" : "2017-01-17T23:28:30.000",
      "level" : "restless",
      "seconds" : 180
    },{
      "dateTime" : "2017-01-17T23:31:30.000",
      "level" : "awake",
      "seconds" : 240
    },{
      "dateTime" : "2017-01-17T23:35:30.000",
      "level" : "restless",
      "seconds" : 120
    },{
      "dateTime" : "2017-01-17T23:37:30.000",
      "level" : "asleep",
      "seconds" : 3300
    },{
      "dateTime" : "2017-01-18T00:32:30.000",
      "level" : "restless",
      "seconds" : 60
    },{
      "dateTime" : "2017-01-18T00:33:30.000",
      "level" : "asleep",
      "seconds" : 9840
    },{
      "dateTime" : "2017-01-18T03:17:30.000",
      "level" : "restless",
      "seconds" : 60
    },{
      "dateTime" : "2017-01-18T03:18:30.000",
      "level" : "asleep",
      "seconds" : 4440
    },{
      "dateTime" : "2017-01-18T04:32:30.000",
      "level" : "restless",
      "seconds" : 60
    },{
      "dateTime" : "2017-01-18T04:33:30.000",
      "level" : "asleep",
      "seconds" : 1080
    },{
      "dateTime" : "2017-01-18T04:51:30.000",
      "level" : "restless",
      "seconds" : 120
    },{
      "dateTime" : "2017-01-18T04:53:30.000",
      "level" : "asleep",
      "seconds" : 960
    },{
      "dateTime" : "2017-01-18T05:09:30.000",
      "level" : "restless",
      "seconds" : 60
    },{
      "dateTime" : "2017-01-18T05:10:30.000",
      "level" : "asleep",
      "seconds" : 120
    },{
      "dateTime" : "2017-01-18T05:12:30.000",
      "level" : "restless",
      "seconds" : 60
    },{
      "dateTime" : "2017-01-18T05:13:30.000",
      "level" : "asleep",
      "seconds" : 180
    },{
      "dateTime" : "2017-01-18T05:16:30.000",
      "level" : "restless",
      "seconds" : 240
    },{
      "dateTime" : "2017-01-18T05:20:30.000",
      "level" : "awake",
      "seconds" : 540
    },{
      "dateTime" : "2017-01-18T05:29:30.000",
      "level" : "restless",
      "seconds" : 60
    },{
      "dateTime" : "2017-01-18T05:30:30.000",
      "level" : "awake",
      "seconds" : 60
    },{
      "dateTime" : "2017-01-18T05:31:30.000",
      "level" : "restless",
      "seconds" : 60
    },{
      "dateTime" : "2017-01-18T05:32:30.000",
      "level" : "asleep",
      "seconds" : 3060
    },{
      "dateTime" : "2017-01-18T06:23:30.000",
      "level" : "restless",
      "seconds" : 180
    },{
      "dateTime" : "2017-01-18T06:26:30.000",
      "level" : "asleep",
      "seconds" : 600
    },{
      "dateTime" : "2017-01-18T06:36:30.000",
      "level" : "restless",
      "seconds" : 60
    },{
      "dateTime" : "2017-01-18T06:37:30.000",
      "level" : "asleep",
      "seconds" : 4620
    },{
      "dateTime" : "2017-01-18T07:54:30.000",
      "level" : "restless",
      "seconds" : 60
    },{
      "dateTime" : "2017-01-18T07:55:30.000",
      "level" : "asleep",
      "seconds" : 780
    },{
      "dateTime" : "2017-01-18T08:08:30.000",
      "level" : "restless",
      "seconds" : 180
    },{
      "dateTime" : "2017-01-18T08:11:30.000",
      "level" : "asleep",
      "seconds" : 60
    },{
      "dateTime" : "2017-01-18T08:12:30.000",
      "level" : "restless",
      "seconds" : 60
    },{
      "dateTime" : "2017-01-18T08:13:30.000",
      "level" : "asleep",
      "seconds" : 60
    },{
      "dateTime" : "2017-01-18T08:14:30.000",
      "level" : "restless",
      "seconds" : 60
    },{
      "dateTime" : "2017-01-18T08:15:30.000",
      "level" : "asleep",
      "seconds" : 1500
    }]
  }
},{
  "logId" : 13516461332,
  "dateOfSleep" : "2017-01-17",
  "startTime" : "2017-01-16T22:48:30.000",
  "endTime" : "2017-01-17T07:06:00.000",
  "duration" : 29820000,
  "minutesToFallAsleep" : 0,
  "minutesAsleep" : 485,
  "minutesAwake" : 7,
  "minutesAfterWakeup" : 5,
  "timeInBed" : 497,
  "efficiency" : 99,
  "type" : "classic",
  "infoCode" : 0,
  "levels" : {
    "summary" : {
      "restless" : {
        "count" : 7,
        "minutes" : 12
      },
      "awake" : {
        "count" : 0,
        "minutes" : 0
      },
      "asleep" : {
        "count" : 0,
        "minutes" : 485
      }
    },
    "data" : [{
      "dateTime" : "2017-01-16T22:48:30.000",
      "level" : "asleep",
      "seconds" : 480
    },{
      "dateTime" : "2017-01-16T22:56:30.000",
      "level" : "restless",
      "seconds" : 60
    },{
      "dateTime" : "2017-01-16T22:57:30.000",
      "level" : "asleep",
      "seconds" : 2400
    },{
      "dateTime" : "2017-01-16T23:37:30.000",
      "level" : "restless",
      "seconds" : 60
    },{
      "dateTime" : "2017-01-16T23:38:30.000",
      "level" : "asleep",
      "seconds" : 5700
    },{
      "dateTime" : "2017-01-17T01:13:30.000",
      "level" : "restless",
      "seconds" : 120
    },{
      "dateTime" : "2017-01-17T01:15:30.000",
      "level" : "asleep",
      "seconds" : 10620
    },{
      "dateTime" : "2017-01-17T04:12:30.000",
      "level" : "restless",
      "seconds" : 60
    },{
      "dateTime" : "2017-01-17T04:13:30.000",
      "level" : "asleep",
      "seconds" : 1980
    },{
      "dateTime" : "2017-01-17T04:46:30.000",
      "level" : "restless",
      "seconds" : 60
    },{
      "dateTime" : "2017-01-17T04:47:30.000",
      "level" : "asleep",
      "seconds" : 6000
    },{
      "dateTime" : "2017-01-17T06:27:30.000",
      "level" : "restless",
      "seconds" : 60
    },{
      "dateTime" : "2017-01-17T06:28:30.000",
      "level" : "asleep",
      "seconds" : 1920
    },{
      "dateTime" : "2017-01-17T07:00:30.000",
      "level" : "restless",
      "seconds" : 300
    }]
  }
},{
  "logId" : 13501527372,
  "dateOfSleep" : "2017-01-16",
  "startTime" : "2017-01-15T22:50:30.000",
  "endTime" : "2017-01-16T08:28:30.000",
  "duration" : 34680000,
  "minutesToFallAsleep" : 0,
  "minutesAsleep" : 547,
  "minutesAwake" : 30,
  "minutesAfterWakeup" : 1,
  "timeInBed" : 578,
  "efficiency" : 95,
  "type" : "classic",
  "infoCode" : 0,
  "levels" : {
    "summary" : {
      "restless" : {
        "count" : 20,
        "minutes" : 31
      },
      "awake" : {
        "count" : 0,
        "minutes" : 0
      },
      "asleep" : {
        "count" : 0,
        "minutes" : 547
      }
    },
    "data" : [{
      "dateTime" : "2017-01-15T22:50:30.000",
      "level" : "restless",
      "seconds" : 180
    },{
      "dateTime" : "2017-01-15T22:53:30.000",
      "level" : "asleep",
      "seconds" : 180
    },{
      "dateTime" : "2017-01-15T22:56:30.000",
      "level" : "restless",
      "seconds" : 60
    },{
      "dateTime" : "2017-01-15T22:57:30.000",
      "level" : "asleep",
      "seconds" : 1260
    },{
      "dateTime" : "2017-01-15T23:18:30.000",
      "level" : "restless",
      "seconds" : 120
    },{
      "dateTime" : "2017-01-15T23:20:30.000",
      "level" : "asleep",
      "seconds" : 120
    },{
      "dateTime" : "2017-01-15T23:22:30.000",
      "level" : "restless",
      "seconds" : 60
    },{
      "dateTime" : "2017-01-15T23:23:30.000",
      "level" : "asleep",
      "seconds" : 4620
    },{
      "dateTime" : "2017-01-16T00:40:30.000",
      "level" : "restless",
      "seconds" : 60
    },{
      "dateTime" : "2017-01-16T00:41:30.000",
      "level" : "asleep",
      "seconds" : 1920
    },{
      "dateTime" : "2017-01-16T01:13:30.000",
      "level" : "restless",
      "seconds" : 60
    },{
      "dateTime" : "2017-01-16T01:14:30.000",
      "level" : "asleep",
      "seconds" : 120
    },{
      "dateTime" : "2017-01-16T01:16:30.000",
      "level" : "restless",
      "seconds" : 120
    },{
      "dateTime" : "2017-01-16T01:18:30.000",
      "level" : "asleep",
      "seconds" : 3120
    },{
      "dateTime" : "2017-01-16T02:10:30.000",
      "level" : "restless",
      "seconds" : 60
    },{
      "dateTime" : "2017-01-16T02:11:30.000",
      "level" : "asleep",
      "seconds" : 1440
    },{
      "dateTime" : "2017-01-16T02:35:30.000",
      "level" : "restless",
      "seconds" : 120
    },{
      "dateTime" : "2017-01-16T02:37:30.000",
      "level" : "asleep",
      "seconds" : 120
    },{
      "dateTime" : "2017-01-16T02:39:30.000",
      "level" : "restless",
      "seconds" : 60
    },{
      "dateTime" : "2017-01-16T02:40:30.000",
      "level" : "asleep",
      "seconds" : 1920
    },{
      "dateTime" : "2017-01-16T03:12:30.000",
      "level" : "restless",
      "seconds" : 120
    },{
      "dateTime" : "2017-01-16T03:14:30.000",
      "level" : "asleep",
      "seconds" : 4560
    },{
      "dateTime" : "2017-01-16T04:30:30.000",
      "level" : "restless",
      "seconds" : 180
    },{
      "dateTime" : "2017-01-16T04:33:30.000",
      "level" : "asleep",
      "seconds" : 60
    },{
      "dateTime" : "2017-01-16T04:34:30.000",
      "level" : "restless",
      "seconds" : 180
    },{
      "dateTime" : "2017-01-16T04:37:30.000",
      "level" : "asleep",
      "seconds" : 1560
    },{
      "dateTime" : "2017-01-16T05:03:30.000",
      "level" : "restless",
      "seconds" : 60
    },{
      "dateTime" : "2017-01-16T05:04:30.000",
      "level" : "asleep",
      "seconds" : 3240
    },{
      "dateTime" : "2017-01-16T05:58:30.000",
      "level" : "restless",
      "seconds" : 60
    },{
      "dateTime" : "2017-01-16T05:59:30.000",
      "level" : "asleep",
      "seconds" : 480
    },{
      "dateTime" : "2017-01-16T06:07:30.000",
      "level" : "restless",
      "seconds" : 120
    },{
      "dateTime" : "2017-01-16T06:09:30.000",
      "level" : "asleep",
      "seconds" : 1740
    },{
      "dateTime" : "2017-01-16T06:38:30.000",
      "level" : "restless",
      "seconds" : 60
    },{
      "dateTime" : "2017-01-16T06:39:30.000",
      "level" : "asleep",
      "seconds" : 2760
    },{
      "dateTime" : "2017-01-16T07:25:30.000",
      "level" : "restless",
      "seconds" : 60
    },{
      "dateTime" : "2017-01-16T07:26:30.000",
      "level" : "asleep",
      "seconds" : 1560
    },{
      "dateTime" : "2017-01-16T07:52:30.000",
      "level" : "restless",
      "seconds" : 60
    },{
      "dateTime" : "2017-01-16T07:53:30.000",
      "level" : "asleep",
      "seconds" : 2040
    },{
      "dateTime" : "2017-01-16T08:27:30.000",
      "level" : "restless",
      "seconds" : 60
    }]
  }
},{
  "logId" : 13494339779,
  "dateOfSleep" : "2017-01-15",
  "startTime" : "2017-01-15T14:17:30.000",
  "endTime" : "2017-01-15T15:41:30.000",
  "duration" : 5040000,
  "minutesToFallAsleep" : 0,
  "minutesAsleep" : 79,
  "minutesAwake" : 3,
  "minutesAfterWakeup" : 2,
  "timeInBed" : 84,
  "efficiency" : 96,
  "type" : "classic",
  "infoCode" : 0,
  "levels" : {
    "summary" : {
      "restless" : {
        "count" : 2,
        "minutes" : 3
      },
      "awake" : {
        "count" : 1,
        "minutes" : 2
      },
      "asleep" : {
        "count" : 0,
        "minutes" : 79
      }
    },
    "data" : [{
      "dateTime" : "2017-01-15T14:17:30.000",
      "level" : "awake",
      "seconds" : 120
    },{
      "dateTime" : "2017-01-15T14:19:30.000",
      "level" : "asleep",
      "seconds" : 2700
    },{
      "dateTime" : "2017-01-15T15:04:30.000",
      "level" : "restless",
      "seconds" : 60
    },{
      "dateTime" : "2017-01-15T15:05:30.000",
      "level" : "asleep",
      "seconds" : 2040
    },{
      "dateTime" : "2017-01-15T15:39:30.000",
      "level" : "restless",
      "seconds" : 120
    }]
  }
},{
  "logId" : 13492392589,
  "dateOfSleep" : "2017-01-15",
  "startTime" : "2017-01-15T00:05:30.000",
  "endTime" : "2017-01-15T10:03:30.000",
  "duration" : 35880000,
  "minutesToFallAsleep" : 0,
  "minutesAsleep" : 567,
  "minutesAwake" : 31,
  "minutesAfterWakeup" : 0,
  "timeInBed" : 598,
  "efficiency" : 95,
  "type" : "classic",
  "infoCode" : 0,
  "levels" : {
    "summary" : {
      "restless" : {
        "count" : 15,
        "minutes" : 29
      },
      "awake" : {
        "count" : 2,
        "minutes" : 2
      },
      "asleep" : {
        "count" : 0,
        "minutes" : 567
      }
    },
    "data" : [{
      "dateTime" : "2017-01-15T00:05:30.000",
      "level" : "restless",
      "seconds" : 60
    },{
      "dateTime" : "2017-01-15T00:06:30.000",
      "level" : "awake",
      "seconds" : 60
    },{
      "dateTime" : "2017-01-15T00:07:30.000",
      "level" : "asleep",
      "seconds" : 5760
    },{
      "dateTime" : "2017-01-15T01:43:30.000",
      "level" : "restless",
      "seconds" : 60
    },{
      "dateTime" : "2017-01-15T01:44:30.000",
      "level" : "asleep",
      "seconds" : 8160
    },{
      "dateTime" : "2017-01-15T04:00:30.000",
      "level" : "restless",
      "seconds" : 120
    },{
      "dateTime" : "2017-01-15T04:02:30.000",
      "level" : "asleep",
      "seconds" : 120
    },{
      "dateTime" : "2017-01-15T04:04:30.000",
      "level" : "restless",
      "seconds" : 60
    },{
      "dateTime" : "2017-01-15T04:05:30.000",
      "level" : "asleep",
      "seconds" : 1500
    },{
      "dateTime" : "2017-01-15T04:30:30.000",
      "level" : "restless",
      "seconds" : 60
    },{
      "dateTime" : "2017-01-15T04:31:30.000",
      "level" : "asleep",
      "seconds" : 720
    },{
      "dateTime" : "2017-01-15T04:43:30.000",
      "level" : "restless",
      "seconds" : 60
    },{
      "dateTime" : "2017-01-15T04:44:30.000",
      "level" : "asleep",
      "seconds" : 780
    },{
      "dateTime" : "2017-01-15T04:57:30.000",
      "level" : "restless",
      "seconds" : 120
    },{
      "dateTime" : "2017-01-15T04:59:30.000",
      "level" : "asleep",
      "seconds" : 120
    },{
      "dateTime" : "2017-01-15T05:01:30.000",
      "level" : "restless",
      "seconds" : 120
    },{
      "dateTime" : "2017-01-15T05:03:30.000",
      "level" : "asleep",
      "seconds" : 6900
    },{
      "dateTime" : "2017-01-15T06:58:30.000",
      "level" : "restless",
      "seconds" : 60
    },{
      "dateTime" : "2017-01-15T06:59:30.000",
      "level" : "asleep",
      "seconds" : 660
    },{
      "dateTime" : "2017-01-15T07:10:30.000",
      "level" : "restless",
      "seconds" : 60
    },{
      "dateTime" : "2017-01-15T07:11:30.000",
      "level" : "asleep",
      "seconds" : 5640
    },{
      "dateTime" : "2017-01-15T08:45:30.000",
      "level" : "restless",
      "seconds" : 60
    },{
      "dateTime" : "2017-01-15T08:46:30.000",
      "level" : "asleep",
      "seconds" : 780
    },{
      "dateTime" : "2017-01-15T08:59:30.000",
      "level" : "restless",
      "seconds" : 180
    },{
      "dateTime" : "2017-01-15T09:02:30.000",
      "level" : "asleep",
      "seconds" : 600
    },{
      "dateTime" : "2017-01-15T09:12:30.000",
      "level" : "restless",
      "seconds" : 360
    },{
      "dateTime" : "2017-01-15T09:18:30.000",
      "level" : "asleep",
      "seconds" : 600
    },{
      "dateTime" : "2017-01-15T09:28:30.000",
      "level" : "restless",
      "seconds" : 300
    },{
      "dateTime" : "2017-01-15T09:33:30.000",
      "level" : "awake",
      "seconds" : 60
    },{
      "dateTime" : "2017-01-15T09:34:30.000",
      "level" : "restless",
      "seconds" : 60
    },{
      "dateTime" : "2017-01-15T09:35:30.000",
      "level" : "asleep",
      "seconds" : 1680
    }]
  }
},{
  "logId" : 13492392588,
  "dateOfSleep" : "2017-01-14",
  "startTime" : "2017-01-14T15:43:00.000",
  "endTime" : "2017-01-14T17:04:30.000",
  "duration" : 4860000,
  "minutesToFallAsleep" : 0,
  "minutesAsleep" : 78,
  "minutesAwake" : 3,
  "minutesAfterWakeup" : 0,
  "timeInBed" : 81,
  "efficiency" : 96,
  "type" : "classic",
  "infoCode" : 0,
  "levels" : {
    "summary" : {
      "restless" : {
        "count" : 1,
        "minutes" : 2
      },
      "awake" : {
        "count" : 1,
        "minutes" : 1
      },
      "asleep" : {
        "count" : 0,
        "minutes" : 78
      }
    },
    "data" : [{
      "dateTime" : "2017-01-14T15:43:00.000",
      "level" : "awake",
      "seconds" : 60
    },{
      "dateTime" : "2017-01-14T15:44:00.000",
      "level" : "asleep",
      "seconds" : 240
    },{
      "dateTime" : "2017-01-14T15:48:00.000",
      "level" : "restless",
      "seconds" : 120
    },{
      "dateTime" : "2017-01-14T15:50:00.000",
      "level" : "asleep",
      "seconds" : 4440
    }]
  }
},{
  "logId" : 13467221568,
  "dateOfSleep" : "2017-01-12",
  "startTime" : "2017-01-11T23:59:00.000",
  "endTime" : "2017-01-12T08:46:30.000",
  "duration" : 31620000,
  "minutesToFallAsleep" : 0,
  "minutesAsleep" : 504,
  "minutesAwake" : 23,
  "minutesAfterWakeup" : 0,
  "timeInBed" : 527,
  "efficiency" : 96,
  "type" : "classic",
  "infoCode" : 0,
  "levels" : {
    "summary" : {
      "restless" : {
        "count" : 14,
        "minutes" : 21
      },
      "awake" : {
        "count" : 1,
        "minutes" : 2
      },
      "asleep" : {
        "count" : 0,
        "minutes" : 504
      }
    },
    "data" : [{
      "dateTime" : "2017-01-11T23:59:00.000",
      "level" : "awake",
      "seconds" : 120
    },{
      "dateTime" : "2017-01-12T00:01:00.000",
      "level" : "restless",
      "seconds" : 60
    },{
      "dateTime" : "2017-01-12T00:02:00.000",
      "level" : "asleep",
      "seconds" : 4920
    },{
      "dateTime" : "2017-01-12T01:24:00.000",
      "level" : "restless",
      "seconds" : 60
    },{
      "dateTime" : "2017-01-12T01:25:00.000",
      "level" : "asleep",
      "seconds" : 1320
    },{
      "dateTime" : "2017-01-12T01:47:00.000",
      "level" : "restless",
      "seconds" : 180
    },{
      "dateTime" : "2017-01-12T01:50:00.000",
      "level" : "asleep",
      "seconds" : 5280
    },{
      "dateTime" : "2017-01-12T03:18:00.000",
      "level" : "restless",
      "seconds" : 60
    },{
      "dateTime" : "2017-01-12T03:19:00.000",
      "level" : "asleep",
      "seconds" : 4320
    },{
      "dateTime" : "2017-01-12T04:31:00.000",
      "level" : "restless",
      "seconds" : 60
    },{
      "dateTime" : "2017-01-12T04:32:00.000",
      "level" : "asleep",
      "seconds" : 300
    },{
      "dateTime" : "2017-01-12T04:37:00.000",
      "level" : "restless",
      "seconds" : 60
    },{
      "dateTime" : "2017-01-12T04:38:00.000",
      "level" : "asleep",
      "seconds" : 2400
    },{
      "dateTime" : "2017-01-12T05:18:00.000",
      "level" : "restless",
      "seconds" : 180
    },{
      "dateTime" : "2017-01-12T05:21:00.000",
      "level" : "asleep",
      "seconds" : 60
    },{
      "dateTime" : "2017-01-12T05:22:00.000",
      "level" : "restless",
      "seconds" : 60
    },{
      "dateTime" : "2017-01-12T05:23:00.000",
      "level" : "asleep",
      "seconds" : 60
    },{
      "dateTime" : "2017-01-12T05:24:00.000",
      "level" : "restless",
      "seconds" : 60
    },{
      "dateTime" : "2017-01-12T05:25:00.000",
      "level" : "asleep",
      "seconds" : 1620
    },{
      "dateTime" : "2017-01-12T05:52:00.000",
      "level" : "restless",
      "seconds" : 60
    },{
      "dateTime" : "2017-01-12T05:53:00.000",
      "level" : "asleep",
      "seconds" : 360
    },{
      "dateTime" : "2017-01-12T05:59:00.000",
      "level" : "restless",
      "seconds" : 60
    },{
      "dateTime" : "2017-01-12T06:00:00.000",
      "level" : "asleep",
      "seconds" : 1020
    },{
      "dateTime" : "2017-01-12T06:17:00.000",
      "level" : "restless",
      "seconds" : 120
    },{
      "dateTime" : "2017-01-12T06:19:00.000",
      "level" : "asleep",
      "seconds" : 5220
    },{
      "dateTime" : "2017-01-12T07:46:00.000",
      "level" : "restless",
      "seconds" : 60
    },{
      "dateTime" : "2017-01-12T07:47:00.000",
      "level" : "asleep",
      "seconds" : 3060
    },{
      "dateTime" : "2017-01-12T08:38:00.000",
      "level" : "restless",
      "seconds" : 180
    },{
      "dateTime" : "2017-01-12T08:41:00.000",
      "level" : "asleep",
      "seconds" : 300
    }]
  }
},{
  "logId" : 13392724896,
  "dateOfSleep" : "2017-01-04",
  "startTime" : "2017-01-04T03:00:00.000",
  "endTime" : "2017-01-04T09:28:30.000",
  "duration" : 23280000,
  "minutesToFallAsleep" : 0,
  "minutesAsleep" : 345,
  "minutesAwake" : 43,
  "minutesAfterWakeup" : 0,
  "timeInBed" : 388,
  "efficiency" : 89,
  "type" : "classic",
  "infoCode" : 0,
  "levels" : {
    "summary" : {
      "restless" : {
        "count" : 18,
        "minutes" : 43
      },
      "awake" : {
        "count" : 0,
        "minutes" : 0
      },
      "asleep" : {
        "count" : 0,
        "minutes" : 345
      }
    },
    "data" : [{
      "dateTime" : "2017-01-04T03:00:00.000",
      "level" : "asleep",
      "seconds" : 300
    },{
      "dateTime" : "2017-01-04T03:05:00.000",
      "level" : "restless",
      "seconds" : 60
    },{
      "dateTime" : "2017-01-04T03:06:00.000",
      "level" : "asleep",
      "seconds" : 120
    },{
      "dateTime" : "2017-01-04T03:08:00.000",
      "level" : "restless",
      "seconds" : 120
    },{
      "dateTime" : "2017-01-04T03:10:00.000",
      "level" : "asleep",
      "seconds" : 720
    },{
      "dateTime" : "2017-01-04T03:22:00.000",
      "level" : "restless",
      "seconds" : 360
    },{
      "dateTime" : "2017-01-04T03:28:00.000",
      "level" : "asleep",
      "seconds" : 120
    },{
      "dateTime" : "2017-01-04T03:30:00.000",
      "level" : "restless",
      "seconds" : 120
    },{
      "dateTime" : "2017-01-04T03:32:00.000",
      "level" : "asleep",
      "seconds" : 120
    },{
      "dateTime" : "2017-01-04T03:34:00.000",
      "level" : "restless",
      "seconds" : 120
    },{
      "dateTime" : "2017-01-04T03:36:00.000",
      "level" : "asleep",
      "seconds" : 60
    },{
      "dateTime" : "2017-01-04T03:37:00.000",
      "level" : "restless",
      "seconds" : 120
    },{
      "dateTime" : "2017-01-04T03:39:00.000",
      "level" : "asleep",
      "seconds" : 6420
    },{
      "dateTime" : "2017-01-04T05:26:00.000",
      "level" : "restless",
      "seconds" : 120
    },{
      "dateTime" : "2017-01-04T05:28:00.000",
      "level" : "asleep",
      "seconds" : 1920
    },{
      "dateTime" : "2017-01-04T06:00:00.000",
      "level" : "restless",
      "seconds" : 120
    },{
      "dateTime" : "2017-01-04T06:02:00.000",
      "level" : "asleep",
      "seconds" : 840
    },{
      "dateTime" : "2017-01-04T06:16:00.000",
      "level" : "restless",
      "seconds" : 60
    },{
      "dateTime" : "2017-01-04T06:17:00.000",
      "level" : "asleep",
      "seconds" : 120
    },{
      "dateTime" : "2017-01-04T06:19:00.000",
      "level" : "restless",
      "seconds" : 120
    },{
      "dateTime" : "2017-01-04T06:21:00.000",
      "level" : "asleep",
      "seconds" : 3660
    },{
      "dateTime" : "2017-01-04T07:22:00.000",
      "level" : "restless",
      "seconds" : 120
    },{
      "dateTime" : "2017-01-04T07:24:00.000",
      "level" : "asleep",
      "seconds" : 60
    },{
      "dateTime" : "2017-01-04T07:25:00.000",
      "level" : "restless",
      "seconds" : 180
    },{
      "dateTime" : "2017-01-04T07:28:00.000",
      "level" : "asleep",
      "seconds" : 780
    },{
      "dateTime" : "2017-01-04T07:41:00.000",
      "level" : "restless",
      "seconds" : 120
    },{
      "dateTime" : "2017-01-04T07:43:00.000",
      "level" : "asleep",
      "seconds" : 660
    },{
      "dateTime" : "2017-01-04T07:54:00.000",
      "level" : "restless",
      "seconds" : 180
    },{
      "dateTime" : "2017-01-04T07:57:00.000",
      "level" : "asleep",
      "seconds" : 1920
    },{
      "dateTime" : "2017-01-04T08:29:00.000",
      "level" : "restless",
      "seconds" : 360
    },{
      "dateTime" : "2017-01-04T08:35:00.000",
      "level" : "asleep",
      "seconds" : 300
    },{
      "dateTime" : "2017-01-04T08:40:00.000",
      "level" : "restless",
      "seconds" : 120
    },{
      "dateTime" : "2017-01-04T08:42:00.000",
      "level" : "asleep",
      "seconds" : 180
    },{
      "dateTime" : "2017-01-04T08:45:00.000",
      "level" : "restless",
      "seconds" : 60
    },{
      "dateTime" : "2017-01-04T08:46:00.000",
      "level" : "asleep",
      "seconds" : 1380
    },{
      "dateTime" : "2017-01-04T09:09:00.000",
      "level" : "restless",
      "seconds" : 120
    },{
      "dateTime" : "2017-01-04T09:11:00.000",
      "level" : "asleep",
      "seconds" : 1020
    }]
  }
},{
  "logId" : 13392724895,
  "dateOfSleep" : "2017-01-04",
  "startTime" : "2017-01-03T21:23:00.000",
  "endTime" : "2017-01-04T01:38:30.000",
  "duration" : 15300000,
  "minutesToFallAsleep" : 0,
  "minutesAsleep" : 230,
  "minutesAwake" : 25,
  "minutesAfterWakeup" : 0,
  "timeInBed" : 255,
  "efficiency" : 90,
  "type" : "classic",
  "infoCode" : 0,
  "levels" : {
    "summary" : {
      "restless" : {
        "count" : 8,
        "minutes" : 17
      },
      "awake" : {
        "count" : 6,
        "minutes" : 8
      },
      "asleep" : {
        "count" : 0,
        "minutes" : 230
      }
    },
    "data" : [{
      "dateTime" : "2017-01-03T21:23:00.000",
      "level" : "asleep",
      "seconds" : 1860
    },{
      "dateTime" : "2017-01-03T21:54:00.000",
      "level" : "restless",
      "seconds" : 120
    },{
      "dateTime" : "2017-01-03T21:56:00.000",
      "level" : "awake",
      "seconds" : 60
    },{
      "dateTime" : "2017-01-03T21:57:00.000",
      "level" : "restless",
      "seconds" : 240
    },{
      "dateTime" : "2017-01-03T22:01:00.000",
      "level" : "asleep",
      "seconds" : 120
    },{
      "dateTime" : "2017-01-03T22:03:00.000",
      "level" : "restless",
      "seconds" : 120
    },{
      "dateTime" : "2017-01-03T22:05:00.000",
      "level" : "asleep",
      "seconds" : 3660
    },{
      "dateTime" : "2017-01-03T23:06:00.000",
      "level" : "awake",
      "seconds" : 60
    },{
      "dateTime" : "2017-01-03T23:07:00.000",
      "level" : "restless",
      "seconds" : 60
    },{
      "dateTime" : "2017-01-03T23:08:00.000",
      "level" : "asleep",
      "seconds" : 2400
    },{
      "dateTime" : "2017-01-03T23:48:00.000",
      "level" : "awake",
      "seconds" : 120
    },{
      "dateTime" : "2017-01-03T23:50:00.000",
      "level" : "asleep",
      "seconds" : 1080
    },{
      "dateTime" : "2017-01-04T00:08:00.000",
      "level" : "awake",
      "seconds" : 120
    },{
      "dateTime" : "2017-01-04T00:10:00.000",
      "level" : "asleep",
      "seconds" : 300
    },{
      "dateTime" : "2017-01-04T00:15:00.000",
      "level" : "awake",
      "seconds" : 60
    },{
      "dateTime" : "2017-01-04T00:16:00.000",
      "level" : "asleep",
      "seconds" : 960
    },{
      "dateTime" : "2017-01-04T00:32:00.000",
      "level" : "restless",
      "seconds" : 180
    },{
      "dateTime" : "2017-01-04T00:35:00.000",
      "level" : "awake",
      "seconds" : 60
    },{
      "dateTime" : "2017-01-04T00:36:00.000",
      "level" : "restless",
      "seconds" : 120
    },{
      "dateTime" : "2017-01-04T00:38:00.000",
      "level" : "asleep",
      "seconds" : 180
    },{
      "dateTime" : "2017-01-04T00:41:00.000",
      "level" : "restless",
      "seconds" : 60
    },{
      "dateTime" : "2017-01-04T00:42:00.000",
      "level" : "asleep",
      "seconds" : 2700
    },{
      "dateTime" : "2017-01-04T01:27:00.000",
      "level" : "restless",
      "seconds" : 120
    },{
      "dateTime" : "2017-01-04T01:29:00.000",
      "level" : "asleep",
      "seconds" : 540
    }]
  }
},{
  "logId" : 13384192505,
  "dateOfSleep" : "2017-01-03",
  "startTime" : "2017-01-03T01:25:30.000",
  "endTime" : "2017-01-03T08:26:30.000",
  "duration" : 25260000,
  "minutesToFallAsleep" : 0,
  "minutesAsleep" : 399,
  "minutesAwake" : 22,
  "minutesAfterWakeup" : 0,
  "timeInBed" : 421,
  "efficiency" : 95,
  "type" : "classic",
  "infoCode" : 0,
  "levels" : {
    "summary" : {
      "restless" : {
        "count" : 11,
        "minutes" : 22
      },
      "awake" : {
        "count" : 0,
        "minutes" : 0
      },
      "asleep" : {
        "count" : 0,
        "minutes" : 399
      }
    },
    "data" : [{
      "dateTime" : "2017-01-03T01:25:30.000",
      "level" : "restless",
      "seconds" : 360
    },{
      "dateTime" : "2017-01-03T01:31:30.000",
      "level" : "asleep",
      "seconds" : 3300
    },{
      "dateTime" : "2017-01-03T02:26:30.000",
      "level" : "restless",
      "seconds" : 60
    },{
      "dateTime" : "2017-01-03T02:27:30.000",
      "level" : "asleep",
      "seconds" : 2280
    },{
      "dateTime" : "2017-01-03T03:05:30.000",
      "level" : "restless",
      "seconds" : 180
    },{
      "dateTime" : "2017-01-03T03:08:30.000",
      "level" : "asleep",
      "seconds" : 60
    },{
      "dateTime" : "2017-01-03T03:09:30.000",
      "level" : "restless",
      "seconds" : 120
    },{
      "dateTime" : "2017-01-03T03:11:30.000",
      "level" : "asleep",
      "seconds" : 3360
    },{
      "dateTime" : "2017-01-03T04:07:30.000",
      "level" : "restless",
      "seconds" : 60
    },{
      "dateTime" : "2017-01-03T04:08:30.000",
      "level" : "asleep",
      "seconds" : 180
    },{
      "dateTime" : "2017-01-03T04:11:30.000",
      "level" : "restless",
      "seconds" : 60
    },{
      "dateTime" : "2017-01-03T04:12:30.000",
      "level" : "asleep",
      "seconds" : 960
    },{
      "dateTime" : "2017-01-03T04:28:30.000",
      "level" : "restless",
      "seconds" : 60
    },{
      "dateTime" : "2017-01-03T04:29:30.000",
      "level" : "asleep",
      "seconds" : 960
    },{
      "dateTime" : "2017-01-03T04:45:30.000",
      "level" : "restless",
      "seconds" : 180
    },{
      "dateTime" : "2017-01-03T04:48:30.000",
      "level" : "asleep",
      "seconds" : 1260
    },{
      "dateTime" : "2017-01-03T05:09:30.000",
      "level" : "restless",
      "seconds" : 60
    },{
      "dateTime" : "2017-01-03T05:10:30.000",
      "level" : "asleep",
      "seconds" : 9780
    },{
      "dateTime" : "2017-01-03T07:53:30.000",
      "level" : "restless",
      "seconds" : 120
    },{
      "dateTime" : "2017-01-03T07:55:30.000",
      "level" : "asleep",
      "seconds" : 120
    },{
      "dateTime" : "2017-01-03T07:57:30.000",
      "level" : "restless",
      "seconds" : 60
    },{
      "dateTime" : "2017-01-03T07:58:30.000",
      "level" : "asleep",
      "seconds" : 1680
    }]
  }
},{
  "logId" : 13375913903,
  "dateOfSleep" : "2017-01-02",
  "startTime" : "2017-01-01T23:38:00.000",
  "endTime" : "2017-01-02T10:27:00.000",
  "duration" : 38940000,
  "minutesToFallAsleep" : 0,
  "minutesAsleep" : 600,
  "minutesAwake" : 49,
  "minutesAfterWakeup" : 0,
  "timeInBed" : 649,
  "efficiency" : 92,
  "type" : "classic",
  "infoCode" : 0,
  "levels" : {
    "summary" : {
      "restless" : {
        "count" : 28,
        "minutes" : 49
      },
      "awake" : {
        "count" : 0,
        "minutes" : 0
      },
      "asleep" : {
        "count" : 0,
        "minutes" : 600
      }
    },
    "data" : [{
      "dateTime" : "2017-01-01T23:38:00.000",
      "level" : "restless",
      "seconds" : 360
    },{
      "dateTime" : "2017-01-01T23:44:00.000",
      "level" : "asleep",
      "seconds" : 6180
    },{
      "dateTime" : "2017-01-02T01:27:00.000",
      "level" : "restless",
      "seconds" : 180
    },{
      "dateTime" : "2017-01-02T01:30:00.000",
      "level" : "asleep",
      "seconds" : 60
    },{
      "dateTime" : "2017-01-02T01:31:00.000",
      "level" : "restless",
      "seconds" : 60
    },{
      "dateTime" : "2017-01-02T01:32:00.000",
      "level" : "asleep",
      "seconds" : 1080
    },{
      "dateTime" : "2017-01-02T01:50:00.000",
      "level" : "restless",
      "seconds" : 180
    },{
      "dateTime" : "2017-01-02T01:53:00.000",
      "level" : "asleep",
      "seconds" : 60
    },{
      "dateTime" : "2017-01-02T01:54:00.000",
      "level" : "restless",
      "seconds" : 60
    },{
      "dateTime" : "2017-01-02T01:55:00.000",
      "level" : "asleep",
      "seconds" : 60
    },{
      "dateTime" : "2017-01-02T01:56:00.000",
      "level" : "restless",
      "seconds" : 60
    },{
      "dateTime" : "2017-01-02T01:57:00.000",
      "level" : "asleep",
      "seconds" : 1140
    },{
      "dateTime" : "2017-01-02T02:16:00.000",
      "level" : "restless",
      "seconds" : 60
    },{
      "dateTime" : "2017-01-02T02:17:00.000",
      "level" : "asleep",
      "seconds" : 3180
    },{
      "dateTime" : "2017-01-02T03:10:00.000",
      "level" : "restless",
      "seconds" : 180
    },{
      "dateTime" : "2017-01-02T03:13:00.000",
      "level" : "asleep",
      "seconds" : 60
    },{
      "dateTime" : "2017-01-02T03:14:00.000",
      "level" : "restless",
      "seconds" : 60
    },{
      "dateTime" : "2017-01-02T03:15:00.000",
      "level" : "asleep",
      "seconds" : 1320
    },{
      "dateTime" : "2017-01-02T03:37:00.000",
      "level" : "restless",
      "seconds" : 60
    },{
      "dateTime" : "2017-01-02T03:38:00.000",
      "level" : "asleep",
      "seconds" : 120
    },{
      "dateTime" : "2017-01-02T03:40:00.000",
      "level" : "restless",
      "seconds" : 60
    },{
      "dateTime" : "2017-01-02T03:41:00.000",
      "level" : "asleep",
      "seconds" : 960
    },{
      "dateTime" : "2017-01-02T03:57:00.000",
      "level" : "restless",
      "seconds" : 120
    },{
      "dateTime" : "2017-01-02T03:59:00.000",
      "level" : "asleep",
      "seconds" : 3840
    },{
      "dateTime" : "2017-01-02T05:03:00.000",
      "level" : "restless",
      "seconds" : 60
    },{
      "dateTime" : "2017-01-02T05:04:00.000",
      "level" : "asleep",
      "seconds" : 3780
    },{
      "dateTime" : "2017-01-02T06:07:00.000",
      "level" : "restless",
      "seconds" : 60
    },{
      "dateTime" : "2017-01-02T06:08:00.000",
      "level" : "asleep",
      "seconds" : 660
    },{
      "dateTime" : "2017-01-02T06:19:00.000",
      "level" : "restless",
      "seconds" : 60
    },{
      "dateTime" : "2017-01-02T06:20:00.000",
      "level" : "asleep",
      "seconds" : 1500
    },{
      "dateTime" : "2017-01-02T06:45:00.000",
      "level" : "restless",
      "seconds" : 60
    },{
      "dateTime" : "2017-01-02T06:46:00.000",
      "level" : "asleep",
      "seconds" : 180
    },{
      "dateTime" : "2017-01-02T06:49:00.000",
      "level" : "restless",
      "seconds" : 60
    },{
      "dateTime" : "2017-01-02T06:50:00.000",
      "level" : "asleep",
      "seconds" : 840
    },{
      "dateTime" : "2017-01-02T07:04:00.000",
      "level" : "restless",
      "seconds" : 60
    },{
      "dateTime" : "2017-01-02T07:05:00.000",
      "level" : "asleep",
      "seconds" : 1020
    },{
      "dateTime" : "2017-01-02T07:22:00.000",
      "level" : "restless",
      "seconds" : 180
    },{
      "dateTime" : "2017-01-02T07:25:00.000",
      "level" : "asleep",
      "seconds" : 180
    },{
      "dateTime" : "2017-01-02T07:28:00.000",
      "level" : "restless",
      "seconds" : 60
    },{
      "dateTime" : "2017-01-02T07:29:00.000",
      "level" : "asleep",
      "seconds" : 2340
    },{
      "dateTime" : "2017-01-02T08:08:00.000",
      "level" : "restless",
      "seconds" : 180
    },{
      "dateTime" : "2017-01-02T08:11:00.000",
      "level" : "asleep",
      "seconds" : 60
    },{
      "dateTime" : "2017-01-02T08:12:00.000",
      "level" : "restless",
      "seconds" : 180
    },{
      "dateTime" : "2017-01-02T08:15:00.000",
      "level" : "asleep",
      "seconds" : 2160
    },{
      "dateTime" : "2017-01-02T08:51:00.000",
      "level" : "restless",
      "seconds" : 60
    },{
      "dateTime" : "2017-01-02T08:52:00.000",
      "level" : "asleep",
      "seconds" : 60
    },{
      "dateTime" : "2017-01-02T08:53:00.000",
      "level" : "restless",
      "seconds" : 60
    },{
      "dateTime" : "2017-01-02T08:54:00.000",
      "level" : "asleep",
      "seconds" : 180
    },{
      "dateTime" : "2017-01-02T08:57:00.000",
      "level" : "restless",
      "seconds" : 120
    },{
      "dateTime" : "2017-01-02T08:59:00.000",
      "level" : "asleep",
      "seconds" : 420
    },{
      "dateTime" : "2017-01-02T09:06:00.000",
      "level" : "restless",
      "seconds" : 180
    },{
      "dateTime" : "2017-01-02T09:09:00.000",
      "level" : "asleep",
      "seconds" : 180
    },{
      "dateTime" : "2017-01-02T09:12:00.000",
      "level" : "restless",
      "seconds" : 60
    },{
      "dateTime" : "2017-01-02T09:13:00.000",
      "level" : "asleep",
      "seconds" : 1380
    },{
      "dateTime" : "2017-01-02T09:36:00.000",
      "level" : "restless",
      "seconds" : 60
    },{
      "dateTime" : "2017-01-02T09:37:00.000",
      "level" : "asleep",
      "seconds" : 3000
    }]
  }
},{
  "logId" : 13361525111,
  "dateOfSleep" : "2017-01-01",
  "startTime" : "2017-01-01T03:13:00.000",
  "endTime" : "2017-01-01T09:19:30.000",
  "duration" : 21960000,
  "minutesToFallAsleep" : 0,
  "minutesAsleep" : 330,
  "minutesAwake" : 33,
  "minutesAfterWakeup" : 3,
  "timeInBed" : 366,
  "efficiency" : 91,
  "type" : "classic",
  "infoCode" : 0,
  "levels" : {
    "summary" : {
      "restless" : {
        "count" : 14,
        "minutes" : 32
      },
      "awake" : {
        "count" : 2,
        "minutes" : 4
      },
      "asleep" : {
        "count" : 0,
        "minutes" : 330
      }
    },
    "data" : [{
      "dateTime" : "2017-01-01T03:13:00.000",
      "level" : "restless",
      "seconds" : 180
    },{
      "dateTime" : "2017-01-01T03:16:00.000",
      "level" : "asleep",
      "seconds" : 60
    },{
      "dateTime" : "2017-01-01T03:17:00.000",
      "level" : "restless",
      "seconds" : 60
    },{
      "dateTime" : "2017-01-01T03:18:00.000",
      "level" : "asleep",
      "seconds" : 300
    },{
      "dateTime" : "2017-01-01T03:23:00.000",
      "level" : "restless",
      "seconds" : 60
    },{
      "dateTime" : "2017-01-01T03:24:00.000",
      "level" : "asleep",
      "seconds" : 120
    },{
      "dateTime" : "2017-01-01T03:26:00.000",
      "level" : "restless",
      "seconds" : 120
    },{
      "dateTime" : "2017-01-01T03:28:00.000",
      "level" : "asleep",
      "seconds" : 900
    },{
      "dateTime" : "2017-01-01T03:43:00.000",
      "level" : "restless",
      "seconds" : 60
    },{
      "dateTime" : "2017-01-01T03:44:00.000",
      "level" : "asleep",
      "seconds" : 2040
    },{
      "dateTime" : "2017-01-01T04:18:00.000",
      "level" : "restless",
      "seconds" : 60
    },{
      "dateTime" : "2017-01-01T04:19:00.000",
      "level" : "asleep",
      "seconds" : 1740
    },{
      "dateTime" : "2017-01-01T04:48:00.000",
      "level" : "restless",
      "seconds" : 60
    },{
      "dateTime" : "2017-01-01T04:49:00.000",
      "level" : "asleep",
      "seconds" : 2760
    },{
      "dateTime" : "2017-01-01T05:35:00.000",
      "level" : "restless",
      "seconds" : 180
    },{
      "dateTime" : "2017-01-01T05:38:00.000",
      "level" : "awake",
      "seconds" : 120
    },{
      "dateTime" : "2017-01-01T05:40:00.000",
      "level" : "restless",
      "seconds" : 240
    },{
      "dateTime" : "2017-01-01T05:44:00.000",
      "level" : "awake",
      "seconds" : 120
    },{
      "dateTime" : "2017-01-01T05:46:00.000",
      "level" : "restless",
      "seconds" : 60
    },{
      "dateTime" : "2017-01-01T05:47:00.000",
      "level" : "asleep",
      "seconds" : 540
    },{
      "dateTime" : "2017-01-01T05:56:00.000",
      "level" : "restless",
      "seconds" : 480
    },{
      "dateTime" : "2017-01-01T06:04:00.000",
      "level" : "asleep",
      "seconds" : 6360
    },{
      "dateTime" : "2017-01-01T07:50:00.000",
      "level" : "restless",
      "seconds" : 60
    },{
      "dateTime" : "2017-01-01T07:51:00.000",
      "level" : "asleep",
      "seconds" : 4860
    },{
      "dateTime" : "2017-01-01T09:12:00.000",
      "level" : "restless",
      "seconds" : 120
    },{
      "dateTime" : "2017-01-01T09:14:00.000",
      "level" : "asleep",
      "seconds" : 120
    },{
      "dateTime" : "2017-01-01T09:16:00.000",
      "level" : "restless",
      "seconds" : 180
    }]
  }
}]