[{
  "dateTime" : "02/28/17 00:00:00",
  "value" : "109"
},{
  "dateTime" : "03/01/17 00:00:00",
  "value" : "79"
},{
  "dateTime" : "03/02/17 00:00:00",
  "value" : "192"
},{
  "dateTime" : "03/03/17 00:00:00",
  "value" : "44"
},{
  "dateTime" : "03/04/17 00:00:00",
  "value" : "10"
},{
  "dateTime" : "03/05/17 00:00:00",
  "value" : "27"
},{
  "dateTime" : "03/06/17 00:00:00",
  "value" : "76"
},{
  "dateTime" : "03/07/17 00:00:00",
  "value" : "117"
},{
  "dateTime" : "03/08/17 00:00:00",
  "value" : "92"
},{
  "dateTime" : "03/09/17 00:00:00",
  "value" : "46"
},{
  "dateTime" : "03/10/17 00:00:00",
  "value" : "41"
},{
  "dateTime" : "03/11/17 00:00:00",
  "value" : "102"
},{
  "dateTime" : "03/12/17 00:00:00",
  "value" : "67"
},{
  "dateTime" : "03/13/17 00:00:00",
  "value" : "93"
},{
  "dateTime" : "03/14/17 00:00:00",
  "value" : "126"
},{
  "dateTime" : "03/15/17 00:00:00",
  "value" : "148"
},{
  "dateTime" : "03/16/17 00:00:00",
  "value" : "47"
},{
  "dateTime" : "03/17/17 00:00:00",
  "value" : "141"
},{
  "dateTime" : "03/18/17 00:00:00",
  "value" : "70"
},{
  "dateTime" : "03/19/17 00:00:00",
  "value" : "38"
},{
  "dateTime" : "03/20/17 00:00:00",
  "value" : "27"
},{
  "dateTime" : "03/21/17 00:00:00",
  "value" : "103"
},{
  "dateTime" : "03/22/17 00:00:00",
  "value" : "73"
},{
  "dateTime" : "03/23/17 00:00:00",
  "value" : "63"
},{
  "dateTime" : "03/24/17 00:00:00",
  "value" : "139"
},{
  "dateTime" : "03/25/17 00:00:00",
  "value" : "16"
},{
  "dateTime" : "03/26/17 00:00:00",
  "value" : "98"
},{
  "dateTime" : "03/27/17 00:00:00",
  "value" : "36"
},{
  "dateTime" : "03/28/17 00:00:00",
  "value" : "128"
},{
  "dateTime" : "03/29/17 00:00:00",
  "value" : "139"
}]