[{
  "dateTime" : "01/29/17 00:00:00",
  "value" : "49"
},{
  "dateTime" : "01/30/17 00:00:00",
  "value" : "127"
},{
  "dateTime" : "01/31/17 00:00:00",
  "value" : "109"
},{
  "dateTime" : "02/01/17 00:00:00",
  "value" : "63"
},{
  "dateTime" : "02/02/17 00:00:00",
  "value" : "80"
},{
  "dateTime" : "02/03/17 00:00:00",
  "value" : "75"
},{
  "dateTime" : "02/04/17 00:00:00",
  "value" : "34"
},{
  "dateTime" : "02/05/17 00:00:00",
  "value" : "154"
},{
  "dateTime" : "02/06/17 00:00:00",
  "value" : "52"
},{
  "dateTime" : "02/07/17 00:00:00",
  "value" : "90"
},{
  "dateTime" : "02/08/17 00:00:00",
  "value" : "98"
},{
  "dateTime" : "02/09/17 00:00:00",
  "value" : "109"
},{
  "dateTime" : "02/10/17 00:00:00",
  "value" : "137"
},{
  "dateTime" : "02/11/17 00:00:00",
  "value" : "16"
},{
  "dateTime" : "02/12/17 00:00:00",
  "value" : "11"
},{
  "dateTime" : "02/13/17 00:00:00",
  "value" : "95"
},{
  "dateTime" : "02/14/17 00:00:00",
  "value" : "78"
},{
  "dateTime" : "02/15/17 00:00:00",
  "value" : "65"
},{
  "dateTime" : "02/16/17 00:00:00",
  "value" : "120"
},{
  "dateTime" : "02/17/17 00:00:00",
  "value" : "65"
},{
  "dateTime" : "02/18/17 00:00:00",
  "value" : "88"
},{
  "dateTime" : "02/19/17 00:00:00",
  "value" : "125"
},{
  "dateTime" : "02/20/17 00:00:00",
  "value" : "48"
},{
  "dateTime" : "02/21/17 00:00:00",
  "value" : "72"
},{
  "dateTime" : "02/22/17 00:00:00",
  "value" : "142"
},{
  "dateTime" : "02/23/17 00:00:00",
  "value" : "56"
},{
  "dateTime" : "02/24/17 00:00:00",
  "value" : "85"
},{
  "dateTime" : "02/25/17 00:00:00",
  "value" : "42"
},{
  "dateTime" : "02/26/17 00:00:00",
  "value" : "23"
},{
  "dateTime" : "02/27/17 00:00:00",
  "value" : "107"
}]