[{
  "dateTime" : "04/24/18 00:00:00",
  "value" : "47"
},{
  "dateTime" : "04/25/18 00:00:00",
  "value" : "70"
},{
  "dateTime" : "04/26/18 00:00:00",
  "value" : "56"
},{
  "dateTime" : "04/27/18 00:00:00",
  "value" : "38"
},{
  "dateTime" : "04/28/18 00:00:00",
  "value" : "51"
},{
  "dateTime" : "04/29/18 00:00:00",
  "value" : "147"
},{
  "dateTime" : "04/30/18 00:00:00",
  "value" : "40"
},{
  "dateTime" : "05/01/18 00:00:00",
  "value" : "102"
},{
  "dateTime" : "05/02/18 00:00:00",
  "value" : "38"
},{
  "dateTime" : "05/03/18 00:00:00",
  "value" : "63"
},{
  "dateTime" : "05/04/18 00:00:00",
  "value" : "60"
},{
  "dateTime" : "05/05/18 00:00:00",
  "value" : "64"
},{
  "dateTime" : "05/06/18 00:00:00",
  "value" : "22"
},{
  "dateTime" : "05/07/18 00:00:00",
  "value" : "52"
},{
  "dateTime" : "05/08/18 00:00:00",
  "value" : "48"
},{
  "dateTime" : "05/09/18 00:00:00",
  "value" : "61"
},{
  "dateTime" : "05/10/18 00:00:00",
  "value" : "63"
},{
  "dateTime" : "05/11/18 00:00:00",
  "value" : "166"
},{
  "dateTime" : "05/12/18 00:00:00",
  "value" : "54"
},{
  "dateTime" : "05/13/18 00:00:00",
  "value" : "34"
},{
  "dateTime" : "05/14/18 00:00:00",
  "value" : "76"
},{
  "dateTime" : "05/15/18 00:00:00",
  "value" : "96"
},{
  "dateTime" : "05/16/18 00:00:00",
  "value" : "93"
},{
  "dateTime" : "05/17/18 00:00:00",
  "value" : "13"
},{
  "dateTime" : "05/18/18 00:00:00",
  "value" : "72"
},{
  "dateTime" : "05/19/18 00:00:00",
  "value" : "106"
},{
  "dateTime" : "05/20/18 00:00:00",
  "value" : "52"
},{
  "dateTime" : "05/21/18 00:00:00",
  "value" : "8"
},{
  "dateTime" : "05/22/18 00:00:00",
  "value" : "6"
},{
  "dateTime" : "05/23/18 00:00:00",
  "value" : "109"
}]