[{
  "dateTime" : "04/29/17 00:00:00",
  "value" : "98"
},{
  "dateTime" : "04/30/17 00:00:00",
  "value" : "19"
},{
  "dateTime" : "05/01/17 00:00:00",
  "value" : "61"
},{
  "dateTime" : "05/02/17 00:00:00",
  "value" : "75"
},{
  "dateTime" : "05/03/17 00:00:00",
  "value" : "123"
},{
  "dateTime" : "05/04/17 00:00:00",
  "value" : "37"
},{
  "dateTime" : "05/05/17 00:00:00",
  "value" : "279"
},{
  "dateTime" : "05/06/17 00:00:00",
  "value" : "0"
},{
  "dateTime" : "05/07/17 00:00:00",
  "value" : "42"
},{
  "dateTime" : "05/08/17 00:00:00",
  "value" : "92"
},{
  "dateTime" : "05/09/17 00:00:00",
  "value" : "52"
},{
  "dateTime" : "05/10/17 00:00:00",
  "value" : "54"
},{
  "dateTime" : "05/11/17 00:00:00",
  "value" : "52"
},{
  "dateTime" : "05/12/17 00:00:00",
  "value" : "18"
},{
  "dateTime" : "05/13/17 00:00:00",
  "value" : "70"
},{
  "dateTime" : "05/14/17 00:00:00",
  "value" : "15"
},{
  "dateTime" : "05/15/17 00:00:00",
  "value" : "44"
},{
  "dateTime" : "05/16/17 00:00:00",
  "value" : "44"
},{
  "dateTime" : "05/17/17 00:00:00",
  "value" : "104"
},{
  "dateTime" : "05/18/17 00:00:00",
  "value" : "121"
},{
  "dateTime" : "05/19/17 00:00:00",
  "value" : "112"
},{
  "dateTime" : "05/20/17 00:00:00",
  "value" : "77"
},{
  "dateTime" : "05/21/17 00:00:00",
  "value" : "51"
},{
  "dateTime" : "05/22/17 00:00:00",
  "value" : "25"
},{
  "dateTime" : "05/23/17 00:00:00",
  "value" : "199"
},{
  "dateTime" : "05/24/17 00:00:00",
  "value" : "72"
},{
  "dateTime" : "05/25/17 00:00:00",
  "value" : "34"
},{
  "dateTime" : "05/26/17 00:00:00",
  "value" : "137"
},{
  "dateTime" : "05/27/17 00:00:00",
  "value" : "28"
},{
  "dateTime" : "05/28/17 00:00:00",
  "value" : "4"
}]