[{
  "dateTime" : "03/20/19 00:00:00",
  "value" : "36"
},{
  "dateTime" : "03/21/19 00:00:00",
  "value" : "29"
},{
  "dateTime" : "03/22/19 00:00:00",
  "value" : "25"
},{
  "dateTime" : "03/23/19 00:00:00",
  "value" : "43"
},{
  "dateTime" : "03/24/19 00:00:00",
  "value" : "7"
},{
  "dateTime" : "03/25/19 00:00:00",
  "value" : "26"
},{
  "dateTime" : "03/26/19 00:00:00",
  "value" : "56"
},{
  "dateTime" : "03/27/19 00:00:00",
  "value" : "87"
},{
  "dateTime" : "03/28/19 00:00:00",
  "value" : "16"
},{
  "dateTime" : "03/29/19 00:00:00",
  "value" : "47"
},{
  "dateTime" : "03/30/19 00:00:00",
  "value" : "29"
},{
  "dateTime" : "03/31/19 00:00:00",
  "value" : "10"
},{
  "dateTime" : "04/01/19 00:00:00",
  "value" : "72"
},{
  "dateTime" : "04/02/19 00:00:00",
  "value" : "9"
},{
  "dateTime" : "04/03/19 00:00:00",
  "value" : "0"
},{
  "dateTime" : "04/04/19 00:00:00",
  "value" : "0"
},{
  "dateTime" : "04/05/19 00:00:00",
  "value" : "0"
},{
  "dateTime" : "04/06/19 00:00:00",
  "value" : "0"
},{
  "dateTime" : "04/07/19 00:00:00",
  "value" : "0"
},{
  "dateTime" : "04/08/19 00:00:00",
  "value" : "0"
},{
  "dateTime" : "04/09/19 00:00:00",
  "value" : "0"
},{
  "dateTime" : "04/10/19 00:00:00",
  "value" : "0"
},{
  "dateTime" : "04/11/19 00:00:00",
  "value" : "0"
},{
  "dateTime" : "04/12/19 00:00:00",
  "value" : "0"
},{
  "dateTime" : "04/13/19 00:00:00",
  "value" : "0"
},{
  "dateTime" : "04/14/19 00:00:00",
  "value" : "0"
},{
  "dateTime" : "04/15/19 00:00:00",
  "value" : "0"
},{
  "dateTime" : "04/16/19 00:00:00",
  "value" : "0"
},{
  "dateTime" : "04/17/19 00:00:00",
  "value" : "0"
},{
  "dateTime" : "04/18/19 00:00:00",
  "value" : "0"
}]