[{
  "dateTime" : "12/25/17 00:00:00",
  "value" : "0"
},{
  "dateTime" : "12/26/17 00:00:00",
  "value" : "19"
},{
  "dateTime" : "12/27/17 00:00:00",
  "value" : "13"
},{
  "dateTime" : "12/28/17 00:00:00",
  "value" : "3"
},{
  "dateTime" : "12/29/17 00:00:00",
  "value" : "21"
},{
  "dateTime" : "12/30/17 00:00:00",
  "value" : "42"
},{
  "dateTime" : "12/31/17 00:00:00",
  "value" : "20"
},{
  "dateTime" : "01/01/18 00:00:00",
  "value" : "80"
},{
  "dateTime" : "01/02/18 00:00:00",
  "value" : "52"
},{
  "dateTime" : "01/03/18 00:00:00",
  "value" : "58"
},{
  "dateTime" : "01/04/18 00:00:00",
  "value" : "3"
},{
  "dateTime" : "01/05/18 00:00:00",
  "value" : "73"
},{
  "dateTime" : "01/06/18 00:00:00",
  "value" : "34"
},{
  "dateTime" : "01/07/18 00:00:00",
  "value" : "74"
},{
  "dateTime" : "01/08/18 00:00:00",
  "value" : "51"
},{
  "dateTime" : "01/09/18 00:00:00",
  "value" : "12"
},{
  "dateTime" : "01/10/18 00:00:00",
  "value" : "13"
},{
  "dateTime" : "01/11/18 00:00:00",
  "value" : "71"
},{
  "dateTime" : "01/12/18 00:00:00",
  "value" : "101"
},{
  "dateTime" : "01/13/18 00:00:00",
  "value" : "108"
},{
  "dateTime" : "01/14/18 00:00:00",
  "value" : "55"
},{
  "dateTime" : "01/15/18 00:00:00",
  "value" : "32"
},{
  "dateTime" : "01/16/18 00:00:00",
  "value" : "125"
},{
  "dateTime" : "01/17/18 00:00:00",
  "value" : "80"
},{
  "dateTime" : "01/18/18 00:00:00",
  "value" : "34"
},{
  "dateTime" : "01/19/18 00:00:00",
  "value" : "88"
},{
  "dateTime" : "01/20/18 00:00:00",
  "value" : "26"
},{
  "dateTime" : "01/21/18 00:00:00",
  "value" : "95"
},{
  "dateTime" : "01/22/18 00:00:00",
  "value" : "34"
},{
  "dateTime" : "01/23/18 00:00:00",
  "value" : "68"
}]