[{
  "dateTime" : "01/24/18 00:00:00",
  "value" : "98"
},{
  "dateTime" : "01/25/18 00:00:00",
  "value" : "10"
},{
  "dateTime" : "01/26/18 00:00:00",
  "value" : "178"
},{
  "dateTime" : "01/27/18 00:00:00",
  "value" : "16"
},{
  "dateTime" : "01/28/18 00:00:00",
  "value" : "49"
},{
  "dateTime" : "01/29/18 00:00:00",
  "value" : "37"
},{
  "dateTime" : "01/30/18 00:00:00",
  "value" : "103"
},{
  "dateTime" : "01/31/18 00:00:00",
  "value" : "28"
},{
  "dateTime" : "02/01/18 00:00:00",
  "value" : "69"
},{
  "dateTime" : "02/02/18 00:00:00",
  "value" : "42"
},{
  "dateTime" : "02/03/18 00:00:00",
  "value" : "62"
},{
  "dateTime" : "02/04/18 00:00:00",
  "value" : "55"
},{
  "dateTime" : "02/05/18 00:00:00",
  "value" : "49"
},{
  "dateTime" : "02/06/18 00:00:00",
  "value" : "91"
},{
  "dateTime" : "02/07/18 00:00:00",
  "value" : "32"
},{
  "dateTime" : "02/08/18 00:00:00",
  "value" : "33"
},{
  "dateTime" : "02/09/18 00:00:00",
  "value" : "100"
},{
  "dateTime" : "02/10/18 00:00:00",
  "value" : "59"
},{
  "dateTime" : "02/11/18 00:00:00",
  "value" : "68"
},{
  "dateTime" : "02/12/18 00:00:00",
  "value" : "102"
},{
  "dateTime" : "02/13/18 00:00:00",
  "value" : "42"
},{
  "dateTime" : "02/14/18 00:00:00",
  "value" : "44"
},{
  "dateTime" : "02/15/18 00:00:00",
  "value" : "33"
},{
  "dateTime" : "02/16/18 00:00:00",
  "value" : "65"
},{
  "dateTime" : "02/17/18 00:00:00",
  "value" : "38"
},{
  "dateTime" : "02/18/18 00:00:00",
  "value" : "40"
},{
  "dateTime" : "02/19/18 00:00:00",
  "value" : "39"
},{
  "dateTime" : "02/20/18 00:00:00",
  "value" : "58"
},{
  "dateTime" : "02/21/18 00:00:00",
  "value" : "91"
},{
  "dateTime" : "02/22/18 00:00:00",
  "value" : "95"
}]