[{
  "dateTime" : "08/22/18 00:00:00",
  "value" : "38"
},{
  "dateTime" : "08/23/18 00:00:00",
  "value" : "17"
},{
  "dateTime" : "08/24/18 00:00:00",
  "value" : "82"
},{
  "dateTime" : "08/25/18 00:00:00",
  "value" : "17"
},{
  "dateTime" : "08/26/18 00:00:00",
  "value" : "40"
},{
  "dateTime" : "08/27/18 00:00:00",
  "value" : "22"
},{
  "dateTime" : "08/28/18 00:00:00",
  "value" : "29"
},{
  "dateTime" : "08/29/18 00:00:00",
  "value" : "83"
},{
  "dateTime" : "08/30/18 00:00:00",
  "value" : "48"
},{
  "dateTime" : "08/31/18 00:00:00",
  "value" : "80"
},{
  "dateTime" : "09/01/18 00:00:00",
  "value" : "85"
},{
  "dateTime" : "09/02/18 00:00:00",
  "value" : "17"
},{
  "dateTime" : "09/03/18 00:00:00",
  "value" : "16"
},{
  "dateTime" : "09/04/18 00:00:00",
  "value" : "56"
},{
  "dateTime" : "09/05/18 00:00:00",
  "value" : "10"
},{
  "dateTime" : "09/06/18 00:00:00",
  "value" : "16"
},{
  "dateTime" : "09/07/18 00:00:00",
  "value" : "22"
},{
  "dateTime" : "09/08/18 00:00:00",
  "value" : "109"
},{
  "dateTime" : "09/09/18 00:00:00",
  "value" : "21"
},{
  "dateTime" : "09/10/18 00:00:00",
  "value" : "9"
},{
  "dateTime" : "09/11/18 00:00:00",
  "value" : "59"
},{
  "dateTime" : "09/12/18 00:00:00",
  "value" : "8"
},{
  "dateTime" : "09/13/18 00:00:00",
  "value" : "11"
},{
  "dateTime" : "09/14/18 00:00:00",
  "value" : "39"
},{
  "dateTime" : "09/15/18 00:00:00",
  "value" : "71"
},{
  "dateTime" : "09/16/18 00:00:00",
  "value" : "1"
},{
  "dateTime" : "09/17/18 00:00:00",
  "value" : "11"
},{
  "dateTime" : "09/18/18 00:00:00",
  "value" : "32"
},{
  "dateTime" : "09/19/18 00:00:00",
  "value" : "32"
},{
  "dateTime" : "09/20/18 00:00:00",
  "value" : "20"
}]