[{
  "dateTime" : "06/28/17 00:00:00",
  "value" : "94"
},{
  "dateTime" : "06/29/17 00:00:00",
  "value" : "37"
},{
  "dateTime" : "06/30/17 00:00:00",
  "value" : "15"
},{
  "dateTime" : "07/01/17 00:00:00",
  "value" : "98"
},{
  "dateTime" : "07/02/17 00:00:00",
  "value" : "26"
},{
  "dateTime" : "07/03/17 00:00:00",
  "value" : "51"
},{
  "dateTime" : "07/04/17 00:00:00",
  "value" : "25"
},{
  "dateTime" : "07/05/17 00:00:00",
  "value" : "110"
},{
  "dateTime" : "07/06/17 00:00:00",
  "value" : "10"
},{
  "dateTime" : "07/07/17 00:00:00",
  "value" : "58"
},{
  "dateTime" : "07/08/17 00:00:00",
  "value" : "9"
},{
  "dateTime" : "07/09/17 00:00:00",
  "value" : "6"
},{
  "dateTime" : "07/10/17 00:00:00",
  "value" : "26"
},{
  "dateTime" : "07/11/17 00:00:00",
  "value" : "70"
},{
  "dateTime" : "07/12/17 00:00:00",
  "value" : "9"
},{
  "dateTime" : "07/13/17 00:00:00",
  "value" : "29"
},{
  "dateTime" : "07/14/17 00:00:00",
  "value" : "42"
},{
  "dateTime" : "07/15/17 00:00:00",
  "value" : "30"
},{
  "dateTime" : "07/16/17 00:00:00",
  "value" : "9"
},{
  "dateTime" : "07/17/17 00:00:00",
  "value" : "44"
},{
  "dateTime" : "07/18/17 00:00:00",
  "value" : "22"
},{
  "dateTime" : "07/19/17 00:00:00",
  "value" : "9"
},{
  "dateTime" : "07/20/17 00:00:00",
  "value" : "49"
},{
  "dateTime" : "07/21/17 00:00:00",
  "value" : "39"
},{
  "dateTime" : "07/22/17 00:00:00",
  "value" : "74"
},{
  "dateTime" : "07/23/17 00:00:00",
  "value" : "95"
},{
  "dateTime" : "07/24/17 00:00:00",
  "value" : "45"
},{
  "dateTime" : "07/25/17 00:00:00",
  "value" : "3"
},{
  "dateTime" : "07/26/17 00:00:00",
  "value" : "11"
},{
  "dateTime" : "07/27/17 00:00:00",
  "value" : "44"
}]