[{
  "dateTime" : "03/30/17 00:00:00",
  "value" : "56"
},{
  "dateTime" : "03/31/17 00:00:00",
  "value" : "74"
},{
  "dateTime" : "04/01/17 00:00:00",
  "value" : "59"
},{
  "dateTime" : "04/02/17 00:00:00",
  "value" : "61"
},{
  "dateTime" : "04/03/17 00:00:00",
  "value" : "85"
},{
  "dateTime" : "04/04/17 00:00:00",
  "value" : "102"
},{
  "dateTime" : "04/05/17 00:00:00",
  "value" : "66"
},{
  "dateTime" : "04/06/17 00:00:00",
  "value" : "135"
},{
  "dateTime" : "04/07/17 00:00:00",
  "value" : "154"
},{
  "dateTime" : "04/08/17 00:00:00",
  "value" : "22"
},{
  "dateTime" : "04/09/17 00:00:00",
  "value" : "27"
},{
  "dateTime" : "04/10/17 00:00:00",
  "value" : "70"
},{
  "dateTime" : "04/11/17 00:00:00",
  "value" : "125"
},{
  "dateTime" : "04/12/17 00:00:00",
  "value" : "101"
},{
  "dateTime" : "04/13/17 00:00:00",
  "value" : "65"
},{
  "dateTime" : "04/14/17 00:00:00",
  "value" : "236"
},{
  "dateTime" : "04/15/17 00:00:00",
  "value" : "39"
},{
  "dateTime" : "04/16/17 00:00:00",
  "value" : "64"
},{
  "dateTime" : "04/17/17 00:00:00",
  "value" : "66"
},{
  "dateTime" : "04/18/17 00:00:00",
  "value" : "67"
},{
  "dateTime" : "04/19/17 00:00:00",
  "value" : "155"
},{
  "dateTime" : "04/20/17 00:00:00",
  "value" : "187"
},{
  "dateTime" : "04/21/17 00:00:00",
  "value" : "30"
},{
  "dateTime" : "04/22/17 00:00:00",
  "value" : "85"
},{
  "dateTime" : "04/23/17 00:00:00",
  "value" : "215"
},{
  "dateTime" : "04/24/17 00:00:00",
  "value" : "96"
},{
  "dateTime" : "04/25/17 00:00:00",
  "value" : "158"
},{
  "dateTime" : "04/26/17 00:00:00",
  "value" : "41"
},{
  "dateTime" : "04/27/17 00:00:00",
  "value" : "109"
},{
  "dateTime" : "04/28/17 00:00:00",
  "value" : "177"
}]