[{
  "encodedId" : "228TPW",
  "badgeType" : "DAILY_STEPS",
  "value" : 35000,
  "timesAchieved" : 1,
  "dateTime" : "2018-03-24",
  "name" : "Hiking Boot (35,000 steps in a day)",
  "shortName" : "Hiking Boot",
  "earnedMessage" : "Congrats on earning your first Hiking Boot badge!",
  "description" : "35,000 steps in a day",
  "category" : "Daily Steps",
  "shareText" : "I took 35,000 steps and earned the Hiking Boot badge! #Fitbit"
},{
  "encodedId" : "228TM5",
  "badgeType" : "DAILY_STEPS",
  "value" : 30000,
  "timesAchieved" : 1,
  "dateTime" : "2018-03-24",
  "name" : "Trail Shoe (30,000 steps in a day)",
  "shortName" : "Trail Shoe",
  "earnedMessage" : "Congrats on earning your first Trail Shoe badge!",
  "description" : "30,000 steps in a day",
  "category" : "Daily Steps",
  "shareText" : "I took 30,000 steps and earned the Trail Shoe badge! #Fitbit"
},{
  "encodedId" : "228TLX",
  "badgeType" : "DAILY_STEPS",
  "value" : 25000,
  "timesAchieved" : 9,
  "dateTime" : "2018-08-11",
  "name" : "Classics (25,000 steps in a day)",
  "shortName" : "Classics",
  "earnedMessage" : "Congrats on earning your first Classics badge!",
  "description" : "25,000 steps in a day",
  "category" : "Daily Steps",
  "shareText" : "I took 25,000 steps and earned the Classics badge! #Fitbit"
},{
  "encodedId" : "228TPP",
  "badgeType" : "DAILY_STEPS",
  "value" : 20000,
  "timesAchieved" : 26,
  "dateTime" : "2019-02-21",
  "name" : "High Tops (20,000 steps in a day)",
  "shortName" : "High Tops",
  "earnedMessage" : "Congrats on earning your first High Tops badge!",
  "description" : "20,000 steps in a day",
  "category" : "Daily Steps",
  "shareText" : "I took 20,000 steps and earned the High Tops badge! #Fitbit"
},{
  "encodedId" : "228TMK",
  "badgeType" : "DAILY_STEPS",
  "value" : 15000,
  "timesAchieved" : 91,
  "dateTime" : "2019-02-23",
  "name" : "Urban Boot (15,000 steps in a day)",
  "shortName" : "Urban Boot",
  "earnedMessage" : "Congrats on earning your first Urban Boot badge!",
  "description" : "15,000 steps in a day",
  "category" : "Daily Steps",
  "shareText" : "I took 15,000 steps and earned the Urban Boot badge! #Fitbit"
},{
  "encodedId" : "228TQB",
  "badgeType" : "DAILY_STEPS",
  "value" : 10000,
  "timesAchieved" : 220,
  "dateTime" : "2019-02-24",
  "name" : "Sneakers (10,000 steps in a day)",
  "shortName" : "Sneakers",
  "earnedMessage" : "Congrats on earning your first Sneakers badge!",
  "description" : "10,000 steps in a day",
  "category" : "Daily Steps",
  "shareText" : "I took 10,000 steps and earned the Sneakers badge! #Fitbit"
},{
  "encodedId" : "228TQ4",
  "badgeType" : "DAILY_STEPS",
  "value" : 5000,
  "timesAchieved" : 272,
  "dateTime" : "2019-02-24",
  "name" : "Boat Shoe (5,000 steps in a day)",
  "shortName" : "Boat Shoe",
  "earnedMessage" : "Congrats on earning your first Boat Shoe badge!",
  "description" : "5,000 steps in a day",
  "category" : "Daily Steps",
  "shareText" : "I took 5,000 steps and earned the Boat Shoe badge! #Fitbit"
},{
  "encodedId" : "22B8MD",
  "badgeType" : "LIFETIME_DISTANCE",
  "value" : 990,
  "unit" : "MILES",
  "timesAchieved" : 1,
  "dateTime" : "2018-06-28",
  "name" : "New Zealand (990 lifetime miles)",
  "shortName" : "New Zealand",
  "earnedMessage" : "Whoa! You've earned the New Zealand badge!",
  "description" : "990 lifetime miles",
  "category" : "Lifetime Distance",
  "shareText" : "I covered 990 miles with my #Fitbit and earned the New Zealand badge."
},{
  "encodedId" : "22B8MC",
  "badgeType" : "LIFETIME_DISTANCE",
  "value" : 736,
  "unit" : "MILES",
  "timesAchieved" : 1,
  "dateTime" : "2018-05-13",
  "name" : "Italy (736 lifetime miles)",
  "shortName" : "Italy",
  "earnedMessage" : "Whoa! You've earned the Italy badge!",
  "description" : "736 lifetime miles",
  "category" : "Lifetime Distance",
  "shareText" : "I covered 736 miles with my #Fitbit and earned the Italy badge."
},{
  "encodedId" : "22B8MG",
  "badgeType" : "LIFETIME_DISTANCE",
  "value" : 500,
  "unit" : "MILES",
  "timesAchieved" : 1,
  "dateTime" : "2018-04-03",
  "name" : "Serengeti (500 lifetime miles)",
  "shortName" : "Serengeti",
  "earnedMessage" : "Whoa! You've earned the Serengeti badge!",
  "description" : "500 lifetime miles",
  "category" : "Lifetime Distance",
  "shareText" : "I covered 500 miles with my #Fitbit and earned the Serengeti badge."
},{
  "encodedId" : "22B8M8",
  "badgeType" : "LIFETIME_DISTANCE",
  "value" : 250,
  "unit" : "MILES",
  "timesAchieved" : 1,
  "dateTime" : "2018-02-19",
  "name" : "London Underground (250 lifetime miles)",
  "shortName" : "London Underground",
  "earnedMessage" : "Whoa! You've earned the London Underground badge!",
  "description" : "250 lifetime miles",
  "category" : "Lifetime Distance",
  "shareText" : "I covered 250 miles with my #Fitbit and earned the London Underground badge."
},{
  "encodedId" : "22B8M7",
  "badgeType" : "LIFETIME_DISTANCE",
  "value" : 70,
  "unit" : "MILES",
  "timesAchieved" : 1,
  "dateTime" : "2018-01-20",
  "name" : "Penguin March (70 lifetime miles)",
  "shortName" : "Penguin March",
  "earnedMessage" : "Whoa! You've earned the Penguin March badge!",
  "description" : "70 lifetime miles",
  "category" : "Lifetime Distance",
  "shareText" : "I covered 70 miles with my #Fitbit and earned the Penguin March badge."
},{
  "encodedId" : "22B8MB",
  "badgeType" : "LIFETIME_DISTANCE",
  "value" : 26,
  "unit" : "MILES",
  "timesAchieved" : 1,
  "dateTime" : "2018-01-14",
  "name" : "Marathon (26 lifetime miles)",
  "shortName" : "Marathon",
  "earnedMessage" : "Whoa! You've earned the Marathon badge!",
  "description" : "26 lifetime miles",
  "category" : "Lifetime Distance",
  "shareText" : "I covered 26 miles with my #Fitbit and earned the Marathon badge."
}]