[{
  "logId" : 15006264830,
  "activityName" : "Walk",
  "activityTypeId" : 90013,
  "activityLevel" : [{
    "minutes" : 2,
    "name" : "sedentary"
  },{
    "minutes" : 14,
    "name" : "lightly"
  },{
    "minutes" : 0,
    "name" : "fairly"
  },{
    "minutes" : 0,
    "name" : "very"
  }],
  "calories" : 77,
  "duration" : 973000,
  "activeDuration" : 973000,
  "steps" : 1232,
  "logType" : "auto_detected",
  "manualValuesSpecified" : {
    "calories" : false,
    "distance" : false,
    "steps" : false
  },
  "lastModified" : "06/20/18 01:44:43",
  "startTime" : "06/19/18 19:05:37",
  "originalStartTime" : "06/19/18 19:05:37",
  "originalDuration" : 973000,
  "hasGps" : false,
  "shouldFetchDetails" : false
},{
  "logId" : 15044585255,
  "activityName" : "Walk",
  "activityTypeId" : 90013,
  "activityLevel" : [{
    "minutes" : 0,
    "name" : "sedentary"
  },{
    "minutes" : 1,
    "name" : "lightly"
  },{
    "minutes" : 3,
    "name" : "fairly"
  },{
    "minutes" : 17,
    "name" : "very"
  }],
  "calories" : 123,
  "duration" : 1280000,
  "activeDuration" : 1280000,
  "steps" : 2080,
  "logType" : "auto_detected",
  "manualValuesSpecified" : {
    "calories" : false,
    "distance" : false,
    "steps" : false
  },
  "lastModified" : "06/21/18 18:32:40",
  "startTime" : "06/21/18 00:31:10",
  "originalStartTime" : "06/21/18 00:31:10",
  "originalDuration" : 1280000,
  "hasGps" : false,
  "shouldFetchDetails" : false
},{
  "logId" : 15052737720,
  "activityName" : "Walk",
  "activityTypeId" : 90013,
  "activityLevel" : [{
    "minutes" : 0,
    "name" : "sedentary"
  },{
    "minutes" : 2,
    "name" : "lightly"
  },{
    "minutes" : 4,
    "name" : "fairly"
  },{
    "minutes" : 23,
    "name" : "very"
  }],
  "calories" : 159,
  "duration" : 1741000,
  "activeDuration" : 1741000,
  "steps" : 2672,
  "logType" : "auto_detected",
  "manualValuesSpecified" : {
    "calories" : false,
    "distance" : false,
    "steps" : false
  },
  "lastModified" : "06/22/18 03:55:38",
  "startTime" : "06/22/18 03:21:25",
  "originalStartTime" : "06/22/18 03:21:25",
  "originalDuration" : 1741000,
  "hasGps" : false,
  "shouldFetchDetails" : false
},{
  "logId" : 15054357760,
  "activityName" : "Walk",
  "activityTypeId" : 90013,
  "activityLevel" : [{
    "minutes" : 2,
    "name" : "sedentary"
  },{
    "minutes" : 6,
    "name" : "lightly"
  },{
    "minutes" : 3,
    "name" : "fairly"
  },{
    "minutes" : 44,
    "name" : "very"
  }],
  "calories" : 289,
  "duration" : 3327000,
  "activeDuration" : 3327000,
  "steps" : 4839,
  "logType" : "auto_detected",
  "manualValuesSpecified" : {
    "calories" : false,
    "distance" : false,
    "steps" : false
  },
  "lastModified" : "06/22/18 05:26:53",
  "startTime" : "06/22/18 04:19:27",
  "originalStartTime" : "06/22/18 04:19:27",
  "originalDuration" : 3327000,
  "hasGps" : false,
  "shouldFetchDetails" : false
},{
  "logId" : 15100381074,
  "activityName" : "Walk",
  "activityTypeId" : 90013,
  "activityLevel" : [{
    "minutes" : 0,
    "name" : "sedentary"
  },{
    "minutes" : 1,
    "name" : "lightly"
  },{
    "minutes" : 6,
    "name" : "fairly"
  },{
    "minutes" : 65,
    "name" : "very"
  }],
  "calories" : 440,
  "duration" : 4352000,
  "activeDuration" : 4352000,
  "steps" : 7666,
  "logType" : "auto_detected",
  "manualValuesSpecified" : {
    "calories" : false,
    "distance" : false,
    "steps" : false
  },
  "lastModified" : "06/24/18 16:20:19",
  "startTime" : "06/23/18 18:46:01",
  "originalStartTime" : "06/23/18 18:46:01",
  "originalDuration" : 4352000,
  "hasGps" : false,
  "shouldFetchDetails" : false
},{
  "logId" : 15100381076,
  "activityName" : "Walk",
  "activityTypeId" : 90013,
  "activityLevel" : [{
    "minutes" : 10,
    "name" : "sedentary"
  },{
    "minutes" : 3,
    "name" : "lightly"
  },{
    "minutes" : 6,
    "name" : "fairly"
  },{
    "minutes" : 21,
    "name" : "very"
  }],
  "calories" : 170,
  "duration" : 2458000,
  "activeDuration" : 2458000,
  "steps" : 2667,
  "logType" : "auto_detected",
  "manualValuesSpecified" : {
    "calories" : false,
    "distance" : false,
    "steps" : false
  },
  "lastModified" : "06/24/18 16:20:19",
  "startTime" : "06/23/18 23:44:41",
  "originalStartTime" : "06/23/18 23:44:41",
  "originalDuration" : 2458000,
  "hasGps" : false,
  "shouldFetchDetails" : false
},{
  "logId" : 15100381078,
  "activityName" : "Walk",
  "activityTypeId" : 90013,
  "activityLevel" : [{
    "minutes" : 2,
    "name" : "sedentary"
  },{
    "minutes" : 3,
    "name" : "lightly"
  },{
    "minutes" : 4,
    "name" : "fairly"
  },{
    "minutes" : 19,
    "name" : "very"
  }],
  "calories" : 141,
  "duration" : 1690000,
  "activeDuration" : 1690000,
  "steps" : 2345,
  "logType" : "auto_detected",
  "manualValuesSpecified" : {
    "calories" : false,
    "distance" : false,
    "steps" : false
  },
  "lastModified" : "06/24/18 16:20:19",
  "startTime" : "06/24/18 01:09:10",
  "originalStartTime" : "06/24/18 01:09:10",
  "originalDuration" : 1690000,
  "hasGps" : false,
  "shouldFetchDetails" : false
},{
  "logId" : 15111643202,
  "activityName" : "Walk",
  "activityTypeId" : 90013,
  "activityLevel" : [{
    "minutes" : 1,
    "name" : "sedentary"
  },{
    "minutes" : 1,
    "name" : "lightly"
  },{
    "minutes" : 3,
    "name" : "fairly"
  },{
    "minutes" : 44,
    "name" : "very"
  }],
  "calories" : 292,
  "duration" : 2969000,
  "activeDuration" : 2969000,
  "steps" : 5044,
  "logType" : "auto_detected",
  "manualValuesSpecified" : {
    "calories" : false,
    "distance" : false,
    "steps" : false
  },
  "lastModified" : "06/25/18 04:10:41",
  "startTime" : "06/24/18 22:16:23",
  "originalStartTime" : "06/24/18 22:16:23",
  "originalDuration" : 2969000,
  "hasGps" : false,
  "shouldFetchDetails" : false
},{
  "logId" : 15125116393,
  "activityName" : "Walk",
  "activityTypeId" : 90013,
  "activityLevel" : [{
    "minutes" : 0,
    "name" : "sedentary"
  },{
    "minutes" : 1,
    "name" : "lightly"
  },{
    "minutes" : 6,
    "name" : "fairly"
  },{
    "minutes" : 11,
    "name" : "very"
  }],
  "calories" : 93,
  "duration" : 1076000,
  "activeDuration" : 1076000,
  "steps" : 1571,
  "logType" : "auto_detected",
  "manualValuesSpecified" : {
    "calories" : false,
    "distance" : false,
    "steps" : false
  },
  "lastModified" : "06/25/18 19:40:15",
  "startTime" : "06/25/18 19:09:56",
  "originalStartTime" : "06/25/18 19:09:56",
  "originalDuration" : 1076000,
  "hasGps" : false,
  "shouldFetchDetails" : false
},{
  "logId" : 15129280934,
  "activityName" : "Walk",
  "activityTypeId" : 90013,
  "activityLevel" : [{
    "minutes" : 1,
    "name" : "sedentary"
  },{
    "minutes" : 7,
    "name" : "lightly"
  },{
    "minutes" : 5,
    "name" : "fairly"
  },{
    "minutes" : 5,
    "name" : "very"
  }],
  "calories" : 79,
  "duration" : 1127000,
  "activeDuration" : 1127000,
  "steps" : 1213,
  "logType" : "auto_detected",
  "manualValuesSpecified" : {
    "calories" : false,
    "distance" : false,
    "steps" : false
  },
  "lastModified" : "06/25/18 23:43:45",
  "startTime" : "06/25/18 23:09:43",
  "originalStartTime" : "06/25/18 23:09:43",
  "originalDuration" : 1127000,
  "hasGps" : false,
  "shouldFetchDetails" : false
},{
  "logId" : 15132746630,
  "activityName" : "Walk",
  "activityTypeId" : 90013,
  "activityLevel" : [{
    "minutes" : 1,
    "name" : "sedentary"
  },{
    "minutes" : 1,
    "name" : "lightly"
  },{
    "minutes" : 3,
    "name" : "fairly"
  },{
    "minutes" : 33,
    "name" : "very"
  }],
  "calories" : 222,
  "duration" : 2304000,
  "activeDuration" : 2304000,
  "steps" : 3840,
  "logType" : "auto_detected",
  "manualValuesSpecified" : {
    "calories" : false,
    "distance" : false,
    "steps" : false
  },
  "lastModified" : "06/26/18 04:02:50",
  "startTime" : "06/26/18 03:18:03",
  "originalStartTime" : "06/26/18 03:18:03",
  "originalDuration" : 2304000,
  "hasGps" : false,
  "shouldFetchDetails" : false
},{
  "logId" : 15162506773,
  "activityName" : "Walk",
  "activityTypeId" : 90013,
  "activityLevel" : [{
    "minutes" : 0,
    "name" : "sedentary"
  },{
    "minutes" : 9,
    "name" : "lightly"
  },{
    "minutes" : 1,
    "name" : "fairly"
  },{
    "minutes" : 9,
    "name" : "very"
  }],
  "calories" : 102,
  "duration" : 1178000,
  "activeDuration" : 1178000,
  "steps" : 1676,
  "logType" : "auto_detected",
  "manualValuesSpecified" : {
    "calories" : false,
    "distance" : false,
    "steps" : false
  },
  "lastModified" : "06/27/18 14:23:15",
  "startTime" : "06/26/18 19:14:38",
  "originalStartTime" : "06/26/18 19:14:38",
  "originalDuration" : 1178000,
  "hasGps" : false,
  "shouldFetchDetails" : false
},{
  "logId" : 15162506775,
  "activityName" : "Walk",
  "activityTypeId" : 90013,
  "activityLevel" : [{
    "minutes" : 2,
    "name" : "sedentary"
  },{
    "minutes" : 2,
    "name" : "lightly"
  },{
    "minutes" : 11,
    "name" : "fairly"
  },{
    "minutes" : 54,
    "name" : "very"
  }],
  "calories" : 379,
  "duration" : 4147000,
  "activeDuration" : 4147000,
  "steps" : 6432,
  "logType" : "auto_detected",
  "manualValuesSpecified" : {
    "calories" : false,
    "distance" : false,
    "steps" : false
  },
  "lastModified" : "06/27/18 14:23:15",
  "startTime" : "06/27/18 02:11:55",
  "originalStartTime" : "06/27/18 02:11:55",
  "originalDuration" : 4147000,
  "hasGps" : false,
  "shouldFetchDetails" : false
},{
  "logId" : 15302104066,
  "activityName" : "Walk",
  "activityTypeId" : 90013,
  "activityLevel" : [{
    "minutes" : 0,
    "name" : "sedentary"
  },{
    "minutes" : 1,
    "name" : "lightly"
  },{
    "minutes" : 1,
    "name" : "fairly"
  },{
    "minutes" : 29,
    "name" : "very"
  }],
  "calories" : 185,
  "duration" : 1844000,
  "activeDuration" : 1844000,
  "steps" : 3212,
  "logType" : "auto_detected",
  "manualValuesSpecified" : {
    "calories" : false,
    "distance" : false,
    "steps" : false
  },
  "lastModified" : "07/03/18 13:47:54",
  "startTime" : "07/01/18 05:33:58",
  "originalStartTime" : "07/01/18 05:33:58",
  "originalDuration" : 1844000,
  "hasGps" : false,
  "shouldFetchDetails" : false
},{
  "logId" : 15302104067,
  "activityName" : "Walk",
  "activityTypeId" : 90013,
  "activityLevel" : [{
    "minutes" : 8,
    "name" : "sedentary"
  },{
    "minutes" : 24,
    "name" : "lightly"
  },{
    "minutes" : 27,
    "name" : "fairly"
  },{
    "minutes" : 50,
    "name" : "very"
  }],
  "calories" : 482,
  "duration" : 6554000,
  "activeDuration" : 6554000,
  "steps" : 7630,
  "logType" : "auto_detected",
  "manualValuesSpecified" : {
    "calories" : false,
    "distance" : false,
    "steps" : false
  },
  "lastModified" : "07/03/18 13:47:54",
  "startTime" : "07/01/18 19:08:03",
  "originalStartTime" : "07/01/18 19:08:03",
  "originalDuration" : 6554000,
  "hasGps" : false,
  "shouldFetchDetails" : false
},{
  "logId" : 15302104068,
  "activityName" : "Walk",
  "activityTypeId" : 90013,
  "activityLevel" : [{
    "minutes" : 10,
    "name" : "sedentary"
  },{
    "minutes" : 20,
    "name" : "lightly"
  },{
    "minutes" : 47,
    "name" : "fairly"
  },{
    "minutes" : 125,
    "name" : "very"
  }],
  "calories" : 1007,
  "duration" : 12135000,
  "activeDuration" : 12135000,
  "steps" : 16660,
  "logType" : "auto_detected",
  "manualValuesSpecified" : {
    "calories" : false,
    "distance" : false,
    "steps" : false
  },
  "lastModified" : "07/03/18 13:47:54",
  "startTime" : "07/01/18 21:32:16",
  "originalStartTime" : "07/01/18 21:32:16",
  "originalDuration" : 12135000,
  "hasGps" : false,
  "shouldFetchDetails" : false
},{
  "logId" : 15311619916,
  "activityName" : "Walk",
  "activityTypeId" : 90013,
  "activityLevel" : [{
    "minutes" : 0,
    "name" : "sedentary"
  },{
    "minutes" : 1,
    "name" : "lightly"
  },{
    "minutes" : 0,
    "name" : "fairly"
  },{
    "minutes" : 18,
    "name" : "very"
  }],
  "calories" : 110,
  "duration" : 1178000,
  "activeDuration" : 1178000,
  "steps" : 1868,
  "logType" : "auto_detected",
  "manualValuesSpecified" : {
    "calories" : false,
    "distance" : false,
    "steps" : false
  },
  "lastModified" : "07/03/18 23:05:51",
  "startTime" : "07/03/18 18:55:18",
  "originalStartTime" : "07/03/18 18:55:18",
  "originalDuration" : 1178000,
  "hasGps" : false,
  "shouldFetchDetails" : false
},{
  "logId" : 15342252091,
  "activityName" : "Walk",
  "activityTypeId" : 90013,
  "activityLevel" : [{
    "minutes" : 5,
    "name" : "sedentary"
  },{
    "minutes" : 11,
    "name" : "lightly"
  },{
    "minutes" : 4,
    "name" : "fairly"
  },{
    "minutes" : 4,
    "name" : "very"
  }],
  "calories" : 89,
  "duration" : 1484000,
  "activeDuration" : 1484000,
  "steps" : 1323,
  "logType" : "auto_detected",
  "manualValuesSpecified" : {
    "calories" : false,
    "distance" : false,
    "steps" : false
  },
  "lastModified" : "07/05/18 14:03:50",
  "startTime" : "07/04/18 16:04:13",
  "originalStartTime" : "07/04/18 16:04:13",
  "originalDuration" : 1484000,
  "hasGps" : false,
  "shouldFetchDetails" : false
},{
  "logId" : 15342252095,
  "activityName" : "Walk",
  "activityTypeId" : 90013,
  "activityLevel" : [{
    "minutes" : 1,
    "name" : "sedentary"
  },{
    "minutes" : 0,
    "name" : "lightly"
  },{
    "minutes" : 1,
    "name" : "fairly"
  },{
    "minutes" : 13,
    "name" : "very"
  }],
  "calories" : 82,
  "duration" : 922000,
  "activeDuration" : 922000,
  "steps" : 1408,
  "logType" : "auto_detected",
  "manualValuesSpecified" : {
    "calories" : false,
    "distance" : false,
    "steps" : false
  },
  "lastModified" : "07/05/18 14:03:50",
  "startTime" : "07/04/18 18:44:38",
  "originalStartTime" : "07/04/18 18:44:38",
  "originalDuration" : 922000,
  "hasGps" : false,
  "shouldFetchDetails" : false
},{
  "logId" : 15342252096,
  "activityName" : "Walk",
  "activityTypeId" : 90013,
  "activityLevel" : [{
    "minutes" : 1,
    "name" : "sedentary"
  },{
    "minutes" : 0,
    "name" : "lightly"
  },{
    "minutes" : 1,
    "name" : "fairly"
  },{
    "minutes" : 14,
    "name" : "very"
  }],
  "calories" : 88,
  "duration" : 973000,
  "activeDuration" : 973000,
  "steps" : 1505,
  "logType" : "auto_detected",
  "manualValuesSpecified" : {
    "calories" : false,
    "distance" : false,
    "steps" : false
  },
  "lastModified" : "07/05/18 14:03:50",
  "startTime" : "07/04/18 19:25:36",
  "originalStartTime" : "07/04/18 19:25:36",
  "originalDuration" : 973000,
  "hasGps" : false,
  "shouldFetchDetails" : false
},{
  "logId" : 15342252098,
  "activityName" : "Walk",
  "activityTypeId" : 90013,
  "activityLevel" : [{
    "minutes" : 0,
    "name" : "sedentary"
  },{
    "minutes" : 2,
    "name" : "lightly"
  },{
    "minutes" : 7,
    "name" : "fairly"
  },{
    "minutes" : 12,
    "name" : "very"
  }],
  "calories" : 109,
  "duration" : 1229000,
  "activeDuration" : 1229000,
  "steps" : 1802,
  "logType" : "auto_detected",
  "manualValuesSpecified" : {
    "calories" : false,
    "distance" : false,
    "steps" : false
  },
  "lastModified" : "07/05/18 14:03:50",
  "startTime" : "07/04/18 22:01:45",
  "originalStartTime" : "07/04/18 22:01:45",
  "originalDuration" : 1229000,
  "hasGps" : false,
  "shouldFetchDetails" : false
},{
  "logId" : 15371519249,
  "activityName" : "Walk",
  "activityTypeId" : 90013,
  "activityLevel" : [{
    "minutes" : 2,
    "name" : "sedentary"
  },{
    "minutes" : 2,
    "name" : "lightly"
  },{
    "minutes" : 4,
    "name" : "fairly"
  },{
    "minutes" : 18,
    "name" : "very"
  }],
  "calories" : 137,
  "duration" : 1588000,
  "activeDuration" : 1588000,
  "steps" : 2285,
  "logType" : "auto_detected",
  "manualValuesSpecified" : {
    "calories" : false,
    "distance" : false,
    "steps" : false
  },
  "lastModified" : "07/06/18 20:11:15",
  "startTime" : "07/06/18 19:32:26",
  "originalStartTime" : "07/06/18 19:32:26",
  "originalDuration" : 1588000,
  "hasGps" : false,
  "shouldFetchDetails" : false
},{
  "logId" : 15390233410,
  "activityName" : "Walk",
  "activityTypeId" : 90013,
  "activityLevel" : [{
    "minutes" : 1,
    "name" : "sedentary"
  },{
    "minutes" : 2,
    "name" : "lightly"
  },{
    "minutes" : 5,
    "name" : "fairly"
  },{
    "minutes" : 9,
    "name" : "very"
  }],
  "calories" : 82,
  "duration" : 1024000,
  "activeDuration" : 1024000,
  "steps" : 1341,
  "logType" : "auto_detected",
  "manualValuesSpecified" : {
    "calories" : false,
    "distance" : false,
    "steps" : false
  },
  "lastModified" : "07/07/18 19:51:41",
  "startTime" : "07/07/18 19:26:03",
  "originalStartTime" : "07/07/18 19:26:03",
  "originalDuration" : 1024000,
  "hasGps" : false,
  "shouldFetchDetails" : false
},{
  "logId" : 15396737190,
  "activityName" : "Walk",
  "activityTypeId" : 90013,
  "activityLevel" : [{
    "minutes" : 0,
    "name" : "sedentary"
  },{
    "minutes" : 2,
    "name" : "lightly"
  },{
    "minutes" : 9,
    "name" : "fairly"
  },{
    "minutes" : 24,
    "name" : "very"
  }],
  "calories" : 192,
  "duration" : 2150000,
  "activeDuration" : 2150000,
  "steps" : 3259,
  "logType" : "auto_detected",
  "manualValuesSpecified" : {
    "calories" : false,
    "distance" : false,
    "steps" : false
  },
  "lastModified" : "07/08/18 03:43:22",
  "startTime" : "07/08/18 02:54:03",
  "originalStartTime" : "07/08/18 02:54:03",
  "originalDuration" : 2150000,
  "hasGps" : false,
  "shouldFetchDetails" : false
},{
  "logId" : 15410790659,
  "activityName" : "Walk",
  "activityTypeId" : 90013,
  "activityLevel" : [{
    "minutes" : 1,
    "name" : "sedentary"
  },{
    "minutes" : 2,
    "name" : "lightly"
  },{
    "minutes" : 8,
    "name" : "fairly"
  },{
    "minutes" : 10,
    "name" : "very"
  }],
  "calories" : 101,
  "duration" : 1280000,
  "activeDuration" : 1280000,
  "steps" : 1642,
  "logType" : "auto_detected",
  "manualValuesSpecified" : {
    "calories" : false,
    "distance" : false,
    "steps" : false
  },
  "lastModified" : "07/08/18 22:02:48",
  "startTime" : "07/08/18 21:29:22",
  "originalStartTime" : "07/08/18 21:29:22",
  "originalDuration" : 1280000,
  "hasGps" : false,
  "shouldFetchDetails" : false
},{
  "logId" : 15471875786,
  "activityName" : "Walk",
  "activityTypeId" : 90013,
  "activityLevel" : [{
    "minutes" : 0,
    "name" : "sedentary"
  },{
    "minutes" : 1,
    "name" : "lightly"
  },{
    "minutes" : 3,
    "name" : "fairly"
  },{
    "minutes" : 23,
    "name" : "very"
  }],
  "calories" : 158,
  "duration" : 1639000,
  "activeDuration" : 1639000,
  "steps" : 2701,
  "logType" : "auto_detected",
  "manualValuesSpecified" : {
    "calories" : false,
    "distance" : false,
    "steps" : false
  },
  "lastModified" : "07/11/18 17:47:10",
  "startTime" : "07/09/18 19:03:52",
  "originalStartTime" : "07/09/18 19:03:52",
  "originalDuration" : 1639000,
  "hasGps" : false,
  "shouldFetchDetails" : false
},{
  "logId" : 15471875788,
  "activityName" : "Walk",
  "activityTypeId" : 90013,
  "activityLevel" : [{
    "minutes" : 0,
    "name" : "sedentary"
  },{
    "minutes" : 1,
    "name" : "lightly"
  },{
    "minutes" : 2,
    "name" : "fairly"
  },{
    "minutes" : 16,
    "name" : "very"
  }],
  "calories" : 113,
  "duration" : 1127000,
  "activeDuration" : 1127000,
  "steps" : 1927,
  "logType" : "auto_detected",
  "manualValuesSpecified" : {
    "calories" : false,
    "distance" : false,
    "steps" : false
  },
  "lastModified" : "07/11/18 17:47:10",
  "startTime" : "07/11/18 02:13:31",
  "originalStartTime" : "07/11/18 02:13:31",
  "originalDuration" : 1127000,
  "hasGps" : false,
  "shouldFetchDetails" : false
},{
  "logId" : 15471875790,
  "activityName" : "Walk",
  "activityTypeId" : 90013,
  "activityLevel" : [{
    "minutes" : 1,
    "name" : "sedentary"
  },{
    "minutes" : 3,
    "name" : "lightly"
  },{
    "minutes" : 2,
    "name" : "fairly"
  },{
    "minutes" : 24,
    "name" : "very"
  }],
  "calories" : 159,
  "duration" : 1843000,
  "activeDuration" : 1843000,
  "steps" : 2693,
  "logType" : "auto_detected",
  "manualValuesSpecified" : {
    "calories" : false,
    "distance" : false,
    "steps" : false
  },
  "lastModified" : "07/11/18 17:47:10",
  "startTime" : "07/11/18 02:57:03",
  "originalStartTime" : "07/11/18 02:57:03",
  "originalDuration" : 1843000,
  "hasGps" : false,
  "shouldFetchDetails" : false
},{
  "logId" : 15471875791,
  "activityName" : "Walk",
  "activityTypeId" : 90013,
  "activityLevel" : [{
    "minutes" : 0,
    "name" : "sedentary"
  },{
    "minutes" : 0,
    "name" : "lightly"
  },{
    "minutes" : 4,
    "name" : "fairly"
  },{
    "minutes" : 17,
    "name" : "very"
  }],
  "calories" : 118,
  "duration" : 1229000,
  "activeDuration" : 1229000,
  "steps" : 2004,
  "logType" : "auto_detected",
  "manualValuesSpecified" : {
    "calories" : false,
    "distance" : false,
    "steps" : false
  },
  "lastModified" : "07/11/18 17:47:10",
  "startTime" : "07/11/18 04:37:44",
  "originalStartTime" : "07/11/18 04:37:44",
  "originalDuration" : 1229000,
  "hasGps" : false,
  "shouldFetchDetails" : false
},{
  "logId" : 15534116319,
  "activityName" : "Walk",
  "activityTypeId" : 90013,
  "activityLevel" : [{
    "minutes" : 2,
    "name" : "sedentary"
  },{
    "minutes" : 5,
    "name" : "lightly"
  },{
    "minutes" : 16,
    "name" : "fairly"
  },{
    "minutes" : 13,
    "name" : "very"
  }],
  "calories" : 160,
  "duration" : 2202000,
  "activeDuration" : 2202000,
  "steps" : 2510,
  "logType" : "auto_detected",
  "manualValuesSpecified" : {
    "calories" : false,
    "distance" : false,
    "steps" : false
  },
  "lastModified" : "07/14/18 14:24:42",
  "startTime" : "07/12/18 18:50:40",
  "originalStartTime" : "07/12/18 18:50:40",
  "originalDuration" : 2202000,
  "hasGps" : false,
  "shouldFetchDetails" : false
},{
  "logId" : 15534116321,
  "activityName" : "Walk",
  "activityTypeId" : 90013,
  "activityLevel" : [{
    "minutes" : 0,
    "name" : "sedentary"
  },{
    "minutes" : 1,
    "name" : "lightly"
  },{
    "minutes" : 3,
    "name" : "fairly"
  },{
    "minutes" : 17,
    "name" : "very"
  }],
  "calories" : 127,
  "duration" : 1280000,
  "activeDuration" : 1280000,
  "steps" : 2164,
  "logType" : "auto_detected",
  "manualValuesSpecified" : {
    "calories" : false,
    "distance" : false,
    "steps" : false
  },
  "lastModified" : "07/14/18 14:24:42",
  "startTime" : "07/13/18 02:29:46",
  "originalStartTime" : "07/13/18 02:29:46",
  "originalDuration" : 1280000,
  "hasGps" : false,
  "shouldFetchDetails" : false
},{
  "logId" : 15653104130,
  "activityName" : "Walk",
  "activityTypeId" : 90013,
  "activityLevel" : [{
    "minutes" : 1,
    "name" : "sedentary"
  },{
    "minutes" : 4,
    "name" : "lightly"
  },{
    "minutes" : 2,
    "name" : "fairly"
  },{
    "minutes" : 22,
    "name" : "very"
  }],
  "calories" : 152,
  "duration" : 1741000,
  "activeDuration" : 1741000,
  "steps" : 2518,
  "logType" : "auto_detected",
  "manualValuesSpecified" : {
    "calories" : false,
    "distance" : false,
    "steps" : false
  },
  "lastModified" : "07/20/18 04:14:52",
  "startTime" : "07/18/18 00:44:24",
  "originalStartTime" : "07/18/18 00:44:24",
  "originalDuration" : 1741000,
  "hasGps" : false,
  "shouldFetchDetails" : false
},{
  "logId" : 15653104131,
  "activityName" : "Walk",
  "activityTypeId" : 90013,
  "activityLevel" : [{
    "minutes" : 0,
    "name" : "sedentary"
  },{
    "minutes" : 6,
    "name" : "lightly"
  },{
    "minutes" : 4,
    "name" : "fairly"
  },{
    "minutes" : 28,
    "name" : "very"
  }],
  "calories" : 207,
  "duration" : 2253000,
  "activeDuration" : 2253000,
  "steps" : 3450,
  "logType" : "auto_detected",
  "manualValuesSpecified" : {
    "calories" : false,
    "distance" : false,
    "steps" : false
  },
  "lastModified" : "07/20/18 04:14:52",
  "startTime" : "07/18/18 01:40:43",
  "originalStartTime" : "07/18/18 01:40:43",
  "originalDuration" : 2253000,
  "hasGps" : false,
  "shouldFetchDetails" : false
},{
  "logId" : 15653104132,
  "activityName" : "Walk",
  "activityTypeId" : 90013,
  "activityLevel" : [{
    "minutes" : 6,
    "name" : "sedentary"
  },{
    "minutes" : 1,
    "name" : "lightly"
  },{
    "minutes" : 1,
    "name" : "fairly"
  },{
    "minutes" : 31,
    "name" : "very"
  }],
  "calories" : 198,
  "duration" : 2355000,
  "activeDuration" : 2355000,
  "steps" : 3307,
  "logType" : "auto_detected",
  "manualValuesSpecified" : {
    "calories" : false,
    "distance" : false,
    "steps" : false
  },
  "lastModified" : "07/20/18 04:14:52",
  "startTime" : "07/18/18 03:15:26",
  "originalStartTime" : "07/18/18 03:15:26",
  "originalDuration" : 2355000,
  "hasGps" : false,
  "shouldFetchDetails" : false
},{
  "logId" : 15653173940,
  "activityName" : "Walk",
  "activityTypeId" : 90013,
  "activityLevel" : [{
    "minutes" : 0,
    "name" : "sedentary"
  },{
    "minutes" : 3,
    "name" : "lightly"
  },{
    "minutes" : 4,
    "name" : "fairly"
  },{
    "minutes" : 55,
    "name" : "very"
  }],
  "calories" : 371,
  "duration" : 3738000,
  "activeDuration" : 3738000,
  "steps" : 6395,
  "logType" : "auto_detected",
  "manualValuesSpecified" : {
    "calories" : false,
    "distance" : false,
    "steps" : false
  },
  "lastModified" : "07/20/18 04:30:05",
  "startTime" : "07/20/18 03:12:01",
  "originalStartTime" : "07/20/18 03:12:01",
  "originalDuration" : 3738000,
  "hasGps" : false,
  "shouldFetchDetails" : false
},{
  "logId" : 15702616476,
  "activityName" : "Walk",
  "activityTypeId" : 90013,
  "activityLevel" : [{
    "minutes" : 1,
    "name" : "sedentary"
  },{
    "minutes" : 5,
    "name" : "lightly"
  },{
    "minutes" : 8,
    "name" : "fairly"
  },{
    "minutes" : 22,
    "name" : "very"
  }],
  "calories" : 178,
  "duration" : 2201000,
  "activeDuration" : 2201000,
  "steps" : 2898,
  "logType" : "auto_detected",
  "manualValuesSpecified" : {
    "calories" : false,
    "distance" : false,
    "steps" : false
  },
  "lastModified" : "07/22/18 20:07:58",
  "startTime" : "07/21/18 18:12:45",
  "originalStartTime" : "07/21/18 18:12:45",
  "originalDuration" : 2201000,
  "hasGps" : false,
  "shouldFetchDetails" : false
},{
  "logId" : 15787325258,
  "activityName" : "Walk",
  "activityTypeId" : 90013,
  "activityLevel" : [{
    "minutes" : 0,
    "name" : "sedentary"
  },{
    "minutes" : 0,
    "name" : "lightly"
  },{
    "minutes" : 3,
    "name" : "fairly"
  },{
    "minutes" : 14,
    "name" : "very"
  }],
  "calories" : 101,
  "duration" : 1024000,
  "activeDuration" : 1024000,
  "steps" : 1765,
  "logType" : "auto_detected",
  "manualValuesSpecified" : {
    "calories" : false,
    "distance" : false,
    "steps" : false
  },
  "lastModified" : "07/26/18 14:37:18",
  "startTime" : "07/25/18 01:25:50",
  "originalStartTime" : "07/25/18 01:25:50",
  "originalDuration" : 1024000,
  "hasGps" : false,
  "shouldFetchDetails" : false
},{
  "logId" : 15851127415,
  "activityName" : "Walk",
  "activityTypeId" : 90013,
  "activityLevel" : [{
    "minutes" : 7,
    "name" : "sedentary"
  },{
    "minutes" : 21,
    "name" : "lightly"
  },{
    "minutes" : 9,
    "name" : "fairly"
  },{
    "minutes" : 52,
    "name" : "very"
  }],
  "calories" : 423,
  "duration" : 5376000,
  "activeDuration" : 5376000,
  "steps" : 6821,
  "logType" : "auto_detected",
  "manualValuesSpecified" : {
    "calories" : false,
    "distance" : false,
    "steps" : false
  },
  "lastModified" : "07/29/18 23:27:38",
  "startTime" : "07/28/18 18:05:32",
  "originalStartTime" : "07/28/18 18:05:32",
  "originalDuration" : 5376000,
  "hasGps" : false,
  "shouldFetchDetails" : false
},{
  "logId" : 15851127417,
  "activityName" : "Walk",
  "activityTypeId" : 90013,
  "activityLevel" : [{
    "minutes" : 6,
    "name" : "sedentary"
  },{
    "minutes" : 26,
    "name" : "lightly"
  },{
    "minutes" : 2,
    "name" : "fairly"
  },{
    "minutes" : 16,
    "name" : "very"
  }],
  "calories" : 198,
  "duration" : 3021000,
  "activeDuration" : 3021000,
  "steps" : 2918,
  "logType" : "auto_detected",
  "manualValuesSpecified" : {
    "calories" : false,
    "distance" : false,
    "steps" : false
  },
  "lastModified" : "07/29/18 23:27:38",
  "startTime" : "07/28/18 21:19:14",
  "originalStartTime" : "07/28/18 21:19:14",
  "originalDuration" : 3021000,
  "hasGps" : false,
  "shouldFetchDetails" : false
},{
  "logId" : 15851127418,
  "activityName" : "Walk",
  "activityTypeId" : 90013,
  "activityLevel" : [{
    "minutes" : 2,
    "name" : "sedentary"
  },{
    "minutes" : 12,
    "name" : "lightly"
  },{
    "minutes" : 5,
    "name" : "fairly"
  },{
    "minutes" : 10,
    "name" : "very"
  }],
  "calories" : 123,
  "duration" : 1741000,
  "activeDuration" : 1741000,
  "steps" : 1885,
  "logType" : "auto_detected",
  "manualValuesSpecified" : {
    "calories" : false,
    "distance" : false,
    "steps" : false
  },
  "lastModified" : "07/29/18 23:27:38",
  "startTime" : "07/29/18 01:11:21",
  "originalStartTime" : "07/29/18 01:11:21",
  "originalDuration" : 1741000,
  "hasGps" : false,
  "shouldFetchDetails" : false
},{
  "logId" : 15851127420,
  "activityName" : "Walk",
  "activityTypeId" : 90013,
  "activityLevel" : [{
    "minutes" : 0,
    "name" : "sedentary"
  },{
    "minutes" : 2,
    "name" : "lightly"
  },{
    "minutes" : 0,
    "name" : "fairly"
  },{
    "minutes" : 28,
    "name" : "very"
  }],
  "calories" : 182,
  "duration" : 1843000,
  "activeDuration" : 1843000,
  "steps" : 3137,
  "logType" : "auto_detected",
  "manualValuesSpecified" : {
    "calories" : false,
    "distance" : false,
    "steps" : false
  },
  "lastModified" : "07/29/18 23:27:38",
  "startTime" : "07/29/18 04:06:17",
  "originalStartTime" : "07/29/18 04:06:17",
  "originalDuration" : 1843000,
  "hasGps" : false,
  "shouldFetchDetails" : false
},{
  "logId" : 15851127421,
  "activityName" : "Walk",
  "activityTypeId" : 90013,
  "activityLevel" : [{
    "minutes" : 0,
    "name" : "sedentary"
  },{
    "minutes" : 2,
    "name" : "lightly"
  },{
    "minutes" : 3,
    "name" : "fairly"
  },{
    "minutes" : 51,
    "name" : "very"
  }],
  "calories" : 334,
  "duration" : 3328000,
  "activeDuration" : 3328000,
  "steps" : 5765,
  "logType" : "auto_detected",
  "manualValuesSpecified" : {
    "calories" : false,
    "distance" : false,
    "steps" : false
  },
  "lastModified" : "07/29/18 23:27:38",
  "startTime" : "07/29/18 19:21:54",
  "originalStartTime" : "07/29/18 19:21:54",
  "originalDuration" : 3328000,
  "hasGps" : false,
  "shouldFetchDetails" : false
},{
  "logId" : 15889686424,
  "activityName" : "Walk",
  "activityTypeId" : 90013,
  "activityLevel" : [{
    "minutes" : 3,
    "name" : "sedentary"
  },{
    "minutes" : 16,
    "name" : "lightly"
  },{
    "minutes" : 11,
    "name" : "fairly"
  },{
    "minutes" : 7,
    "name" : "very"
  }],
  "calories" : 150,
  "duration" : 2253000,
  "activeDuration" : 2253000,
  "steps" : 2296,
  "logType" : "auto_detected",
  "manualValuesSpecified" : {
    "calories" : false,
    "distance" : false,
    "steps" : false
  },
  "lastModified" : "07/31/18 14:09:44",
  "startTime" : "07/30/18 01:42:32",
  "originalStartTime" : "07/30/18 01:42:32",
  "originalDuration" : 2253000,
  "hasGps" : false,
  "shouldFetchDetails" : false
},{
  "logId" : 15889686430,
  "activityName" : "Walk",
  "activityTypeId" : 90013,
  "activityLevel" : [{
    "minutes" : 0,
    "name" : "sedentary"
  },{
    "minutes" : 2,
    "name" : "lightly"
  },{
    "minutes" : 2,
    "name" : "fairly"
  },{
    "minutes" : 46,
    "name" : "very"
  }],
  "calories" : 293,
  "duration" : 2969000,
  "activeDuration" : 2969000,
  "steps" : 5028,
  "logType" : "auto_detected",
  "manualValuesSpecified" : {
    "calories" : false,
    "distance" : false,
    "steps" : false
  },
  "lastModified" : "07/31/18 14:09:44",
  "startTime" : "07/31/18 02:49:32",
  "originalStartTime" : "07/31/18 02:49:32",
  "originalDuration" : 2969000,
  "hasGps" : false,
  "shouldFetchDetails" : false
},{
  "logId" : 15965147307,
  "activityName" : "Walk",
  "activityTypeId" : 90013,
  "activityLevel" : [{
    "minutes" : 0,
    "name" : "sedentary"
  },{
    "minutes" : 1,
    "name" : "lightly"
  },{
    "minutes" : 4,
    "name" : "fairly"
  },{
    "minutes" : 21,
    "name" : "very"
  }],
  "calories" : 153,
  "duration" : 1588000,
  "activeDuration" : 1588000,
  "steps" : 2631,
  "logType" : "auto_detected",
  "manualValuesSpecified" : {
    "calories" : false,
    "distance" : false,
    "steps" : false
  },
  "lastModified" : "08/04/18 03:30:18",
  "startTime" : "08/01/18 22:59:08",
  "originalStartTime" : "08/01/18 22:59:08",
  "originalDuration" : 1588000,
  "hasGps" : false,
  "shouldFetchDetails" : false
},{
  "logId" : 15965147308,
  "activityName" : "Walk",
  "activityTypeId" : 90013,
  "activityLevel" : [{
    "minutes" : 2,
    "name" : "sedentary"
  },{
    "minutes" : 2,
    "name" : "lightly"
  },{
    "minutes" : 6,
    "name" : "fairly"
  },{
    "minutes" : 22,
    "name" : "very"
  }],
  "calories" : 164,
  "duration" : 1946000,
  "activeDuration" : 1946000,
  "steps" : 2752,
  "logType" : "auto_detected",
  "manualValuesSpecified" : {
    "calories" : false,
    "distance" : false,
    "steps" : false
  },
  "lastModified" : "08/04/18 03:30:18",
  "startTime" : "08/02/18 02:49:32",
  "originalStartTime" : "08/02/18 02:49:32",
  "originalDuration" : 1946000,
  "hasGps" : false,
  "shouldFetchDetails" : false
},{
  "logId" : 15965147309,
  "activityName" : "Walk",
  "activityTypeId" : 90013,
  "activityLevel" : [{
    "minutes" : 0,
    "name" : "sedentary"
  },{
    "minutes" : 1,
    "name" : "lightly"
  },{
    "minutes" : 0,
    "name" : "fairly"
  },{
    "minutes" : 18,
    "name" : "very"
  }],
  "calories" : 119,
  "duration" : 1177000,
  "activeDuration" : 1177000,
  "steps" : 2044,
  "logType" : "auto_detected",
  "manualValuesSpecified" : {
    "calories" : false,
    "distance" : false,
    "steps" : false
  },
  "lastModified" : "08/04/18 03:30:18",
  "startTime" : "08/03/18 01:48:32",
  "originalStartTime" : "08/03/18 01:48:32",
  "originalDuration" : 1177000,
  "hasGps" : false,
  "shouldFetchDetails" : false
},{
  "logId" : 15965147310,
  "activityName" : "Walk",
  "activityTypeId" : 90013,
  "activityLevel" : [{
    "minutes" : 0,
    "name" : "sedentary"
  },{
    "minutes" : 1,
    "name" : "lightly"
  },{
    "minutes" : 1,
    "name" : "fairly"
  },{
    "minutes" : 14,
    "name" : "very"
  }],
  "calories" : 93,
  "duration" : 972000,
  "activeDuration" : 972000,
  "steps" : 1575,
  "logType" : "auto_detected",
  "manualValuesSpecified" : {
    "calories" : false,
    "distance" : false,
    "steps" : false
  },
  "lastModified" : "08/04/18 03:30:18",
  "startTime" : "08/03/18 05:21:52",
  "originalStartTime" : "08/03/18 05:21:52",
  "originalDuration" : 972000,
  "hasGps" : false,
  "shouldFetchDetails" : false
},{
  "logId" : 16000661002,
  "activityName" : "Walk",
  "activityTypeId" : 90013,
  "activityLevel" : [{
    "minutes" : 1,
    "name" : "sedentary"
  },{
    "minutes" : 3,
    "name" : "lightly"
  },{
    "minutes" : 12,
    "name" : "fairly"
  },{
    "minutes" : 5,
    "name" : "very"
  }],
  "calories" : 89,
  "duration" : 1280000,
  "activeDuration" : 1280000,
  "steps" : 1405,
  "logType" : "auto_detected",
  "manualValuesSpecified" : {
    "calories" : false,
    "distance" : false,
    "steps" : false
  },
  "lastModified" : "08/06/18 01:58:34",
  "startTime" : "08/04/18 18:00:03",
  "originalStartTime" : "08/04/18 18:00:03",
  "originalDuration" : 1280000,
  "hasGps" : false,
  "shouldFetchDetails" : false
},{
  "logId" : 16000661003,
  "activityName" : "Walk",
  "activityTypeId" : 90013,
  "activityLevel" : [{
    "minutes" : 2,
    "name" : "sedentary"
  },{
    "minutes" : 7,
    "name" : "lightly"
  },{
    "minutes" : 28,
    "name" : "fairly"
  },{
    "minutes" : 15,
    "name" : "very"
  }],
  "calories" : 221,
  "duration" : 3123000,
  "activeDuration" : 3123000,
  "steps" : 3503,
  "logType" : "auto_detected",
  "manualValuesSpecified" : {
    "calories" : false,
    "distance" : false,
    "steps" : false
  },
  "lastModified" : "08/06/18 01:58:34",
  "startTime" : "08/04/18 20:14:53",
  "originalStartTime" : "08/04/18 20:14:53",
  "originalDuration" : 3123000,
  "hasGps" : false,
  "shouldFetchDetails" : false
},{
  "logId" : 16000661004,
  "activityName" : "Walk",
  "activityTypeId" : 90013,
  "activityLevel" : [{
    "minutes" : 1,
    "name" : "sedentary"
  },{
    "minutes" : 7,
    "name" : "lightly"
  },{
    "minutes" : 23,
    "name" : "fairly"
  },{
    "minutes" : 22,
    "name" : "very"
  }],
  "calories" : 239,
  "duration" : 3225000,
  "activeDuration" : 3225000,
  "steps" : 3871,
  "logType" : "auto_detected",
  "manualValuesSpecified" : {
    "calories" : false,
    "distance" : false,
    "steps" : false
  },
  "lastModified" : "08/06/18 01:58:34",
  "startTime" : "08/04/18 21:38:31",
  "originalStartTime" : "08/04/18 21:38:31",
  "originalDuration" : 3225000,
  "hasGps" : false,
  "shouldFetchDetails" : false
},{
  "logId" : 16001636237,
  "activityName" : "Walk",
  "activityTypeId" : 90013,
  "activityLevel" : [{
    "minutes" : 0,
    "name" : "sedentary"
  },{
    "minutes" : 1,
    "name" : "lightly"
  },{
    "minutes" : 2,
    "name" : "fairly"
  },{
    "minutes" : 57,
    "name" : "very"
  }],
  "calories" : 376,
  "duration" : 3635000,
  "activeDuration" : 3635000,
  "steps" : 6556,
  "logType" : "auto_detected",
  "manualValuesSpecified" : {
    "calories" : false,
    "distance" : false,
    "steps" : false
  },
  "lastModified" : "08/06/18 03:30:03",
  "startTime" : "08/06/18 02:14:35",
  "originalStartTime" : "08/06/18 02:14:35",
  "originalDuration" : 3635000,
  "hasGps" : false,
  "shouldFetchDetails" : false
},{
  "logId" : 16035928304,
  "activityName" : "Walk",
  "activityTypeId" : 90013,
  "activityLevel" : [{
    "minutes" : 0,
    "name" : "sedentary"
  },{
    "minutes" : 1,
    "name" : "lightly"
  },{
    "minutes" : 6,
    "name" : "fairly"
  },{
    "minutes" : 12,
    "name" : "very"
  }],
  "calories" : 103,
  "duration" : 1127000,
  "activeDuration" : 1127000,
  "steps" : 1734,
  "logType" : "auto_detected",
  "manualValuesSpecified" : {
    "calories" : false,
    "distance" : false,
    "steps" : false
  },
  "lastModified" : "08/07/18 14:09:30",
  "startTime" : "08/06/18 19:41:37",
  "originalStartTime" : "08/06/18 19:41:37",
  "originalDuration" : 1127000,
  "hasGps" : false,
  "shouldFetchDetails" : false
},{
  "logId" : 16035928308,
  "activityName" : "Walk",
  "activityTypeId" : 90013,
  "activityLevel" : [{
    "minutes" : 0,
    "name" : "sedentary"
  },{
    "minutes" : 1,
    "name" : "lightly"
  },{
    "minutes" : 4,
    "name" : "fairly"
  },{
    "minutes" : 22,
    "name" : "very"
  }],
  "calories" : 158,
  "duration" : 1639000,
  "activeDuration" : 1639000,
  "steps" : 2650,
  "logType" : "auto_detected",
  "manualValuesSpecified" : {
    "calories" : false,
    "distance" : false,
    "steps" : false
  },
  "lastModified" : "08/07/18 14:09:30",
  "startTime" : "08/07/18 00:43:42",
  "originalStartTime" : "08/07/18 00:43:42",
  "originalDuration" : 1639000,
  "hasGps" : false,
  "shouldFetchDetails" : false
},{
  "logId" : 16070213014,
  "activityName" : "Walk",
  "activityTypeId" : 90013,
  "activityLevel" : [{
    "minutes" : 0,
    "name" : "sedentary"
  },{
    "minutes" : 2,
    "name" : "lightly"
  },{
    "minutes" : 1,
    "name" : "fairly"
  },{
    "minutes" : 17,
    "name" : "very"
  }],
  "calories" : 117,
  "duration" : 1229000,
  "activeDuration" : 1229000,
  "steps" : 1988,
  "logType" : "auto_detected",
  "manualValuesSpecified" : {
    "calories" : false,
    "distance" : false,
    "steps" : false
  },
  "lastModified" : "08/09/18 01:58:55",
  "startTime" : "08/08/18 03:45:03",
  "originalStartTime" : "08/08/18 03:45:03",
  "originalDuration" : 1229000,
  "hasGps" : false,
  "shouldFetchDetails" : false
},{
  "logId" : 16070213015,
  "activityName" : "Walk",
  "activityTypeId" : 90013,
  "activityLevel" : [{
    "minutes" : 3,
    "name" : "sedentary"
  },{
    "minutes" : 2,
    "name" : "lightly"
  },{
    "minutes" : 9,
    "name" : "fairly"
  },{
    "minutes" : 26,
    "name" : "very"
  }],
  "calories" : 202,
  "duration" : 2407000,
  "activeDuration" : 2407000,
  "steps" : 3375,
  "logType" : "auto_detected",
  "manualValuesSpecified" : {
    "calories" : false,
    "distance" : false,
    "steps" : false
  },
  "lastModified" : "08/09/18 01:58:55",
  "startTime" : "08/08/18 19:16:53",
  "originalStartTime" : "08/08/18 19:16:53",
  "originalDuration" : 2407000,
  "hasGps" : false,
  "shouldFetchDetails" : false
},{
  "logId" : 16070213016,
  "activityName" : "Walk",
  "activityTypeId" : 90013,
  "activityLevel" : [{
    "minutes" : 0,
    "name" : "sedentary"
  },{
    "minutes" : 2,
    "name" : "lightly"
  },{
    "minutes" : 12,
    "name" : "fairly"
  },{
    "minutes" : 56,
    "name" : "very"
  }],
  "calories" : 409,
  "duration" : 4199000,
  "activeDuration" : 4199000,
  "steps" : 6992,
  "logType" : "auto_detected",
  "manualValuesSpecified" : {
    "calories" : false,
    "distance" : false,
    "steps" : false
  },
  "lastModified" : "08/09/18 01:58:55",
  "startTime" : "08/09/18 00:14:42",
  "originalStartTime" : "08/09/18 00:14:42",
  "originalDuration" : 4199000,
  "hasGps" : false,
  "shouldFetchDetails" : false
},{
  "logId" : 16070573170,
  "activityName" : "Walk",
  "activityTypeId" : 90013,
  "activityLevel" : [{
    "minutes" : 0,
    "name" : "sedentary"
  },{
    "minutes" : 1,
    "name" : "lightly"
  },{
    "minutes" : 3,
    "name" : "fairly"
  },{
    "minutes" : 16,
    "name" : "very"
  }],
  "calories" : 116,
  "duration" : 1229000,
  "activeDuration" : 1229000,
  "steps" : 1994,
  "logType" : "auto_detected",
  "manualValuesSpecified" : {
    "calories" : false,
    "distance" : false,
    "steps" : false
  },
  "lastModified" : "08/09/18 02:29:48",
  "startTime" : "08/09/18 02:02:14",
  "originalStartTime" : "08/09/18 02:02:14",
  "originalDuration" : 1229000,
  "hasGps" : false,
  "shouldFetchDetails" : false
},{
  "logId" : 16183687838,
  "activityName" : "Aerobic Workout",
  "activityTypeId" : 3001,
  "activityLevel" : [{
    "minutes" : 2,
    "name" : "sedentary"
  },{
    "minutes" : 4,
    "name" : "lightly"
  },{
    "minutes" : 8,
    "name" : "fairly"
  },{
    "minutes" : 1,
    "name" : "very"
  }],
  "calories" : 50,
  "duration" : 921000,
  "activeDuration" : 921000,
  "steps" : 658,
  "logType" : "auto_detected",
  "manualValuesSpecified" : {
    "calories" : false,
    "distance" : false,
    "steps" : false
  },
  "lastModified" : "08/14/18 13:52:11",
  "startTime" : "08/12/18 21:58:11",
  "originalStartTime" : "08/12/18 21:58:11",
  "originalDuration" : 921000,
  "hasGps" : false,
  "shouldFetchDetails" : false
},{
  "logId" : 16183687839,
  "activityName" : "Walk",
  "activityTypeId" : 90013,
  "activityLevel" : [{
    "minutes" : 0,
    "name" : "sedentary"
  },{
    "minutes" : 11,
    "name" : "lightly"
  },{
    "minutes" : 11,
    "name" : "fairly"
  },{
    "minutes" : 14,
    "name" : "very"
  }],
  "calories" : 156,
  "duration" : 2202000,
  "activeDuration" : 2202000,
  "steps" : 2401,
  "logType" : "auto_detected",
  "manualValuesSpecified" : {
    "calories" : false,
    "distance" : false,
    "steps" : false
  },
  "lastModified" : "08/14/18 13:52:11",
  "startTime" : "08/12/18 22:13:32",
  "originalStartTime" : "08/12/18 22:13:32",
  "originalDuration" : 2202000,
  "hasGps" : false,
  "shouldFetchDetails" : false
},{
  "logId" : 16183687845,
  "activityName" : "Walk",
  "activityTypeId" : 90013,
  "activityLevel" : [{
    "minutes" : 1,
    "name" : "sedentary"
  },{
    "minutes" : 2,
    "name" : "lightly"
  },{
    "minutes" : 1,
    "name" : "fairly"
  },{
    "minutes" : 11,
    "name" : "very"
  }],
  "calories" : 79,
  "duration" : 922000,
  "activeDuration" : 922000,
  "steps" : 1332,
  "logType" : "auto_detected",
  "manualValuesSpecified" : {
    "calories" : false,
    "distance" : false,
    "steps" : false
  },
  "lastModified" : "08/14/18 13:52:11",
  "startTime" : "08/13/18 19:19:02",
  "originalStartTime" : "08/13/18 19:19:02",
  "originalDuration" : 922000,
  "hasGps" : false,
  "shouldFetchDetails" : false
},{
  "logId" : 16183687847,
  "activityName" : "Walk",
  "activityTypeId" : 90013,
  "activityLevel" : [{
    "minutes" : 0,
    "name" : "sedentary"
  },{
    "minutes" : 0,
    "name" : "lightly"
  },{
    "minutes" : 4,
    "name" : "fairly"
  },{
    "minutes" : 24,
    "name" : "very"
  }],
  "calories" : 165,
  "duration" : 1690000,
  "activeDuration" : 1690000,
  "steps" : 2854,
  "logType" : "auto_detected",
  "manualValuesSpecified" : {
    "calories" : false,
    "distance" : false,
    "steps" : false
  },
  "lastModified" : "08/14/18 13:52:11",
  "startTime" : "08/13/18 23:48:41",
  "originalStartTime" : "08/13/18 23:48:41",
  "originalDuration" : 1690000,
  "hasGps" : false,
  "shouldFetchDetails" : false
},{
  "logId" : 16183687848,
  "activityName" : "Walk",
  "activityTypeId" : 90013,
  "activityLevel" : [{
    "minutes" : 0,
    "name" : "sedentary"
  },{
    "minutes" : 2,
    "name" : "lightly"
  },{
    "minutes" : 2,
    "name" : "fairly"
  },{
    "minutes" : 13,
    "name" : "very"
  }],
  "calories" : 93,
  "duration" : 1024000,
  "activeDuration" : 1024000,
  "steps" : 1551,
  "logType" : "auto_detected",
  "manualValuesSpecified" : {
    "calories" : false,
    "distance" : false,
    "steps" : false
  },
  "lastModified" : "08/14/18 13:52:11",
  "startTime" : "08/14/18 00:46:43",
  "originalStartTime" : "08/14/18 00:46:43",
  "originalDuration" : 1024000,
  "hasGps" : false,
  "shouldFetchDetails" : false
},{
  "logId" : 16275543006,
  "activityName" : "Walk",
  "activityTypeId" : 90013,
  "activityLevel" : [{
    "minutes" : 0,
    "name" : "sedentary"
  },{
    "minutes" : 1,
    "name" : "lightly"
  },{
    "minutes" : 5,
    "name" : "fairly"
  },{
    "minutes" : 34,
    "name" : "very"
  }],
  "calories" : 240,
  "duration" : 2458000,
  "activeDuration" : 2458000,
  "steps" : 4138,
  "logType" : "auto_detected",
  "manualValuesSpecified" : {
    "calories" : false,
    "distance" : false,
    "steps" : false
  },
  "lastModified" : "08/18/18 15:08:48",
  "startTime" : "08/16/18 19:15:14",
  "originalStartTime" : "08/16/18 19:15:14",
  "originalDuration" : 2458000,
  "hasGps" : false,
  "shouldFetchDetails" : false
},{
  "logId" : 16275543009,
  "activityName" : "Walk",
  "activityTypeId" : 90013,
  "activityLevel" : [{
    "minutes" : 3,
    "name" : "sedentary"
  },{
    "minutes" : 1,
    "name" : "lightly"
  },{
    "minutes" : 8,
    "name" : "fairly"
  },{
    "minutes" : 13,
    "name" : "very"
  }],
  "calories" : 119,
  "duration" : 1536000,
  "activeDuration" : 1536000,
  "steps" : 1967,
  "logType" : "auto_detected",
  "manualValuesSpecified" : {
    "calories" : false,
    "distance" : false,
    "steps" : false
  },
  "lastModified" : "08/18/18 15:08:48",
  "startTime" : "08/16/18 23:48:18",
  "originalStartTime" : "08/16/18 23:48:18",
  "originalDuration" : 1536000,
  "hasGps" : false,
  "shouldFetchDetails" : false
},{
  "logId" : 16275543018,
  "activityName" : "Outdoor Bike",
  "activityTypeId" : 1071,
  "activityLevel" : [{
    "minutes" : 36,
    "name" : "sedentary"
  },{
    "minutes" : 4,
    "name" : "lightly"
  },{
    "minutes" : 0,
    "name" : "fairly"
  },{
    "minutes" : 0,
    "name" : "very"
  }],
  "calories" : 46,
  "duration" : 2407000,
  "activeDuration" : 2407000,
  "logType" : "auto_detected",
  "manualValuesSpecified" : {
    "calories" : false,
    "distance" : false,
    "steps" : false
  },
  "lastModified" : "08/18/18 15:08:48",
  "startTime" : "08/18/18 02:06:58",
  "originalStartTime" : "08/18/18 02:06:58",
  "originalDuration" : 2407000,
  "hasGps" : false,
  "shouldFetchDetails" : false
},{
  "logId" : 16275543019,
  "activityName" : "Outdoor Bike",
  "activityTypeId" : 1071,
  "activityLevel" : [{
    "minutes" : 24,
    "name" : "sedentary"
  },{
    "minutes" : 5,
    "name" : "lightly"
  },{
    "minutes" : 0,
    "name" : "fairly"
  },{
    "minutes" : 0,
    "name" : "very"
  }],
  "calories" : 40,
  "duration" : 1741000,
  "activeDuration" : 1741000,
  "logType" : "auto_detected",
  "manualValuesSpecified" : {
    "calories" : false,
    "distance" : false,
    "steps" : false
  },
  "lastModified" : "08/18/18 15:08:48",
  "startTime" : "08/18/18 03:04:09",
  "originalStartTime" : "08/18/18 03:04:09",
  "originalDuration" : 1741000,
  "hasGps" : false,
  "shouldFetchDetails" : false
},{
  "logId" : 16278639141,
  "activityName" : "Outdoor Bike",
  "activityTypeId" : 1071,
  "activityLevel" : [{
    "minutes" : 31,
    "name" : "sedentary"
  },{
    "minutes" : 20,
    "name" : "lightly"
  },{
    "minutes" : 0,
    "name" : "fairly"
  },{
    "minutes" : 0,
    "name" : "very"
  }],
  "calories" : 85,
  "duration" : 3072000,
  "activeDuration" : 3072000,
  "logType" : "auto_detected",
  "manualValuesSpecified" : {
    "calories" : false,
    "distance" : false,
    "steps" : false
  },
  "lastModified" : "08/18/18 18:11:21",
  "startTime" : "08/18/18 17:02:08",
  "originalStartTime" : "08/18/18 17:02:08",
  "originalDuration" : 3072000,
  "hasGps" : false,
  "shouldFetchDetails" : false
},{
  "logId" : 16285063029,
  "activityName" : "Walk",
  "activityTypeId" : 90013,
  "activityLevel" : [{
    "minutes" : 3,
    "name" : "sedentary"
  },{
    "minutes" : 13,
    "name" : "lightly"
  },{
    "minutes" : 0,
    "name" : "fairly"
  },{
    "minutes" : 0,
    "name" : "very"
  }],
  "calories" : 77,
  "duration" : 973000,
  "activeDuration" : 973000,
  "steps" : 1254,
  "logType" : "auto_detected",
  "manualValuesSpecified" : {
    "calories" : false,
    "distance" : false,
    "steps" : false
  },
  "lastModified" : "08/19/18 00:23:48",
  "startTime" : "08/18/18 23:57:39",
  "originalStartTime" : "08/18/18 23:57:39",
  "originalDuration" : 973000,
  "hasGps" : false,
  "shouldFetchDetails" : false
},{
  "logId" : 16297304833,
  "activityName" : "Outdoor Bike",
  "activityTypeId" : 1071,
  "activityLevel" : [{
    "minutes" : 19,
    "name" : "sedentary"
  },{
    "minutes" : 4,
    "name" : "lightly"
  },{
    "minutes" : 0,
    "name" : "fairly"
  },{
    "minutes" : 0,
    "name" : "very"
  }],
  "calories" : 29,
  "duration" : 1434000,
  "activeDuration" : 1434000,
  "logType" : "auto_detected",
  "manualValuesSpecified" : {
    "calories" : false,
    "distance" : false,
    "steps" : false
  },
  "lastModified" : "08/19/18 18:54:25",
  "startTime" : "08/19/18 18:27:03",
  "originalStartTime" : "08/19/18 18:27:03",
  "originalDuration" : 1434000,
  "hasGps" : false,
  "shouldFetchDetails" : false
},{
  "logId" : 16299192171,
  "activityName" : "Outdoor Bike",
  "activityTypeId" : 1071,
  "activityLevel" : [{
    "minutes" : 34,
    "name" : "sedentary"
  },{
    "minutes" : 15,
    "name" : "lightly"
  },{
    "minutes" : 0,
    "name" : "fairly"
  },{
    "minutes" : 0,
    "name" : "very"
  }],
  "calories" : 77,
  "duration" : 2970000,
  "activeDuration" : 2970000,
  "logType" : "auto_detected",
  "manualValuesSpecified" : {
    "calories" : false,
    "distance" : false,
    "steps" : false
  },
  "lastModified" : "08/19/18 20:40:53",
  "startTime" : "08/19/18 19:35:19",
  "originalStartTime" : "08/19/18 19:35:19",
  "originalDuration" : 2970000,
  "hasGps" : false,
  "shouldFetchDetails" : false
},{
  "logId" : 16304483905,
  "activityName" : "Walk",
  "activityTypeId" : 90013,
  "activityLevel" : [{
    "minutes" : 0,
    "name" : "sedentary"
  },{
    "minutes" : 3,
    "name" : "lightly"
  },{
    "minutes" : 6,
    "name" : "fairly"
  },{
    "minutes" : 14,
    "name" : "very"
  }],
  "calories" : 117,
  "duration" : 1383000,
  "activeDuration" : 1383000,
  "steps" : 1909,
  "logType" : "auto_detected",
  "manualValuesSpecified" : {
    "calories" : false,
    "distance" : false,
    "steps" : false
  },
  "lastModified" : "08/20/18 03:03:26",
  "startTime" : "08/20/18 02:30:02",
  "originalStartTime" : "08/20/18 02:30:02",
  "originalDuration" : 1383000,
  "hasGps" : false,
  "shouldFetchDetails" : false
},{
  "logId" : 16306423695,
  "activityName" : "Walk",
  "activityTypeId" : 90013,
  "activityLevel" : [{
    "minutes" : 2,
    "name" : "sedentary"
  },{
    "minutes" : 1,
    "name" : "lightly"
  },{
    "minutes" : 3,
    "name" : "fairly"
  },{
    "minutes" : 48,
    "name" : "very"
  }],
  "calories" : 306,
  "duration" : 3276000,
  "activeDuration" : 3276000,
  "steps" : 5231,
  "logType" : "auto_detected",
  "manualValuesSpecified" : {
    "calories" : false,
    "distance" : false,
    "steps" : false
  },
  "lastModified" : "08/20/18 05:20:22",
  "startTime" : "08/20/18 04:12:27",
  "originalStartTime" : "08/20/18 04:12:27",
  "originalDuration" : 3276000,
  "hasGps" : false,
  "shouldFetchDetails" : false
},{
  "logId" : 18842478899,
  "activityName" : "Walk",
  "activityTypeId" : 90013,
  "activityLevel" : [{
    "minutes" : 1,
    "name" : "sedentary"
  },{
    "minutes" : 7,
    "name" : "lightly"
  },{
    "minutes" : 29,
    "name" : "fairly"
  },{
    "minutes" : 10,
    "name" : "very"
  }],
  "averageHeartRate" : 94,
  "calories" : 230,
  "duration" : 2867000,
  "activeDuration" : 2867000,
  "steps" : 4786,
  "logType" : "auto_detected",
  "manualValuesSpecified" : {
    "calories" : false,
    "distance" : false,
    "steps" : false
  },
  "heartRateZones" : [{
    "name" : "Out of Range",
    "min" : 30,
    "max" : 99,
    "minutes" : 36
  },{
    "name" : "Fat Burn",
    "min" : 99,
    "max" : 139,
    "minutes" : 12
  },{
    "name" : "Cardio",
    "min" : 139,
    "max" : 169,
    "minutes" : 0
  },{
    "name" : "Peak",
    "min" : 169,
    "max" : 220,
    "minutes" : 0
  }],
  "lastModified" : "12/26/18 04:30:34",
  "startTime" : "12/26/18 00:33:37",
  "originalStartTime" : "12/26/18 00:33:37",
  "originalDuration" : 2867000,
  "hasGps" : false,
  "shouldFetchDetails" : false
},{
  "logId" : 18917163270,
  "activityName" : "Walk",
  "activityTypeId" : 90013,
  "activityLevel" : [{
    "minutes" : 0,
    "name" : "sedentary"
  },{
    "minutes" : 2,
    "name" : "lightly"
  },{
    "minutes" : 30,
    "name" : "fairly"
  },{
    "minutes" : 10,
    "name" : "very"
  }],
  "averageHeartRate" : 95,
  "calories" : 210,
  "duration" : 2509000,
  "activeDuration" : 2509000,
  "steps" : 4342,
  "logType" : "auto_detected",
  "manualValuesSpecified" : {
    "calories" : false,
    "distance" : false,
    "steps" : false
  },
  "heartRateZones" : [{
    "name" : "Out of Range",
    "min" : 30,
    "max" : 99,
    "minutes" : 25
  },{
    "name" : "Fat Burn",
    "min" : 99,
    "max" : 139,
    "minutes" : 17
  },{
    "name" : "Cardio",
    "min" : 139,
    "max" : 169,
    "minutes" : 0
  },{
    "name" : "Peak",
    "min" : 169,
    "max" : 220,
    "minutes" : 0
  }],
  "lastModified" : "12/30/18 04:48:45",
  "startTime" : "12/30/18 01:36:48",
  "originalStartTime" : "12/30/18 01:36:48",
  "originalDuration" : 2509000,
  "hasGps" : false,
  "shouldFetchDetails" : false
},{
  "logId" : 18942893774,
  "activityName" : "Walk",
  "activityTypeId" : 90013,
  "activityLevel" : [{
    "minutes" : 1,
    "name" : "sedentary"
  },{
    "minutes" : 1,
    "name" : "lightly"
  },{
    "minutes" : 16,
    "name" : "fairly"
  },{
    "minutes" : 1,
    "name" : "very"
  }],
  "averageHeartRate" : 82,
  "calories" : 86,
  "duration" : 1177000,
  "activeDuration" : 1177000,
  "steps" : 1657,
  "logType" : "auto_detected",
  "manualValuesSpecified" : {
    "calories" : false,
    "distance" : false,
    "steps" : false
  },
  "heartRateZones" : [{
    "name" : "Out of Range",
    "min" : 30,
    "max" : 99,
    "minutes" : 19
  },{
    "name" : "Fat Burn",
    "min" : 99,
    "max" : 139,
    "minutes" : 0
  },{
    "name" : "Cardio",
    "min" : 139,
    "max" : 169,
    "minutes" : 0
  },{
    "name" : "Peak",
    "min" : 169,
    "max" : 220,
    "minutes" : 0
  }],
  "lastModified" : "12/31/18 19:43:50",
  "startTime" : "12/31/18 00:22:08",
  "originalStartTime" : "12/31/18 00:22:08",
  "originalDuration" : 1177000,
  "hasGps" : false,
  "shouldFetchDetails" : false
},{
  "logId" : 18944832757,
  "activityName" : "Walk",
  "activityTypeId" : 90013,
  "activityLevel" : [{
    "minutes" : 0,
    "name" : "sedentary"
  },{
    "minutes" : 2,
    "name" : "lightly"
  },{
    "minutes" : 24,
    "name" : "fairly"
  },{
    "minutes" : 10,
    "name" : "very"
  }],
  "averageHeartRate" : 95,
  "calories" : 176,
  "duration" : 2150000,
  "activeDuration" : 2150000,
  "steps" : 3552,
  "logType" : "auto_detected",
  "manualValuesSpecified" : {
    "calories" : false,
    "distance" : false,
    "steps" : false
  },
  "heartRateZones" : [{
    "name" : "Out of Range",
    "min" : 30,
    "max" : 99,
    "minutes" : 22
  },{
    "name" : "Fat Burn",
    "min" : 99,
    "max" : 139,
    "minutes" : 14
  },{
    "name" : "Cardio",
    "min" : 139,
    "max" : 169,
    "minutes" : 0
  },{
    "name" : "Peak",
    "min" : 169,
    "max" : 220,
    "minutes" : 0
  }],
  "lastModified" : "12/31/18 22:27:49",
  "startTime" : "12/31/18 21:47:16",
  "originalStartTime" : "12/31/18 21:47:16",
  "originalDuration" : 2150000,
  "hasGps" : false,
  "shouldFetchDetails" : false
},{
  "logId" : 18971836517,
  "activityName" : "Walk",
  "activityTypeId" : 90013,
  "activityLevel" : [{
    "minutes" : 1,
    "name" : "sedentary"
  },{
    "minutes" : 14,
    "name" : "lightly"
  },{
    "minutes" : 0,
    "name" : "fairly"
  },{
    "minutes" : 0,
    "name" : "very"
  }],
  "averageHeartRate" : 90,
  "calories" : 55,
  "duration" : 921000,
  "activeDuration" : 921000,
  "steps" : 936,
  "logType" : "auto_detected",
  "manualValuesSpecified" : {
    "calories" : false,
    "distance" : false,
    "steps" : false
  },
  "heartRateZones" : [{
    "name" : "Out of Range",
    "min" : 30,
    "max" : 99,
    "minutes" : 12
  },{
    "name" : "Fat Burn",
    "min" : 99,
    "max" : 139,
    "minutes" : 3
  },{
    "name" : "Cardio",
    "min" : 139,
    "max" : 169,
    "minutes" : 0
  },{
    "name" : "Peak",
    "min" : 169,
    "max" : 220,
    "minutes" : 0
  }],
  "lastModified" : "01/02/19 17:22:19",
  "startTime" : "01/01/19 21:26:22",
  "originalStartTime" : "01/01/19 21:26:22",
  "originalDuration" : 921000,
  "hasGps" : false,
  "shouldFetchDetails" : false
},{
  "logId" : 18971836519,
  "activityName" : "Walk",
  "activityTypeId" : 90013,
  "activityLevel" : [{
    "minutes" : 0,
    "name" : "sedentary"
  },{
    "minutes" : 2,
    "name" : "lightly"
  },{
    "minutes" : 40,
    "name" : "fairly"
  },{
    "minutes" : 14,
    "name" : "very"
  }],
  "averageHeartRate" : 110,
  "calories" : 286,
  "duration" : 3328000,
  "activeDuration" : 3328000,
  "steps" : 5610,
  "logType" : "auto_detected",
  "manualValuesSpecified" : {
    "calories" : false,
    "distance" : false,
    "steps" : false
  },
  "heartRateZones" : [{
    "name" : "Out of Range",
    "min" : 30,
    "max" : 99,
    "minutes" : 7
  },{
    "name" : "Fat Burn",
    "min" : 99,
    "max" : 139,
    "minutes" : 47
  },{
    "name" : "Cardio",
    "min" : 139,
    "max" : 169,
    "minutes" : 2
  },{
    "name" : "Peak",
    "min" : 169,
    "max" : 220,
    "minutes" : 0
  }],
  "lastModified" : "01/02/19 17:22:19",
  "startTime" : "01/01/19 22:17:34",
  "originalStartTime" : "01/01/19 22:17:34",
  "originalDuration" : 3328000,
  "hasGps" : false,
  "shouldFetchDetails" : false
},{
  "logId" : 18991430187,
  "activityName" : "Walk",
  "activityTypeId" : 90013,
  "activityLevel" : [{
    "minutes" : 0,
    "name" : "sedentary"
  },{
    "minutes" : 2,
    "name" : "lightly"
  },{
    "minutes" : 58,
    "name" : "fairly"
  },{
    "minutes" : 5,
    "name" : "very"
  }],
  "averageHeartRate" : 100,
  "calories" : 324,
  "duration" : 3942000,
  "activeDuration" : 3942000,
  "steps" : 6760,
  "logType" : "auto_detected",
  "manualValuesSpecified" : {
    "calories" : false,
    "distance" : false,
    "steps" : false
  },
  "heartRateZones" : [{
    "name" : "Out of Range",
    "min" : 30,
    "max" : 99,
    "minutes" : 34
  },{
    "name" : "Fat Burn",
    "min" : 99,
    "max" : 139,
    "minutes" : 31
  },{
    "name" : "Cardio",
    "min" : 139,
    "max" : 169,
    "minutes" : 0
  },{
    "name" : "Peak",
    "min" : 169,
    "max" : 220,
    "minutes" : 0
  }],
  "lastModified" : "01/03/19 16:48:14",
  "startTime" : "01/03/19 02:27:10",
  "originalStartTime" : "01/03/19 02:27:10",
  "originalDuration" : 3942000,
  "hasGps" : false,
  "shouldFetchDetails" : false
},{
  "logId" : 19015446235,
  "activityName" : "Walk",
  "activityTypeId" : 90013,
  "activityLevel" : [{
    "minutes" : 0,
    "name" : "sedentary"
  },{
    "minutes" : 0,
    "name" : "lightly"
  },{
    "minutes" : 11,
    "name" : "fairly"
  },{
    "minutes" : 39,
    "name" : "very"
  }],
  "averageHeartRate" : 121,
  "calories" : 279,
  "duration" : 2970000,
  "activeDuration" : 2970000,
  "steps" : 5060,
  "logType" : "auto_detected",
  "manualValuesSpecified" : {
    "calories" : false,
    "distance" : false,
    "steps" : false
  },
  "heartRateZones" : [{
    "name" : "Out of Range",
    "min" : 30,
    "max" : 99,
    "minutes" : 0
  },{
    "name" : "Fat Burn",
    "min" : 99,
    "max" : 139,
    "minutes" : 47
  },{
    "name" : "Cardio",
    "min" : 139,
    "max" : 169,
    "minutes" : 3
  },{
    "name" : "Peak",
    "min" : 169,
    "max" : 220,
    "minutes" : 0
  }],
  "lastModified" : "01/04/19 16:49:39",
  "startTime" : "01/04/19 00:52:52",
  "originalStartTime" : "01/04/19 00:52:52",
  "originalDuration" : 2970000,
  "hasGps" : false,
  "shouldFetchDetails" : false
},{
  "logId" : 19032907081,
  "activityName" : "Walk",
  "activityTypeId" : 90013,
  "activityLevel" : [{
    "minutes" : 0,
    "name" : "sedentary"
  },{
    "minutes" : 3,
    "name" : "lightly"
  },{
    "minutes" : 32,
    "name" : "fairly"
  },{
    "minutes" : 29,
    "name" : "very"
  }],
  "averageHeartRate" : 102,
  "calories" : 326,
  "duration" : 3840000,
  "activeDuration" : 3840000,
  "steps" : 6796,
  "logType" : "auto_detected",
  "manualValuesSpecified" : {
    "calories" : false,
    "distance" : false,
    "steps" : false
  },
  "heartRateZones" : [{
    "name" : "Out of Range",
    "min" : 30,
    "max" : 99,
    "minutes" : 25
  },{
    "name" : "Fat Burn",
    "min" : 99,
    "max" : 139,
    "minutes" : 39
  },{
    "name" : "Cardio",
    "min" : 139,
    "max" : 169,
    "minutes" : 0
  },{
    "name" : "Peak",
    "min" : 169,
    "max" : 220,
    "minutes" : 0
  }],
  "lastModified" : "01/05/19 16:22:12",
  "startTime" : "01/04/19 23:05:48",
  "originalStartTime" : "01/04/19 23:05:48",
  "originalDuration" : 3840000,
  "hasGps" : false,
  "shouldFetchDetails" : false
},{
  "logId" : 19050268428,
  "activityName" : "Outdoor Bike",
  "activityTypeId" : 1071,
  "activityLevel" : [{
    "minutes" : 2,
    "name" : "sedentary"
  },{
    "minutes" : 16,
    "name" : "lightly"
  },{
    "minutes" : 0,
    "name" : "fairly"
  },{
    "minutes" : 0,
    "name" : "very"
  }],
  "averageHeartRate" : 68,
  "calories" : 61,
  "duration" : 1126000,
  "activeDuration" : 1126000,
  "logType" : "auto_detected",
  "manualValuesSpecified" : {
    "calories" : false,
    "distance" : false,
    "steps" : false
  },
  "heartRateZones" : [{
    "name" : "Out of Range",
    "min" : 30,
    "max" : 99,
    "minutes" : 17
  },{
    "name" : "Fat Burn",
    "min" : 99,
    "max" : 139,
    "minutes" : 0
  },{
    "name" : "Cardio",
    "min" : 139,
    "max" : 169,
    "minutes" : 0
  },{
    "name" : "Peak",
    "min" : 169,
    "max" : 220,
    "minutes" : 0
  }],
  "lastModified" : "01/06/19 16:38:26",
  "startTime" : "01/05/19 20:53:59",
  "originalStartTime" : "01/05/19 20:53:59",
  "originalDuration" : 1126000,
  "hasGps" : false,
  "shouldFetchDetails" : false
},{
  "logId" : 19050268433,
  "activityName" : "Outdoor Bike",
  "activityTypeId" : 1071,
  "activityLevel" : [{
    "minutes" : 6,
    "name" : "sedentary"
  },{
    "minutes" : 12,
    "name" : "lightly"
  },{
    "minutes" : 0,
    "name" : "fairly"
  },{
    "minutes" : 0,
    "name" : "very"
  }],
  "averageHeartRate" : 81,
  "calories" : 46,
  "duration" : 1126000,
  "activeDuration" : 1126000,
  "logType" : "auto_detected",
  "manualValuesSpecified" : {
    "calories" : false,
    "distance" : false,
    "steps" : false
  },
  "heartRateZones" : [{
    "name" : "Out of Range",
    "min" : 30,
    "max" : 99,
    "minutes" : 19
  },{
    "name" : "Fat Burn",
    "min" : 99,
    "max" : 139,
    "minutes" : 0
  },{
    "name" : "Cardio",
    "min" : 139,
    "max" : 169,
    "minutes" : 0
  },{
    "name" : "Peak",
    "min" : 169,
    "max" : 220,
    "minutes" : 0
  }],
  "lastModified" : "01/06/19 16:38:26",
  "startTime" : "01/05/19 23:23:19",
  "originalStartTime" : "01/05/19 23:23:19",
  "originalDuration" : 1126000,
  "hasGps" : false,
  "shouldFetchDetails" : false
},{
  "logId" : 19071813336,
  "activityName" : "Walk",
  "activityTypeId" : 90013,
  "activityLevel" : [{
    "minutes" : 0,
    "name" : "sedentary"
  },{
    "minutes" : 1,
    "name" : "lightly"
  },{
    "minutes" : 5,
    "name" : "fairly"
  },{
    "minutes" : 12,
    "name" : "very"
  }],
  "averageHeartRate" : 113,
  "calories" : 93,
  "duration" : 1075000,
  "activeDuration" : 1075000,
  "steps" : 1931,
  "logType" : "auto_detected",
  "manualValuesSpecified" : {
    "calories" : false,
    "distance" : false,
    "steps" : false
  },
  "heartRateZones" : [{
    "name" : "Out of Range",
    "min" : 30,
    "max" : 99,
    "minutes" : 1
  },{
    "name" : "Fat Burn",
    "min" : 99,
    "max" : 139,
    "minutes" : 17
  },{
    "name" : "Cardio",
    "min" : 139,
    "max" : 169,
    "minutes" : 0
  },{
    "name" : "Peak",
    "min" : 169,
    "max" : 220,
    "minutes" : 0
  }],
  "lastModified" : "01/07/19 18:30:34",
  "startTime" : "01/07/19 17:38:34",
  "originalStartTime" : "01/07/19 17:38:34",
  "originalDuration" : 1075000,
  "hasGps" : false,
  "shouldFetchDetails" : false
},{
  "logId" : 19078219799,
  "activityName" : "Walk",
  "activityTypeId" : 90013,
  "activityLevel" : [{
    "minutes" : 0,
    "name" : "sedentary"
  },{
    "minutes" : 4,
    "name" : "lightly"
  },{
    "minutes" : 1,
    "name" : "fairly"
  },{
    "minutes" : 13,
    "name" : "very"
  }],
  "averageHeartRate" : 88,
  "calories" : 91,
  "duration" : 1067000,
  "activeDuration" : 1067000,
  "steps" : 1782,
  "logType" : "auto_detected",
  "manualValuesSpecified" : {
    "calories" : false,
    "distance" : false,
    "steps" : false
  },
  "heartRateZones" : [{
    "name" : "Out of Range",
    "min" : 30,
    "max" : 99,
    "minutes" : 16
  },{
    "name" : "Fat Burn",
    "min" : 99,
    "max" : 139,
    "minutes" : 2
  },{
    "name" : "Cardio",
    "min" : 139,
    "max" : 169,
    "minutes" : 0
  },{
    "name" : "Peak",
    "min" : 169,
    "max" : 220,
    "minutes" : 0
  }],
  "lastModified" : "01/07/19 23:04:35",
  "startTime" : "01/07/19 22:29:34",
  "originalStartTime" : "01/07/19 22:29:34",
  "originalDuration" : 1067000,
  "hasGps" : false,
  "shouldFetchDetails" : false
},{
  "logId" : 19094029589,
  "activityName" : "Walk",
  "activityTypeId" : 90013,
  "activityLevel" : [{
    "minutes" : 0,
    "name" : "sedentary"
  },{
    "minutes" : 2,
    "name" : "lightly"
  },{
    "minutes" : 7,
    "name" : "fairly"
  },{
    "minutes" : 14,
    "name" : "very"
  }],
  "averageHeartRate" : 107,
  "calories" : 113,
  "duration" : 1380000,
  "activeDuration" : 1380000,
  "steps" : 2337,
  "logType" : "auto_detected",
  "manualValuesSpecified" : {
    "calories" : false,
    "distance" : false,
    "steps" : false
  },
  "heartRateZones" : [{
    "name" : "Out of Range",
    "min" : 30,
    "max" : 99,
    "minutes" : 3
  },{
    "name" : "Fat Burn",
    "min" : 99,
    "max" : 139,
    "minutes" : 20
  },{
    "name" : "Cardio",
    "min" : 139,
    "max" : 169,
    "minutes" : 0
  },{
    "name" : "Peak",
    "min" : 169,
    "max" : 220,
    "minutes" : 0
  }],
  "lastModified" : "01/08/19 18:08:21",
  "startTime" : "01/08/19 17:32:10",
  "originalStartTime" : "01/08/19 17:32:10",
  "originalDuration" : 1380000,
  "hasGps" : false,
  "shouldFetchDetails" : false
},{
  "logId" : 19099323517,
  "activityName" : "Walk",
  "activityTypeId" : 90013,
  "activityLevel" : [{
    "minutes" : 1,
    "name" : "sedentary"
  },{
    "minutes" : 8,
    "name" : "lightly"
  },{
    "minutes" : 11,
    "name" : "fairly"
  },{
    "minutes" : 20,
    "name" : "very"
  }],
  "averageHeartRate" : 91,
  "calories" : 185,
  "duration" : 2458000,
  "activeDuration" : 2458000,
  "steps" : 3615,
  "logType" : "auto_detected",
  "manualValuesSpecified" : {
    "calories" : false,
    "distance" : false,
    "steps" : false
  },
  "heartRateZones" : [{
    "name" : "Out of Range",
    "min" : 30,
    "max" : 99,
    "minutes" : 26
  },{
    "name" : "Fat Burn",
    "min" : 99,
    "max" : 139,
    "minutes" : 15
  },{
    "name" : "Cardio",
    "min" : 139,
    "max" : 169,
    "minutes" : 0
  },{
    "name" : "Peak",
    "min" : 169,
    "max" : 220,
    "minutes" : 0
  }],
  "lastModified" : "01/08/19 22:56:53",
  "startTime" : "01/08/19 22:13:47",
  "originalStartTime" : "01/08/19 22:13:47",
  "originalDuration" : 2458000,
  "hasGps" : false,
  "shouldFetchDetails" : false
},{
  "logId" : 19099704225,
  "activityName" : "Elliptical",
  "activityTypeId" : 20047,
  "activityLevel" : [{
    "minutes" : 0,
    "name" : "sedentary"
  },{
    "minutes" : 0,
    "name" : "lightly"
  },{
    "minutes" : 0,
    "name" : "fairly"
  },{
    "minutes" : 29,
    "name" : "very"
  }],
  "averageHeartRate" : 147,
  "calories" : 209,
  "duration" : 1740000,
  "activeDuration" : 1740000,
  "steps" : 3191,
  "logType" : "auto_detected",
  "manualValuesSpecified" : {
    "calories" : false,
    "distance" : false,
    "steps" : false
  },
  "heartRateZones" : [{
    "name" : "Out of Range",
    "min" : 30,
    "max" : 99,
    "minutes" : 0
  },{
    "name" : "Fat Burn",
    "min" : 99,
    "max" : 139,
    "minutes" : 8
  },{
    "name" : "Cardio",
    "min" : 139,
    "max" : 169,
    "minutes" : 20
  },{
    "name" : "Peak",
    "min" : 169,
    "max" : 220,
    "minutes" : 1
  }],
  "lastModified" : "01/08/19 23:27:19",
  "startTime" : "01/08/19 22:54:45",
  "originalStartTime" : "01/08/19 22:54:45",
  "originalDuration" : 1740000,
  "hasGps" : false,
  "shouldFetchDetails" : false
},{
  "logId" : 19162922260,
  "activityName" : "Elliptical",
  "activityTypeId" : 20047,
  "activityLevel" : [{
    "minutes" : 0,
    "name" : "sedentary"
  },{
    "minutes" : 0,
    "name" : "lightly"
  },{
    "minutes" : 0,
    "name" : "fairly"
  },{
    "minutes" : 29,
    "name" : "very"
  }],
  "averageHeartRate" : 150,
  "calories" : 207,
  "duration" : 1690000,
  "activeDuration" : 1690000,
  "steps" : 2863,
  "logType" : "auto_detected",
  "manualValuesSpecified" : {
    "calories" : false,
    "distance" : false,
    "steps" : false
  },
  "heartRateZones" : [{
    "name" : "Out of Range",
    "min" : 30,
    "max" : 99,
    "minutes" : 0
  },{
    "name" : "Fat Burn",
    "min" : 99,
    "max" : 139,
    "minutes" : 6
  },{
    "name" : "Cardio",
    "min" : 139,
    "max" : 169,
    "minutes" : 21
  },{
    "name" : "Peak",
    "min" : 169,
    "max" : 220,
    "minutes" : 2
  }],
  "lastModified" : "01/11/19 17:27:30",
  "startTime" : "01/11/19 02:11:53",
  "originalStartTime" : "01/11/19 02:11:53",
  "originalDuration" : 1690000,
  "hasGps" : false,
  "shouldFetchDetails" : false
},{
  "logId" : 19184277276,
  "activityName" : "Walk",
  "activityTypeId" : 90013,
  "activityLevel" : [{
    "minutes" : 5,
    "name" : "sedentary"
  },{
    "minutes" : 1,
    "name" : "lightly"
  },{
    "minutes" : 16,
    "name" : "fairly"
  },{
    "minutes" : 5,
    "name" : "very"
  }],
  "averageHeartRate" : 108,
  "calories" : 114,
  "duration" : 1638000,
  "activeDuration" : 1638000,
  "steps" : 2166,
  "logType" : "auto_detected",
  "manualValuesSpecified" : {
    "calories" : false,
    "distance" : false,
    "steps" : false
  },
  "heartRateZones" : [{
    "name" : "Out of Range",
    "min" : 30,
    "max" : 99,
    "minutes" : 4
  },{
    "name" : "Fat Burn",
    "min" : 99,
    "max" : 139,
    "minutes" : 23
  },{
    "name" : "Cardio",
    "min" : 139,
    "max" : 169,
    "minutes" : 0
  },{
    "name" : "Peak",
    "min" : 169,
    "max" : 220,
    "minutes" : 0
  }],
  "lastModified" : "01/12/19 19:13:44",
  "startTime" : "01/12/19 08:58:30",
  "originalStartTime" : "01/12/19 08:58:30",
  "originalDuration" : 1638000,
  "hasGps" : false,
  "shouldFetchDetails" : false
},{
  "logId" : 19200923301,
  "activityName" : "Elliptical",
  "activityTypeId" : 20047,
  "activityLevel" : [{
    "minutes" : 0,
    "name" : "sedentary"
  },{
    "minutes" : 0,
    "name" : "lightly"
  },{
    "minutes" : 1,
    "name" : "fairly"
  },{
    "minutes" : 32,
    "name" : "very"
  }],
  "averageHeartRate" : 149,
  "calories" : 234,
  "duration" : 1946000,
  "activeDuration" : 1946000,
  "steps" : 3507,
  "logType" : "auto_detected",
  "manualValuesSpecified" : {
    "calories" : false,
    "distance" : false,
    "steps" : false
  },
  "heartRateZones" : [{
    "name" : "Out of Range",
    "min" : 30,
    "max" : 99,
    "minutes" : 0
  },{
    "name" : "Fat Burn",
    "min" : 99,
    "max" : 139,
    "minutes" : 8
  },{
    "name" : "Cardio",
    "min" : 139,
    "max" : 169,
    "minutes" : 24
  },{
    "name" : "Peak",
    "min" : 169,
    "max" : 220,
    "minutes" : 1
  }],
  "lastModified" : "01/13/19 18:47:19",
  "startTime" : "01/12/19 21:38:50",
  "originalStartTime" : "01/12/19 21:38:50",
  "originalDuration" : 1946000,
  "hasGps" : false,
  "shouldFetchDetails" : false
},{
  "logId" : 19200923302,
  "activityName" : "Walk",
  "activityTypeId" : 90013,
  "activityLevel" : [{
    "minutes" : 0,
    "name" : "sedentary"
  },{
    "minutes" : 1,
    "name" : "lightly"
  },{
    "minutes" : 1,
    "name" : "fairly"
  },{
    "minutes" : 13,
    "name" : "very"
  }],
  "averageHeartRate" : 124,
  "calories" : 81,
  "duration" : 921000,
  "activeDuration" : 921000,
  "steps" : 1474,
  "logType" : "auto_detected",
  "manualValuesSpecified" : {
    "calories" : false,
    "distance" : false,
    "steps" : false
  },
  "heartRateZones" : [{
    "name" : "Out of Range",
    "min" : 30,
    "max" : 99,
    "minutes" : 0
  },{
    "name" : "Fat Burn",
    "min" : 99,
    "max" : 139,
    "minutes" : 15
  },{
    "name" : "Cardio",
    "min" : 139,
    "max" : 169,
    "minutes" : 0
  },{
    "name" : "Peak",
    "min" : 169,
    "max" : 220,
    "minutes" : 0
  }],
  "lastModified" : "01/13/19 18:47:19",
  "startTime" : "01/12/19 22:11:16",
  "originalStartTime" : "01/12/19 22:11:16",
  "originalDuration" : 921000,
  "hasGps" : false,
  "shouldFetchDetails" : false
},{
  "logId" : 19200923305,
  "activityName" : "Walk",
  "activityTypeId" : 90013,
  "activityLevel" : [{
    "minutes" : 0,
    "name" : "sedentary"
  },{
    "minutes" : 2,
    "name" : "lightly"
  },{
    "minutes" : 12,
    "name" : "fairly"
  },{
    "minutes" : 6,
    "name" : "very"
  }],
  "averageHeartRate" : 105,
  "calories" : 99,
  "duration" : 1229000,
  "activeDuration" : 1229000,
  "steps" : 2052,
  "logType" : "auto_detected",
  "manualValuesSpecified" : {
    "calories" : false,
    "distance" : false,
    "steps" : false
  },
  "heartRateZones" : [{
    "name" : "Out of Range",
    "min" : 30,
    "max" : 99,
    "minutes" : 5
  },{
    "name" : "Fat Burn",
    "min" : 99,
    "max" : 139,
    "minutes" : 15
  },{
    "name" : "Cardio",
    "min" : 139,
    "max" : 169,
    "minutes" : 0
  },{
    "name" : "Peak",
    "min" : 169,
    "max" : 220,
    "minutes" : 0
  }],
  "lastModified" : "01/13/19 18:47:19",
  "startTime" : "01/13/19 02:08:29",
  "originalStartTime" : "01/13/19 02:08:29",
  "originalDuration" : 1229000,
  "hasGps" : false,
  "shouldFetchDetails" : false
},{
  "logId" : 19200923307,
  "activityName" : "Walk",
  "activityTypeId" : 90013,
  "activityLevel" : [{
    "minutes" : 0,
    "name" : "sedentary"
  },{
    "minutes" : 1,
    "name" : "lightly"
  },{
    "minutes" : 21,
    "name" : "fairly"
  },{
    "minutes" : 2,
    "name" : "very"
  }],
  "averageHeartRate" : 104,
  "calories" : 120,
  "duration" : 1434000,
  "activeDuration" : 1434000,
  "steps" : 2511,
  "logType" : "auto_detected",
  "manualValuesSpecified" : {
    "calories" : false,
    "distance" : false,
    "steps" : false
  },
  "heartRateZones" : [{
    "name" : "Out of Range",
    "min" : 30,
    "max" : 99,
    "minutes" : 4
  },{
    "name" : "Fat Burn",
    "min" : 99,
    "max" : 139,
    "minutes" : 20
  },{
    "name" : "Cardio",
    "min" : 139,
    "max" : 169,
    "minutes" : 0
  },{
    "name" : "Peak",
    "min" : 169,
    "max" : 220,
    "minutes" : 0
  }],
  "lastModified" : "01/13/19 18:47:19",
  "startTime" : "01/13/19 03:04:48",
  "originalStartTime" : "01/13/19 03:04:48",
  "originalDuration" : 1434000,
  "hasGps" : false,
  "shouldFetchDetails" : false
},{
  "logId" : 19200923308,
  "activityName" : "Walk",
  "activityTypeId" : 90013,
  "activityLevel" : [{
    "minutes" : 4,
    "name" : "sedentary"
  },{
    "minutes" : 11,
    "name" : "lightly"
  },{
    "minutes" : 23,
    "name" : "fairly"
  },{
    "minutes" : 14,
    "name" : "very"
  }],
  "averageHeartRate" : 108,
  "calories" : 228,
  "duration" : 3123000,
  "activeDuration" : 3123000,
  "steps" : 4254,
  "logType" : "auto_detected",
  "manualValuesSpecified" : {
    "calories" : false,
    "distance" : false,
    "steps" : false
  },
  "heartRateZones" : [{
    "name" : "Out of Range",
    "min" : 30,
    "max" : 99,
    "minutes" : 8
  },{
    "name" : "Fat Burn",
    "min" : 99,
    "max" : 139,
    "minutes" : 44
  },{
    "name" : "Cardio",
    "min" : 139,
    "max" : 169,
    "minutes" : 0
  },{
    "name" : "Peak",
    "min" : 169,
    "max" : 220,
    "minutes" : 0
  }],
  "lastModified" : "01/13/19 18:47:19",
  "startTime" : "01/13/19 04:28:26",
  "originalStartTime" : "01/13/19 04:28:26",
  "originalDuration" : 3123000,
  "hasGps" : false,
  "shouldFetchDetails" : false
},{
  "logId" : 19217916060,
  "activityName" : "Walk",
  "activityTypeId" : 90013,
  "activityLevel" : [{
    "minutes" : 1,
    "name" : "sedentary"
  },{
    "minutes" : 5,
    "name" : "lightly"
  },{
    "minutes" : 67,
    "name" : "fairly"
  },{
    "minutes" : 22,
    "name" : "very"
  }],
  "averageHeartRate" : 99,
  "calories" : 459,
  "duration" : 5734000,
  "activeDuration" : 5734000,
  "steps" : 9371,
  "logType" : "auto_detected",
  "manualValuesSpecified" : {
    "calories" : false,
    "distance" : false,
    "steps" : false
  },
  "heartRateZones" : [{
    "name" : "Out of Range",
    "min" : 30,
    "max" : 99,
    "minutes" : 52
  },{
    "name" : "Fat Burn",
    "min" : 99,
    "max" : 139,
    "minutes" : 44
  },{
    "name" : "Cardio",
    "min" : 139,
    "max" : 169,
    "minutes" : 0
  },{
    "name" : "Peak",
    "min" : 169,
    "max" : 220,
    "minutes" : 0
  }],
  "lastModified" : "01/14/19 17:00:19",
  "startTime" : "01/13/19 21:36:41",
  "originalStartTime" : "01/13/19 21:36:41",
  "originalDuration" : 5734000,
  "hasGps" : false,
  "shouldFetchDetails" : false
},{
  "logId" : 19223018863,
  "activityName" : "Walk",
  "activityTypeId" : 90013,
  "activityLevel" : [{
    "minutes" : 0,
    "name" : "sedentary"
  },{
    "minutes" : 3,
    "name" : "lightly"
  },{
    "minutes" : 9,
    "name" : "fairly"
  },{
    "minutes" : 8,
    "name" : "very"
  }],
  "averageHeartRate" : 100,
  "calories" : 96,
  "duration" : 1178000,
  "activeDuration" : 1178000,
  "steps" : 1928,
  "logType" : "auto_detected",
  "manualValuesSpecified" : {
    "calories" : false,
    "distance" : false,
    "steps" : false
  },
  "heartRateZones" : [{
    "name" : "Out of Range",
    "min" : 30,
    "max" : 99,
    "minutes" : 9
  },{
    "name" : "Fat Burn",
    "min" : 99,
    "max" : 139,
    "minutes" : 11
  },{
    "name" : "Cardio",
    "min" : 139,
    "max" : 169,
    "minutes" : 0
  },{
    "name" : "Peak",
    "min" : 169,
    "max" : 220,
    "minutes" : 0
  }],
  "lastModified" : "01/14/19 20:36:16",
  "startTime" : "01/14/19 20:00:42",
  "originalStartTime" : "01/14/19 20:00:42",
  "originalDuration" : 1178000,
  "hasGps" : false,
  "shouldFetchDetails" : false
},{
  "logId" : 19228434098,
  "activityName" : "Walk",
  "activityTypeId" : 90013,
  "activityLevel" : [{
    "minutes" : 0,
    "name" : "sedentary"
  },{
    "minutes" : 3,
    "name" : "lightly"
  },{
    "minutes" : 1,
    "name" : "fairly"
  },{
    "minutes" : 15,
    "name" : "very"
  }],
  "averageHeartRate" : 89,
  "calories" : 96,
  "duration" : 1126000,
  "activeDuration" : 1126000,
  "steps" : 1918,
  "logType" : "auto_detected",
  "manualValuesSpecified" : {
    "calories" : false,
    "distance" : false,
    "steps" : false
  },
  "heartRateZones" : [{
    "name" : "Out of Range",
    "min" : 30,
    "max" : 99,
    "minutes" : 18
  },{
    "name" : "Fat Burn",
    "min" : 99,
    "max" : 139,
    "minutes" : 1
  },{
    "name" : "Cardio",
    "min" : 139,
    "max" : 169,
    "minutes" : 0
  },{
    "name" : "Peak",
    "min" : 169,
    "max" : 220,
    "minutes" : 0
  }],
  "lastModified" : "01/15/19 01:10:16",
  "startTime" : "01/15/19 00:34:38",
  "originalStartTime" : "01/15/19 00:34:38",
  "originalDuration" : 1126000,
  "hasGps" : false,
  "shouldFetchDetails" : false
},{
  "logId" : 19298666142,
  "activityName" : "Walk",
  "activityTypeId" : 90013,
  "activityLevel" : [{
    "minutes" : 2,
    "name" : "sedentary"
  },{
    "minutes" : 4,
    "name" : "lightly"
  },{
    "minutes" : 14,
    "name" : "fairly"
  },{
    "minutes" : 8,
    "name" : "very"
  }],
  "averageHeartRate" : 104,
  "calories" : 127,
  "duration" : 1682000,
  "activeDuration" : 1682000,
  "steps" : 2540,
  "logType" : "auto_detected",
  "manualValuesSpecified" : {
    "calories" : false,
    "distance" : false,
    "steps" : false
  },
  "heartRateZones" : [{
    "name" : "Out of Range",
    "min" : 30,
    "max" : 99,
    "minutes" : 8
  },{
    "name" : "Fat Burn",
    "min" : 99,
    "max" : 139,
    "minutes" : 20
  },{
    "name" : "Cardio",
    "min" : 139,
    "max" : 169,
    "minutes" : 0
  },{
    "name" : "Peak",
    "min" : 169,
    "max" : 220,
    "minutes" : 0
  }],
  "lastModified" : "01/17/19 20:39:11",
  "startTime" : "01/17/19 20:02:01",
  "originalStartTime" : "01/17/19 20:02:01",
  "originalDuration" : 1682000,
  "hasGps" : false,
  "shouldFetchDetails" : false
}]