[{
  "logId" : 14000925261,
  "activityName" : "Walk",
  "activityTypeId" : 90013,
  "activityLevel" : [{
    "minutes" : 0,
    "name" : "sedentary"
  },{
    "minutes" : 0,
    "name" : "lightly"
  },{
    "minutes" : 4,
    "name" : "fairly"
  },{
    "minutes" : 12,
    "name" : "very"
  }],
  "calories" : 89,
  "duration" : 972000,
  "activeDuration" : 972000,
  "steps" : 1516,
  "logType" : "auto_detected",
  "manualValuesSpecified" : {
    "calories" : false,
    "distance" : false,
    "steps" : false
  },
  "lastModified" : "05/05/18 07:43:23",
  "startTime" : "05/05/18 07:09:45",
  "originalStartTime" : "05/05/18 07:09:45",
  "originalDuration" : 972000,
  "hasGps" : false,
  "shouldFetchDetails" : false
},{
  "logId" : 14026513793,
  "activityName" : "Walk",
  "activityTypeId" : 90013,
  "activityLevel" : [{
    "minutes" : 0,
    "name" : "sedentary"
  },{
    "minutes" : 4,
    "name" : "lightly"
  },{
    "minutes" : 2,
    "name" : "fairly"
  },{
    "minutes" : 16,
    "name" : "very"
  }],
  "calories" : 121,
  "duration" : 1331000,
  "activeDuration" : 1331000,
  "steps" : 2011,
  "logType" : "auto_detected",
  "manualValuesSpecified" : {
    "calories" : false,
    "distance" : false,
    "steps" : false
  },
  "lastModified" : "05/06/18 14:58:00",
  "startTime" : "05/06/18 03:41:07",
  "originalStartTime" : "05/06/18 03:41:07",
  "originalDuration" : 1331000,
  "hasGps" : false,
  "shouldFetchDetails" : false
},{
  "logId" : 14027758472,
  "activityName" : "Walk",
  "activityTypeId" : 90013,
  "activityLevel" : [{
    "minutes" : 0,
    "name" : "sedentary"
  },{
    "minutes" : 2,
    "name" : "lightly"
  },{
    "minutes" : 0,
    "name" : "fairly"
  },{
    "minutes" : 16,
    "name" : "very"
  }],
  "calories" : 107,
  "duration" : 1075000,
  "activeDuration" : 1075000,
  "steps" : 1814,
  "logType" : "auto_detected",
  "manualValuesSpecified" : {
    "calories" : false,
    "distance" : false,
    "steps" : false
  },
  "lastModified" : "05/06/18 16:14:06",
  "startTime" : "05/06/18 15:47:18",
  "originalStartTime" : "05/06/18 15:47:18",
  "originalDuration" : 1075000,
  "hasGps" : false,
  "shouldFetchDetails" : false
},{
  "logId" : 14038832507,
  "activityName" : "Walk",
  "activityTypeId" : 90013,
  "activityLevel" : [{
    "minutes" : 0,
    "name" : "sedentary"
  },{
    "minutes" : 2,
    "name" : "lightly"
  },{
    "minutes" : 2,
    "name" : "fairly"
  },{
    "minutes" : 16,
    "name" : "very"
  }],
  "calories" : 111,
  "duration" : 1177000,
  "activeDuration" : 1177000,
  "steps" : 1874,
  "logType" : "auto_detected",
  "manualValuesSpecified" : {
    "calories" : false,
    "distance" : false,
    "steps" : false
  },
  "lastModified" : "05/07/18 05:21:03",
  "startTime" : "05/06/18 23:25:33",
  "originalStartTime" : "05/06/18 23:25:33",
  "originalDuration" : 1177000,
  "hasGps" : false,
  "shouldFetchDetails" : false
},{
  "logId" : 14038832508,
  "activityName" : "Walk",
  "activityTypeId" : 90013,
  "activityLevel" : [{
    "minutes" : 0,
    "name" : "sedentary"
  },{
    "minutes" : 2,
    "name" : "lightly"
  },{
    "minutes" : 0,
    "name" : "fairly"
  },{
    "minutes" : 15,
    "name" : "very"
  }],
  "calories" : 103,
  "duration" : 1024000,
  "activeDuration" : 1024000,
  "steps" : 1742,
  "logType" : "auto_detected",
  "manualValuesSpecified" : {
    "calories" : false,
    "distance" : false,
    "steps" : false
  },
  "lastModified" : "05/07/18 05:21:03",
  "startTime" : "05/07/18 01:46:21",
  "originalStartTime" : "05/07/18 01:46:21",
  "originalDuration" : 1024000,
  "hasGps" : false,
  "shouldFetchDetails" : false
},{
  "logId" : 14062936713,
  "activityName" : "Walk",
  "activityTypeId" : 90013,
  "activityLevel" : [{
    "minutes" : 0,
    "name" : "sedentary"
  },{
    "minutes" : 2,
    "name" : "lightly"
  },{
    "minutes" : 2,
    "name" : "fairly"
  },{
    "minutes" : 12,
    "name" : "very"
  }],
  "calories" : 91,
  "duration" : 973000,
  "activeDuration" : 973000,
  "steps" : 1515,
  "logType" : "auto_detected",
  "manualValuesSpecified" : {
    "calories" : false,
    "distance" : false,
    "steps" : false
  },
  "lastModified" : "05/08/18 05:10:53",
  "startTime" : "05/07/18 20:42:08",
  "originalStartTime" : "05/07/18 20:42:08",
  "originalDuration" : 973000,
  "hasGps" : false,
  "shouldFetchDetails" : false
},{
  "logId" : 14062936715,
  "activityName" : "Walk",
  "activityTypeId" : 90013,
  "activityLevel" : [{
    "minutes" : 1,
    "name" : "sedentary"
  },{
    "minutes" : 9,
    "name" : "lightly"
  },{
    "minutes" : 4,
    "name" : "fairly"
  },{
    "minutes" : 26,
    "name" : "very"
  }],
  "calories" : 209,
  "duration" : 2407000,
  "activeDuration" : 2407000,
  "steps" : 3425,
  "logType" : "auto_detected",
  "manualValuesSpecified" : {
    "calories" : false,
    "distance" : false,
    "steps" : false
  },
  "lastModified" : "05/08/18 05:10:53",
  "startTime" : "05/08/18 01:52:45",
  "originalStartTime" : "05/08/18 01:52:45",
  "originalDuration" : 2407000,
  "hasGps" : false,
  "shouldFetchDetails" : false
},{
  "logId" : 14062936716,
  "activityName" : "Elliptical",
  "activityTypeId" : 20047,
  "activityLevel" : [{
    "minutes" : 0,
    "name" : "sedentary"
  },{
    "minutes" : 0,
    "name" : "lightly"
  },{
    "minutes" : 4,
    "name" : "fairly"
  },{
    "minutes" : 29,
    "name" : "very"
  }],
  "calories" : 198,
  "duration" : 1945000,
  "activeDuration" : 1945000,
  "steps" : 3375,
  "logType" : "auto_detected",
  "manualValuesSpecified" : {
    "calories" : false,
    "distance" : false,
    "steps" : false
  },
  "lastModified" : "05/08/18 05:10:53",
  "startTime" : "05/08/18 02:32:52",
  "originalStartTime" : "05/08/18 02:32:52",
  "originalDuration" : 1945000,
  "hasGps" : false,
  "shouldFetchDetails" : false
},{
  "logId" : 14071164427,
  "activityName" : "Walk",
  "activityTypeId" : 90013,
  "activityLevel" : [{
    "minutes" : 0,
    "name" : "sedentary"
  },{
    "minutes" : 2,
    "name" : "lightly"
  },{
    "minutes" : 0,
    "name" : "fairly"
  },{
    "minutes" : 16,
    "name" : "very"
  }],
  "calories" : 107,
  "duration" : 1076000,
  "activeDuration" : 1076000,
  "steps" : 1833,
  "logType" : "auto_detected",
  "manualValuesSpecified" : {
    "calories" : false,
    "distance" : false,
    "steps" : false
  },
  "lastModified" : "05/08/18 15:08:29",
  "startTime" : "05/08/18 14:34:46",
  "originalStartTime" : "05/08/18 14:34:46",
  "originalDuration" : 1076000,
  "hasGps" : false,
  "shouldFetchDetails" : false
},{
  "logId" : 14082735926,
  "activityName" : "Walk",
  "activityTypeId" : 90013,
  "activityLevel" : [{
    "minutes" : 2,
    "name" : "sedentary"
  },{
    "minutes" : 6,
    "name" : "lightly"
  },{
    "minutes" : 2,
    "name" : "fairly"
  },{
    "minutes" : 16,
    "name" : "very"
  }],
  "calories" : 130,
  "duration" : 1587000,
  "activeDuration" : 1587000,
  "steps" : 2081,
  "logType" : "auto_detected",
  "manualValuesSpecified" : {
    "calories" : false,
    "distance" : false,
    "steps" : false
  },
  "lastModified" : "05/08/18 21:34:47",
  "startTime" : "05/08/18 20:53:40",
  "originalStartTime" : "05/08/18 20:53:40",
  "originalDuration" : 1587000,
  "hasGps" : false,
  "shouldFetchDetails" : false
},{
  "logId" : 14085383054,
  "activityName" : "Walk",
  "activityTypeId" : 90013,
  "activityLevel" : [{
    "minutes" : 0,
    "name" : "sedentary"
  },{
    "minutes" : 1,
    "name" : "lightly"
  },{
    "minutes" : 1,
    "name" : "fairly"
  },{
    "minutes" : 13,
    "name" : "very"
  }],
  "calories" : 90,
  "duration" : 922000,
  "activeDuration" : 922000,
  "steps" : 1536,
  "logType" : "auto_detected",
  "manualValuesSpecified" : {
    "calories" : false,
    "distance" : false,
    "steps" : false
  },
  "lastModified" : "05/08/18 23:36:32",
  "startTime" : "05/08/18 23:14:28",
  "originalStartTime" : "05/08/18 23:14:28",
  "originalDuration" : 922000,
  "hasGps" : false,
  "shouldFetchDetails" : false
},{
  "logId" : 14088706332,
  "activityName" : "Walk",
  "activityTypeId" : 90013,
  "activityLevel" : [{
    "minutes" : 0,
    "name" : "sedentary"
  },{
    "minutes" : 0,
    "name" : "lightly"
  },{
    "minutes" : 4,
    "name" : "fairly"
  },{
    "minutes" : 11,
    "name" : "very"
  }],
  "calories" : 86,
  "duration" : 921000,
  "activeDuration" : 921000,
  "steps" : 1454,
  "logType" : "auto_detected",
  "manualValuesSpecified" : {
    "calories" : false,
    "distance" : false,
    "steps" : false
  },
  "lastModified" : "05/09/18 03:35:03",
  "startTime" : "05/09/18 01:47:13",
  "originalStartTime" : "05/09/18 01:47:13",
  "originalDuration" : 921000,
  "hasGps" : false,
  "shouldFetchDetails" : false
},{
  "logId" : 14088706334,
  "activityName" : "Elliptical",
  "activityTypeId" : 20047,
  "activityLevel" : [{
    "minutes" : 0,
    "name" : "sedentary"
  },{
    "minutes" : 0,
    "name" : "lightly"
  },{
    "minutes" : 3,
    "name" : "fairly"
  },{
    "minutes" : 31,
    "name" : "very"
  }],
  "calories" : 229,
  "duration" : 2048000,
  "activeDuration" : 2048000,
  "steps" : 3920,
  "logType" : "auto_detected",
  "manualValuesSpecified" : {
    "calories" : false,
    "distance" : false,
    "steps" : false
  },
  "lastModified" : "05/09/18 03:35:03",
  "startTime" : "05/09/18 02:02:34",
  "originalStartTime" : "05/09/18 02:02:34",
  "originalDuration" : 2048000,
  "hasGps" : false,
  "shouldFetchDetails" : false
},{
  "logId" : 14088706335,
  "activityName" : "Walk",
  "activityTypeId" : 90013,
  "activityLevel" : [{
    "minutes" : 0,
    "name" : "sedentary"
  },{
    "minutes" : 3,
    "name" : "lightly"
  },{
    "minutes" : 2,
    "name" : "fairly"
  },{
    "minutes" : 13,
    "name" : "very"
  }],
  "calories" : 97,
  "duration" : 1076000,
  "activeDuration" : 1076000,
  "steps" : 1600,
  "logType" : "auto_detected",
  "manualValuesSpecified" : {
    "calories" : false,
    "distance" : false,
    "steps" : false
  },
  "lastModified" : "05/09/18 03:35:04",
  "startTime" : "05/09/18 02:36:42",
  "originalStartTime" : "05/09/18 02:36:42",
  "originalDuration" : 1076000,
  "hasGps" : false,
  "shouldFetchDetails" : false
},{
  "logId" : 14090170315,
  "activityName" : "Walk",
  "activityTypeId" : 90013,
  "activityLevel" : [{
    "minutes" : 6,
    "name" : "sedentary"
  },{
    "minutes" : 15,
    "name" : "lightly"
  },{
    "minutes" : 0,
    "name" : "fairly"
  },{
    "minutes" : 0,
    "name" : "very"
  }],
  "calories" : 88,
  "duration" : 1280000,
  "activeDuration" : 1280000,
  "steps" : 1394,
  "logType" : "auto_detected",
  "manualValuesSpecified" : {
    "calories" : false,
    "distance" : false,
    "steps" : false
  },
  "lastModified" : "05/09/18 06:22:39",
  "startTime" : "05/09/18 05:46:09",
  "originalStartTime" : "05/09/18 05:46:09",
  "originalDuration" : 1280000,
  "hasGps" : false,
  "shouldFetchDetails" : false
},{
  "logId" : 14099786529,
  "activityName" : "Walk",
  "activityTypeId" : 90013,
  "activityLevel" : [{
    "minutes" : 0,
    "name" : "sedentary"
  },{
    "minutes" : 2,
    "name" : "lightly"
  },{
    "minutes" : 3,
    "name" : "fairly"
  },{
    "minutes" : 14,
    "name" : "very"
  }],
  "calories" : 108,
  "duration" : 1126000,
  "activeDuration" : 1126000,
  "steps" : 1836,
  "logType" : "auto_detected",
  "manualValuesSpecified" : {
    "calories" : false,
    "distance" : false,
    "steps" : false
  },
  "lastModified" : "05/09/18 17:14:14",
  "startTime" : "05/09/18 16:39:49",
  "originalStartTime" : "05/09/18 16:39:49",
  "originalDuration" : 1126000,
  "hasGps" : false,
  "shouldFetchDetails" : false
},{
  "logId" : 14105351957,
  "activityName" : "Walk",
  "activityTypeId" : 90013,
  "activityLevel" : [{
    "minutes" : 0,
    "name" : "sedentary"
  },{
    "minutes" : 0,
    "name" : "lightly"
  },{
    "minutes" : 3,
    "name" : "fairly"
  },{
    "minutes" : 14,
    "name" : "very"
  }],
  "calories" : 103,
  "duration" : 1023000,
  "activeDuration" : 1023000,
  "steps" : 1740,
  "logType" : "auto_detected",
  "manualValuesSpecified" : {
    "calories" : false,
    "distance" : false,
    "steps" : false
  },
  "lastModified" : "05/09/18 22:18:36",
  "startTime" : "05/09/18 21:47:01",
  "originalStartTime" : "05/09/18 21:47:01",
  "originalDuration" : 1023000,
  "hasGps" : false,
  "shouldFetchDetails" : false
},{
  "logId" : 14139599553,
  "activityName" : "Elliptical",
  "activityTypeId" : 20047,
  "activityLevel" : [{
    "minutes" : 0,
    "name" : "sedentary"
  },{
    "minutes" : 0,
    "name" : "lightly"
  },{
    "minutes" : 2,
    "name" : "fairly"
  },{
    "minutes" : 33,
    "name" : "very"
  }],
  "calories" : 248,
  "duration" : 2100000,
  "activeDuration" : 2100000,
  "steps" : 4205,
  "logType" : "auto_detected",
  "manualValuesSpecified" : {
    "calories" : false,
    "distance" : false,
    "steps" : false
  },
  "lastModified" : "05/11/18 12:32:34",
  "startTime" : "05/10/18 01:28:52",
  "originalStartTime" : "05/10/18 01:28:52",
  "originalDuration" : 2100000,
  "hasGps" : false,
  "shouldFetchDetails" : false
},{
  "logId" : 14139599557,
  "activityName" : "Walk",
  "activityTypeId" : 90013,
  "activityLevel" : [{
    "minutes" : 0,
    "name" : "sedentary"
  },{
    "minutes" : 2,
    "name" : "lightly"
  },{
    "minutes" : 2,
    "name" : "fairly"
  },{
    "minutes" : 14,
    "name" : "very"
  }],
  "calories" : 100,
  "duration" : 1126000,
  "activeDuration" : 1126000,
  "steps" : 1648,
  "logType" : "auto_detected",
  "manualValuesSpecified" : {
    "calories" : false,
    "distance" : false,
    "steps" : false
  },
  "lastModified" : "05/11/18 12:32:34",
  "startTime" : "05/10/18 15:56:43",
  "originalStartTime" : "05/10/18 15:56:43",
  "originalDuration" : 1126000,
  "hasGps" : false,
  "shouldFetchDetails" : false
},{
  "logId" : 14139599558,
  "activityName" : "Walk",
  "activityTypeId" : 90013,
  "activityLevel" : [{
    "minutes" : 0,
    "name" : "sedentary"
  },{
    "minutes" : 1,
    "name" : "lightly"
  },{
    "minutes" : 3,
    "name" : "fairly"
  },{
    "minutes" : 21,
    "name" : "very"
  }],
  "calories" : 146,
  "duration" : 1536000,
  "activeDuration" : 1536000,
  "steps" : 2495,
  "logType" : "auto_detected",
  "manualValuesSpecified" : {
    "calories" : false,
    "distance" : false,
    "steps" : false
  },
  "lastModified" : "05/11/18 12:32:34",
  "startTime" : "05/11/18 00:11:39",
  "originalStartTime" : "05/11/18 00:11:39",
  "originalDuration" : 1536000,
  "hasGps" : false,
  "shouldFetchDetails" : false
},{
  "logId" : 14139599560,
  "activityName" : "Walk",
  "activityTypeId" : 90013,
  "activityLevel" : [{
    "minutes" : 0,
    "name" : "sedentary"
  },{
    "minutes" : 2,
    "name" : "lightly"
  },{
    "minutes" : 1,
    "name" : "fairly"
  },{
    "minutes" : 22,
    "name" : "very"
  }],
  "calories" : 154,
  "duration" : 1536000,
  "activeDuration" : 1536000,
  "steps" : 2665,
  "logType" : "auto_detected",
  "manualValuesSpecified" : {
    "calories" : false,
    "distance" : false,
    "steps" : false
  },
  "lastModified" : "05/11/18 12:32:34",
  "startTime" : "05/11/18 04:47:17",
  "originalStartTime" : "05/11/18 04:47:17",
  "originalDuration" : 1536000,
  "hasGps" : false,
  "shouldFetchDetails" : false
},{
  "logId" : 14144361822,
  "activityName" : "Walk",
  "activityTypeId" : 90013,
  "activityLevel" : [{
    "minutes" : 0,
    "name" : "sedentary"
  },{
    "minutes" : 1,
    "name" : "lightly"
  },{
    "minutes" : 1,
    "name" : "fairly"
  },{
    "minutes" : 15,
    "name" : "very"
  }],
  "calories" : 100,
  "duration" : 1024000,
  "activeDuration" : 1024000,
  "steps" : 1701,
  "logType" : "auto_detected",
  "manualValuesSpecified" : {
    "calories" : false,
    "distance" : false,
    "steps" : false
  },
  "lastModified" : "05/11/18 16:21:17",
  "startTime" : "05/11/18 15:36:40",
  "originalStartTime" : "05/11/18 15:36:40",
  "originalDuration" : 1024000,
  "hasGps" : false,
  "shouldFetchDetails" : false
},{
  "logId" : 14147734377,
  "activityName" : "Walk",
  "activityTypeId" : 90013,
  "activityLevel" : [{
    "minutes" : 1,
    "name" : "sedentary"
  },{
    "minutes" : 1,
    "name" : "lightly"
  },{
    "minutes" : 0,
    "name" : "fairly"
  },{
    "minutes" : 15,
    "name" : "very"
  }],
  "calories" : 99,
  "duration" : 1024000,
  "activeDuration" : 1024000,
  "steps" : 1686,
  "logType" : "auto_detected",
  "manualValuesSpecified" : {
    "calories" : false,
    "distance" : false,
    "steps" : false
  },
  "lastModified" : "05/11/18 19:39:48",
  "startTime" : "05/11/18 19:07:27",
  "originalStartTime" : "05/11/18 19:07:27",
  "originalDuration" : 1024000,
  "hasGps" : false,
  "shouldFetchDetails" : false
},{
  "logId" : 14184209931,
  "activityName" : "Walk",
  "activityTypeId" : 90013,
  "activityLevel" : [{
    "minutes" : 0,
    "name" : "sedentary"
  },{
    "minutes" : 4,
    "name" : "lightly"
  },{
    "minutes" : 12,
    "name" : "fairly"
  },{
    "minutes" : 7,
    "name" : "very"
  }],
  "calories" : 98,
  "duration" : 1434000,
  "activeDuration" : 1434000,
  "steps" : 1533,
  "logType" : "auto_detected",
  "manualValuesSpecified" : {
    "calories" : false,
    "distance" : false,
    "steps" : false
  },
  "lastModified" : "05/13/18 19:03:57",
  "startTime" : "05/12/18 04:33:12",
  "originalStartTime" : "05/12/18 04:33:12",
  "originalDuration" : 1434000,
  "hasGps" : false,
  "shouldFetchDetails" : false
},{
  "logId" : 14184209935,
  "activityName" : "Walk",
  "activityTypeId" : 90013,
  "activityLevel" : [{
    "minutes" : 0,
    "name" : "sedentary"
  },{
    "minutes" : 1,
    "name" : "lightly"
  },{
    "minutes" : 12,
    "name" : "fairly"
  },{
    "minutes" : 5,
    "name" : "very"
  }],
  "calories" : 84,
  "duration" : 1075000,
  "activeDuration" : 1075000,
  "steps" : 1344,
  "logType" : "auto_detected",
  "manualValuesSpecified" : {
    "calories" : false,
    "distance" : false,
    "steps" : false
  },
  "lastModified" : "05/13/18 19:03:57",
  "startTime" : "05/12/18 08:05:41",
  "originalStartTime" : "05/12/18 08:05:41",
  "originalDuration" : 1075000,
  "hasGps" : false,
  "shouldFetchDetails" : false
},{
  "logId" : 14184209937,
  "activityName" : "Walk",
  "activityTypeId" : 90013,
  "activityLevel" : [{
    "minutes" : 0,
    "name" : "sedentary"
  },{
    "minutes" : 1,
    "name" : "lightly"
  },{
    "minutes" : 10,
    "name" : "fairly"
  },{
    "minutes" : 7,
    "name" : "very"
  }],
  "calories" : 85,
  "duration" : 1075000,
  "activeDuration" : 1075000,
  "steps" : 1376,
  "logType" : "auto_detected",
  "manualValuesSpecified" : {
    "calories" : false,
    "distance" : false,
    "steps" : false
  },
  "lastModified" : "05/13/18 19:03:57",
  "startTime" : "05/12/18 09:21:38",
  "originalStartTime" : "05/12/18 09:21:38",
  "originalDuration" : 1075000,
  "hasGps" : false,
  "shouldFetchDetails" : false
},{
  "logId" : 14184209938,
  "activityName" : "Walk",
  "activityTypeId" : 90013,
  "activityLevel" : [{
    "minutes" : 0,
    "name" : "sedentary"
  },{
    "minutes" : 7,
    "name" : "lightly"
  },{
    "minutes" : 11,
    "name" : "fairly"
  },{
    "minutes" : 7,
    "name" : "very"
  }],
  "calories" : 106,
  "duration" : 1484000,
  "activeDuration" : 1484000,
  "steps" : 1580,
  "logType" : "auto_detected",
  "manualValuesSpecified" : {
    "calories" : false,
    "distance" : false,
    "steps" : false
  },
  "lastModified" : "05/13/18 19:03:57",
  "startTime" : "05/12/18 22:04:31",
  "originalStartTime" : "05/12/18 22:04:31",
  "originalDuration" : 1484000,
  "hasGps" : false,
  "shouldFetchDetails" : false
},{
  "logId" : 14184209939,
  "activityName" : "Walk",
  "activityTypeId" : 90013,
  "activityLevel" : [{
    "minutes" : 0,
    "name" : "sedentary"
  },{
    "minutes" : 2,
    "name" : "lightly"
  },{
    "minutes" : 2,
    "name" : "fairly"
  },{
    "minutes" : 15,
    "name" : "very"
  }],
  "calories" : 109,
  "duration" : 1127000,
  "activeDuration" : 1127000,
  "steps" : 1844,
  "logType" : "auto_detected",
  "manualValuesSpecified" : {
    "calories" : false,
    "distance" : false,
    "steps" : false
  },
  "lastModified" : "05/13/18 19:03:57",
  "startTime" : "05/12/18 23:07:39",
  "originalStartTime" : "05/12/18 23:07:39",
  "originalDuration" : 1127000,
  "hasGps" : false,
  "shouldFetchDetails" : false
},{
  "logId" : 14184209941,
  "activityName" : "Walk",
  "activityTypeId" : 90013,
  "activityLevel" : [{
    "minutes" : 0,
    "name" : "sedentary"
  },{
    "minutes" : 4,
    "name" : "lightly"
  },{
    "minutes" : 8,
    "name" : "fairly"
  },{
    "minutes" : 17,
    "name" : "very"
  }],
  "calories" : 145,
  "duration" : 1741000,
  "activeDuration" : 1741000,
  "steps" : 2386,
  "logType" : "auto_detected",
  "manualValuesSpecified" : {
    "calories" : false,
    "distance" : false,
    "steps" : false
  },
  "lastModified" : "05/13/18 19:03:57",
  "startTime" : "05/13/18 02:58:54",
  "originalStartTime" : "05/13/18 02:58:54",
  "originalDuration" : 1741000,
  "hasGps" : false,
  "shouldFetchDetails" : false
},{
  "logId" : 14184209942,
  "activityName" : "Walk",
  "activityTypeId" : 90013,
  "activityLevel" : [{
    "minutes" : 3,
    "name" : "sedentary"
  },{
    "minutes" : 6,
    "name" : "lightly"
  },{
    "minutes" : 23,
    "name" : "fairly"
  },{
    "minutes" : 16,
    "name" : "very"
  }],
  "calories" : 206,
  "duration" : 2918000,
  "activeDuration" : 2918000,
  "steps" : 3178,
  "logType" : "auto_detected",
  "manualValuesSpecified" : {
    "calories" : false,
    "distance" : false,
    "steps" : false
  },
  "lastModified" : "05/13/18 19:03:57",
  "startTime" : "05/13/18 05:49:35",
  "originalStartTime" : "05/13/18 05:49:35",
  "originalDuration" : 2918000,
  "hasGps" : false,
  "shouldFetchDetails" : false
},{
  "logId" : 14184209944,
  "activityName" : "Aerobic Workout",
  "activityTypeId" : 3001,
  "activityLevel" : [{
    "minutes" : 0,
    "name" : "sedentary"
  },{
    "minutes" : 2,
    "name" : "lightly"
  },{
    "minutes" : 1,
    "name" : "fairly"
  },{
    "minutes" : 12,
    "name" : "very"
  }],
  "calories" : 80,
  "duration" : 922000,
  "activeDuration" : 922000,
  "steps" : 1329,
  "logType" : "auto_detected",
  "manualValuesSpecified" : {
    "calories" : false,
    "distance" : false,
    "steps" : false
  },
  "lastModified" : "05/13/18 19:03:57",
  "startTime" : "05/13/18 07:01:15",
  "originalStartTime" : "05/13/18 07:01:15",
  "originalDuration" : 922000,
  "hasGps" : false,
  "shouldFetchDetails" : false
},{
  "logId" : 14184209946,
  "activityName" : "Walk",
  "activityTypeId" : 90013,
  "activityLevel" : [{
    "minutes" : 0,
    "name" : "sedentary"
  },{
    "minutes" : 1,
    "name" : "lightly"
  },{
    "minutes" : 4,
    "name" : "fairly"
  },{
    "minutes" : 31,
    "name" : "very"
  }],
  "calories" : 213,
  "duration" : 2151000,
  "activeDuration" : 2151000,
  "steps" : 3683,
  "logType" : "auto_detected",
  "manualValuesSpecified" : {
    "calories" : false,
    "distance" : false,
    "steps" : false
  },
  "lastModified" : "05/13/18 19:03:57",
  "startTime" : "05/13/18 07:21:44",
  "originalStartTime" : "05/13/18 07:21:44",
  "originalDuration" : 2151000,
  "hasGps" : false,
  "shouldFetchDetails" : false
},{
  "logId" : 14185134148,
  "activityName" : "Walk",
  "activityTypeId" : 90013,
  "activityLevel" : [{
    "minutes" : 4,
    "name" : "sedentary"
  },{
    "minutes" : 12,
    "name" : "lightly"
  },{
    "minutes" : 9,
    "name" : "fairly"
  },{
    "minutes" : 6,
    "name" : "very"
  }],
  "calories" : 119,
  "duration" : 1895000,
  "activeDuration" : 1895000,
  "steps" : 1769,
  "logType" : "auto_detected",
  "manualValuesSpecified" : {
    "calories" : false,
    "distance" : false,
    "steps" : false
  },
  "lastModified" : "05/13/18 20:04:41",
  "startTime" : "05/13/18 19:25:23",
  "originalStartTime" : "05/13/18 19:25:23",
  "originalDuration" : 1895000,
  "hasGps" : false,
  "shouldFetchDetails" : false
},{
  "logId" : 14187999175,
  "activityName" : "Walk",
  "activityTypeId" : 90013,
  "activityLevel" : [{
    "minutes" : 4,
    "name" : "sedentary"
  },{
    "minutes" : 11,
    "name" : "lightly"
  },{
    "minutes" : 23,
    "name" : "fairly"
  },{
    "minutes" : 5,
    "name" : "very"
  }],
  "calories" : 156,
  "duration" : 2611000,
  "activeDuration" : 2611000,
  "steps" : 2248,
  "logType" : "auto_detected",
  "manualValuesSpecified" : {
    "calories" : false,
    "distance" : false,
    "steps" : false
  },
  "lastModified" : "05/13/18 23:43:27",
  "startTime" : "05/13/18 22:57:01",
  "originalStartTime" : "05/13/18 22:57:01",
  "originalDuration" : 2611000,
  "hasGps" : false,
  "shouldFetchDetails" : false
},{
  "logId" : 14189797186,
  "activityName" : "Walk",
  "activityTypeId" : 90013,
  "activityLevel" : [{
    "minutes" : 0,
    "name" : "sedentary"
  },{
    "minutes" : 25,
    "name" : "lightly"
  },{
    "minutes" : 0,
    "name" : "fairly"
  },{
    "minutes" : 0,
    "name" : "very"
  }],
  "calories" : 95,
  "duration" : 1486000,
  "activeDuration" : 1486000,
  "steps" : 1355,
  "logType" : "auto_detected",
  "manualValuesSpecified" : {
    "calories" : false,
    "distance" : false,
    "steps" : false
  },
  "lastModified" : "05/14/18 02:14:18",
  "startTime" : "05/14/18 01:46:49",
  "originalStartTime" : "05/14/18 01:46:49",
  "originalDuration" : 1486000,
  "hasGps" : false,
  "shouldFetchDetails" : false
},{
  "logId" : 14190544893,
  "activityName" : "Walk",
  "activityTypeId" : 90013,
  "activityLevel" : [{
    "minutes" : 0,
    "name" : "sedentary"
  },{
    "minutes" : 0,
    "name" : "lightly"
  },{
    "minutes" : 5,
    "name" : "fairly"
  },{
    "minutes" : 11,
    "name" : "very"
  }],
  "calories" : 84,
  "duration" : 973000,
  "activeDuration" : 973000,
  "steps" : 1408,
  "logType" : "auto_detected",
  "manualValuesSpecified" : {
    "calories" : false,
    "distance" : false,
    "steps" : false
  },
  "lastModified" : "05/14/18 03:33:29",
  "startTime" : "05/14/18 02:29:30",
  "originalStartTime" : "05/14/18 02:29:30",
  "originalDuration" : 973000,
  "hasGps" : false,
  "shouldFetchDetails" : false
},{
  "logId" : 14208165819,
  "activityName" : "Walk",
  "activityTypeId" : 90013,
  "activityLevel" : [{
    "minutes" : 0,
    "name" : "sedentary"
  },{
    "minutes" : 2,
    "name" : "lightly"
  },{
    "minutes" : 9,
    "name" : "fairly"
  },{
    "minutes" : 30,
    "name" : "very"
  }],
  "calories" : 228,
  "duration" : 2509000,
  "activeDuration" : 2509000,
  "steps" : 3867,
  "logType" : "auto_detected",
  "manualValuesSpecified" : {
    "calories" : false,
    "distance" : false,
    "steps" : false
  },
  "lastModified" : "05/14/18 19:49:09",
  "startTime" : "05/14/18 05:52:35",
  "originalStartTime" : "05/14/18 05:52:35",
  "originalDuration" : 2509000,
  "hasGps" : false,
  "shouldFetchDetails" : false
},{
  "logId" : 14208165822,
  "activityName" : "Walk",
  "activityTypeId" : 90013,
  "activityLevel" : [{
    "minutes" : 1,
    "name" : "sedentary"
  },{
    "minutes" : 10,
    "name" : "lightly"
  },{
    "minutes" : 11,
    "name" : "fairly"
  },{
    "minutes" : 8,
    "name" : "very"
  }],
  "calories" : 137,
  "duration" : 1843000,
  "activeDuration" : 1843000,
  "steps" : 2204,
  "logType" : "auto_detected",
  "manualValuesSpecified" : {
    "calories" : false,
    "distance" : false,
    "steps" : false
  },
  "lastModified" : "05/14/18 19:49:09",
  "startTime" : "05/14/18 09:49:49",
  "originalStartTime" : "05/14/18 09:49:49",
  "originalDuration" : 1843000,
  "hasGps" : false,
  "shouldFetchDetails" : false
},{
  "logId" : 14208165823,
  "activityName" : "Walk",
  "activityTypeId" : 90013,
  "activityLevel" : [{
    "minutes" : 0,
    "name" : "sedentary"
  },{
    "minutes" : 3,
    "name" : "lightly"
  },{
    "minutes" : 8,
    "name" : "fairly"
  },{
    "minutes" : 11,
    "name" : "very"
  }],
  "calories" : 103,
  "duration" : 1332000,
  "activeDuration" : 1332000,
  "steps" : 1633,
  "logType" : "auto_detected",
  "manualValuesSpecified" : {
    "calories" : false,
    "distance" : false,
    "steps" : false
  },
  "lastModified" : "05/14/18 19:49:09",
  "startTime" : "05/14/18 18:24:22",
  "originalStartTime" : "05/14/18 18:24:22",
  "originalDuration" : 1332000,
  "hasGps" : false,
  "shouldFetchDetails" : false
},{
  "logId" : 14211225072,
  "activityName" : "Walk",
  "activityTypeId" : 90013,
  "activityLevel" : [{
    "minutes" : 0,
    "name" : "sedentary"
  },{
    "minutes" : 1,
    "name" : "lightly"
  },{
    "minutes" : 11,
    "name" : "fairly"
  },{
    "minutes" : 7,
    "name" : "very"
  }],
  "calories" : 90,
  "duration" : 1177000,
  "activeDuration" : 1177000,
  "steps" : 1484,
  "logType" : "auto_detected",
  "manualValuesSpecified" : {
    "calories" : false,
    "distance" : false,
    "steps" : false
  },
  "lastModified" : "05/14/18 22:35:33",
  "startTime" : "05/14/18 21:37:14",
  "originalStartTime" : "05/14/18 21:37:14",
  "originalDuration" : 1177000,
  "hasGps" : false,
  "shouldFetchDetails" : false
},{
  "logId" : 14228413383,
  "activityName" : "Walk",
  "activityTypeId" : 90013,
  "activityLevel" : [{
    "minutes" : 2,
    "name" : "sedentary"
  },{
    "minutes" : 0,
    "name" : "lightly"
  },{
    "minutes" : 0,
    "name" : "fairly"
  },{
    "minutes" : 15,
    "name" : "very"
  }],
  "calories" : 101,
  "duration" : 1025000,
  "activeDuration" : 1025000,
  "steps" : 1722,
  "logType" : "auto_detected",
  "manualValuesSpecified" : {
    "calories" : false,
    "distance" : false,
    "steps" : false
  },
  "lastModified" : "05/15/18 18:17:15",
  "startTime" : "05/15/18 17:46:24",
  "originalStartTime" : "05/15/18 17:46:24",
  "originalDuration" : 1025000,
  "hasGps" : false,
  "shouldFetchDetails" : false
},{
  "logId" : 14233525796,
  "activityName" : "Walk",
  "activityTypeId" : 90013,
  "activityLevel" : [{
    "minutes" : 1,
    "name" : "sedentary"
  },{
    "minutes" : 0,
    "name" : "lightly"
  },{
    "minutes" : 1,
    "name" : "fairly"
  },{
    "minutes" : 14,
    "name" : "very"
  }],
  "calories" : 108,
  "duration" : 974000,
  "activeDuration" : 974000,
  "steps" : 1811,
  "logType" : "auto_detected",
  "manualValuesSpecified" : {
    "calories" : false,
    "distance" : false,
    "steps" : false
  },
  "lastModified" : "05/15/18 19:33:25",
  "startTime" : "05/15/18 19:02:21",
  "originalStartTime" : "05/15/18 19:02:21",
  "originalDuration" : 974000,
  "hasGps" : false,
  "shouldFetchDetails" : false
},{
  "logId" : 14235443944,
  "activityName" : "Walk",
  "activityTypeId" : 90013,
  "activityLevel" : [{
    "minutes" : 0,
    "name" : "sedentary"
  },{
    "minutes" : 7,
    "name" : "lightly"
  },{
    "minutes" : 4,
    "name" : "fairly"
  },{
    "minutes" : 22,
    "name" : "very"
  }],
  "calories" : 172,
  "duration" : 1997000,
  "activeDuration" : 1997000,
  "steps" : 2786,
  "logType" : "auto_detected",
  "manualValuesSpecified" : {
    "calories" : false,
    "distance" : false,
    "steps" : false
  },
  "lastModified" : "05/15/18 21:20:09",
  "startTime" : "05/15/18 20:18:18",
  "originalStartTime" : "05/15/18 20:18:18",
  "originalDuration" : 1997000,
  "hasGps" : false,
  "shouldFetchDetails" : false
},{
  "logId" : 14238314265,
  "activityName" : "Walk",
  "activityTypeId" : 90013,
  "activityLevel" : [{
    "minutes" : 10,
    "name" : "sedentary"
  },{
    "minutes" : 15,
    "name" : "lightly"
  },{
    "minutes" : 6,
    "name" : "fairly"
  },{
    "minutes" : 26,
    "name" : "very"
  }],
  "calories" : 250,
  "duration" : 3430000,
  "activeDuration" : 3430000,
  "steps" : 3944,
  "logType" : "auto_detected",
  "manualValuesSpecified" : {
    "calories" : false,
    "distance" : false,
    "steps" : false
  },
  "lastModified" : "05/16/18 00:22:34",
  "startTime" : "05/15/18 23:08:07",
  "originalStartTime" : "05/15/18 23:08:07",
  "originalDuration" : 3430000,
  "hasGps" : false,
  "shouldFetchDetails" : false
},{
  "logId" : 14260208414,
  "activityName" : "Walk",
  "activityTypeId" : 90013,
  "activityLevel" : [{
    "minutes" : 0,
    "name" : "sedentary"
  },{
    "minutes" : 2,
    "name" : "lightly"
  },{
    "minutes" : 0,
    "name" : "fairly"
  },{
    "minutes" : 14,
    "name" : "very"
  }],
  "calories" : 95,
  "duration" : 972000,
  "activeDuration" : 972000,
  "steps" : 1608,
  "logType" : "auto_detected",
  "manualValuesSpecified" : {
    "calories" : false,
    "distance" : false,
    "steps" : false
  },
  "lastModified" : "05/16/18 21:28:43",
  "startTime" : "05/16/18 21:01:25",
  "originalStartTime" : "05/16/18 21:01:25",
  "originalDuration" : 972000,
  "hasGps" : false,
  "shouldFetchDetails" : false
},{
  "logId" : 14265530595,
  "activityName" : "Walk",
  "activityTypeId" : 90013,
  "activityLevel" : [{
    "minutes" : 0,
    "name" : "sedentary"
  },{
    "minutes" : 1,
    "name" : "lightly"
  },{
    "minutes" : 6,
    "name" : "fairly"
  },{
    "minutes" : 23,
    "name" : "very"
  }],
  "calories" : 159,
  "duration" : 1843000,
  "activeDuration" : 1843000,
  "steps" : 2681,
  "logType" : "auto_detected",
  "manualValuesSpecified" : {
    "calories" : false,
    "distance" : false,
    "steps" : false
  },
  "lastModified" : "05/17/18 03:34:52",
  "startTime" : "05/17/18 02:56:24",
  "originalStartTime" : "05/17/18 02:56:24",
  "originalDuration" : 1843000,
  "hasGps" : false,
  "shouldFetchDetails" : false
},{
  "logId" : 14273772338,
  "activityName" : "Walk",
  "activityTypeId" : 90013,
  "activityLevel" : [{
    "minutes" : 0,
    "name" : "sedentary"
  },{
    "minutes" : 2,
    "name" : "lightly"
  },{
    "minutes" : 3,
    "name" : "fairly"
  },{
    "minutes" : 16,
    "name" : "very"
  }],
  "calories" : 119,
  "duration" : 1228000,
  "activeDuration" : 1228000,
  "steps" : 2014,
  "logType" : "auto_detected",
  "manualValuesSpecified" : {
    "calories" : false,
    "distance" : false,
    "steps" : false
  },
  "lastModified" : "05/17/18 14:32:39",
  "startTime" : "05/17/18 14:03:43",
  "originalStartTime" : "05/17/18 14:03:43",
  "originalDuration" : 1228000,
  "hasGps" : false,
  "shouldFetchDetails" : false
},{
  "logId" : 14279295583,
  "activityName" : "Walk",
  "activityTypeId" : 90013,
  "activityLevel" : [{
    "minutes" : 0,
    "name" : "sedentary"
  },{
    "minutes" : 2,
    "name" : "lightly"
  },{
    "minutes" : 2,
    "name" : "fairly"
  },{
    "minutes" : 13,
    "name" : "very"
  }],
  "calories" : 97,
  "duration" : 1024000,
  "activeDuration" : 1024000,
  "steps" : 1622,
  "logType" : "auto_detected",
  "manualValuesSpecified" : {
    "calories" : false,
    "distance" : false,
    "steps" : false
  },
  "lastModified" : "05/17/18 19:30:43",
  "startTime" : "05/17/18 19:04:05",
  "originalStartTime" : "05/17/18 19:04:05",
  "originalDuration" : 1024000,
  "hasGps" : false,
  "shouldFetchDetails" : false
},{
  "logId" : 14298272729,
  "activityName" : "Walk",
  "activityTypeId" : 90013,
  "activityLevel" : [{
    "minutes" : 4,
    "name" : "sedentary"
  },{
    "minutes" : 8,
    "name" : "lightly"
  },{
    "minutes" : 1,
    "name" : "fairly"
  },{
    "minutes" : 30,
    "name" : "very"
  }],
  "calories" : 230,
  "duration" : 2611000,
  "activeDuration" : 2611000,
  "steps" : 3833,
  "logType" : "auto_detected",
  "manualValuesSpecified" : {
    "calories" : false,
    "distance" : false,
    "steps" : false
  },
  "lastModified" : "05/18/18 17:22:34",
  "startTime" : "05/18/18 04:38:23",
  "originalStartTime" : "05/18/18 04:38:23",
  "originalDuration" : 2611000,
  "hasGps" : false,
  "shouldFetchDetails" : false
},{
  "logId" : 14299548073,
  "activityName" : "Walk",
  "activityTypeId" : 90013,
  "activityLevel" : [{
    "minutes" : 0,
    "name" : "sedentary"
  },{
    "minutes" : 1,
    "name" : "lightly"
  },{
    "minutes" : 3,
    "name" : "fairly"
  },{
    "minutes" : 20,
    "name" : "very"
  }],
  "calories" : 141,
  "duration" : 1485000,
  "activeDuration" : 1485000,
  "steps" : 2394,
  "logType" : "auto_detected",
  "manualValuesSpecified" : {
    "calories" : false,
    "distance" : false,
    "steps" : false
  },
  "lastModified" : "05/18/18 18:24:51",
  "startTime" : "05/18/18 17:44:18",
  "originalStartTime" : "05/18/18 17:44:18",
  "originalDuration" : 1485000,
  "hasGps" : false,
  "shouldFetchDetails" : false
},{
  "logId" : 14310863182,
  "activityName" : "Walk",
  "activityTypeId" : 90013,
  "activityLevel" : [{
    "minutes" : 5,
    "name" : "sedentary"
  },{
    "minutes" : 4,
    "name" : "lightly"
  },{
    "minutes" : 10,
    "name" : "fairly"
  },{
    "minutes" : 57,
    "name" : "very"
  }],
  "calories" : 421,
  "duration" : 4608000,
  "activeDuration" : 4608000,
  "steps" : 7093,
  "logType" : "auto_detected",
  "manualValuesSpecified" : {
    "calories" : false,
    "distance" : false,
    "steps" : false
  },
  "lastModified" : "05/19/18 08:59:50",
  "startTime" : "05/19/18 07:33:45",
  "originalStartTime" : "05/19/18 07:33:45",
  "originalDuration" : 4608000,
  "hasGps" : false,
  "shouldFetchDetails" : false
},{
  "logId" : 14322954140,
  "activityName" : "Walk",
  "activityTypeId" : 90013,
  "activityLevel" : [{
    "minutes" : 2,
    "name" : "sedentary"
  },{
    "minutes" : 6,
    "name" : "lightly"
  },{
    "minutes" : 2,
    "name" : "fairly"
  },{
    "minutes" : 15,
    "name" : "very"
  }],
  "calories" : 138,
  "duration" : 1536000,
  "activeDuration" : 1536000,
  "steps" : 2298,
  "logType" : "auto_detected",
  "manualValuesSpecified" : {
    "calories" : false,
    "distance" : false,
    "steps" : false
  },
  "lastModified" : "05/19/18 21:58:28",
  "startTime" : "05/19/18 21:17:13",
  "originalStartTime" : "05/19/18 21:17:13",
  "originalDuration" : 1536000,
  "hasGps" : false,
  "shouldFetchDetails" : false
},{
  "logId" : 14334619008,
  "activityName" : "Walk",
  "activityTypeId" : 90013,
  "activityLevel" : [{
    "minutes" : 3,
    "name" : "sedentary"
  },{
    "minutes" : 3,
    "name" : "lightly"
  },{
    "minutes" : 11,
    "name" : "fairly"
  },{
    "minutes" : 21,
    "name" : "very"
  }],
  "calories" : 184,
  "duration" : 2304000,
  "activeDuration" : 2304000,
  "steps" : 3003,
  "logType" : "auto_detected",
  "manualValuesSpecified" : {
    "calories" : false,
    "distance" : false,
    "steps" : false
  },
  "lastModified" : "05/20/18 16:11:31",
  "startTime" : "05/20/18 15:21:49",
  "originalStartTime" : "05/20/18 15:21:49",
  "originalDuration" : 2304000,
  "hasGps" : false,
  "shouldFetchDetails" : false
},{
  "logId" : 14335579720,
  "activityName" : "Aerobic Workout",
  "activityTypeId" : 3001,
  "activityLevel" : [{
    "minutes" : 0,
    "name" : "sedentary"
  },{
    "minutes" : 1,
    "name" : "lightly"
  },{
    "minutes" : 1,
    "name" : "fairly"
  },{
    "minutes" : 15,
    "name" : "very"
  }],
  "calories" : 97,
  "duration" : 1025000,
  "activeDuration" : 1025000,
  "steps" : 1640,
  "logType" : "auto_detected",
  "manualValuesSpecified" : {
    "calories" : false,
    "distance" : false,
    "steps" : false
  },
  "lastModified" : "05/20/18 16:57:11",
  "startTime" : "05/20/18 16:24:06",
  "originalStartTime" : "05/20/18 16:24:06",
  "originalDuration" : 1025000,
  "hasGps" : false,
  "shouldFetchDetails" : false
},{
  "logId" : 14336486839,
  "activityName" : "Walk",
  "activityTypeId" : 90013,
  "activityLevel" : [{
    "minutes" : 1,
    "name" : "sedentary"
  },{
    "minutes" : 0,
    "name" : "lightly"
  },{
    "minutes" : 11,
    "name" : "fairly"
  },{
    "minutes" : 17,
    "name" : "very"
  }],
  "calories" : 155,
  "duration" : 1740000,
  "activeDuration" : 1740000,
  "steps" : 2649,
  "logType" : "auto_detected",
  "manualValuesSpecified" : {
    "calories" : false,
    "distance" : false,
    "steps" : false
  },
  "lastModified" : "05/20/18 17:42:59",
  "startTime" : "05/20/18 17:07:38",
  "originalStartTime" : "05/20/18 17:07:38",
  "originalDuration" : 1740000,
  "hasGps" : false,
  "shouldFetchDetails" : false
},{
  "logId" : 14338556059,
  "activityName" : "Walk",
  "activityTypeId" : 90013,
  "activityLevel" : [{
    "minutes" : 1,
    "name" : "sedentary"
  },{
    "minutes" : 1,
    "name" : "lightly"
  },{
    "minutes" : 3,
    "name" : "fairly"
  },{
    "minutes" : 10,
    "name" : "very"
  }],
  "calories" : 75,
  "duration" : 922000,
  "activeDuration" : 922000,
  "steps" : 1215,
  "logType" : "auto_detected",
  "manualValuesSpecified" : {
    "calories" : false,
    "distance" : false,
    "steps" : false
  },
  "lastModified" : "05/20/18 19:04:13",
  "startTime" : "05/20/18 18:32:06",
  "originalStartTime" : "05/20/18 18:32:06",
  "originalDuration" : 922000,
  "hasGps" : false,
  "shouldFetchDetails" : false
},{
  "logId" : 14356227781,
  "activityName" : "Walk",
  "activityTypeId" : 90013,
  "activityLevel" : [{
    "minutes" : 1,
    "name" : "sedentary"
  },{
    "minutes" : 1,
    "name" : "lightly"
  },{
    "minutes" : 3,
    "name" : "fairly"
  },{
    "minutes" : 13,
    "name" : "very"
  }],
  "calories" : 100,
  "duration" : 1127000,
  "activeDuration" : 1127000,
  "steps" : 1670,
  "logType" : "auto_detected",
  "manualValuesSpecified" : {
    "calories" : false,
    "distance" : false,
    "steps" : false
  },
  "lastModified" : "05/21/18 15:45:25",
  "startTime" : "05/21/18 15:14:34",
  "originalStartTime" : "05/21/18 15:14:34",
  "originalDuration" : 1127000,
  "hasGps" : false,
  "shouldFetchDetails" : false
},{
  "logId" : 14361229180,
  "activityName" : "Walk",
  "activityTypeId" : 90013,
  "activityLevel" : [{
    "minutes" : 0,
    "name" : "sedentary"
  },{
    "minutes" : 0,
    "name" : "lightly"
  },{
    "minutes" : 3,
    "name" : "fairly"
  },{
    "minutes" : 20,
    "name" : "very"
  }],
  "calories" : 140,
  "duration" : 1434000,
  "activeDuration" : 1434000,
  "steps" : 2432,
  "logType" : "auto_detected",
  "manualValuesSpecified" : {
    "calories" : false,
    "distance" : false,
    "steps" : false
  },
  "lastModified" : "05/21/18 19:19:40",
  "startTime" : "05/21/18 18:44:29",
  "originalStartTime" : "05/21/18 18:44:29",
  "originalDuration" : 1434000,
  "hasGps" : false,
  "shouldFetchDetails" : false
},{
  "logId" : 14362675777,
  "activityName" : "Walk",
  "activityTypeId" : 90013,
  "activityLevel" : [{
    "minutes" : 1,
    "name" : "sedentary"
  },{
    "minutes" : 2,
    "name" : "lightly"
  },{
    "minutes" : 16,
    "name" : "fairly"
  },{
    "minutes" : 34,
    "name" : "very"
  }],
  "calories" : 286,
  "duration" : 3226000,
  "activeDuration" : 3226000,
  "steps" : 4860,
  "logType" : "auto_detected",
  "manualValuesSpecified" : {
    "calories" : false,
    "distance" : false,
    "steps" : false
  },
  "lastModified" : "05/21/18 20:36:10",
  "startTime" : "05/21/18 19:38:15",
  "originalStartTime" : "05/21/18 19:38:15",
  "originalDuration" : 3226000,
  "hasGps" : false,
  "shouldFetchDetails" : false
},{
  "logId" : 14377846625,
  "activityName" : "Walk",
  "activityTypeId" : 90013,
  "activityLevel" : [{
    "minutes" : 0,
    "name" : "sedentary"
  },{
    "minutes" : 2,
    "name" : "lightly"
  },{
    "minutes" : 1,
    "name" : "fairly"
  },{
    "minutes" : 20,
    "name" : "very"
  }],
  "calories" : 137,
  "duration" : 1331000,
  "activeDuration" : 1331000,
  "steps" : 2325,
  "logType" : "auto_detected",
  "manualValuesSpecified" : {
    "calories" : false,
    "distance" : false,
    "steps" : false
  },
  "lastModified" : "05/22/18 10:40:44",
  "startTime" : "05/22/18 06:08:52",
  "originalStartTime" : "05/22/18 06:08:52",
  "originalDuration" : 1331000,
  "hasGps" : false,
  "shouldFetchDetails" : false
},{
  "logId" : 14377846626,
  "activityName" : "Walk",
  "activityTypeId" : 90013,
  "activityLevel" : [{
    "minutes" : 1,
    "name" : "sedentary"
  },{
    "minutes" : 3,
    "name" : "lightly"
  },{
    "minutes" : 4,
    "name" : "fairly"
  },{
    "minutes" : 7,
    "name" : "very"
  }],
  "calories" : 65,
  "duration" : 921000,
  "activeDuration" : 921000,
  "steps" : 1026,
  "logType" : "auto_detected",
  "manualValuesSpecified" : {
    "calories" : false,
    "distance" : false,
    "steps" : false
  },
  "lastModified" : "05/22/18 10:40:44",
  "startTime" : "05/22/18 08:19:26",
  "originalStartTime" : "05/22/18 08:19:26",
  "originalDuration" : 921000,
  "hasGps" : false,
  "shouldFetchDetails" : false
},{
  "logId" : 14418752592,
  "activityName" : "Walk",
  "activityTypeId" : 90013,
  "activityLevel" : [{
    "minutes" : 0,
    "name" : "sedentary"
  },{
    "minutes" : 12,
    "name" : "lightly"
  },{
    "minutes" : 0,
    "name" : "fairly"
  },{
    "minutes" : 17,
    "name" : "very"
  }],
  "calories" : 164,
  "duration" : 1792000,
  "activeDuration" : 1792000,
  "steps" : 2753,
  "logType" : "auto_detected",
  "manualValuesSpecified" : {
    "calories" : false,
    "distance" : false,
    "steps" : false
  },
  "lastModified" : "05/24/18 01:55:47",
  "startTime" : "05/23/18 01:10:38",
  "originalStartTime" : "05/23/18 01:10:38",
  "originalDuration" : 1792000,
  "hasGps" : false,
  "shouldFetchDetails" : false
},{
  "logId" : 14418752595,
  "activityName" : "Walk",
  "activityTypeId" : 90013,
  "activityLevel" : [{
    "minutes" : 2,
    "name" : "sedentary"
  },{
    "minutes" : 3,
    "name" : "lightly"
  },{
    "minutes" : 4,
    "name" : "fairly"
  },{
    "minutes" : 10,
    "name" : "very"
  }],
  "calories" : 84,
  "duration" : 1177000,
  "activeDuration" : 1177000,
  "steps" : 1338,
  "logType" : "auto_detected",
  "manualValuesSpecified" : {
    "calories" : false,
    "distance" : false,
    "steps" : false
  },
  "lastModified" : "05/24/18 01:55:47",
  "startTime" : "05/24/18 00:36:05",
  "originalStartTime" : "05/24/18 00:36:05",
  "originalDuration" : 1177000,
  "hasGps" : false,
  "shouldFetchDetails" : false
},{
  "logId" : 14509747138,
  "activityName" : "Walk",
  "activityTypeId" : 90013,
  "activityLevel" : [{
    "minutes" : 0,
    "name" : "sedentary"
  },{
    "minutes" : 3,
    "name" : "lightly"
  },{
    "minutes" : 11,
    "name" : "fairly"
  },{
    "minutes" : 9,
    "name" : "very"
  }],
  "calories" : 104,
  "duration" : 1382000,
  "activeDuration" : 1382000,
  "steps" : 1656,
  "logType" : "auto_detected",
  "manualValuesSpecified" : {
    "calories" : false,
    "distance" : false,
    "steps" : false
  },
  "lastModified" : "05/28/18 13:37:10",
  "startTime" : "05/27/18 18:44:31",
  "originalStartTime" : "05/27/18 18:44:31",
  "originalDuration" : 1382000,
  "hasGps" : false,
  "shouldFetchDetails" : false
},{
  "logId" : 14509747141,
  "activityName" : "Walk",
  "activityTypeId" : 90013,
  "activityLevel" : [{
    "minutes" : 2,
    "name" : "sedentary"
  },{
    "minutes" : 3,
    "name" : "lightly"
  },{
    "minutes" : 14,
    "name" : "fairly"
  },{
    "minutes" : 12,
    "name" : "very"
  }],
  "calories" : 137,
  "duration" : 1895000,
  "activeDuration" : 1895000,
  "steps" : 2170,
  "logType" : "auto_detected",
  "manualValuesSpecified" : {
    "calories" : false,
    "distance" : false,
    "steps" : false
  },
  "lastModified" : "05/28/18 13:37:10",
  "startTime" : "05/27/18 19:28:53",
  "originalStartTime" : "05/27/18 19:28:53",
  "originalDuration" : 1895000,
  "hasGps" : false,
  "shouldFetchDetails" : false
},{
  "logId" : 14522375647,
  "activityName" : "Outdoor Bike",
  "activityTypeId" : 1071,
  "activityLevel" : [{
    "minutes" : 26,
    "name" : "sedentary"
  },{
    "minutes" : 5,
    "name" : "lightly"
  },{
    "minutes" : 0,
    "name" : "fairly"
  },{
    "minutes" : 0,
    "name" : "very"
  }],
  "calories" : 37,
  "duration" : 1894000,
  "activeDuration" : 1894000,
  "logType" : "auto_detected",
  "manualValuesSpecified" : {
    "calories" : false,
    "distance" : false,
    "steps" : false
  },
  "lastModified" : "05/29/18 02:44:24",
  "startTime" : "05/28/18 21:39:54",
  "originalStartTime" : "05/28/18 21:39:54",
  "originalDuration" : 1894000,
  "hasGps" : false,
  "shouldFetchDetails" : false
},{
  "logId" : 14522375652,
  "activityName" : "Outdoor Bike",
  "activityTypeId" : 1071,
  "activityLevel" : [{
    "minutes" : 85,
    "name" : "sedentary"
  },{
    "minutes" : 44,
    "name" : "lightly"
  },{
    "minutes" : 0,
    "name" : "fairly"
  },{
    "minutes" : 0,
    "name" : "very"
  }],
  "calories" : 202,
  "duration" : 7783000,
  "activeDuration" : 7783000,
  "logType" : "auto_detected",
  "manualValuesSpecified" : {
    "calories" : false,
    "distance" : false,
    "steps" : false
  },
  "lastModified" : "05/29/18 02:44:24",
  "startTime" : "05/28/18 22:41:20",
  "originalStartTime" : "05/28/18 22:41:20",
  "originalDuration" : 7783000,
  "hasGps" : false,
  "shouldFetchDetails" : false
},{
  "logId" : 14523010278,
  "activityName" : "Walk",
  "activityTypeId" : 90013,
  "activityLevel" : [{
    "minutes" : 1,
    "name" : "sedentary"
  },{
    "minutes" : 11,
    "name" : "lightly"
  },{
    "minutes" : 3,
    "name" : "fairly"
  },{
    "minutes" : 7,
    "name" : "very"
  }],
  "calories" : 115,
  "duration" : 1331000,
  "activeDuration" : 1331000,
  "steps" : 1839,
  "logType" : "auto_detected",
  "manualValuesSpecified" : {
    "calories" : false,
    "distance" : false,
    "steps" : false
  },
  "lastModified" : "05/29/18 03:30:09",
  "startTime" : "05/29/18 02:59:54",
  "originalStartTime" : "05/29/18 02:59:54",
  "originalDuration" : 1331000,
  "hasGps" : false,
  "shouldFetchDetails" : false
},{
  "logId" : 14555311402,
  "activityName" : "Outdoor Bike",
  "activityTypeId" : 1071,
  "activityLevel" : [{
    "minutes" : 15,
    "name" : "sedentary"
  },{
    "minutes" : 4,
    "name" : "lightly"
  },{
    "minutes" : 0,
    "name" : "fairly"
  },{
    "minutes" : 0,
    "name" : "very"
  }],
  "calories" : 26,
  "duration" : 1177000,
  "activeDuration" : 1177000,
  "logType" : "auto_detected",
  "manualValuesSpecified" : {
    "calories" : false,
    "distance" : false,
    "steps" : false
  },
  "lastModified" : "05/30/18 13:24:23",
  "startTime" : "05/29/18 21:24:58",
  "originalStartTime" : "05/29/18 21:24:58",
  "originalDuration" : 1177000,
  "hasGps" : false,
  "shouldFetchDetails" : false
},{
  "logId" : 14566658670,
  "activityName" : "Walk",
  "activityTypeId" : 90013,
  "activityLevel" : [{
    "minutes" : 8,
    "name" : "sedentary"
  },{
    "minutes" : 6,
    "name" : "lightly"
  },{
    "minutes" : 2,
    "name" : "fairly"
  },{
    "minutes" : 26,
    "name" : "very"
  }],
  "calories" : 217,
  "duration" : 2560000,
  "activeDuration" : 2560000,
  "steps" : 3629,
  "logType" : "auto_detected",
  "manualValuesSpecified" : {
    "calories" : false,
    "distance" : false,
    "steps" : false
  },
  "lastModified" : "05/31/18 00:56:25",
  "startTime" : "05/31/18 00:00:43",
  "originalStartTime" : "05/31/18 00:00:43",
  "originalDuration" : 2560000,
  "hasGps" : false,
  "shouldFetchDetails" : false
},{
  "logId" : 14588558695,
  "activityName" : "Walk",
  "activityTypeId" : 90013,
  "activityLevel" : [{
    "minutes" : 1,
    "name" : "sedentary"
  },{
    "minutes" : 0,
    "name" : "lightly"
  },{
    "minutes" : 2,
    "name" : "fairly"
  },{
    "minutes" : 14,
    "name" : "very"
  }],
  "calories" : 99,
  "duration" : 1024000,
  "activeDuration" : 1024000,
  "steps" : 1711,
  "logType" : "auto_detected",
  "manualValuesSpecified" : {
    "calories" : false,
    "distance" : false,
    "steps" : false
  },
  "lastModified" : "06/01/18 01:12:50",
  "startTime" : "06/01/18 00:44:40",
  "originalStartTime" : "06/01/18 00:44:40",
  "originalDuration" : 1024000,
  "hasGps" : false,
  "shouldFetchDetails" : false
},{
  "logId" : 14621572825,
  "activityName" : "Walk",
  "activityTypeId" : 90013,
  "activityLevel" : [{
    "minutes" : 0,
    "name" : "sedentary"
  },{
    "minutes" : 1,
    "name" : "lightly"
  },{
    "minutes" : 5,
    "name" : "fairly"
  },{
    "minutes" : 41,
    "name" : "very"
  }],
  "calories" : 283,
  "duration" : 2816000,
  "activeDuration" : 2816000,
  "steps" : 4887,
  "logType" : "auto_detected",
  "manualValuesSpecified" : {
    "calories" : false,
    "distance" : false,
    "steps" : false
  },
  "lastModified" : "06/02/18 17:26:54",
  "startTime" : "06/02/18 02:04:27",
  "originalStartTime" : "06/02/18 02:04:27",
  "originalDuration" : 2816000,
  "hasGps" : false,
  "shouldFetchDetails" : false
},{
  "logId" : 14640227362,
  "activityName" : "Walk",
  "activityTypeId" : 90013,
  "activityLevel" : [{
    "minutes" : 0,
    "name" : "sedentary"
  },{
    "minutes" : 6,
    "name" : "lightly"
  },{
    "minutes" : 5,
    "name" : "fairly"
  },{
    "minutes" : 25,
    "name" : "very"
  }],
  "calories" : 189,
  "duration" : 2150000,
  "activeDuration" : 2150000,
  "steps" : 3102,
  "logType" : "auto_detected",
  "manualValuesSpecified" : {
    "calories" : false,
    "distance" : false,
    "steps" : false
  },
  "lastModified" : "06/03/18 17:14:46",
  "startTime" : "06/03/18 08:01:36",
  "originalStartTime" : "06/03/18 08:01:36",
  "originalDuration" : 2150000,
  "hasGps" : false,
  "shouldFetchDetails" : false
},{
  "logId" : 14643085713,
  "activityName" : "Walk",
  "activityTypeId" : 90013,
  "activityLevel" : [{
    "minutes" : 1,
    "name" : "sedentary"
  },{
    "minutes" : 0,
    "name" : "lightly"
  },{
    "minutes" : 3,
    "name" : "fairly"
  },{
    "minutes" : 13,
    "name" : "very"
  }],
  "calories" : 100,
  "duration" : 1025000,
  "activeDuration" : 1025000,
  "steps" : 1721,
  "logType" : "auto_detected",
  "manualValuesSpecified" : {
    "calories" : false,
    "distance" : false,
    "steps" : false
  },
  "lastModified" : "06/03/18 20:17:34",
  "startTime" : "06/03/18 19:45:35",
  "originalStartTime" : "06/03/18 19:45:35",
  "originalDuration" : 1025000,
  "hasGps" : false,
  "shouldFetchDetails" : false
},{
  "logId" : 14645343087,
  "activityName" : "Walk",
  "activityTypeId" : 90013,
  "activityLevel" : [{
    "minutes" : 5,
    "name" : "sedentary"
  },{
    "minutes" : 11,
    "name" : "lightly"
  },{
    "minutes" : 15,
    "name" : "fairly"
  },{
    "minutes" : 48,
    "name" : "very"
  }],
  "calories" : 397,
  "duration" : 4761000,
  "activeDuration" : 4761000,
  "steps" : 6547,
  "logType" : "auto_detected",
  "manualValuesSpecified" : {
    "calories" : false,
    "distance" : false,
    "steps" : false
  },
  "lastModified" : "06/03/18 22:49:50",
  "startTime" : "06/03/18 21:16:03",
  "originalStartTime" : "06/03/18 21:16:03",
  "originalDuration" : 4761000,
  "hasGps" : false,
  "shouldFetchDetails" : false
},{
  "logId" : 14649210230,
  "activityName" : "Walk",
  "activityTypeId" : 90013,
  "activityLevel" : [{
    "minutes" : 0,
    "name" : "sedentary"
  },{
    "minutes" : 0,
    "name" : "lightly"
  },{
    "minutes" : 4,
    "name" : "fairly"
  },{
    "minutes" : 25,
    "name" : "very"
  }],
  "calories" : 173,
  "duration" : 1792000,
  "activeDuration" : 1792000,
  "steps" : 2980,
  "logType" : "auto_detected",
  "manualValuesSpecified" : {
    "calories" : false,
    "distance" : false,
    "steps" : false
  },
  "lastModified" : "06/04/18 04:24:13",
  "startTime" : "06/04/18 03:42:37",
  "originalStartTime" : "06/04/18 03:42:37",
  "originalDuration" : 1792000,
  "hasGps" : false,
  "shouldFetchDetails" : false
},{
  "logId" : 14739196181,
  "activityName" : "Walk",
  "activityTypeId" : 90013,
  "activityLevel" : [{
    "minutes" : 0,
    "name" : "sedentary"
  },{
    "minutes" : 2,
    "name" : "lightly"
  },{
    "minutes" : 2,
    "name" : "fairly"
  },{
    "minutes" : 20,
    "name" : "very"
  }],
  "calories" : 139,
  "duration" : 1434000,
  "activeDuration" : 1434000,
  "steps" : 2375,
  "logType" : "auto_detected",
  "manualValuesSpecified" : {
    "calories" : false,
    "distance" : false,
    "steps" : false
  },
  "lastModified" : "06/07/18 21:32:50",
  "startTime" : "06/06/18 00:28:55",
  "originalStartTime" : "06/06/18 00:28:55",
  "originalDuration" : 1434000,
  "hasGps" : false,
  "shouldFetchDetails" : false
},{
  "logId" : 14739196185,
  "activityName" : "Walk",
  "activityTypeId" : 90013,
  "activityLevel" : [{
    "minutes" : 0,
    "name" : "sedentary"
  },{
    "minutes" : 1,
    "name" : "lightly"
  },{
    "minutes" : 2,
    "name" : "fairly"
  },{
    "minutes" : 19,
    "name" : "very"
  }],
  "calories" : 131,
  "duration" : 1280000,
  "activeDuration" : 1280000,
  "steps" : 2246,
  "logType" : "auto_detected",
  "manualValuesSpecified" : {
    "calories" : false,
    "distance" : false,
    "steps" : false
  },
  "lastModified" : "06/07/18 21:32:50",
  "startTime" : "06/07/18 02:39:54",
  "originalStartTime" : "06/07/18 02:39:54",
  "originalDuration" : 1280000,
  "hasGps" : false,
  "shouldFetchDetails" : false
},{
  "logId" : 14744948885,
  "activityName" : "Walk",
  "activityTypeId" : 90013,
  "activityLevel" : [{
    "minutes" : 0,
    "name" : "sedentary"
  },{
    "minutes" : 4,
    "name" : "lightly"
  },{
    "minutes" : 6,
    "name" : "fairly"
  },{
    "minutes" : 61,
    "name" : "very"
  }],
  "calories" : 424,
  "duration" : 4250000,
  "activeDuration" : 4250000,
  "steps" : 7333,
  "logType" : "auto_detected",
  "manualValuesSpecified" : {
    "calories" : false,
    "distance" : false,
    "steps" : false
  },
  "lastModified" : "06/08/18 04:25:12",
  "startTime" : "06/08/18 02:59:58",
  "originalStartTime" : "06/08/18 02:59:58",
  "originalDuration" : 4250000,
  "hasGps" : false,
  "shouldFetchDetails" : false
},{
  "logId" : 14758006586,
  "activityName" : "Walk",
  "activityTypeId" : 90013,
  "activityLevel" : [{
    "minutes" : 0,
    "name" : "sedentary"
  },{
    "minutes" : 3,
    "name" : "lightly"
  },{
    "minutes" : 3,
    "name" : "fairly"
  },{
    "minutes" : 16,
    "name" : "very"
  }],
  "calories" : 122,
  "duration" : 1331000,
  "activeDuration" : 1331000,
  "steps" : 2039,
  "logType" : "auto_detected",
  "manualValuesSpecified" : {
    "calories" : false,
    "distance" : false,
    "steps" : false
  },
  "lastModified" : "06/08/18 19:48:04",
  "startTime" : "06/08/18 19:10:13",
  "originalStartTime" : "06/08/18 19:10:13",
  "originalDuration" : 1331000,
  "hasGps" : false,
  "shouldFetchDetails" : false
},{
  "logId" : 14796868015,
  "activityName" : "Walk",
  "activityTypeId" : 90013,
  "activityLevel" : [{
    "minutes" : 1,
    "name" : "sedentary"
  },{
    "minutes" : 0,
    "name" : "lightly"
  },{
    "minutes" : 3,
    "name" : "fairly"
  },{
    "minutes" : 12,
    "name" : "very"
  }],
  "calories" : 88,
  "duration" : 973000,
  "activeDuration" : 973000,
  "steps" : 1503,
  "logType" : "auto_detected",
  "manualValuesSpecified" : {
    "calories" : false,
    "distance" : false,
    "steps" : false
  },
  "lastModified" : "06/10/18 20:36:39",
  "startTime" : "06/09/18 20:37:42",
  "originalStartTime" : "06/09/18 20:37:42",
  "originalDuration" : 973000,
  "hasGps" : false,
  "shouldFetchDetails" : false
},{
  "logId" : 14796868017,
  "activityName" : "Walk",
  "activityTypeId" : 90013,
  "activityLevel" : [{
    "minutes" : 1,
    "name" : "sedentary"
  },{
    "minutes" : 3,
    "name" : "lightly"
  },{
    "minutes" : 5,
    "name" : "fairly"
  },{
    "minutes" : 19,
    "name" : "very"
  }],
  "calories" : 147,
  "duration" : 1689000,
  "activeDuration" : 1689000,
  "steps" : 2453,
  "logType" : "auto_detected",
  "manualValuesSpecified" : {
    "calories" : false,
    "distance" : false,
    "steps" : false
  },
  "lastModified" : "06/10/18 20:36:40",
  "startTime" : "06/09/18 21:57:04",
  "originalStartTime" : "06/09/18 21:57:04",
  "originalDuration" : 1689000,
  "hasGps" : false,
  "shouldFetchDetails" : false
},{
  "logId" : 14796868018,
  "activityName" : "Aerobic Workout",
  "activityTypeId" : 3001,
  "activityLevel" : [{
    "minutes" : 0,
    "name" : "sedentary"
  },{
    "minutes" : 5,
    "name" : "lightly"
  },{
    "minutes" : 25,
    "name" : "fairly"
  },{
    "minutes" : 37,
    "name" : "very"
  }],
  "calories" : 362,
  "duration" : 4044000,
  "activeDuration" : 4044000,
  "steps" : 6073,
  "logType" : "auto_detected",
  "manualValuesSpecified" : {
    "calories" : false,
    "distance" : false,
    "steps" : false
  },
  "lastModified" : "06/10/18 20:36:40",
  "startTime" : "06/10/18 05:41:17",
  "originalStartTime" : "06/10/18 05:41:17",
  "originalDuration" : 4044000,
  "hasGps" : false,
  "shouldFetchDetails" : false
},{
  "logId" : 14796868020,
  "activityName" : "Walk",
  "activityTypeId" : 90013,
  "activityLevel" : [{
    "minutes" : 2,
    "name" : "sedentary"
  },{
    "minutes" : 5,
    "name" : "lightly"
  },{
    "minutes" : 13,
    "name" : "fairly"
  },{
    "minutes" : 28,
    "name" : "very"
  }],
  "calories" : 235,
  "duration" : 2918000,
  "activeDuration" : 2918000,
  "steps" : 3867,
  "logType" : "auto_detected",
  "manualValuesSpecified" : {
    "calories" : false,
    "distance" : false,
    "steps" : false
  },
  "lastModified" : "06/10/18 20:36:40",
  "startTime" : "06/10/18 08:36:13",
  "originalStartTime" : "06/10/18 08:36:13",
  "originalDuration" : 2918000,
  "hasGps" : false,
  "shouldFetchDetails" : false
},{
  "logId" : 14799672255,
  "activityName" : "Walk",
  "activityTypeId" : 90013,
  "activityLevel" : [{
    "minutes" : 0,
    "name" : "sedentary"
  },{
    "minutes" : 4,
    "name" : "lightly"
  },{
    "minutes" : 13,
    "name" : "fairly"
  },{
    "minutes" : 19,
    "name" : "very"
  }],
  "calories" : 179,
  "duration" : 2151000,
  "activeDuration" : 2151000,
  "steps" : 2935,
  "logType" : "auto_detected",
  "manualValuesSpecified" : {
    "calories" : false,
    "distance" : false,
    "steps" : false
  },
  "lastModified" : "06/10/18 23:23:41",
  "startTime" : "06/10/18 22:39:18",
  "originalStartTime" : "06/10/18 22:39:18",
  "originalDuration" : 2151000,
  "hasGps" : false,
  "shouldFetchDetails" : false
},{
  "logId" : 14851048034,
  "activityName" : "Walk",
  "activityTypeId" : 90013,
  "activityLevel" : [{
    "minutes" : 0,
    "name" : "sedentary"
  },{
    "minutes" : 2,
    "name" : "lightly"
  },{
    "minutes" : 2,
    "name" : "fairly"
  },{
    "minutes" : 37,
    "name" : "very"
  }],
  "calories" : 252,
  "duration" : 2406000,
  "activeDuration" : 2406000,
  "steps" : 4370,
  "logType" : "auto_detected",
  "manualValuesSpecified" : {
    "calories" : false,
    "distance" : false,
    "steps" : false
  },
  "lastModified" : "06/13/18 03:33:06",
  "startTime" : "06/13/18 02:45:57",
  "originalStartTime" : "06/13/18 02:45:57",
  "originalDuration" : 2406000,
  "hasGps" : false,
  "shouldFetchDetails" : false
},{
  "logId" : 14867894110,
  "activityName" : "Walk",
  "activityTypeId" : 90013,
  "activityLevel" : [{
    "minutes" : 3,
    "name" : "sedentary"
  },{
    "minutes" : 10,
    "name" : "lightly"
  },{
    "minutes" : 0,
    "name" : "fairly"
  },{
    "minutes" : 4,
    "name" : "very"
  }],
  "calories" : 76,
  "duration" : 1023000,
  "activeDuration" : 1023000,
  "steps" : 1202,
  "logType" : "auto_detected",
  "manualValuesSpecified" : {
    "calories" : false,
    "distance" : false,
    "steps" : false
  },
  "lastModified" : "06/13/18 19:14:50",
  "startTime" : "06/13/18 18:49:22",
  "originalStartTime" : "06/13/18 18:49:22",
  "originalDuration" : 1023000,
  "hasGps" : false,
  "shouldFetchDetails" : false
},{
  "logId" : 14875152206,
  "activityName" : "Walk",
  "activityTypeId" : 90013,
  "activityLevel" : [{
    "minutes" : 0,
    "name" : "sedentary"
  },{
    "minutes" : 2,
    "name" : "lightly"
  },{
    "minutes" : 3,
    "name" : "fairly"
  },{
    "minutes" : 42,
    "name" : "very"
  }],
  "calories" : 284,
  "duration" : 2816000,
  "activeDuration" : 2816000,
  "steps" : 4929,
  "logType" : "auto_detected",
  "manualValuesSpecified" : {
    "calories" : false,
    "distance" : false,
    "steps" : false
  },
  "lastModified" : "06/14/18 03:46:57",
  "startTime" : "06/14/18 02:48:56",
  "originalStartTime" : "06/14/18 02:48:56",
  "originalDuration" : 2816000,
  "hasGps" : false,
  "shouldFetchDetails" : false
},{
  "logId" : 14895505985,
  "activityName" : "Elliptical",
  "activityTypeId" : 20047,
  "activityLevel" : [{
    "minutes" : 0,
    "name" : "sedentary"
  },{
    "minutes" : 1,
    "name" : "lightly"
  },{
    "minutes" : 1,
    "name" : "fairly"
  },{
    "minutes" : 23,
    "name" : "very"
  }],
  "calories" : 161,
  "duration" : 1536000,
  "activeDuration" : 1536000,
  "steps" : 2804,
  "logType" : "auto_detected",
  "manualValuesSpecified" : {
    "calories" : false,
    "distance" : false,
    "steps" : false
  },
  "lastModified" : "06/15/18 00:20:14",
  "startTime" : "06/14/18 23:51:01",
  "originalStartTime" : "06/14/18 23:51:01",
  "originalDuration" : 1536000,
  "hasGps" : false,
  "shouldFetchDetails" : false
},{
  "logId" : 14899029155,
  "activityName" : "Walk",
  "activityTypeId" : 90013,
  "activityLevel" : [{
    "minutes" : 0,
    "name" : "sedentary"
  },{
    "minutes" : 0,
    "name" : "lightly"
  },{
    "minutes" : 2,
    "name" : "fairly"
  },{
    "minutes" : 33,
    "name" : "very"
  }],
  "calories" : 218,
  "duration" : 2151000,
  "activeDuration" : 2151000,
  "steps" : 3807,
  "logType" : "auto_detected",
  "manualValuesSpecified" : {
    "calories" : false,
    "distance" : false,
    "steps" : false
  },
  "lastModified" : "06/15/18 03:39:03",
  "startTime" : "06/15/18 02:45:57",
  "originalStartTime" : "06/15/18 02:45:57",
  "originalDuration" : 2151000,
  "hasGps" : false,
  "shouldFetchDetails" : false
},{
  "logId" : 14937015228,
  "activityName" : "Walk",
  "activityTypeId" : 90013,
  "activityLevel" : [{
    "minutes" : 6,
    "name" : "sedentary"
  },{
    "minutes" : 5,
    "name" : "lightly"
  },{
    "minutes" : 18,
    "name" : "fairly"
  },{
    "minutes" : 54,
    "name" : "very"
  }],
  "calories" : 427,
  "duration" : 5017000,
  "activeDuration" : 5017000,
  "steps" : 7118,
  "logType" : "auto_detected",
  "manualValuesSpecified" : {
    "calories" : false,
    "distance" : false,
    "steps" : false
  },
  "lastModified" : "06/17/18 01:46:44",
  "startTime" : "06/15/18 23:31:50",
  "originalStartTime" : "06/15/18 23:31:50",
  "originalDuration" : 5017000,
  "hasGps" : false,
  "shouldFetchDetails" : false
},{
  "logId" : 14937015229,
  "activityName" : "Walk",
  "activityTypeId" : 90013,
  "activityLevel" : [{
    "minutes" : 0,
    "name" : "sedentary"
  },{
    "minutes" : 2,
    "name" : "lightly"
  },{
    "minutes" : 4,
    "name" : "fairly"
  },{
    "minutes" : 19,
    "name" : "very"
  }],
  "calories" : 137,
  "duration" : 1485000,
  "activeDuration" : 1485000,
  "steps" : 2270,
  "logType" : "auto_detected",
  "manualValuesSpecified" : {
    "calories" : false,
    "distance" : false,
    "steps" : false
  },
  "lastModified" : "06/17/18 01:46:44",
  "startTime" : "06/16/18 01:52:38",
  "originalStartTime" : "06/16/18 01:52:38",
  "originalDuration" : 1485000,
  "hasGps" : false,
  "shouldFetchDetails" : false
},{
  "logId" : 14937015230,
  "activityName" : "Walk",
  "activityTypeId" : 90013,
  "activityLevel" : [{
    "minutes" : 0,
    "name" : "sedentary"
  },{
    "minutes" : 10,
    "name" : "lightly"
  },{
    "minutes" : 2,
    "name" : "fairly"
  },{
    "minutes" : 24,
    "name" : "very"
  }],
  "calories" : 201,
  "duration" : 2201000,
  "activeDuration" : 2201000,
  "steps" : 3392,
  "logType" : "auto_detected",
  "manualValuesSpecified" : {
    "calories" : false,
    "distance" : false,
    "steps" : false
  },
  "lastModified" : "06/17/18 01:46:44",
  "startTime" : "06/16/18 02:43:50",
  "originalStartTime" : "06/16/18 02:43:50",
  "originalDuration" : 2201000,
  "hasGps" : false,
  "shouldFetchDetails" : false
},{
  "logId" : 14937015231,
  "activityName" : "Walk",
  "activityTypeId" : 90013,
  "activityLevel" : [{
    "minutes" : 3,
    "name" : "sedentary"
  },{
    "minutes" : 3,
    "name" : "lightly"
  },{
    "minutes" : 5,
    "name" : "fairly"
  },{
    "minutes" : 19,
    "name" : "very"
  }],
  "calories" : 147,
  "duration" : 1843000,
  "activeDuration" : 1843000,
  "steps" : 2379,
  "logType" : "auto_detected",
  "manualValuesSpecified" : {
    "calories" : false,
    "distance" : false,
    "steps" : false
  },
  "lastModified" : "06/17/18 01:46:44",
  "startTime" : "06/16/18 05:35:21",
  "originalStartTime" : "06/16/18 05:35:21",
  "originalDuration" : 1843000,
  "hasGps" : false,
  "shouldFetchDetails" : false
},{
  "logId" : 14937015237,
  "activityName" : "Walk",
  "activityTypeId" : 90013,
  "activityLevel" : [{
    "minutes" : 0,
    "name" : "sedentary"
  },{
    "minutes" : 3,
    "name" : "lightly"
  },{
    "minutes" : 10,
    "name" : "fairly"
  },{
    "minutes" : 16,
    "name" : "very"
  }],
  "calories" : 144,
  "duration" : 1792000,
  "activeDuration" : 1792000,
  "steps" : 2357,
  "logType" : "auto_detected",
  "manualValuesSpecified" : {
    "calories" : false,
    "distance" : false,
    "steps" : false
  },
  "lastModified" : "06/17/18 01:46:44",
  "startTime" : "06/16/18 19:57:13",
  "originalStartTime" : "06/16/18 19:57:13",
  "originalDuration" : 1792000,
  "hasGps" : false,
  "shouldFetchDetails" : false
},{
  "logId" : 14937015238,
  "activityName" : "Walk",
  "activityTypeId" : 90013,
  "activityLevel" : [{
    "minutes" : 0,
    "name" : "sedentary"
  },{
    "minutes" : 1,
    "name" : "lightly"
  },{
    "minutes" : 5,
    "name" : "fairly"
  },{
    "minutes" : 24,
    "name" : "very"
  }],
  "calories" : 169,
  "duration" : 1843000,
  "activeDuration" : 1843000,
  "steps" : 2849,
  "logType" : "auto_detected",
  "manualValuesSpecified" : {
    "calories" : false,
    "distance" : false,
    "steps" : false
  },
  "lastModified" : "06/17/18 01:46:44",
  "startTime" : "06/16/18 21:29:23",
  "originalStartTime" : "06/16/18 21:29:23",
  "originalDuration" : 1843000,
  "hasGps" : false,
  "shouldFetchDetails" : false
},{
  "logId" : 14937287451,
  "activityName" : "Walk",
  "activityTypeId" : 90013,
  "activityLevel" : [{
    "minutes" : 0,
    "name" : "sedentary"
  },{
    "minutes" : 2,
    "name" : "lightly"
  },{
    "minutes" : 6,
    "name" : "fairly"
  },{
    "minutes" : 8,
    "name" : "very"
  }],
  "calories" : 78,
  "duration" : 974000,
  "activeDuration" : 974000,
  "steps" : 1235,
  "logType" : "auto_detected",
  "manualValuesSpecified" : {
    "calories" : false,
    "distance" : false,
    "steps" : false
  },
  "lastModified" : "06/17/18 02:17:12",
  "startTime" : "06/17/18 01:53:54",
  "originalStartTime" : "06/17/18 01:53:54",
  "originalDuration" : 974000,
  "hasGps" : false,
  "shouldFetchDetails" : false
},{
  "logId" : 14938508587,
  "activityName" : "Walk",
  "activityTypeId" : 90013,
  "activityLevel" : [{
    "minutes" : 0,
    "name" : "sedentary"
  },{
    "minutes" : 1,
    "name" : "lightly"
  },{
    "minutes" : 2,
    "name" : "fairly"
  },{
    "minutes" : 18,
    "name" : "very"
  }],
  "calories" : 123,
  "duration" : 1280000,
  "activeDuration" : 1280000,
  "steps" : 2101,
  "logType" : "auto_detected",
  "manualValuesSpecified" : {
    "calories" : false,
    "distance" : false,
    "steps" : false
  },
  "lastModified" : "06/17/18 04:18:38",
  "startTime" : "06/17/18 03:54:14",
  "originalStartTime" : "06/17/18 03:54:14",
  "originalDuration" : 1280000,
  "hasGps" : false,
  "shouldFetchDetails" : false
},{
  "logId" : 14950910798,
  "activityName" : "Walk",
  "activityTypeId" : 90013,
  "activityLevel" : [{
    "minutes" : 2,
    "name" : "sedentary"
  },{
    "minutes" : 3,
    "name" : "lightly"
  },{
    "minutes" : 8,
    "name" : "fairly"
  },{
    "minutes" : 26,
    "name" : "very"
  }],
  "calories" : 190,
  "duration" : 2356000,
  "activeDuration" : 2356000,
  "steps" : 3128,
  "logType" : "auto_detected",
  "manualValuesSpecified" : {
    "calories" : false,
    "distance" : false,
    "steps" : false
  },
  "lastModified" : "06/17/18 21:22:08",
  "startTime" : "06/17/18 17:28:19",
  "originalStartTime" : "06/17/18 17:28:19",
  "originalDuration" : 2356000,
  "hasGps" : false,
  "shouldFetchDetails" : false
},{
  "logId" : 14977103033,
  "activityName" : "Walk",
  "activityTypeId" : 90013,
  "activityLevel" : [{
    "minutes" : 0,
    "name" : "sedentary"
  },{
    "minutes" : 2,
    "name" : "lightly"
  },{
    "minutes" : 4,
    "name" : "fairly"
  },{
    "minutes" : 17,
    "name" : "very"
  }],
  "calories" : 130,
  "duration" : 1433000,
  "activeDuration" : 1433000,
  "steps" : 2188,
  "logType" : "auto_detected",
  "manualValuesSpecified" : {
    "calories" : false,
    "distance" : false,
    "steps" : false
  },
  "lastModified" : "06/19/18 00:39:04",
  "startTime" : "06/18/18 23:59:35",
  "originalStartTime" : "06/18/18 23:59:35",
  "originalDuration" : 1433000,
  "hasGps" : false,
  "shouldFetchDetails" : false
}]