[{
  "logId" : 19322222078,
  "activityName" : "Walk",
  "activityTypeId" : 90013,
  "activityLevel" : [{
    "minutes" : 10,
    "name" : "sedentary"
  },{
    "minutes" : 3,
    "name" : "lightly"
  },{
    "minutes" : 19,
    "name" : "fairly"
  },{
    "minutes" : 28,
    "name" : "very"
  }],
  "averageHeartRate" : 98,
  "calories" : 259,
  "duration" : 3635000,
  "activeDuration" : 3635000,
  "steps" : 5199,
  "logType" : "auto_detected",
  "manualValuesSpecified" : {
    "calories" : false,
    "distance" : false,
    "steps" : false
  },
  "heartRateZones" : [{
    "name" : "Out of Range",
    "min" : 30,
    "max" : 99,
    "minutes" : 26
  },{
    "name" : "Fat Burn",
    "min" : 99,
    "max" : 139,
    "minutes" : 35
  },{
    "name" : "Cardio",
    "min" : 139,
    "max" : 169,
    "minutes" : 0
  },{
    "name" : "Peak",
    "min" : 169,
    "max" : 220,
    "minutes" : 0
  }],
  "lastModified" : "01/18/19 23:20:21",
  "startTime" : "01/18/19 00:44:28",
  "originalStartTime" : "01/18/19 00:44:28",
  "originalDuration" : 3635000,
  "hasGps" : false,
  "shouldFetchDetails" : false
},{
  "logId" : 19322222080,
  "activityName" : "Walk",
  "activityTypeId" : 90013,
  "activityLevel" : [{
    "minutes" : 0,
    "name" : "sedentary"
  },{
    "minutes" : 1,
    "name" : "lightly"
  },{
    "minutes" : 15,
    "name" : "fairly"
  },{
    "minutes" : 4,
    "name" : "very"
  }],
  "averageHeartRate" : 105,
  "calories" : 98,
  "duration" : 1178000,
  "activeDuration" : 1178000,
  "steps" : 2065,
  "logType" : "auto_detected",
  "manualValuesSpecified" : {
    "calories" : false,
    "distance" : false,
    "steps" : false
  },
  "heartRateZones" : [{
    "name" : "Out of Range",
    "min" : 30,
    "max" : 99,
    "minutes" : 1
  },{
    "name" : "Fat Burn",
    "min" : 99,
    "max" : 139,
    "minutes" : 19
  },{
    "name" : "Cardio",
    "min" : 139,
    "max" : 169,
    "minutes" : 0
  },{
    "name" : "Peak",
    "min" : 169,
    "max" : 220,
    "minutes" : 0
  }],
  "lastModified" : "01/18/19 23:20:21",
  "startTime" : "01/18/19 16:12:54",
  "originalStartTime" : "01/18/19 16:12:54",
  "originalDuration" : 1178000,
  "hasGps" : false,
  "shouldFetchDetails" : false
},{
  "logId" : 19322622179,
  "activityName" : "Walk",
  "activityTypeId" : 90013,
  "activityLevel" : [{
    "minutes" : 1,
    "name" : "sedentary"
  },{
    "minutes" : 1,
    "name" : "lightly"
  },{
    "minutes" : 9,
    "name" : "fairly"
  },{
    "minutes" : 6,
    "name" : "very"
  }],
  "averageHeartRate" : 97,
  "calories" : 81,
  "duration" : 1026000,
  "activeDuration" : 1026000,
  "steps" : 1691,
  "logType" : "auto_detected",
  "manualValuesSpecified" : {
    "calories" : false,
    "distance" : false,
    "steps" : false
  },
  "heartRateZones" : [{
    "name" : "Out of Range",
    "min" : 30,
    "max" : 99,
    "minutes" : 12
  },{
    "name" : "Fat Burn",
    "min" : 99,
    "max" : 139,
    "minutes" : 5
  },{
    "name" : "Cardio",
    "min" : 139,
    "max" : 169,
    "minutes" : 0
  },{
    "name" : "Peak",
    "min" : 169,
    "max" : 220,
    "minutes" : 0
  }],
  "lastModified" : "01/18/19 23:50:52",
  "startTime" : "01/18/19 23:21:14",
  "originalStartTime" : "01/18/19 23:21:14",
  "originalDuration" : 1026000,
  "hasGps" : false,
  "shouldFetchDetails" : false
},{
  "logId" : 19340947833,
  "activityName" : "Walk",
  "activityTypeId" : 90013,
  "activityLevel" : [{
    "minutes" : 0,
    "name" : "sedentary"
  },{
    "minutes" : 3,
    "name" : "lightly"
  },{
    "minutes" : 21,
    "name" : "fairly"
  },{
    "minutes" : 28,
    "name" : "very"
  }],
  "averageHeartRate" : 102,
  "calories" : 260,
  "duration" : 3123000,
  "activeDuration" : 3123000,
  "steps" : 5480,
  "logType" : "auto_detected",
  "manualValuesSpecified" : {
    "calories" : false,
    "distance" : false,
    "steps" : false
  },
  "heartRateZones" : [{
    "name" : "Out of Range",
    "min" : 30,
    "max" : 99,
    "minutes" : 19
  },{
    "name" : "Fat Burn",
    "min" : 99,
    "max" : 139,
    "minutes" : 33
  },{
    "name" : "Cardio",
    "min" : 139,
    "max" : 169,
    "minutes" : 0
  },{
    "name" : "Peak",
    "min" : 169,
    "max" : 220,
    "minutes" : 0
  }],
  "lastModified" : "01/19/19 22:36:42",
  "startTime" : "01/19/19 21:36:45",
  "originalStartTime" : "01/19/19 21:36:45",
  "originalDuration" : 3123000,
  "hasGps" : false,
  "shouldFetchDetails" : false
},{
  "logId" : 19372824854,
  "activityName" : "Elliptical",
  "activityTypeId" : 20047,
  "activityLevel" : [{
    "minutes" : 0,
    "name" : "sedentary"
  },{
    "minutes" : 0,
    "name" : "lightly"
  },{
    "minutes" : 0,
    "name" : "fairly"
  },{
    "minutes" : 33,
    "name" : "very"
  }],
  "averageHeartRate" : 144,
  "calories" : 238,
  "duration" : 1946000,
  "activeDuration" : 1946000,
  "steps" : 3769,
  "logType" : "auto_detected",
  "manualValuesSpecified" : {
    "calories" : false,
    "distance" : false,
    "steps" : false
  },
  "heartRateZones" : [{
    "name" : "Out of Range",
    "min" : 30,
    "max" : 99,
    "minutes" : 0
  },{
    "name" : "Fat Burn",
    "min" : 99,
    "max" : 139,
    "minutes" : 10
  },{
    "name" : "Cardio",
    "min" : 139,
    "max" : 169,
    "minutes" : 19
  },{
    "name" : "Peak",
    "min" : 169,
    "max" : 220,
    "minutes" : 2
  }],
  "lastModified" : "01/21/19 18:04:30",
  "startTime" : "01/20/19 21:16:43",
  "originalStartTime" : "01/20/19 21:16:43",
  "originalDuration" : 1946000,
  "hasGps" : false,
  "shouldFetchDetails" : false
},{
  "logId" : 19372824856,
  "activityName" : "Walk",
  "activityTypeId" : 90013,
  "activityLevel" : [{
    "minutes" : 0,
    "name" : "sedentary"
  },{
    "minutes" : 3,
    "name" : "lightly"
  },{
    "minutes" : 2,
    "name" : "fairly"
  },{
    "minutes" : 10,
    "name" : "very"
  }],
  "averageHeartRate" : 112,
  "calories" : 75,
  "duration" : 921000,
  "activeDuration" : 921000,
  "steps" : 1377,
  "logType" : "auto_detected",
  "manualValuesSpecified" : {
    "calories" : false,
    "distance" : false,
    "steps" : false
  },
  "heartRateZones" : [{
    "name" : "Out of Range",
    "min" : 30,
    "max" : 99,
    "minutes" : 6
  },{
    "name" : "Fat Burn",
    "min" : 99,
    "max" : 139,
    "minutes" : 8
  },{
    "name" : "Cardio",
    "min" : 139,
    "max" : 169,
    "minutes" : 1
  },{
    "name" : "Peak",
    "min" : 169,
    "max" : 220,
    "minutes" : 0
  }],
  "lastModified" : "01/21/19 18:04:30",
  "startTime" : "01/20/19 21:49:09",
  "originalStartTime" : "01/20/19 21:49:09",
  "originalDuration" : 921000,
  "hasGps" : false,
  "shouldFetchDetails" : false
},{
  "logId" : 19380420627,
  "activityName" : "Walk",
  "activityTypeId" : 90013,
  "activityLevel" : [{
    "minutes" : 0,
    "name" : "sedentary"
  },{
    "minutes" : 10,
    "name" : "lightly"
  },{
    "minutes" : 7,
    "name" : "fairly"
  },{
    "minutes" : 26,
    "name" : "very"
  }],
  "averageHeartRate" : 91,
  "calories" : 212,
  "duration" : 2611000,
  "activeDuration" : 2611000,
  "steps" : 4226,
  "logType" : "auto_detected",
  "manualValuesSpecified" : {
    "calories" : false,
    "distance" : false,
    "steps" : false
  },
  "heartRateZones" : [{
    "name" : "Out of Range",
    "min" : 30,
    "max" : 99,
    "minutes" : 34
  },{
    "name" : "Fat Burn",
    "min" : 99,
    "max" : 139,
    "minutes" : 10
  },{
    "name" : "Cardio",
    "min" : 139,
    "max" : 169,
    "minutes" : 0
  },{
    "name" : "Peak",
    "min" : 169,
    "max" : 220,
    "minutes" : 0
  }],
  "lastModified" : "01/21/19 23:58:16",
  "startTime" : "01/21/19 23:02:58",
  "originalStartTime" : "01/21/19 23:02:58",
  "originalDuration" : 2611000,
  "hasGps" : false,
  "shouldFetchDetails" : false
},{
  "logId" : 19437333671,
  "activityName" : "Walk",
  "activityTypeId" : 90013,
  "activityLevel" : [{
    "minutes" : 0,
    "name" : "sedentary"
  },{
    "minutes" : 0,
    "name" : "lightly"
  },{
    "minutes" : 2,
    "name" : "fairly"
  },{
    "minutes" : 16,
    "name" : "very"
  }],
  "averageHeartRate" : 132,
  "calories" : 114,
  "duration" : 1076000,
  "activeDuration" : 1076000,
  "steps" : 1910,
  "logType" : "auto_detected",
  "manualValuesSpecified" : {
    "calories" : false,
    "distance" : false,
    "steps" : false
  },
  "heartRateZones" : [{
    "name" : "Out of Range",
    "min" : 30,
    "max" : 99,
    "minutes" : 1
  },{
    "name" : "Fat Burn",
    "min" : 99,
    "max" : 139,
    "minutes" : 6
  },{
    "name" : "Cardio",
    "min" : 139,
    "max" : 169,
    "minutes" : 11
  },{
    "name" : "Peak",
    "min" : 169,
    "max" : 220,
    "minutes" : 0
  }],
  "lastModified" : "01/24/19 15:09:22",
  "startTime" : "01/22/19 18:29:28",
  "originalStartTime" : "01/22/19 18:29:28",
  "originalDuration" : 1076000,
  "hasGps" : false,
  "shouldFetchDetails" : false
},{
  "logId" : 19437333682,
  "activityName" : "Walk",
  "activityTypeId" : 90013,
  "activityLevel" : [{
    "minutes" : 1,
    "name" : "sedentary"
  },{
    "minutes" : 3,
    "name" : "lightly"
  },{
    "minutes" : 5,
    "name" : "fairly"
  },{
    "minutes" : 12,
    "name" : "very"
  }],
  "averageHeartRate" : 106,
  "calories" : 100,
  "duration" : 1280000,
  "activeDuration" : 1280000,
  "steps" : 1938,
  "logType" : "auto_detected",
  "manualValuesSpecified" : {
    "calories" : false,
    "distance" : false,
    "steps" : false
  },
  "heartRateZones" : [{
    "name" : "Out of Range",
    "min" : 30,
    "max" : 99,
    "minutes" : 7
  },{
    "name" : "Fat Burn",
    "min" : 99,
    "max" : 139,
    "minutes" : 13
  },{
    "name" : "Cardio",
    "min" : 139,
    "max" : 169,
    "minutes" : 0
  },{
    "name" : "Peak",
    "min" : 169,
    "max" : 220,
    "minutes" : 0
  }],
  "lastModified" : "01/24/19 15:09:22",
  "startTime" : "01/23/19 17:18:13",
  "originalStartTime" : "01/23/19 17:18:13",
  "originalDuration" : 1280000,
  "hasGps" : false,
  "shouldFetchDetails" : false
},{
  "logId" : 19437333689,
  "activityName" : "Walk",
  "activityTypeId" : 90013,
  "activityLevel" : [{
    "minutes" : 0,
    "name" : "sedentary"
  },{
    "minutes" : 2,
    "name" : "lightly"
  },{
    "minutes" : 16,
    "name" : "fairly"
  },{
    "minutes" : 1,
    "name" : "very"
  }],
  "averageHeartRate" : 102,
  "calories" : 91,
  "duration" : 1127000,
  "activeDuration" : 1127000,
  "steps" : 1917,
  "logType" : "auto_detected",
  "manualValuesSpecified" : {
    "calories" : false,
    "distance" : false,
    "steps" : false
  },
  "heartRateZones" : [{
    "name" : "Out of Range",
    "min" : 30,
    "max" : 99,
    "minutes" : 5
  },{
    "name" : "Fat Burn",
    "min" : 99,
    "max" : 139,
    "minutes" : 14
  },{
    "name" : "Cardio",
    "min" : 139,
    "max" : 169,
    "minutes" : 0
  },{
    "name" : "Peak",
    "min" : 169,
    "max" : 220,
    "minutes" : 0
  }],
  "lastModified" : "01/24/19 15:09:23",
  "startTime" : "01/24/19 00:41:57",
  "originalStartTime" : "01/24/19 00:41:57",
  "originalDuration" : 1127000,
  "hasGps" : false,
  "shouldFetchDetails" : false
},{
  "logId" : 19437333690,
  "activityName" : "Walk",
  "activityTypeId" : 90013,
  "activityLevel" : [{
    "minutes" : 3,
    "name" : "sedentary"
  },{
    "minutes" : 18,
    "name" : "lightly"
  },{
    "minutes" : 0,
    "name" : "fairly"
  },{
    "minutes" : 0,
    "name" : "very"
  }],
  "averageHeartRate" : 103,
  "calories" : 96,
  "duration" : 1280000,
  "activeDuration" : 1280000,
  "steps" : 1981,
  "logType" : "auto_detected",
  "manualValuesSpecified" : {
    "calories" : false,
    "distance" : false,
    "steps" : false
  },
  "heartRateZones" : [{
    "name" : "Out of Range",
    "min" : 30,
    "max" : 99,
    "minutes" : 6
  },{
    "name" : "Fat Burn",
    "min" : 99,
    "max" : 139,
    "minutes" : 16
  },{
    "name" : "Cardio",
    "min" : 139,
    "max" : 169,
    "minutes" : 0
  },{
    "name" : "Peak",
    "min" : 169,
    "max" : 220,
    "minutes" : 0
  }],
  "lastModified" : "01/24/19 15:09:23",
  "startTime" : "01/24/19 03:13:51",
  "originalStartTime" : "01/24/19 03:13:51",
  "originalDuration" : 1280000,
  "hasGps" : false,
  "shouldFetchDetails" : false
},{
  "logId" : 19442769351,
  "activityName" : "Walk",
  "activityTypeId" : 90013,
  "activityLevel" : [{
    "minutes" : 1,
    "name" : "sedentary"
  },{
    "minutes" : 0,
    "name" : "lightly"
  },{
    "minutes" : 9,
    "name" : "fairly"
  },{
    "minutes" : 14,
    "name" : "very"
  }],
  "averageHeartRate" : 97,
  "calories" : 119,
  "duration" : 1485000,
  "activeDuration" : 1485000,
  "steps" : 2477,
  "logType" : "auto_detected",
  "manualValuesSpecified" : {
    "calories" : false,
    "distance" : false,
    "steps" : false
  },
  "heartRateZones" : [{
    "name" : "Out of Range",
    "min" : 30,
    "max" : 99,
    "minutes" : 12
  },{
    "name" : "Fat Burn",
    "min" : 99,
    "max" : 139,
    "minutes" : 13
  },{
    "name" : "Cardio",
    "min" : 139,
    "max" : 169,
    "minutes" : 0
  },{
    "name" : "Peak",
    "min" : 169,
    "max" : 220,
    "minutes" : 0
  }],
  "lastModified" : "01/24/19 19:02:57",
  "startTime" : "01/24/19 18:30:20",
  "originalStartTime" : "01/24/19 18:30:20",
  "originalDuration" : 1485000,
  "hasGps" : false,
  "shouldFetchDetails" : false
},{
  "logId" : 19466194323,
  "activityName" : "Walk",
  "activityTypeId" : 90013,
  "activityLevel" : [{
    "minutes" : 1,
    "name" : "sedentary"
  },{
    "minutes" : 6,
    "name" : "lightly"
  },{
    "minutes" : 8,
    "name" : "fairly"
  },{
    "minutes" : 7,
    "name" : "very"
  }],
  "averageHeartRate" : 96,
  "calories" : 94,
  "duration" : 1331000,
  "activeDuration" : 1331000,
  "steps" : 1794,
  "logType" : "auto_detected",
  "manualValuesSpecified" : {
    "calories" : false,
    "distance" : false,
    "steps" : false
  },
  "heartRateZones" : [{
    "name" : "Out of Range",
    "min" : 30,
    "max" : 99,
    "minutes" : 14
  },{
    "name" : "Fat Burn",
    "min" : 99,
    "max" : 139,
    "minutes" : 8
  },{
    "name" : "Cardio",
    "min" : 139,
    "max" : 169,
    "minutes" : 0
  },{
    "name" : "Peak",
    "min" : 169,
    "max" : 220,
    "minutes" : 0
  }],
  "lastModified" : "01/25/19 17:15:23",
  "startTime" : "01/24/19 21:44:03",
  "originalStartTime" : "01/24/19 21:44:03",
  "originalDuration" : 1331000,
  "hasGps" : false,
  "shouldFetchDetails" : false
},{
  "logId" : 19466194328,
  "activityName" : "Walk",
  "activityTypeId" : 90013,
  "activityLevel" : [{
    "minutes" : 5,
    "name" : "sedentary"
  },{
    "minutes" : 18,
    "name" : "lightly"
  },{
    "minutes" : 20,
    "name" : "fairly"
  },{
    "minutes" : 15,
    "name" : "very"
  }],
  "averageHeartRate" : 106,
  "calories" : 240,
  "duration" : 3482000,
  "activeDuration" : 3482000,
  "steps" : 4038,
  "logType" : "auto_detected",
  "manualValuesSpecified" : {
    "calories" : false,
    "distance" : false,
    "steps" : false
  },
  "heartRateZones" : [{
    "name" : "Out of Range",
    "min" : 30,
    "max" : 99,
    "minutes" : 11
  },{
    "name" : "Fat Burn",
    "min" : 99,
    "max" : 139,
    "minutes" : 47
  },{
    "name" : "Cardio",
    "min" : 139,
    "max" : 169,
    "minutes" : 0
  },{
    "name" : "Peak",
    "min" : 169,
    "max" : 220,
    "minutes" : 0
  }],
  "lastModified" : "01/25/19 17:15:23",
  "startTime" : "01/25/19 07:26:01",
  "originalStartTime" : "01/25/19 07:26:01",
  "originalDuration" : 3482000,
  "hasGps" : false,
  "shouldFetchDetails" : false
},{
  "logId" : 19467182863,
  "activityName" : "Walk",
  "activityTypeId" : 90013,
  "activityLevel" : [{
    "minutes" : 1,
    "name" : "sedentary"
  },{
    "minutes" : 3,
    "name" : "lightly"
  },{
    "minutes" : 7,
    "name" : "fairly"
  },{
    "minutes" : 9,
    "name" : "very"
  }],
  "averageHeartRate" : 108,
  "calories" : 93,
  "duration" : 1229000,
  "activeDuration" : 1229000,
  "steps" : 1794,
  "logType" : "auto_detected",
  "manualValuesSpecified" : {
    "calories" : false,
    "distance" : false,
    "steps" : false
  },
  "heartRateZones" : [{
    "name" : "Out of Range",
    "min" : 30,
    "max" : 99,
    "minutes" : 4
  },{
    "name" : "Fat Burn",
    "min" : 99,
    "max" : 139,
    "minutes" : 16
  },{
    "name" : "Cardio",
    "min" : 139,
    "max" : 169,
    "minutes" : 0
  },{
    "name" : "Peak",
    "min" : 169,
    "max" : 220,
    "minutes" : 0
  }],
  "lastModified" : "01/25/19 18:01:15",
  "startTime" : "01/25/19 17:25:04",
  "originalStartTime" : "01/25/19 17:25:04",
  "originalDuration" : 1229000,
  "hasGps" : false,
  "shouldFetchDetails" : false
},{
  "logId" : 19470070326,
  "activityName" : "Walk",
  "activityTypeId" : 90013,
  "activityLevel" : [{
    "minutes" : 0,
    "name" : "sedentary"
  },{
    "minutes" : 3,
    "name" : "lightly"
  },{
    "minutes" : 22,
    "name" : "fairly"
  },{
    "minutes" : 6,
    "name" : "very"
  }],
  "averageHeartRate" : 98,
  "calories" : 150,
  "duration" : 1894000,
  "activeDuration" : 1894000,
  "steps" : 3050,
  "logType" : "auto_detected",
  "manualValuesSpecified" : {
    "calories" : false,
    "distance" : false,
    "steps" : false
  },
  "heartRateZones" : [{
    "name" : "Out of Range",
    "min" : 30,
    "max" : 99,
    "minutes" : 17
  },{
    "name" : "Fat Burn",
    "min" : 99,
    "max" : 139,
    "minutes" : 15
  },{
    "name" : "Cardio",
    "min" : 139,
    "max" : 169,
    "minutes" : 0
  },{
    "name" : "Peak",
    "min" : 169,
    "max" : 220,
    "minutes" : 0
  }],
  "lastModified" : "01/25/19 20:51:18",
  "startTime" : "01/25/19 20:03:48",
  "originalStartTime" : "01/25/19 20:03:48",
  "originalDuration" : 1894000,
  "hasGps" : false,
  "shouldFetchDetails" : false
},{
  "logId" : 19473064760,
  "activityName" : "Walk",
  "activityTypeId" : 90013,
  "activityLevel" : [{
    "minutes" : 0,
    "name" : "sedentary"
  },{
    "minutes" : 1,
    "name" : "lightly"
  },{
    "minutes" : 5,
    "name" : "fairly"
  },{
    "minutes" : 12,
    "name" : "very"
  }],
  "averageHeartRate" : 105,
  "calories" : 91,
  "duration" : 1075000,
  "activeDuration" : 1075000,
  "steps" : 1860,
  "logType" : "auto_detected",
  "manualValuesSpecified" : {
    "calories" : false,
    "distance" : false,
    "steps" : false
  },
  "heartRateZones" : [{
    "name" : "Out of Range",
    "min" : 30,
    "max" : 99,
    "minutes" : 4
  },{
    "name" : "Fat Burn",
    "min" : 99,
    "max" : 139,
    "minutes" : 14
  },{
    "name" : "Cardio",
    "min" : 139,
    "max" : 169,
    "minutes" : 0
  },{
    "name" : "Peak",
    "min" : 169,
    "max" : 220,
    "minutes" : 0
  }],
  "lastModified" : "01/26/19 00:09:55",
  "startTime" : "01/25/19 23:37:08",
  "originalStartTime" : "01/25/19 23:37:08",
  "originalDuration" : 1075000,
  "hasGps" : false,
  "shouldFetchDetails" : false
},{
  "logId" : 19503332765,
  "activityName" : "Walk",
  "activityTypeId" : 90013,
  "activityLevel" : [{
    "minutes" : 1,
    "name" : "sedentary"
  },{
    "minutes" : 0,
    "name" : "lightly"
  },{
    "minutes" : 2,
    "name" : "fairly"
  },{
    "minutes" : 16,
    "name" : "very"
  }],
  "averageHeartRate" : 93,
  "calories" : 98,
  "duration" : 1178000,
  "activeDuration" : 1178000,
  "steps" : 2104,
  "logType" : "auto_detected",
  "manualValuesSpecified" : {
    "calories" : false,
    "distance" : false,
    "steps" : false
  },
  "heartRateZones" : [{
    "name" : "Out of Range",
    "min" : 30,
    "max" : 99,
    "minutes" : 18
  },{
    "name" : "Fat Burn",
    "min" : 99,
    "max" : 139,
    "minutes" : 2
  },{
    "name" : "Cardio",
    "min" : 139,
    "max" : 169,
    "minutes" : 0
  },{
    "name" : "Peak",
    "min" : 169,
    "max" : 220,
    "minutes" : 0
  }],
  "lastModified" : "01/27/19 17:42:01",
  "startTime" : "01/27/19 08:20:39",
  "originalStartTime" : "01/27/19 08:20:39",
  "originalDuration" : 1178000,
  "hasGps" : false,
  "shouldFetchDetails" : false
},{
  "logId" : 19536232270,
  "activityName" : "Walk",
  "activityTypeId" : 90013,
  "activityLevel" : [{
    "minutes" : 7,
    "name" : "sedentary"
  },{
    "minutes" : 17,
    "name" : "lightly"
  },{
    "minutes" : 69,
    "name" : "fairly"
  },{
    "minutes" : 50,
    "name" : "very"
  }],
  "averageHeartRate" : 104,
  "calories" : 680,
  "duration" : 8598000,
  "activeDuration" : 8598000,
  "steps" : 12130,
  "logType" : "auto_detected",
  "manualValuesSpecified" : {
    "calories" : false,
    "distance" : false,
    "steps" : false
  },
  "heartRateZones" : [{
    "name" : "Out of Range",
    "min" : 30,
    "max" : 99,
    "minutes" : 57
  },{
    "name" : "Fat Burn",
    "min" : 99,
    "max" : 139,
    "minutes" : 82
  },{
    "name" : "Cardio",
    "min" : 139,
    "max" : 169,
    "minutes" : 3
  },{
    "name" : "Peak",
    "min" : 169,
    "max" : 220,
    "minutes" : 0
  }],
  "lastModified" : "01/29/19 01:28:11",
  "startTime" : "01/27/19 20:51:36",
  "originalStartTime" : "01/27/19 20:51:36",
  "originalDuration" : 8598000,
  "hasGps" : false,
  "shouldFetchDetails" : false
},{
  "logId" : 19536232271,
  "activityName" : "Walk",
  "activityTypeId" : 90013,
  "activityLevel" : [{
    "minutes" : 0,
    "name" : "sedentary"
  },{
    "minutes" : 5,
    "name" : "lightly"
  },{
    "minutes" : 25,
    "name" : "fairly"
  },{
    "minutes" : 1,
    "name" : "very"
  }],
  "averageHeartRate" : 93,
  "calories" : 140,
  "duration" : 1843000,
  "activeDuration" : 1843000,
  "steps" : 2717,
  "logType" : "auto_detected",
  "manualValuesSpecified" : {
    "calories" : false,
    "distance" : false,
    "steps" : false
  },
  "heartRateZones" : [{
    "name" : "Out of Range",
    "min" : 30,
    "max" : 99,
    "minutes" : 20
  },{
    "name" : "Fat Burn",
    "min" : 99,
    "max" : 139,
    "minutes" : 11
  },{
    "name" : "Cardio",
    "min" : 139,
    "max" : 169,
    "minutes" : 0
  },{
    "name" : "Peak",
    "min" : 169,
    "max" : 220,
    "minutes" : 0
  }],
  "lastModified" : "01/29/19 01:28:11",
  "startTime" : "01/28/19 05:21:50",
  "originalStartTime" : "01/28/19 05:21:50",
  "originalDuration" : 1843000,
  "hasGps" : false,
  "shouldFetchDetails" : false
},{
  "logId" : 19536232272,
  "activityName" : "Walk",
  "activityTypeId" : 90013,
  "activityLevel" : [{
    "minutes" : 0,
    "name" : "sedentary"
  },{
    "minutes" : 3,
    "name" : "lightly"
  },{
    "minutes" : 5,
    "name" : "fairly"
  },{
    "minutes" : 14,
    "name" : "very"
  }],
  "averageHeartRate" : 114,
  "calories" : 110,
  "duration" : 1280000,
  "activeDuration" : 1280000,
  "steps" : 1932,
  "logType" : "auto_detected",
  "manualValuesSpecified" : {
    "calories" : false,
    "distance" : false,
    "steps" : false
  },
  "heartRateZones" : [{
    "name" : "Out of Range",
    "min" : 30,
    "max" : 99,
    "minutes" : 0
  },{
    "name" : "Fat Burn",
    "min" : 99,
    "max" : 139,
    "minutes" : 22
  },{
    "name" : "Cardio",
    "min" : 139,
    "max" : 169,
    "minutes" : 0
  },{
    "name" : "Peak",
    "min" : 169,
    "max" : 220,
    "minutes" : 0
  }],
  "lastModified" : "01/29/19 01:28:12",
  "startTime" : "01/28/19 17:33:59",
  "originalStartTime" : "01/28/19 17:33:59",
  "originalDuration" : 1280000,
  "hasGps" : false,
  "shouldFetchDetails" : false
},{
  "logId" : 19538676507,
  "activityName" : "Walk",
  "activityTypeId" : 90013,
  "activityLevel" : [{
    "minutes" : 0,
    "name" : "sedentary"
  },{
    "minutes" : 3,
    "name" : "lightly"
  },{
    "minutes" : 10,
    "name" : "fairly"
  },{
    "minutes" : 4,
    "name" : "very"
  }],
  "averageHeartRate" : 96,
  "calories" : 81,
  "duration" : 1016000,
  "activeDuration" : 1016000,
  "steps" : 1624,
  "logType" : "auto_detected",
  "manualValuesSpecified" : {
    "calories" : false,
    "distance" : false,
    "steps" : false
  },
  "heartRateZones" : [{
    "name" : "Out of Range",
    "min" : 30,
    "max" : 99,
    "minutes" : 11
  },{
    "name" : "Fat Burn",
    "min" : 99,
    "max" : 139,
    "minutes" : 6
  },{
    "name" : "Cardio",
    "min" : 139,
    "max" : 169,
    "minutes" : 0
  },{
    "name" : "Peak",
    "min" : 169,
    "max" : 220,
    "minutes" : 0
  }],
  "lastModified" : "01/29/19 05:21:51",
  "startTime" : "01/29/19 05:00:09",
  "originalStartTime" : "01/29/19 05:00:09",
  "originalDuration" : 1016000,
  "hasGps" : false,
  "shouldFetchDetails" : false
},{
  "logId" : 19569842350,
  "activityName" : "Walk",
  "activityTypeId" : 90013,
  "activityLevel" : [{
    "minutes" : 0,
    "name" : "sedentary"
  },{
    "minutes" : 1,
    "name" : "lightly"
  },{
    "minutes" : 6,
    "name" : "fairly"
  },{
    "minutes" : 11,
    "name" : "very"
  }],
  "averageHeartRate" : 92,
  "calories" : 93,
  "duration" : 1127000,
  "activeDuration" : 1127000,
  "steps" : 1904,
  "logType" : "auto_detected",
  "manualValuesSpecified" : {
    "calories" : false,
    "distance" : false,
    "steps" : false
  },
  "heartRateZones" : [{
    "name" : "Out of Range",
    "min" : 30,
    "max" : 99,
    "minutes" : 12
  },{
    "name" : "Fat Burn",
    "min" : 99,
    "max" : 139,
    "minutes" : 6
  },{
    "name" : "Cardio",
    "min" : 139,
    "max" : 169,
    "minutes" : 0
  },{
    "name" : "Peak",
    "min" : 169,
    "max" : 220,
    "minutes" : 0
  }],
  "lastModified" : "01/30/19 17:16:14",
  "startTime" : "01/29/19 18:47:01",
  "originalStartTime" : "01/29/19 18:47:01",
  "originalDuration" : 1127000,
  "hasGps" : false,
  "shouldFetchDetails" : false
},{
  "logId" : 19570781357,
  "activityName" : "Walk",
  "activityTypeId" : 90013,
  "activityLevel" : [{
    "minutes" : 0,
    "name" : "sedentary"
  },{
    "minutes" : 4,
    "name" : "lightly"
  },{
    "minutes" : 6,
    "name" : "fairly"
  },{
    "minutes" : 13,
    "name" : "very"
  }],
  "averageHeartRate" : 100,
  "calories" : 109,
  "duration" : 1332000,
  "activeDuration" : 1332000,
  "steps" : 2108,
  "logType" : "auto_detected",
  "manualValuesSpecified" : {
    "calories" : false,
    "distance" : false,
    "steps" : false
  },
  "heartRateZones" : [{
    "name" : "Out of Range",
    "min" : 30,
    "max" : 99,
    "minutes" : 8
  },{
    "name" : "Fat Burn",
    "min" : 99,
    "max" : 139,
    "minutes" : 15
  },{
    "name" : "Cardio",
    "min" : 139,
    "max" : 169,
    "minutes" : 0
  },{
    "name" : "Peak",
    "min" : 169,
    "max" : 220,
    "minutes" : 0
  }],
  "lastModified" : "01/30/19 18:01:49",
  "startTime" : "01/30/19 17:28:57",
  "originalStartTime" : "01/30/19 17:28:57",
  "originalDuration" : 1332000,
  "hasGps" : false,
  "shouldFetchDetails" : false
},{
  "logId" : 19575179409,
  "activityName" : "Walk",
  "activityTypeId" : 90013,
  "activityLevel" : [{
    "minutes" : 0,
    "name" : "sedentary"
  },{
    "minutes" : 0,
    "name" : "lightly"
  },{
    "minutes" : 3,
    "name" : "fairly"
  },{
    "minutes" : 14,
    "name" : "very"
  }],
  "averageHeartRate" : 119,
  "calories" : 92,
  "duration" : 1025000,
  "activeDuration" : 1025000,
  "steps" : 1696,
  "logType" : "auto_detected",
  "manualValuesSpecified" : {
    "calories" : false,
    "distance" : false,
    "steps" : false
  },
  "heartRateZones" : [{
    "name" : "Out of Range",
    "min" : 30,
    "max" : 99,
    "minutes" : 0
  },{
    "name" : "Fat Burn",
    "min" : 99,
    "max" : 139,
    "minutes" : 17
  },{
    "name" : "Cardio",
    "min" : 139,
    "max" : 169,
    "minutes" : 0
  },{
    "name" : "Peak",
    "min" : 169,
    "max" : 220,
    "minutes" : 0
  }],
  "lastModified" : "01/30/19 22:23:12",
  "startTime" : "01/30/19 21:50:04",
  "originalStartTime" : "01/30/19 21:50:04",
  "originalDuration" : 1025000,
  "hasGps" : false,
  "shouldFetchDetails" : false
},{
  "logId" : 19579170413,
  "activityName" : "Walk",
  "activityTypeId" : 90013,
  "activityLevel" : [{
    "minutes" : 0,
    "name" : "sedentary"
  },{
    "minutes" : 1,
    "name" : "lightly"
  },{
    "minutes" : 6,
    "name" : "fairly"
  },{
    "minutes" : 14,
    "name" : "very"
  }],
  "averageHeartRate" : 102,
  "calories" : 108,
  "duration" : 1280000,
  "activeDuration" : 1280000,
  "steps" : 1926,
  "logType" : "auto_detected",
  "manualValuesSpecified" : {
    "calories" : false,
    "distance" : false,
    "steps" : false
  },
  "heartRateZones" : [{
    "name" : "Out of Range",
    "min" : 30,
    "max" : 99,
    "minutes" : 8
  },{
    "name" : "Fat Burn",
    "min" : 99,
    "max" : 139,
    "minutes" : 13
  },{
    "name" : "Cardio",
    "min" : 139,
    "max" : 169,
    "minutes" : 0
  },{
    "name" : "Peak",
    "min" : 169,
    "max" : 220,
    "minutes" : 0
  }],
  "lastModified" : "01/31/19 02:04:41",
  "startTime" : "01/31/19 01:41:20",
  "originalStartTime" : "01/31/19 01:41:20",
  "originalDuration" : 1280000,
  "hasGps" : false,
  "shouldFetchDetails" : false
},{
  "logId" : 19580233236,
  "activityName" : "Walk",
  "activityTypeId" : 90013,
  "activityLevel" : [{
    "minutes" : 0,
    "name" : "sedentary"
  },{
    "minutes" : 2,
    "name" : "lightly"
  },{
    "minutes" : 11,
    "name" : "fairly"
  },{
    "minutes" : 6,
    "name" : "very"
  }],
  "averageHeartRate" : 105,
  "calories" : 93,
  "duration" : 1126000,
  "activeDuration" : 1126000,
  "steps" : 1867,
  "logType" : "auto_detected",
  "manualValuesSpecified" : {
    "calories" : false,
    "distance" : false,
    "steps" : false
  },
  "heartRateZones" : [{
    "name" : "Out of Range",
    "min" : 30,
    "max" : 99,
    "minutes" : 2
  },{
    "name" : "Fat Burn",
    "min" : 99,
    "max" : 139,
    "minutes" : 17
  },{
    "name" : "Cardio",
    "min" : 139,
    "max" : 169,
    "minutes" : 0
  },{
    "name" : "Peak",
    "min" : 169,
    "max" : 220,
    "minutes" : 0
  }],
  "lastModified" : "01/31/19 03:35:54",
  "startTime" : "01/31/19 02:59:51",
  "originalStartTime" : "01/31/19 02:59:51",
  "originalDuration" : 1126000,
  "hasGps" : false,
  "shouldFetchDetails" : false
},{
  "logId" : 19589849367,
  "activityName" : "Walk",
  "activityTypeId" : 90013,
  "activityLevel" : [{
    "minutes" : 0,
    "name" : "sedentary"
  },{
    "minutes" : 1,
    "name" : "lightly"
  },{
    "minutes" : 5,
    "name" : "fairly"
  },{
    "minutes" : 13,
    "name" : "very"
  }],
  "averageHeartRate" : 98,
  "calories" : 97,
  "duration" : 1177000,
  "activeDuration" : 1177000,
  "steps" : 1942,
  "logType" : "auto_detected",
  "manualValuesSpecified" : {
    "calories" : false,
    "distance" : false,
    "steps" : false
  },
  "heartRateZones" : [{
    "name" : "Out of Range",
    "min" : 30,
    "max" : 99,
    "minutes" : 10
  },{
    "name" : "Fat Burn",
    "min" : 99,
    "max" : 139,
    "minutes" : 9
  },{
    "name" : "Cardio",
    "min" : 139,
    "max" : 169,
    "minutes" : 0
  },{
    "name" : "Peak",
    "min" : 169,
    "max" : 220,
    "minutes" : 0
  }],
  "lastModified" : "01/31/19 17:00:22",
  "startTime" : "01/31/19 16:31:23",
  "originalStartTime" : "01/31/19 16:31:23",
  "originalDuration" : 1177000,
  "hasGps" : false,
  "shouldFetchDetails" : false
},{
  "logId" : 19614631411,
  "activityName" : "Walk",
  "activityTypeId" : 90013,
  "activityLevel" : [{
    "minutes" : 0,
    "name" : "sedentary"
  },{
    "minutes" : 2,
    "name" : "lightly"
  },{
    "minutes" : 6,
    "name" : "fairly"
  },{
    "minutes" : 8,
    "name" : "very"
  }],
  "averageHeartRate" : 101,
  "calories" : 78,
  "duration" : 973000,
  "activeDuration" : 973000,
  "steps" : 1564,
  "logType" : "auto_detected",
  "manualValuesSpecified" : {
    "calories" : false,
    "distance" : false,
    "steps" : false
  },
  "heartRateZones" : [{
    "name" : "Out of Range",
    "min" : 30,
    "max" : 99,
    "minutes" : 5
  },{
    "name" : "Fat Burn",
    "min" : 99,
    "max" : 139,
    "minutes" : 11
  },{
    "name" : "Cardio",
    "min" : 139,
    "max" : 169,
    "minutes" : 0
  },{
    "name" : "Peak",
    "min" : 169,
    "max" : 220,
    "minutes" : 0
  }],
  "lastModified" : "02/01/19 17:42:46",
  "startTime" : "02/01/19 17:17:02",
  "originalStartTime" : "02/01/19 17:17:02",
  "originalDuration" : 973000,
  "hasGps" : false,
  "shouldFetchDetails" : false
},{
  "logId" : 19619667655,
  "activityName" : "Walk",
  "activityTypeId" : 90013,
  "activityLevel" : [{
    "minutes" : 2,
    "name" : "sedentary"
  },{
    "minutes" : 19,
    "name" : "lightly"
  },{
    "minutes" : 5,
    "name" : "fairly"
  },{
    "minutes" : 3,
    "name" : "very"
  }],
  "averageHeartRate" : 92,
  "calories" : 113,
  "duration" : 1740000,
  "activeDuration" : 1740000,
  "steps" : 1887,
  "logType" : "auto_detected",
  "manualValuesSpecified" : {
    "calories" : false,
    "distance" : false,
    "steps" : false
  },
  "heartRateZones" : [{
    "name" : "Out of Range",
    "min" : 30,
    "max" : 99,
    "minutes" : 20
  },{
    "name" : "Fat Burn",
    "min" : 99,
    "max" : 139,
    "minutes" : 9
  },{
    "name" : "Cardio",
    "min" : 139,
    "max" : 169,
    "minutes" : 0
  },{
    "name" : "Peak",
    "min" : 169,
    "max" : 220,
    "minutes" : 0
  }],
  "lastModified" : "02/01/19 21:33:51",
  "startTime" : "02/01/19 20:58:54",
  "originalStartTime" : "02/01/19 20:58:54",
  "originalDuration" : 1740000,
  "hasGps" : false,
  "shouldFetchDetails" : false
},{
  "logId" : 19621702959,
  "activityName" : "Walk",
  "activityTypeId" : 90013,
  "activityLevel" : [{
    "minutes" : 0,
    "name" : "sedentary"
  },{
    "minutes" : 3,
    "name" : "lightly"
  },{
    "minutes" : 6,
    "name" : "fairly"
  },{
    "minutes" : 15,
    "name" : "very"
  }],
  "averageHeartRate" : 107,
  "calories" : 123,
  "duration" : 1485000,
  "activeDuration" : 1485000,
  "steps" : 2468,
  "logType" : "auto_detected",
  "manualValuesSpecified" : {
    "calories" : false,
    "distance" : false,
    "steps" : false
  },
  "heartRateZones" : [{
    "name" : "Out of Range",
    "min" : 30,
    "max" : 99,
    "minutes" : 5
  },{
    "name" : "Fat Burn",
    "min" : 99,
    "max" : 139,
    "minutes" : 19
  },{
    "name" : "Cardio",
    "min" : 139,
    "max" : 169,
    "minutes" : 0
  },{
    "name" : "Peak",
    "min" : 169,
    "max" : 220,
    "minutes" : 0
  }],
  "lastModified" : "02/01/19 23:42:22",
  "startTime" : "02/01/19 23:00:04",
  "originalStartTime" : "02/01/19 23:00:04",
  "originalDuration" : 1485000,
  "hasGps" : false,
  "shouldFetchDetails" : false
},{
  "logId" : 19640793583,
  "activityName" : "Walk",
  "activityTypeId" : 90013,
  "activityLevel" : [{
    "minutes" : 0,
    "name" : "sedentary"
  },{
    "minutes" : 2,
    "name" : "lightly"
  },{
    "minutes" : 7,
    "name" : "fairly"
  },{
    "minutes" : 6,
    "name" : "very"
  }],
  "averageHeartRate" : 105,
  "calories" : 71,
  "duration" : 922000,
  "activeDuration" : 922000,
  "steps" : 1357,
  "logType" : "auto_detected",
  "manualValuesSpecified" : {
    "calories" : false,
    "distance" : false,
    "steps" : false
  },
  "heartRateZones" : [{
    "name" : "Out of Range",
    "min" : 30,
    "max" : 99,
    "minutes" : 3
  },{
    "name" : "Fat Burn",
    "min" : 99,
    "max" : 139,
    "minutes" : 12
  },{
    "name" : "Cardio",
    "min" : 139,
    "max" : 169,
    "minutes" : 0
  },{
    "name" : "Peak",
    "min" : 169,
    "max" : 220,
    "minutes" : 0
  }],
  "lastModified" : "02/03/19 00:25:57",
  "startTime" : "02/02/19 23:54:16",
  "originalStartTime" : "02/02/19 23:54:16",
  "originalDuration" : 922000,
  "hasGps" : false,
  "shouldFetchDetails" : false
},{
  "logId" : 19640938305,
  "activityName" : "Elliptical",
  "activityTypeId" : 20047,
  "activityLevel" : [{
    "minutes" : 0,
    "name" : "sedentary"
  },{
    "minutes" : 0,
    "name" : "lightly"
  },{
    "minutes" : 1,
    "name" : "fairly"
  },{
    "minutes" : 20,
    "name" : "very"
  }],
  "averageHeartRate" : 139,
  "calories" : 149,
  "duration" : 1279000,
  "activeDuration" : 1279000,
  "steps" : 2548,
  "logType" : "auto_detected",
  "manualValuesSpecified" : {
    "calories" : false,
    "distance" : false,
    "steps" : false
  },
  "heartRateZones" : [{
    "name" : "Out of Range",
    "min" : 30,
    "max" : 99,
    "minutes" : 0
  },{
    "name" : "Fat Burn",
    "min" : 99,
    "max" : 139,
    "minutes" : 10
  },{
    "name" : "Cardio",
    "min" : 139,
    "max" : 169,
    "minutes" : 10
  },{
    "name" : "Peak",
    "min" : 169,
    "max" : 220,
    "minutes" : 1
  }],
  "lastModified" : "02/03/19 00:41:18",
  "startTime" : "02/03/19 00:09:38",
  "originalStartTime" : "02/03/19 00:09:38",
  "originalDuration" : 1279000,
  "hasGps" : false,
  "shouldFetchDetails" : false
},{
  "logId" : 19669200351,
  "activityName" : "Walk",
  "activityTypeId" : 90013,
  "activityLevel" : [{
    "minutes" : 4,
    "name" : "sedentary"
  },{
    "minutes" : 9,
    "name" : "lightly"
  },{
    "minutes" : 5,
    "name" : "fairly"
  },{
    "minutes" : 5,
    "name" : "very"
  }],
  "averageHeartRate" : 93,
  "calories" : 99,
  "duration" : 1433000,
  "activeDuration" : 1433000,
  "steps" : 1916,
  "logType" : "auto_detected",
  "manualValuesSpecified" : {
    "calories" : false,
    "distance" : false,
    "steps" : false
  },
  "heartRateZones" : [{
    "name" : "Out of Range",
    "min" : 30,
    "max" : 99,
    "minutes" : 17
  },{
    "name" : "Fat Burn",
    "min" : 99,
    "max" : 139,
    "minutes" : 7
  },{
    "name" : "Cardio",
    "min" : 139,
    "max" : 169,
    "minutes" : 0
  },{
    "name" : "Peak",
    "min" : 169,
    "max" : 220,
    "minutes" : 0
  }],
  "lastModified" : "02/04/19 16:55:22",
  "startTime" : "02/04/19 03:22:55",
  "originalStartTime" : "02/04/19 03:22:55",
  "originalDuration" : 1433000,
  "hasGps" : false,
  "shouldFetchDetails" : false
},{
  "logId" : 19670526882,
  "activityName" : "Walk",
  "activityTypeId" : 90013,
  "activityLevel" : [{
    "minutes" : 0,
    "name" : "sedentary"
  },{
    "minutes" : 1,
    "name" : "lightly"
  },{
    "minutes" : 8,
    "name" : "fairly"
  },{
    "minutes" : 8,
    "name" : "very"
  }],
  "averageHeartRate" : 111,
  "calories" : 86,
  "duration" : 1023000,
  "activeDuration" : 1023000,
  "steps" : 1706,
  "logType" : "auto_detected",
  "manualValuesSpecified" : {
    "calories" : false,
    "distance" : false,
    "steps" : false
  },
  "heartRateZones" : [{
    "name" : "Out of Range",
    "min" : 30,
    "max" : 99,
    "minutes" : 1
  },{
    "name" : "Fat Burn",
    "min" : 99,
    "max" : 139,
    "minutes" : 16
  },{
    "name" : "Cardio",
    "min" : 139,
    "max" : 169,
    "minutes" : 0
  },{
    "name" : "Peak",
    "min" : 169,
    "max" : 220,
    "minutes" : 0
  }],
  "lastModified" : "02/04/19 17:41:02",
  "startTime" : "02/04/19 17:17:30",
  "originalStartTime" : "02/04/19 17:17:30",
  "originalDuration" : 1023000,
  "hasGps" : false,
  "shouldFetchDetails" : false
},{
  "logId" : 19683291434,
  "activityName" : "Walk",
  "activityTypeId" : 90013,
  "activityLevel" : [{
    "minutes" : 0,
    "name" : "sedentary"
  },{
    "minutes" : 4,
    "name" : "lightly"
  },{
    "minutes" : 4,
    "name" : "fairly"
  },{
    "minutes" : 12,
    "name" : "very"
  }],
  "averageHeartRate" : 100,
  "calories" : 96,
  "duration" : 1177000,
  "activeDuration" : 1177000,
  "steps" : 1904,
  "logType" : "auto_detected",
  "manualValuesSpecified" : {
    "calories" : false,
    "distance" : false,
    "steps" : false
  },
  "heartRateZones" : [{
    "name" : "Out of Range",
    "min" : 30,
    "max" : 99,
    "minutes" : 7
  },{
    "name" : "Fat Burn",
    "min" : 99,
    "max" : 139,
    "minutes" : 13
  },{
    "name" : "Cardio",
    "min" : 139,
    "max" : 169,
    "minutes" : 0
  },{
    "name" : "Peak",
    "min" : 169,
    "max" : 220,
    "minutes" : 0
  }],
  "lastModified" : "02/05/19 05:21:01",
  "startTime" : "02/05/19 04:50:24",
  "originalStartTime" : "02/05/19 04:50:24",
  "originalDuration" : 1177000,
  "hasGps" : false,
  "shouldFetchDetails" : false
},{
  "logId" : 19693790520,
  "activityName" : "Walk",
  "activityTypeId" : 90013,
  "activityLevel" : [{
    "minutes" : 1,
    "name" : "sedentary"
  },{
    "minutes" : 2,
    "name" : "lightly"
  },{
    "minutes" : 4,
    "name" : "fairly"
  },{
    "minutes" : 14,
    "name" : "very"
  }],
  "averageHeartRate" : 99,
  "calories" : 101,
  "duration" : 1280000,
  "activeDuration" : 1280000,
  "steps" : 2098,
  "logType" : "auto_detected",
  "manualValuesSpecified" : {
    "calories" : false,
    "distance" : false,
    "steps" : false
  },
  "heartRateZones" : [{
    "name" : "Out of Range",
    "min" : 30,
    "max" : 99,
    "minutes" : 11
  },{
    "name" : "Fat Burn",
    "min" : 99,
    "max" : 139,
    "minutes" : 10
  },{
    "name" : "Cardio",
    "min" : 139,
    "max" : 169,
    "minutes" : 0
  },{
    "name" : "Peak",
    "min" : 169,
    "max" : 220,
    "minutes" : 0
  }],
  "lastModified" : "02/05/19 17:01:54",
  "startTime" : "02/05/19 16:38:40",
  "originalStartTime" : "02/05/19 16:38:40",
  "originalDuration" : 1280000,
  "hasGps" : false,
  "shouldFetchDetails" : false
},{
  "logId" : 19707408566,
  "activityName" : "Walk",
  "activityTypeId" : 90013,
  "activityLevel" : [{
    "minutes" : 0,
    "name" : "sedentary"
  },{
    "minutes" : 13,
    "name" : "lightly"
  },{
    "minutes" : 33,
    "name" : "fairly"
  },{
    "minutes" : 29,
    "name" : "very"
  }],
  "averageHeartRate" : 105,
  "calories" : 354,
  "duration" : 4506000,
  "activeDuration" : 4506000,
  "steps" : 6042,
  "logType" : "auto_detected",
  "manualValuesSpecified" : {
    "calories" : false,
    "distance" : false,
    "steps" : false
  },
  "heartRateZones" : [{
    "name" : "Out of Range",
    "min" : 30,
    "max" : 99,
    "minutes" : 23
  },{
    "name" : "Fat Burn",
    "min" : 99,
    "max" : 139,
    "minutes" : 52
  },{
    "name" : "Cardio",
    "min" : 139,
    "max" : 169,
    "minutes" : 0
  },{
    "name" : "Peak",
    "min" : 169,
    "max" : 220,
    "minutes" : 0
  }],
  "lastModified" : "02/06/19 07:32:50",
  "startTime" : "02/06/19 06:08:29",
  "originalStartTime" : "02/06/19 06:08:29",
  "originalDuration" : 4506000,
  "hasGps" : false,
  "shouldFetchDetails" : false
},{
  "logId" : 19768937040,
  "activityName" : "Walk",
  "activityTypeId" : 90013,
  "activityLevel" : [{
    "minutes" : 3,
    "name" : "sedentary"
  },{
    "minutes" : 3,
    "name" : "lightly"
  },{
    "minutes" : 12,
    "name" : "fairly"
  },{
    "minutes" : 22,
    "name" : "very"
  }],
  "averageHeartRate" : 118,
  "calories" : 193,
  "duration" : 2407000,
  "activeDuration" : 2407000,
  "steps" : 3604,
  "logType" : "auto_detected",
  "manualValuesSpecified" : {
    "calories" : false,
    "distance" : false,
    "steps" : false
  },
  "heartRateZones" : [{
    "name" : "Out of Range",
    "min" : 30,
    "max" : 99,
    "minutes" : 3
  },{
    "name" : "Fat Burn",
    "min" : 99,
    "max" : 139,
    "minutes" : 35
  },{
    "name" : "Cardio",
    "min" : 139,
    "max" : 169,
    "minutes" : 2
  },{
    "name" : "Peak",
    "min" : 169,
    "max" : 220,
    "minutes" : 0
  }],
  "lastModified" : "02/09/19 01:51:19",
  "startTime" : "02/08/19 07:31:17",
  "originalStartTime" : "02/08/19 07:31:17",
  "originalDuration" : 2407000,
  "hasGps" : false,
  "shouldFetchDetails" : false
},{
  "logId" : 19768937042,
  "activityName" : "Walk",
  "activityTypeId" : 90013,
  "activityLevel" : [{
    "minutes" : 0,
    "name" : "sedentary"
  },{
    "minutes" : 1,
    "name" : "lightly"
  },{
    "minutes" : 10,
    "name" : "fairly"
  },{
    "minutes" : 24,
    "name" : "very"
  }],
  "averageHeartRate" : 97,
  "calories" : 181,
  "duration" : 2150000,
  "activeDuration" : 2150000,
  "steps" : 3834,
  "logType" : "auto_detected",
  "manualValuesSpecified" : {
    "calories" : false,
    "distance" : false,
    "steps" : false
  },
  "heartRateZones" : [{
    "name" : "Out of Range",
    "min" : 30,
    "max" : 99,
    "minutes" : 23
  },{
    "name" : "Fat Burn",
    "min" : 99,
    "max" : 139,
    "minutes" : 13
  },{
    "name" : "Cardio",
    "min" : 139,
    "max" : 169,
    "minutes" : 0
  },{
    "name" : "Peak",
    "min" : 169,
    "max" : 220,
    "minutes" : 0
  }],
  "lastModified" : "02/09/19 01:51:19",
  "startTime" : "02/08/19 19:43:27",
  "originalStartTime" : "02/08/19 19:43:27",
  "originalDuration" : 2150000,
  "hasGps" : false,
  "shouldFetchDetails" : false
},{
  "logId" : 19841145075,
  "activityName" : "Walk",
  "activityTypeId" : 90013,
  "activityLevel" : [{
    "minutes" : 1,
    "name" : "sedentary"
  },{
    "minutes" : 1,
    "name" : "lightly"
  },{
    "minutes" : 11,
    "name" : "fairly"
  },{
    "minutes" : 12,
    "name" : "very"
  }],
  "averageHeartRate" : 103,
  "calories" : 122,
  "duration" : 1536000,
  "activeDuration" : 1536000,
  "steps" : 2486,
  "logType" : "auto_detected",
  "manualValuesSpecified" : {
    "calories" : false,
    "distance" : false,
    "steps" : false
  },
  "heartRateZones" : [{
    "name" : "Out of Range",
    "min" : 30,
    "max" : 99,
    "minutes" : 8
  },{
    "name" : "Fat Burn",
    "min" : 99,
    "max" : 139,
    "minutes" : 18
  },{
    "name" : "Cardio",
    "min" : 139,
    "max" : 169,
    "minutes" : 0
  },{
    "name" : "Peak",
    "min" : 169,
    "max" : 220,
    "minutes" : 0
  }],
  "lastModified" : "02/12/19 15:53:59",
  "startTime" : "02/11/19 17:07:45",
  "originalStartTime" : "02/11/19 17:07:45",
  "originalDuration" : 1536000,
  "hasGps" : false,
  "shouldFetchDetails" : false
},{
  "logId" : 19923341480,
  "activityName" : "Elliptical",
  "activityTypeId" : 20047,
  "activityLevel" : [{
    "minutes" : 0,
    "name" : "sedentary"
  },{
    "minutes" : 0,
    "name" : "lightly"
  },{
    "minutes" : 0,
    "name" : "fairly"
  },{
    "minutes" : 24,
    "name" : "very"
  }],
  "averageHeartRate" : 146,
  "calories" : 161,
  "duration" : 1434000,
  "activeDuration" : 1434000,
  "steps" : 2598,
  "logType" : "auto_detected",
  "manualValuesSpecified" : {
    "calories" : false,
    "distance" : false,
    "steps" : false
  },
  "heartRateZones" : [{
    "name" : "Out of Range",
    "min" : 30,
    "max" : 99,
    "minutes" : 0
  },{
    "name" : "Fat Burn",
    "min" : 99,
    "max" : 139,
    "minutes" : 7
  },{
    "name" : "Cardio",
    "min" : 139,
    "max" : 169,
    "minutes" : 17
  },{
    "name" : "Peak",
    "min" : 169,
    "max" : 220,
    "minutes" : 0
  }],
  "lastModified" : "02/16/19 00:12:41",
  "startTime" : "02/15/19 23:28:22",
  "originalStartTime" : "02/15/19 23:28:22",
  "originalDuration" : 1434000,
  "hasGps" : false,
  "shouldFetchDetails" : false
},{
  "logId" : 19956721341,
  "activityName" : "Walk",
  "activityTypeId" : 90013,
  "activityLevel" : [{
    "minutes" : 3,
    "name" : "sedentary"
  },{
    "minutes" : 20,
    "name" : "lightly"
  },{
    "minutes" : 35,
    "name" : "fairly"
  },{
    "minutes" : 16,
    "name" : "very"
  }],
  "averageHeartRate" : 115,
  "calories" : 315,
  "duration" : 4455000,
  "activeDuration" : 4455000,
  "steps" : 5236,
  "logType" : "auto_detected",
  "manualValuesSpecified" : {
    "calories" : false,
    "distance" : false,
    "steps" : false
  },
  "heartRateZones" : [{
    "name" : "Out of Range",
    "min" : 30,
    "max" : 99,
    "minutes" : 10
  },{
    "name" : "Fat Burn",
    "min" : 99,
    "max" : 139,
    "minutes" : 61
  },{
    "name" : "Cardio",
    "min" : 139,
    "max" : 169,
    "minutes" : 3
  },{
    "name" : "Peak",
    "min" : 169,
    "max" : 220,
    "minutes" : 0
  }],
  "lastModified" : "02/17/19 18:19:34",
  "startTime" : "02/17/19 07:42:02",
  "originalStartTime" : "02/17/19 07:42:02",
  "originalDuration" : 4455000,
  "hasGps" : false,
  "shouldFetchDetails" : false
},{
  "logId" : 19960793084,
  "activityName" : "Elliptical",
  "activityTypeId" : 20047,
  "activityLevel" : [{
    "minutes" : 0,
    "name" : "sedentary"
  },{
    "minutes" : 0,
    "name" : "lightly"
  },{
    "minutes" : 0,
    "name" : "fairly"
  },{
    "minutes" : 19,
    "name" : "very"
  }],
  "averageHeartRate" : 143,
  "calories" : 121,
  "duration" : 1178000,
  "activeDuration" : 1178000,
  "steps" : 2099,
  "logType" : "auto_detected",
  "manualValuesSpecified" : {
    "calories" : false,
    "distance" : false,
    "steps" : false
  },
  "heartRateZones" : [{
    "name" : "Out of Range",
    "min" : 30,
    "max" : 99,
    "minutes" : 0
  },{
    "name" : "Fat Burn",
    "min" : 99,
    "max" : 139,
    "minutes" : 8
  },{
    "name" : "Cardio",
    "min" : 139,
    "max" : 169,
    "minutes" : 11
  },{
    "name" : "Peak",
    "min" : 169,
    "max" : 220,
    "minutes" : 0
  }],
  "lastModified" : "02/17/19 22:26:42",
  "startTime" : "02/17/19 21:50:15",
  "originalStartTime" : "02/17/19 21:50:15",
  "originalDuration" : 1178000,
  "hasGps" : false,
  "shouldFetchDetails" : false
},{
  "logId" : 20047517896,
  "activityName" : "Walk",
  "activityTypeId" : 90013,
  "activityLevel" : [{
    "minutes" : 0,
    "name" : "sedentary"
  },{
    "minutes" : 8,
    "name" : "lightly"
  },{
    "minutes" : 6,
    "name" : "fairly"
  },{
    "minutes" : 18,
    "name" : "very"
  }],
  "averageHeartRate" : 111,
  "calories" : 148,
  "duration" : 1945000,
  "activeDuration" : 1945000,
  "steps" : 2941,
  "logType" : "auto_detected",
  "manualValuesSpecified" : {
    "calories" : false,
    "distance" : false,
    "steps" : false
  },
  "heartRateZones" : [{
    "name" : "Out of Range",
    "min" : 30,
    "max" : 99,
    "minutes" : 3
  },{
    "name" : "Fat Burn",
    "min" : 99,
    "max" : 138,
    "minutes" : 29
  },{
    "name" : "Cardio",
    "min" : 138,
    "max" : 168,
    "minutes" : 0
  },{
    "name" : "Peak",
    "min" : 168,
    "max" : 220,
    "minutes" : 0
  }],
  "lastModified" : "02/21/19 15:53:15",
  "startTime" : "02/20/19 21:02:04",
  "originalStartTime" : "02/20/19 21:02:04",
  "originalDuration" : 1945000,
  "hasGps" : false,
  "shouldFetchDetails" : false
},{
  "logId" : 20075519558,
  "activityName" : "Walk",
  "activityTypeId" : 90013,
  "activityLevel" : [{
    "minutes" : 4,
    "name" : "sedentary"
  },{
    "minutes" : 17,
    "name" : "lightly"
  },{
    "minutes" : 22,
    "name" : "fairly"
  },{
    "minutes" : 9,
    "name" : "very"
  }],
  "averageHeartRate" : 101,
  "calories" : 228,
  "duration" : 3174000,
  "activeDuration" : 3174000,
  "steps" : 4620,
  "logType" : "auto_detected",
  "manualValuesSpecified" : {
    "calories" : false,
    "distance" : false,
    "steps" : false
  },
  "heartRateZones" : [{
    "name" : "Out of Range",
    "min" : 30,
    "max" : 99,
    "minutes" : 15
  },{
    "name" : "Fat Burn",
    "min" : 99,
    "max" : 138,
    "minutes" : 37
  },{
    "name" : "Cardio",
    "min" : 138,
    "max" : 168,
    "minutes" : 0
  },{
    "name" : "Peak",
    "min" : 168,
    "max" : 220,
    "minutes" : 0
  }],
  "lastModified" : "02/22/19 16:39:24",
  "startTime" : "02/22/19 07:04:06",
  "originalStartTime" : "02/22/19 07:04:06",
  "originalDuration" : 3174000,
  "hasGps" : false,
  "shouldFetchDetails" : false
},{
  "logId" : 20101143513,
  "activityName" : "Elliptical",
  "activityTypeId" : 20047,
  "activityLevel" : [{
    "minutes" : 0,
    "name" : "sedentary"
  },{
    "minutes" : 0,
    "name" : "lightly"
  },{
    "minutes" : 0,
    "name" : "fairly"
  },{
    "minutes" : 34,
    "name" : "very"
  }],
  "averageHeartRate" : 147,
  "calories" : 238,
  "duration" : 2049000,
  "activeDuration" : 2049000,
  "steps" : 3700,
  "logType" : "auto_detected",
  "manualValuesSpecified" : {
    "calories" : false,
    "distance" : false,
    "steps" : false
  },
  "heartRateZones" : [{
    "name" : "Out of Range",
    "min" : 30,
    "max" : 99,
    "minutes" : 0
  },{
    "name" : "Fat Burn",
    "min" : 99,
    "max" : 138,
    "minutes" : 10
  },{
    "name" : "Cardio",
    "min" : 138,
    "max" : 168,
    "minutes" : 10
  },{
    "name" : "Peak",
    "min" : 168,
    "max" : 220,
    "minutes" : 10
  }],
  "lastModified" : "02/23/19 21:40:04",
  "startTime" : "02/23/19 20:58:14",
  "originalStartTime" : "02/23/19 20:58:14",
  "originalDuration" : 2049000,
  "hasGps" : false,
  "shouldFetchDetails" : false
},{
  "logId" : 20136591856,
  "activityName" : "Walk",
  "activityTypeId" : 90013,
  "activityLevel" : [{
    "minutes" : 3,
    "name" : "sedentary"
  },{
    "minutes" : 11,
    "name" : "lightly"
  },{
    "minutes" : 13,
    "name" : "fairly"
  },{
    "minutes" : 26,
    "name" : "very"
  }],
  "averageHeartRate" : 113,
  "calories" : 243,
  "duration" : 3226000,
  "activeDuration" : 3226000,
  "steps" : 4721,
  "logType" : "auto_detected",
  "manualValuesSpecified" : {
    "calories" : false,
    "distance" : false,
    "steps" : false
  },
  "heartRateZones" : [{
    "name" : "Out of Range",
    "min" : 30,
    "max" : 99,
    "minutes" : 9
  },{
    "name" : "Fat Burn",
    "min" : 99,
    "max" : 138,
    "minutes" : 44
  },{
    "name" : "Cardio",
    "min" : 138,
    "max" : 168,
    "minutes" : 0
  },{
    "name" : "Peak",
    "min" : 168,
    "max" : 220,
    "minutes" : 0
  }],
  "lastModified" : "02/25/19 16:56:06",
  "startTime" : "02/23/19 22:44:04",
  "originalStartTime" : "02/23/19 22:44:04",
  "originalDuration" : 3226000,
  "hasGps" : false,
  "shouldFetchDetails" : false
}]