[{
  "logId" : 11771140290,
  "activityName" : "Elliptical",
  "activityTypeId" : 20047,
  "activityLevel" : [{
    "minutes" : 0,
    "name" : "sedentary"
  },{
    "minutes" : 0,
    "name" : "lightly"
  },{
    "minutes" : 2,
    "name" : "fairly"
  },{
    "minutes" : 32,
    "name" : "very"
  }],
  "calories" : 248,
  "duration" : 2048000,
  "activeDuration" : 2048000,
  "steps" : 4072,
  "logType" : "auto_detected",
  "manualValuesSpecified" : {
    "calories" : false,
    "distance" : false,
    "steps" : false
  },
  "lastModified" : "01/12/18 01:06:04",
  "startTime" : "01/12/18 00:16:29",
  "originalStartTime" : "01/12/18 00:16:29",
  "originalDuration" : 2048000,
  "hasGps" : false,
  "shouldFetchDetails" : false
},{
  "logId" : 11772296030,
  "activityName" : "Walk",
  "activityTypeId" : 90013,
  "activityLevel" : [{
    "minutes" : 4,
    "name" : "sedentary"
  },{
    "minutes" : 2,
    "name" : "lightly"
  },{
    "minutes" : 8,
    "name" : "fairly"
  },{
    "minutes" : 16,
    "name" : "very"
  }],
  "calories" : 151,
  "duration" : 1842000,
  "activeDuration" : 1842000,
  "steps" : 2388,
  "logType" : "auto_detected",
  "manualValuesSpecified" : {
    "calories" : false,
    "distance" : false,
    "steps" : false
  },
  "lastModified" : "01/12/18 02:45:50",
  "startTime" : "01/12/18 02:08:17",
  "originalStartTime" : "01/12/18 02:08:17",
  "originalDuration" : 1842000,
  "hasGps" : false,
  "shouldFetchDetails" : false
},{
  "logId" : 11783957941,
  "activityName" : "Walk",
  "activityTypeId" : 90013,
  "activityLevel" : [{
    "minutes" : 0,
    "name" : "sedentary"
  },{
    "minutes" : 3,
    "name" : "lightly"
  },{
    "minutes" : 1,
    "name" : "fairly"
  },{
    "minutes" : 17,
    "name" : "very"
  }],
  "calories" : 125,
  "duration" : 1280000,
  "activeDuration" : 1280000,
  "steps" : 2019,
  "logType" : "auto_detected",
  "manualValuesSpecified" : {
    "calories" : false,
    "distance" : false,
    "steps" : false
  },
  "lastModified" : "01/12/18 19:42:15",
  "startTime" : "01/12/18 18:10:50",
  "originalStartTime" : "01/12/18 18:10:50",
  "originalDuration" : 1280000,
  "hasGps" : false,
  "shouldFetchDetails" : false
},{
  "logId" : 11787932970,
  "activityName" : "Walk",
  "activityTypeId" : 90013,
  "activityLevel" : [{
    "minutes" : 0,
    "name" : "sedentary"
  },{
    "minutes" : 2,
    "name" : "lightly"
  },{
    "minutes" : 3,
    "name" : "fairly"
  },{
    "minutes" : 15,
    "name" : "very"
  }],
  "calories" : 115,
  "duration" : 1228000,
  "activeDuration" : 1228000,
  "steps" : 1881,
  "logType" : "auto_detected",
  "manualValuesSpecified" : {
    "calories" : false,
    "distance" : false,
    "steps" : false
  },
  "lastModified" : "01/13/18 00:34:29",
  "startTime" : "01/12/18 23:56:27",
  "originalStartTime" : "01/12/18 23:56:27",
  "originalDuration" : 1228000,
  "hasGps" : false,
  "shouldFetchDetails" : false
},{
  "logId" : 11788778026,
  "activityName" : "Elliptical",
  "activityTypeId" : 20047,
  "activityLevel" : [{
    "minutes" : 0,
    "name" : "sedentary"
  },{
    "minutes" : 0,
    "name" : "lightly"
  },{
    "minutes" : 2,
    "name" : "fairly"
  },{
    "minutes" : 32,
    "name" : "very"
  }],
  "calories" : 264,
  "duration" : 2048000,
  "activeDuration" : 2048000,
  "steps" : 4182,
  "logType" : "auto_detected",
  "manualValuesSpecified" : {
    "calories" : false,
    "distance" : false,
    "steps" : false
  },
  "lastModified" : "01/13/18 02:18:50",
  "startTime" : "01/13/18 00:49:21",
  "originalStartTime" : "01/13/18 00:49:21",
  "originalDuration" : 2048000,
  "hasGps" : false,
  "shouldFetchDetails" : false
},{
  "logId" : 11788778027,
  "activityName" : "Walk",
  "activityTypeId" : 90013,
  "activityLevel" : [{
    "minutes" : 0,
    "name" : "sedentary"
  },{
    "minutes" : 0,
    "name" : "lightly"
  },{
    "minutes" : 3,
    "name" : "fairly"
  },{
    "minutes" : 13,
    "name" : "very"
  }],
  "calories" : 98,
  "duration" : 972000,
  "activeDuration" : 972000,
  "steps" : 1629,
  "logType" : "auto_detected",
  "manualValuesSpecified" : {
    "calories" : false,
    "distance" : false,
    "steps" : false
  },
  "lastModified" : "01/13/18 02:18:50",
  "startTime" : "01/13/18 01:23:29",
  "originalStartTime" : "01/13/18 01:23:29",
  "originalDuration" : 972000,
  "hasGps" : false,
  "shouldFetchDetails" : false
},{
  "logId" : 11797717832,
  "activityName" : "Aerobic Workout",
  "activityTypeId" : 3001,
  "activityLevel" : [{
    "minutes" : 12,
    "name" : "sedentary"
  },{
    "minutes" : 20,
    "name" : "lightly"
  },{
    "minutes" : 27,
    "name" : "fairly"
  },{
    "minutes" : 36,
    "name" : "very"
  }],
  "calories" : 417,
  "duration" : 5735000,
  "activeDuration" : 5735000,
  "steps" : 6239,
  "logType" : "auto_detected",
  "manualValuesSpecified" : {
    "calories" : false,
    "distance" : false,
    "steps" : false
  },
  "lastModified" : "01/13/18 17:04:44",
  "startTime" : "01/13/18 07:39:47",
  "originalStartTime" : "01/13/18 07:39:47",
  "originalDuration" : 5735000,
  "hasGps" : false,
  "shouldFetchDetails" : false
},{
  "logId" : 11803666683,
  "activityName" : "Elliptical",
  "activityTypeId" : 20047,
  "activityLevel" : [{
    "minutes" : 0,
    "name" : "sedentary"
  },{
    "minutes" : 1,
    "name" : "lightly"
  },{
    "minutes" : 0,
    "name" : "fairly"
  },{
    "minutes" : 33,
    "name" : "very"
  }],
  "calories" : 268,
  "duration" : 2047000,
  "activeDuration" : 2047000,
  "steps" : 4173,
  "logType" : "auto_detected",
  "manualValuesSpecified" : {
    "calories" : false,
    "distance" : false,
    "steps" : false
  },
  "lastModified" : "01/14/18 00:15:04",
  "startTime" : "01/13/18 23:27:01",
  "originalStartTime" : "01/13/18 23:27:01",
  "originalDuration" : 2047000,
  "hasGps" : false,
  "shouldFetchDetails" : false
},{
  "logId" : 11805528448,
  "activityName" : "Walk",
  "activityTypeId" : 90013,
  "activityLevel" : [{
    "minutes" : 4,
    "name" : "sedentary"
  },{
    "minutes" : 14,
    "name" : "lightly"
  },{
    "minutes" : 0,
    "name" : "fairly"
  },{
    "minutes" : 0,
    "name" : "very"
  }],
  "calories" : 77,
  "duration" : 1126000,
  "activeDuration" : 1126000,
  "steps" : 1109,
  "logType" : "auto_detected",
  "manualValuesSpecified" : {
    "calories" : false,
    "distance" : false,
    "steps" : false
  },
  "lastModified" : "01/14/18 03:53:25",
  "startTime" : "01/14/18 02:59:29",
  "originalStartTime" : "01/14/18 02:59:29",
  "originalDuration" : 1126000,
  "hasGps" : false,
  "shouldFetchDetails" : false
},{
  "logId" : 11814022509,
  "activityName" : "Walk",
  "activityTypeId" : 90013,
  "activityLevel" : [{
    "minutes" : 1,
    "name" : "sedentary"
  },{
    "minutes" : 0,
    "name" : "lightly"
  },{
    "minutes" : 0,
    "name" : "fairly"
  },{
    "minutes" : 19,
    "name" : "very"
  }],
  "calories" : 123,
  "duration" : 1228000,
  "activeDuration" : 1228000,
  "steps" : 2049,
  "logType" : "auto_detected",
  "manualValuesSpecified" : {
    "calories" : false,
    "distance" : false,
    "steps" : false
  },
  "lastModified" : "01/14/18 18:48:14",
  "startTime" : "01/14/18 18:13:25",
  "originalStartTime" : "01/14/18 18:13:25",
  "originalDuration" : 1228000,
  "hasGps" : false,
  "shouldFetchDetails" : false
},{
  "logId" : 11815294269,
  "activityName" : "Walk",
  "activityTypeId" : 90013,
  "activityLevel" : [{
    "minutes" : 0,
    "name" : "sedentary"
  },{
    "minutes" : 2,
    "name" : "lightly"
  },{
    "minutes" : 1,
    "name" : "fairly"
  },{
    "minutes" : 18,
    "name" : "very"
  }],
  "calories" : 120,
  "duration" : 1280000,
  "activeDuration" : 1280000,
  "steps" : 1954,
  "logType" : "auto_detected",
  "manualValuesSpecified" : {
    "calories" : false,
    "distance" : false,
    "steps" : false
  },
  "lastModified" : "01/14/18 20:34:50",
  "startTime" : "01/14/18 19:57:31",
  "originalStartTime" : "01/14/18 19:57:31",
  "originalDuration" : 1280000,
  "hasGps" : false,
  "shouldFetchDetails" : false
},{
  "logId" : 11837537870,
  "activityName" : "Walk",
  "activityTypeId" : 90013,
  "activityLevel" : [{
    "minutes" : 10,
    "name" : "sedentary"
  },{
    "minutes" : 26,
    "name" : "lightly"
  },{
    "minutes" : 39,
    "name" : "fairly"
  },{
    "minutes" : 53,
    "name" : "very"
  }],
  "calories" : 574,
  "duration" : 7680000,
  "activeDuration" : 7680000,
  "steps" : 8607,
  "logType" : "auto_detected",
  "manualValuesSpecified" : {
    "calories" : false,
    "distance" : false,
    "steps" : false
  },
  "lastModified" : "01/16/18 02:15:52",
  "startTime" : "01/15/18 21:45:28",
  "originalStartTime" : "01/15/18 21:45:28",
  "originalDuration" : 7680000,
  "hasGps" : false,
  "shouldFetchDetails" : false
},{
  "logId" : 11849795380,
  "activityName" : "Elliptical",
  "activityTypeId" : 20047,
  "activityLevel" : [{
    "minutes" : 0,
    "name" : "sedentary"
  },{
    "minutes" : 0,
    "name" : "lightly"
  },{
    "minutes" : 2,
    "name" : "fairly"
  },{
    "minutes" : 33,
    "name" : "very"
  }],
  "calories" : 273,
  "duration" : 2099000,
  "activeDuration" : 2099000,
  "steps" : 4221,
  "logType" : "auto_detected",
  "manualValuesSpecified" : {
    "calories" : false,
    "distance" : false,
    "steps" : false
  },
  "lastModified" : "01/16/18 19:40:21",
  "startTime" : "01/16/18 18:56:06",
  "originalStartTime" : "01/16/18 18:56:06",
  "originalDuration" : 2099000,
  "hasGps" : false,
  "shouldFetchDetails" : false
},{
  "logId" : 11850330918,
  "activityName" : "Walk",
  "activityTypeId" : 90013,
  "activityLevel" : [{
    "minutes" : 0,
    "name" : "sedentary"
  },{
    "minutes" : 2,
    "name" : "lightly"
  },{
    "minutes" : 2,
    "name" : "fairly"
  },{
    "minutes" : 11,
    "name" : "very"
  }],
  "calories" : 89,
  "duration" : 921000,
  "activeDuration" : 921000,
  "steps" : 1450,
  "logType" : "auto_detected",
  "manualValuesSpecified" : {
    "calories" : false,
    "distance" : false,
    "steps" : false
  },
  "lastModified" : "01/16/18 19:55:37",
  "startTime" : "01/16/18 19:31:05",
  "originalStartTime" : "01/16/18 19:31:05",
  "originalDuration" : 921000,
  "hasGps" : false,
  "shouldFetchDetails" : false
},{
  "logId" : 11854275281,
  "activityName" : "Walk",
  "activityTypeId" : 90013,
  "activityLevel" : [{
    "minutes" : 0,
    "name" : "sedentary"
  },{
    "minutes" : 1,
    "name" : "lightly"
  },{
    "minutes" : 3,
    "name" : "fairly"
  },{
    "minutes" : 16,
    "name" : "very"
  }],
  "calories" : 120,
  "duration" : 1228000,
  "activeDuration" : 1228000,
  "steps" : 1963,
  "logType" : "auto_detected",
  "manualValuesSpecified" : {
    "calories" : false,
    "distance" : false,
    "steps" : false
  },
  "lastModified" : "01/16/18 20:56:43",
  "startTime" : "01/16/18 20:29:58",
  "originalStartTime" : "01/16/18 20:29:58",
  "originalDuration" : 1228000,
  "hasGps" : false,
  "shouldFetchDetails" : false
},{
  "logId" : 11868735915,
  "activityName" : "Walk",
  "activityTypeId" : 90013,
  "activityLevel" : [{
    "minutes" : 0,
    "name" : "sedentary"
  },{
    "minutes" : 0,
    "name" : "lightly"
  },{
    "minutes" : 1,
    "name" : "fairly"
  },{
    "minutes" : 18,
    "name" : "very"
  }],
  "calories" : 120,
  "duration" : 1178000,
  "activeDuration" : 1178000,
  "steps" : 2001,
  "logType" : "auto_detected",
  "manualValuesSpecified" : {
    "calories" : false,
    "distance" : false,
    "steps" : false
  },
  "lastModified" : "01/17/18 17:24:01",
  "startTime" : "01/17/18 03:12:43",
  "originalStartTime" : "01/17/18 03:12:43",
  "originalDuration" : 1178000,
  "hasGps" : false,
  "shouldFetchDetails" : false
},{
  "logId" : 11878816253,
  "activityName" : "Walk",
  "activityTypeId" : 90013,
  "activityLevel" : [{
    "minutes" : 0,
    "name" : "sedentary"
  },{
    "minutes" : 1,
    "name" : "lightly"
  },{
    "minutes" : 2,
    "name" : "fairly"
  },{
    "minutes" : 15,
    "name" : "very"
  }],
  "calories" : 108,
  "duration" : 1127000,
  "activeDuration" : 1127000,
  "steps" : 1769,
  "logType" : "auto_detected",
  "manualValuesSpecified" : {
    "calories" : false,
    "distance" : false,
    "steps" : false
  },
  "lastModified" : "01/18/18 00:55:57",
  "startTime" : "01/17/18 19:03:21",
  "originalStartTime" : "01/17/18 19:03:21",
  "originalDuration" : 1127000,
  "hasGps" : false,
  "shouldFetchDetails" : false
},{
  "logId" : 11889971383,
  "activityName" : "Walk",
  "activityTypeId" : 90013,
  "activityLevel" : [{
    "minutes" : 0,
    "name" : "sedentary"
  },{
    "minutes" : 1,
    "name" : "lightly"
  },{
    "minutes" : 3,
    "name" : "fairly"
  },{
    "minutes" : 14,
    "name" : "very"
  }],
  "calories" : 111,
  "duration" : 1076000,
  "activeDuration" : 1076000,
  "steps" : 1849,
  "logType" : "auto_detected",
  "manualValuesSpecified" : {
    "calories" : false,
    "distance" : false,
    "steps" : false
  },
  "lastModified" : "01/18/18 17:33:47",
  "startTime" : "01/18/18 01:58:56",
  "originalStartTime" : "01/18/18 01:58:56",
  "originalDuration" : 1076000,
  "hasGps" : false,
  "shouldFetchDetails" : false
},{
  "logId" : 11889971385,
  "activityName" : "Walk",
  "activityTypeId" : 90013,
  "activityLevel" : [{
    "minutes" : 0,
    "name" : "sedentary"
  },{
    "minutes" : 0,
    "name" : "lightly"
  },{
    "minutes" : 3,
    "name" : "fairly"
  },{
    "minutes" : 18,
    "name" : "very"
  }],
  "calories" : 124,
  "duration" : 1280000,
  "activeDuration" : 1280000,
  "steps" : 2022,
  "logType" : "auto_detected",
  "manualValuesSpecified" : {
    "calories" : false,
    "distance" : false,
    "steps" : false
  },
  "lastModified" : "01/18/18 17:33:47",
  "startTime" : "01/18/18 04:31:41",
  "originalStartTime" : "01/18/18 04:31:41",
  "originalDuration" : 1280000,
  "hasGps" : false,
  "shouldFetchDetails" : false
},{
  "logId" : 11891020801,
  "activityName" : "Walk",
  "activityTypeId" : 90013,
  "activityLevel" : [{
    "minutes" : 1,
    "name" : "sedentary"
  },{
    "minutes" : 1,
    "name" : "lightly"
  },{
    "minutes" : 1,
    "name" : "fairly"
  },{
    "minutes" : 13,
    "name" : "very"
  }],
  "calories" : 97,
  "duration" : 969000,
  "activeDuration" : 969000,
  "steps" : 1593,
  "logType" : "auto_detected",
  "manualValuesSpecified" : {
    "calories" : false,
    "distance" : false,
    "steps" : false
  },
  "lastModified" : "01/18/18 18:34:57",
  "startTime" : "01/18/18 18:09:10",
  "originalStartTime" : "01/18/18 18:09:10",
  "originalDuration" : 969000,
  "hasGps" : false,
  "shouldFetchDetails" : false
},{
  "logId" : 11903571231,
  "activityName" : "Walk",
  "activityTypeId" : 90013,
  "activityLevel" : [{
    "minutes" : 0,
    "name" : "sedentary"
  },{
    "minutes" : 1,
    "name" : "lightly"
  },{
    "minutes" : 5,
    "name" : "fairly"
  },{
    "minutes" : 18,
    "name" : "very"
  }],
  "calories" : 146,
  "duration" : 1485000,
  "activeDuration" : 1485000,
  "steps" : 2414,
  "logType" : "auto_detected",
  "manualValuesSpecified" : {
    "calories" : false,
    "distance" : false,
    "steps" : false
  },
  "lastModified" : "01/19/18 07:47:48",
  "startTime" : "01/18/18 23:35:56",
  "originalStartTime" : "01/18/18 23:35:56",
  "originalDuration" : 1485000,
  "hasGps" : false,
  "shouldFetchDetails" : false
},{
  "logId" : 11903571233,
  "activityName" : "Aerobic Workout",
  "activityTypeId" : 3001,
  "activityLevel" : [{
    "minutes" : 2,
    "name" : "sedentary"
  },{
    "minutes" : 4,
    "name" : "lightly"
  },{
    "minutes" : 3,
    "name" : "fairly"
  },{
    "minutes" : 54,
    "name" : "very"
  }],
  "calories" : 406,
  "duration" : 3789000,
  "activeDuration" : 3789000,
  "steps" : 6634,
  "logType" : "auto_detected",
  "manualValuesSpecified" : {
    "calories" : false,
    "distance" : false,
    "steps" : false
  },
  "lastModified" : "01/19/18 07:47:48",
  "startTime" : "01/19/18 02:47:05",
  "originalStartTime" : "01/19/18 02:47:05",
  "originalDuration" : 3789000,
  "hasGps" : false,
  "shouldFetchDetails" : false
},{
  "logId" : 11903571234,
  "activityName" : "Aerobic Workout",
  "activityTypeId" : 3001,
  "activityLevel" : [{
    "minutes" : 0,
    "name" : "sedentary"
  },{
    "minutes" : 2,
    "name" : "lightly"
  },{
    "minutes" : 2,
    "name" : "fairly"
  },{
    "minutes" : 13,
    "name" : "very"
  }],
  "calories" : 100,
  "duration" : 1075000,
  "activeDuration" : 1075000,
  "steps" : 1614,
  "logType" : "auto_detected",
  "manualValuesSpecified" : {
    "calories" : false,
    "distance" : false,
    "steps" : false
  },
  "lastModified" : "01/19/18 07:48:16",
  "startTime" : "01/19/18 03:50:14",
  "originalStartTime" : "01/19/18 03:50:14",
  "originalDuration" : 1075000,
  "hasGps" : false,
  "shouldFetchDetails" : false
},{
  "logId" : 11912855657,
  "activityName" : "Walk",
  "activityTypeId" : 90013,
  "activityLevel" : [{
    "minutes" : 5,
    "name" : "sedentary"
  },{
    "minutes" : 10,
    "name" : "lightly"
  },{
    "minutes" : 3,
    "name" : "fairly"
  },{
    "minutes" : 11,
    "name" : "very"
  }],
  "calories" : 137,
  "duration" : 1793000,
  "activeDuration" : 1793000,
  "steps" : 2133,
  "logType" : "auto_detected",
  "manualValuesSpecified" : {
    "calories" : false,
    "distance" : false,
    "steps" : false
  },
  "lastModified" : "01/19/18 19:31:15",
  "startTime" : "01/19/18 18:53:07",
  "originalStartTime" : "01/19/18 18:53:07",
  "originalDuration" : 1793000,
  "hasGps" : false,
  "shouldFetchDetails" : false
},{
  "logId" : 11927862462,
  "activityName" : "Walk",
  "activityTypeId" : 90013,
  "activityLevel" : [{
    "minutes" : 0,
    "name" : "sedentary"
  },{
    "minutes" : 2,
    "name" : "lightly"
  },{
    "minutes" : 7,
    "name" : "fairly"
  },{
    "minutes" : 12,
    "name" : "very"
  }],
  "calories" : 111,
  "duration" : 1280000,
  "activeDuration" : 1280000,
  "steps" : 1785,
  "logType" : "auto_detected",
  "manualValuesSpecified" : {
    "calories" : false,
    "distance" : false,
    "steps" : false
  },
  "lastModified" : "01/20/18 17:52:34",
  "startTime" : "01/19/18 21:58:18",
  "originalStartTime" : "01/19/18 21:58:18",
  "originalDuration" : 1280000,
  "hasGps" : false,
  "shouldFetchDetails" : false
},{
  "logId" : 11927862463,
  "activityName" : "Walk",
  "activityTypeId" : 90013,
  "activityLevel" : [{
    "minutes" : 0,
    "name" : "sedentary"
  },{
    "minutes" : 1,
    "name" : "lightly"
  },{
    "minutes" : 1,
    "name" : "fairly"
  },{
    "minutes" : 15,
    "name" : "very"
  }],
  "calories" : 108,
  "duration" : 1024000,
  "activeDuration" : 1024000,
  "steps" : 1800,
  "logType" : "auto_detected",
  "manualValuesSpecified" : {
    "calories" : false,
    "distance" : false,
    "steps" : false
  },
  "lastModified" : "01/20/18 17:52:34",
  "startTime" : "01/20/18 00:39:35",
  "originalStartTime" : "01/20/18 00:39:35",
  "originalDuration" : 1024000,
  "hasGps" : false,
  "shouldFetchDetails" : false
},{
  "logId" : 11927862464,
  "activityName" : "Walk",
  "activityTypeId" : 90013,
  "activityLevel" : [{
    "minutes" : 0,
    "name" : "sedentary"
  },{
    "minutes" : 1,
    "name" : "lightly"
  },{
    "minutes" : 3,
    "name" : "fairly"
  },{
    "minutes" : 12,
    "name" : "very"
  }],
  "calories" : 95,
  "duration" : 973000,
  "activeDuration" : 973000,
  "steps" : 1539,
  "logType" : "auto_detected",
  "manualValuesSpecified" : {
    "calories" : false,
    "distance" : false,
    "steps" : false
  },
  "lastModified" : "01/20/18 17:52:34",
  "startTime" : "01/20/18 03:49:01",
  "originalStartTime" : "01/20/18 03:49:01",
  "originalDuration" : 973000,
  "hasGps" : false,
  "shouldFetchDetails" : false
},{
  "logId" : 11927862465,
  "activityName" : "Walk",
  "activityTypeId" : 90013,
  "activityLevel" : [{
    "minutes" : 1,
    "name" : "sedentary"
  },{
    "minutes" : 1,
    "name" : "lightly"
  },{
    "minutes" : 0,
    "name" : "fairly"
  },{
    "minutes" : 14,
    "name" : "very"
  }],
  "calories" : 96,
  "duration" : 972000,
  "activeDuration" : 972000,
  "steps" : 1572,
  "logType" : "auto_detected",
  "manualValuesSpecified" : {
    "calories" : false,
    "distance" : false,
    "steps" : false
  },
  "lastModified" : "01/20/18 17:52:34",
  "startTime" : "01/20/18 05:58:44",
  "originalStartTime" : "01/20/18 05:58:44",
  "originalDuration" : 972000,
  "hasGps" : false,
  "shouldFetchDetails" : false
},{
  "logId" : 11927862467,
  "activityName" : "Walk",
  "activityTypeId" : 90013,
  "activityLevel" : [{
    "minutes" : 0,
    "name" : "sedentary"
  },{
    "minutes" : 2,
    "name" : "lightly"
  },{
    "minutes" : 2,
    "name" : "fairly"
  },{
    "minutes" : 14,
    "name" : "very"
  }],
  "calories" : 110,
  "duration" : 1127000,
  "activeDuration" : 1127000,
  "steps" : 1740,
  "logType" : "auto_detected",
  "manualValuesSpecified" : {
    "calories" : false,
    "distance" : false,
    "steps" : false
  },
  "lastModified" : "01/20/18 17:52:35",
  "startTime" : "01/20/18 10:56:32",
  "originalStartTime" : "01/20/18 10:56:32",
  "originalDuration" : 1127000,
  "hasGps" : false,
  "shouldFetchDetails" : false
},{
  "logId" : 11943142508,
  "activityName" : "Walk",
  "activityTypeId" : 90013,
  "activityLevel" : [{
    "minutes" : 0,
    "name" : "sedentary"
  },{
    "minutes" : 4,
    "name" : "lightly"
  },{
    "minutes" : 5,
    "name" : "fairly"
  },{
    "minutes" : 18,
    "name" : "very"
  }],
  "calories" : 150,
  "duration" : 1639000,
  "activeDuration" : 1639000,
  "steps" : 2415,
  "logType" : "auto_detected",
  "manualValuesSpecified" : {
    "calories" : false,
    "distance" : false,
    "steps" : false
  },
  "lastModified" : "01/21/18 17:25:51",
  "startTime" : "01/20/18 20:03:32",
  "originalStartTime" : "01/20/18 20:03:32",
  "originalDuration" : 1639000,
  "hasGps" : false,
  "shouldFetchDetails" : false
},{
  "logId" : 11943142509,
  "activityName" : "Walk",
  "activityTypeId" : 90013,
  "activityLevel" : [{
    "minutes" : 5,
    "name" : "sedentary"
  },{
    "minutes" : 12,
    "name" : "lightly"
  },{
    "minutes" : 0,
    "name" : "fairly"
  },{
    "minutes" : 0,
    "name" : "very"
  }],
  "calories" : 68,
  "duration" : 1024000,
  "activeDuration" : 1024000,
  "steps" : 1007,
  "logType" : "auto_detected",
  "manualValuesSpecified" : {
    "calories" : false,
    "distance" : false,
    "steps" : false
  },
  "lastModified" : "01/21/18 17:25:51",
  "startTime" : "01/20/18 21:12:39",
  "originalStartTime" : "01/20/18 21:12:39",
  "originalDuration" : 1024000,
  "hasGps" : false,
  "shouldFetchDetails" : false
},{
  "logId" : 11943142511,
  "activityName" : "Walk",
  "activityTypeId" : 90013,
  "activityLevel" : [{
    "minutes" : 0,
    "name" : "sedentary"
  },{
    "minutes" : 1,
    "name" : "lightly"
  },{
    "minutes" : 3,
    "name" : "fairly"
  },{
    "minutes" : 20,
    "name" : "very"
  }],
  "calories" : 154,
  "duration" : 1434000,
  "activeDuration" : 1434000,
  "steps" : 2546,
  "logType" : "auto_detected",
  "manualValuesSpecified" : {
    "calories" : false,
    "distance" : false,
    "steps" : false
  },
  "lastModified" : "01/21/18 17:25:51",
  "startTime" : "01/20/18 23:33:27",
  "originalStartTime" : "01/20/18 23:33:27",
  "originalDuration" : 1434000,
  "hasGps" : false,
  "shouldFetchDetails" : false
},{
  "logId" : 11943142512,
  "activityName" : "Walk",
  "activityTypeId" : 90013,
  "activityLevel" : [{
    "minutes" : 4,
    "name" : "sedentary"
  },{
    "minutes" : 6,
    "name" : "lightly"
  },{
    "minutes" : 1,
    "name" : "fairly"
  },{
    "minutes" : 25,
    "name" : "very"
  }],
  "calories" : 196,
  "duration" : 2202000,
  "activeDuration" : 2202000,
  "steps" : 3203,
  "logType" : "auto_detected",
  "manualValuesSpecified" : {
    "calories" : false,
    "distance" : false,
    "steps" : false
  },
  "lastModified" : "01/21/18 17:25:51",
  "startTime" : "01/21/18 00:40:01",
  "originalStartTime" : "01/21/18 00:40:01",
  "originalDuration" : 2202000,
  "hasGps" : false,
  "shouldFetchDetails" : false
},{
  "logId" : 11943142514,
  "activityName" : "Walk",
  "activityTypeId" : 90013,
  "activityLevel" : [{
    "minutes" : 0,
    "name" : "sedentary"
  },{
    "minutes" : 1,
    "name" : "lightly"
  },{
    "minutes" : 0,
    "name" : "fairly"
  },{
    "minutes" : 29,
    "name" : "very"
  }],
  "calories" : 198,
  "duration" : 1843000,
  "activeDuration" : 1843000,
  "steps" : 3319,
  "logType" : "auto_detected",
  "manualValuesSpecified" : {
    "calories" : false,
    "distance" : false,
    "steps" : false
  },
  "lastModified" : "01/21/18 17:25:51",
  "startTime" : "01/21/18 01:40:36",
  "originalStartTime" : "01/21/18 01:40:36",
  "originalDuration" : 1843000,
  "hasGps" : false,
  "shouldFetchDetails" : false
},{
  "logId" : 11957936262,
  "activityName" : "Walk",
  "activityTypeId" : 90013,
  "activityLevel" : [{
    "minutes" : 1,
    "name" : "sedentary"
  },{
    "minutes" : 1,
    "name" : "lightly"
  },{
    "minutes" : 6,
    "name" : "fairly"
  },{
    "minutes" : 20,
    "name" : "very"
  }],
  "calories" : 158,
  "duration" : 1690000,
  "activeDuration" : 1690000,
  "steps" : 2593,
  "logType" : "auto_detected",
  "manualValuesSpecified" : {
    "calories" : false,
    "distance" : false,
    "steps" : false
  },
  "lastModified" : "01/22/18 15:49:36",
  "startTime" : "01/21/18 20:22:45",
  "originalStartTime" : "01/21/18 20:22:45",
  "originalDuration" : 1690000,
  "hasGps" : false,
  "shouldFetchDetails" : false
},{
  "logId" : 11957936263,
  "activityName" : "Walk",
  "activityTypeId" : 90013,
  "activityLevel" : [{
    "minutes" : 0,
    "name" : "sedentary"
  },{
    "minutes" : 1,
    "name" : "lightly"
  },{
    "minutes" : 4,
    "name" : "fairly"
  },{
    "minutes" : 20,
    "name" : "very"
  }],
  "calories" : 152,
  "duration" : 1536000,
  "activeDuration" : 1536000,
  "steps" : 2506,
  "logType" : "auto_detected",
  "manualValuesSpecified" : {
    "calories" : false,
    "distance" : false,
    "steps" : false
  },
  "lastModified" : "01/22/18 15:49:36",
  "startTime" : "01/21/18 22:10:16",
  "originalStartTime" : "01/21/18 22:10:16",
  "originalDuration" : 1536000,
  "hasGps" : false,
  "shouldFetchDetails" : false
},{
  "logId" : 11957936264,
  "activityName" : "Walk",
  "activityTypeId" : 90013,
  "activityLevel" : [{
    "minutes" : 0,
    "name" : "sedentary"
  },{
    "minutes" : 1,
    "name" : "lightly"
  },{
    "minutes" : 2,
    "name" : "fairly"
  },{
    "minutes" : 18,
    "name" : "very"
  }],
  "calories" : 129,
  "duration" : 1280000,
  "activeDuration" : 1280000,
  "steps" : 2131,
  "logType" : "auto_detected",
  "manualValuesSpecified" : {
    "calories" : false,
    "distance" : false,
    "steps" : false
  },
  "lastModified" : "01/22/18 15:49:36",
  "startTime" : "01/22/18 03:48:11",
  "originalStartTime" : "01/22/18 03:48:11",
  "originalDuration" : 1280000,
  "hasGps" : false,
  "shouldFetchDetails" : false
},{
  "logId" : 11957936265,
  "activityName" : "Walk",
  "activityTypeId" : 90013,
  "activityLevel" : [{
    "minutes" : 0,
    "name" : "sedentary"
  },{
    "minutes" : 1,
    "name" : "lightly"
  },{
    "minutes" : 2,
    "name" : "fairly"
  },{
    "minutes" : 20,
    "name" : "very"
  }],
  "calories" : 144,
  "duration" : 1383000,
  "activeDuration" : 1383000,
  "steps" : 2381,
  "logType" : "auto_detected",
  "manualValuesSpecified" : {
    "calories" : false,
    "distance" : false,
    "steps" : false
  },
  "lastModified" : "01/22/18 15:49:36",
  "startTime" : "01/22/18 06:17:31",
  "originalStartTime" : "01/22/18 06:17:31",
  "originalDuration" : 1383000,
  "hasGps" : false,
  "shouldFetchDetails" : false
},{
  "logId" : 11959149816,
  "activityName" : "Walk",
  "activityTypeId" : 90013,
  "activityLevel" : [{
    "minutes" : 4,
    "name" : "sedentary"
  },{
    "minutes" : 2,
    "name" : "lightly"
  },{
    "minutes" : 9,
    "name" : "fairly"
  },{
    "minutes" : 27,
    "name" : "very"
  }],
  "calories" : 216,
  "duration" : 2556000,
  "activeDuration" : 2556000,
  "steps" : 3444,
  "logType" : "auto_detected",
  "manualValuesSpecified" : {
    "calories" : false,
    "distance" : false,
    "steps" : false
  },
  "lastModified" : "01/22/18 17:05:59",
  "startTime" : "01/22/18 16:06:19",
  "originalStartTime" : "01/22/18 16:06:19",
  "originalDuration" : 2556000,
  "hasGps" : false,
  "shouldFetchDetails" : false
},{
  "logId" : 11973587245,
  "activityName" : "Walk",
  "activityTypeId" : 90013,
  "activityLevel" : [{
    "minutes" : 0,
    "name" : "sedentary"
  },{
    "minutes" : 2,
    "name" : "lightly"
  },{
    "minutes" : 1,
    "name" : "fairly"
  },{
    "minutes" : 14,
    "name" : "very"
  }],
  "calories" : 104,
  "duration" : 1024000,
  "activeDuration" : 1024000,
  "steps" : 1685,
  "logType" : "auto_detected",
  "manualValuesSpecified" : {
    "calories" : false,
    "distance" : false,
    "steps" : false
  },
  "lastModified" : "01/23/18 06:11:21",
  "startTime" : "01/23/18 00:04:12",
  "originalStartTime" : "01/23/18 00:04:12",
  "originalDuration" : 1024000,
  "hasGps" : false,
  "shouldFetchDetails" : false
},{
  "logId" : 11973587247,
  "activityName" : "Elliptical",
  "activityTypeId" : 20047,
  "activityLevel" : [{
    "minutes" : 0,
    "name" : "sedentary"
  },{
    "minutes" : 1,
    "name" : "lightly"
  },{
    "minutes" : 2,
    "name" : "fairly"
  },{
    "minutes" : 26,
    "name" : "very"
  }],
  "calories" : 191,
  "duration" : 1741000,
  "activeDuration" : 1741000,
  "steps" : 3182,
  "logType" : "auto_detected",
  "manualValuesSpecified" : {
    "calories" : false,
    "distance" : false,
    "steps" : false
  },
  "lastModified" : "01/23/18 06:11:21",
  "startTime" : "01/23/18 02:39:30",
  "originalStartTime" : "01/23/18 02:39:30",
  "originalDuration" : 1741000,
  "hasGps" : false,
  "shouldFetchDetails" : false
},{
  "logId" : 11992975631,
  "activityName" : "Walk",
  "activityTypeId" : 90013,
  "activityLevel" : [{
    "minutes" : 1,
    "name" : "sedentary"
  },{
    "minutes" : 1,
    "name" : "lightly"
  },{
    "minutes" : 1,
    "name" : "fairly"
  },{
    "minutes" : 13,
    "name" : "very"
  }],
  "calories" : 97,
  "duration" : 973000,
  "activeDuration" : 973000,
  "steps" : 1600,
  "logType" : "auto_detected",
  "manualValuesSpecified" : {
    "calories" : false,
    "distance" : false,
    "steps" : false
  },
  "lastModified" : "01/24/18 04:40:43",
  "startTime" : "01/23/18 16:45:10",
  "originalStartTime" : "01/23/18 16:45:10",
  "originalDuration" : 973000,
  "hasGps" : false,
  "shouldFetchDetails" : false
},{
  "logId" : 11992975632,
  "activityName" : "Walk",
  "activityTypeId" : 90013,
  "activityLevel" : [{
    "minutes" : 1,
    "name" : "sedentary"
  },{
    "minutes" : 0,
    "name" : "lightly"
  },{
    "minutes" : 3,
    "name" : "fairly"
  },{
    "minutes" : 16,
    "name" : "very"
  }],
  "calories" : 123,
  "duration" : 1229000,
  "activeDuration" : 1229000,
  "steps" : 2035,
  "logType" : "auto_detected",
  "manualValuesSpecified" : {
    "calories" : false,
    "distance" : false,
    "steps" : false
  },
  "lastModified" : "01/24/18 04:40:43",
  "startTime" : "01/23/18 18:30:07",
  "originalStartTime" : "01/23/18 18:30:07",
  "originalDuration" : 1229000,
  "hasGps" : false,
  "shouldFetchDetails" : false
},{
  "logId" : 11992975634,
  "activityName" : "Walk",
  "activityTypeId" : 90013,
  "activityLevel" : [{
    "minutes" : 1,
    "name" : "sedentary"
  },{
    "minutes" : 0,
    "name" : "lightly"
  },{
    "minutes" : 5,
    "name" : "fairly"
  },{
    "minutes" : 12,
    "name" : "very"
  }],
  "calories" : 101,
  "duration" : 1126000,
  "activeDuration" : 1126000,
  "steps" : 1631,
  "logType" : "auto_detected",
  "manualValuesSpecified" : {
    "calories" : false,
    "distance" : false,
    "steps" : false
  },
  "lastModified" : "01/24/18 04:40:43",
  "startTime" : "01/23/18 20:23:37",
  "originalStartTime" : "01/23/18 20:23:37",
  "originalDuration" : 1126000,
  "hasGps" : false,
  "shouldFetchDetails" : false
},{
  "logId" : 11992975636,
  "activityName" : "Walk",
  "activityTypeId" : 90013,
  "activityLevel" : [{
    "minutes" : 2,
    "name" : "sedentary"
  },{
    "minutes" : 4,
    "name" : "lightly"
  },{
    "minutes" : 6,
    "name" : "fairly"
  },{
    "minutes" : 30,
    "name" : "very"
  }],
  "calories" : 229,
  "duration" : 2560000,
  "activeDuration" : 2560000,
  "steps" : 3667,
  "logType" : "auto_detected",
  "manualValuesSpecified" : {
    "calories" : false,
    "distance" : false,
    "steps" : false
  },
  "lastModified" : "01/24/18 04:40:43",
  "startTime" : "01/24/18 02:04:06",
  "originalStartTime" : "01/24/18 02:04:06",
  "originalDuration" : 2560000,
  "hasGps" : false,
  "shouldFetchDetails" : false
},{
  "logId" : 11992975637,
  "activityName" : "Aerobic Workout",
  "activityTypeId" : 3001,
  "activityLevel" : [{
    "minutes" : 0,
    "name" : "sedentary"
  },{
    "minutes" : 2,
    "name" : "lightly"
  },{
    "minutes" : 2,
    "name" : "fairly"
  },{
    "minutes" : 56,
    "name" : "very"
  }],
  "calories" : 411,
  "duration" : 3584000,
  "activeDuration" : 3584000,
  "steps" : 6809,
  "logType" : "auto_detected",
  "manualValuesSpecified" : {
    "calories" : false,
    "distance" : false,
    "steps" : false
  },
  "lastModified" : "01/24/18 04:40:43",
  "startTime" : "01/24/18 02:46:46",
  "originalStartTime" : "01/24/18 02:46:46",
  "originalDuration" : 3584000,
  "hasGps" : false,
  "shouldFetchDetails" : false
},{
  "logId" : 12022732059,
  "activityName" : "Walk",
  "activityTypeId" : 90013,
  "activityLevel" : [{
    "minutes" : 1,
    "name" : "sedentary"
  },{
    "minutes" : 1,
    "name" : "lightly"
  },{
    "minutes" : 2,
    "name" : "fairly"
  },{
    "minutes" : 15,
    "name" : "very"
  }],
  "calories" : 113,
  "duration" : 1177000,
  "activeDuration" : 1177000,
  "steps" : 1865,
  "logType" : "auto_detected",
  "manualValuesSpecified" : {
    "calories" : false,
    "distance" : false,
    "steps" : false
  },
  "lastModified" : "01/25/18 18:51:06",
  "startTime" : "01/24/18 17:52:10",
  "originalStartTime" : "01/24/18 17:52:10",
  "originalDuration" : 1177000,
  "hasGps" : false,
  "shouldFetchDetails" : false
},{
  "logId" : 12022732061,
  "activityName" : "Walk",
  "activityTypeId" : 90013,
  "activityLevel" : [{
    "minutes" : 1,
    "name" : "sedentary"
  },{
    "minutes" : 3,
    "name" : "lightly"
  },{
    "minutes" : 8,
    "name" : "fairly"
  },{
    "minutes" : 20,
    "name" : "very"
  }],
  "calories" : 173,
  "duration" : 1946000,
  "activeDuration" : 1946000,
  "steps" : 2798,
  "logType" : "auto_detected",
  "manualValuesSpecified" : {
    "calories" : false,
    "distance" : false,
    "steps" : false
  },
  "lastModified" : "01/25/18 18:51:06",
  "startTime" : "01/25/18 02:18:11",
  "originalStartTime" : "01/25/18 02:18:11",
  "originalDuration" : 1946000,
  "hasGps" : false,
  "shouldFetchDetails" : false
},{
  "logId" : 12022732062,
  "activityName" : "Walk",
  "activityTypeId" : 90013,
  "activityLevel" : [{
    "minutes" : 0,
    "name" : "sedentary"
  },{
    "minutes" : 2,
    "name" : "lightly"
  },{
    "minutes" : 2,
    "name" : "fairly"
  },{
    "minutes" : 14,
    "name" : "very"
  }],
  "calories" : 103,
  "duration" : 1075000,
  "activeDuration" : 1075000,
  "steps" : 1658,
  "logType" : "auto_detected",
  "manualValuesSpecified" : {
    "calories" : false,
    "distance" : false,
    "steps" : false
  },
  "lastModified" : "01/25/18 18:51:06",
  "startTime" : "01/25/18 03:41:49",
  "originalStartTime" : "01/25/18 03:41:49",
  "originalDuration" : 1075000,
  "hasGps" : false,
  "shouldFetchDetails" : false
},{
  "logId" : 12022732064,
  "activityName" : "Walk",
  "activityTypeId" : 90013,
  "activityLevel" : [{
    "minutes" : 0,
    "name" : "sedentary"
  },{
    "minutes" : 2,
    "name" : "lightly"
  },{
    "minutes" : 2,
    "name" : "fairly"
  },{
    "minutes" : 16,
    "name" : "very"
  }],
  "calories" : 120,
  "duration" : 1228000,
  "activeDuration" : 1228000,
  "steps" : 1961,
  "logType" : "auto_detected",
  "manualValuesSpecified" : {
    "calories" : false,
    "distance" : false,
    "steps" : false
  },
  "lastModified" : "01/25/18 18:51:06",
  "startTime" : "01/25/18 16:33:14",
  "originalStartTime" : "01/25/18 16:33:14",
  "originalDuration" : 1228000,
  "hasGps" : false,
  "shouldFetchDetails" : false
},{
  "logId" : 12030868192,
  "activityName" : "Walk",
  "activityTypeId" : 90013,
  "activityLevel" : [{
    "minutes" : 0,
    "name" : "sedentary"
  },{
    "minutes" : 1,
    "name" : "lightly"
  },{
    "minutes" : 3,
    "name" : "fairly"
  },{
    "minutes" : 14,
    "name" : "very"
  }],
  "calories" : 113,
  "duration" : 1075000,
  "activeDuration" : 1075000,
  "steps" : 1853,
  "logType" : "auto_detected",
  "manualValuesSpecified" : {
    "calories" : false,
    "distance" : false,
    "steps" : false
  },
  "lastModified" : "01/26/18 02:59:21",
  "startTime" : "01/26/18 00:17:27",
  "originalStartTime" : "01/26/18 00:17:27",
  "originalDuration" : 1075000,
  "hasGps" : false,
  "shouldFetchDetails" : false
},{
  "logId" : 12039234267,
  "activityName" : "Walk",
  "activityTypeId" : 90013,
  "activityLevel" : [{
    "minutes" : 0,
    "name" : "sedentary"
  },{
    "minutes" : 1,
    "name" : "lightly"
  },{
    "minutes" : 9,
    "name" : "fairly"
  },{
    "minutes" : 13,
    "name" : "very"
  }],
  "calories" : 124,
  "duration" : 1434000,
  "activeDuration" : 1434000,
  "steps" : 1996,
  "logType" : "auto_detected",
  "manualValuesSpecified" : {
    "calories" : false,
    "distance" : false,
    "steps" : false
  },
  "lastModified" : "01/26/18 16:05:52",
  "startTime" : "01/26/18 06:38:53",
  "originalStartTime" : "01/26/18 06:38:53",
  "originalDuration" : 1434000,
  "hasGps" : false,
  "shouldFetchDetails" : false
},{
  "logId" : 12077418907,
  "activityName" : "Walk",
  "activityTypeId" : 90013,
  "activityLevel" : [{
    "minutes" : 0,
    "name" : "sedentary"
  },{
    "minutes" : 0,
    "name" : "lightly"
  },{
    "minutes" : 2,
    "name" : "fairly"
  },{
    "minutes" : 14,
    "name" : "very"
  }],
  "calories" : 107,
  "duration" : 922000,
  "activeDuration" : 922000,
  "steps" : 1733,
  "logType" : "auto_detected",
  "manualValuesSpecified" : {
    "calories" : false,
    "distance" : false,
    "steps" : false
  },
  "lastModified" : "01/28/18 21:02:29",
  "startTime" : "01/27/18 06:11:58",
  "originalStartTime" : "01/27/18 06:11:58",
  "originalDuration" : 922000,
  "hasGps" : false,
  "shouldFetchDetails" : false
},{
  "logId" : 12077418908,
  "activityName" : "Walk",
  "activityTypeId" : 90013,
  "activityLevel" : [{
    "minutes" : 0,
    "name" : "sedentary"
  },{
    "minutes" : 3,
    "name" : "lightly"
  },{
    "minutes" : 11,
    "name" : "fairly"
  },{
    "minutes" : 51,
    "name" : "very"
  }],
  "calories" : 379,
  "duration" : 3942000,
  "activeDuration" : 3942000,
  "steps" : 6214,
  "logType" : "auto_detected",
  "manualValuesSpecified" : {
    "calories" : false,
    "distance" : false,
    "steps" : false
  },
  "lastModified" : "01/28/18 21:02:29",
  "startTime" : "01/28/18 00:28:30",
  "originalStartTime" : "01/28/18 00:28:30",
  "originalDuration" : 3942000,
  "hasGps" : false,
  "shouldFetchDetails" : false
},{
  "logId" : 12080028869,
  "activityName" : "Walk",
  "activityTypeId" : 90013,
  "activityLevel" : [{
    "minutes" : 2,
    "name" : "sedentary"
  },{
    "minutes" : 10,
    "name" : "lightly"
  },{
    "minutes" : 10,
    "name" : "fairly"
  },{
    "minutes" : 15,
    "name" : "very"
  }],
  "calories" : 169,
  "duration" : 2252000,
  "activeDuration" : 2252000,
  "steps" : 2526,
  "logType" : "auto_detected",
  "manualValuesSpecified" : {
    "calories" : false,
    "distance" : false,
    "steps" : false
  },
  "lastModified" : "01/29/18 00:31:25",
  "startTime" : "01/28/18 22:48:18",
  "originalStartTime" : "01/28/18 22:48:18",
  "originalDuration" : 2252000,
  "hasGps" : false,
  "shouldFetchDetails" : false
},{
  "logId" : 12080028870,
  "activityName" : "Elliptical",
  "activityTypeId" : 20047,
  "activityLevel" : [{
    "minutes" : 0,
    "name" : "sedentary"
  },{
    "minutes" : 1,
    "name" : "lightly"
  },{
    "minutes" : 0,
    "name" : "fairly"
  },{
    "minutes" : 33,
    "name" : "very"
  }],
  "calories" : 220,
  "duration" : 2048000,
  "activeDuration" : 2048000,
  "steps" : 3693,
  "logType" : "auto_detected",
  "manualValuesSpecified" : {
    "calories" : false,
    "distance" : false,
    "steps" : false
  },
  "lastModified" : "01/29/18 00:31:26",
  "startTime" : "01/28/18 23:25:50",
  "originalStartTime" : "01/28/18 23:25:50",
  "originalDuration" : 2048000,
  "hasGps" : false,
  "shouldFetchDetails" : false
},{
  "logId" : 12080028871,
  "activityName" : "Walk",
  "activityTypeId" : 90013,
  "activityLevel" : [{
    "minutes" : 0,
    "name" : "sedentary"
  },{
    "minutes" : 3,
    "name" : "lightly"
  },{
    "minutes" : 4,
    "name" : "fairly"
  },{
    "minutes" : 9,
    "name" : "very"
  }],
  "calories" : 86,
  "duration" : 922000,
  "activeDuration" : 922000,
  "steps" : 1353,
  "logType" : "auto_detected",
  "manualValuesSpecified" : {
    "calories" : false,
    "distance" : false,
    "steps" : false
  },
  "lastModified" : "01/29/18 00:31:26",
  "startTime" : "01/28/18 23:59:58",
  "originalStartTime" : "01/28/18 23:59:58",
  "originalDuration" : 922000,
  "hasGps" : false,
  "shouldFetchDetails" : false
},{
  "logId" : 12090533082,
  "activityName" : "Walk",
  "activityTypeId" : 90013,
  "activityLevel" : [{
    "minutes" : 0,
    "name" : "sedentary"
  },{
    "minutes" : 1,
    "name" : "lightly"
  },{
    "minutes" : 5,
    "name" : "fairly"
  },{
    "minutes" : 14,
    "name" : "very"
  }],
  "calories" : 115,
  "duration" : 1178000,
  "activeDuration" : 1178000,
  "steps" : 1883,
  "logType" : "auto_detected",
  "manualValuesSpecified" : {
    "calories" : false,
    "distance" : false,
    "steps" : false
  },
  "lastModified" : "01/29/18 16:48:05",
  "startTime" : "01/29/18 16:17:54",
  "originalStartTime" : "01/29/18 16:17:54",
  "originalDuration" : 1178000,
  "hasGps" : false,
  "shouldFetchDetails" : false
},{
  "logId" : 12104845061,
  "activityName" : "Walk",
  "activityTypeId" : 90013,
  "activityLevel" : [{
    "minutes" : 0,
    "name" : "sedentary"
  },{
    "minutes" : 1,
    "name" : "lightly"
  },{
    "minutes" : 1,
    "name" : "fairly"
  },{
    "minutes" : 20,
    "name" : "very"
  }],
  "calories" : 132,
  "duration" : 1331000,
  "activeDuration" : 1331000,
  "steps" : 2192,
  "logType" : "auto_detected",
  "manualValuesSpecified" : {
    "calories" : false,
    "distance" : false,
    "steps" : false
  },
  "lastModified" : "01/30/18 05:24:51",
  "startTime" : "01/30/18 04:44:34",
  "originalStartTime" : "01/30/18 04:44:34",
  "originalDuration" : 1331000,
  "hasGps" : false,
  "shouldFetchDetails" : false
},{
  "logId" : 12128008889,
  "activityName" : "Walk",
  "activityTypeId" : 90013,
  "activityLevel" : [{
    "minutes" : 0,
    "name" : "sedentary"
  },{
    "minutes" : 5,
    "name" : "lightly"
  },{
    "minutes" : 3,
    "name" : "fairly"
  },{
    "minutes" : 17,
    "name" : "very"
  }],
  "calories" : 134,
  "duration" : 1536000,
  "activeDuration" : 1536000,
  "steps" : 2087,
  "logType" : "auto_detected",
  "manualValuesSpecified" : {
    "calories" : false,
    "distance" : false,
    "steps" : false
  },
  "lastModified" : "01/31/18 12:08:55",
  "startTime" : "01/30/18 20:38:36",
  "originalStartTime" : "01/30/18 20:38:36",
  "originalDuration" : 1536000,
  "hasGps" : false,
  "shouldFetchDetails" : false
},{
  "logId" : 12128008891,
  "activityName" : "Walk",
  "activityTypeId" : 90013,
  "activityLevel" : [{
    "minutes" : 0,
    "name" : "sedentary"
  },{
    "minutes" : 2,
    "name" : "lightly"
  },{
    "minutes" : 1,
    "name" : "fairly"
  },{
    "minutes" : 16,
    "name" : "very"
  }],
  "calories" : 119,
  "duration" : 1127000,
  "activeDuration" : 1127000,
  "steps" : 1942,
  "logType" : "auto_detected",
  "manualValuesSpecified" : {
    "calories" : false,
    "distance" : false,
    "steps" : false
  },
  "lastModified" : "01/31/18 12:08:55",
  "startTime" : "01/31/18 04:55:14",
  "originalStartTime" : "01/31/18 04:55:14",
  "originalDuration" : 1127000,
  "hasGps" : false,
  "shouldFetchDetails" : false
},{
  "logId" : 12132887943,
  "activityName" : "Walk",
  "activityTypeId" : 90013,
  "activityLevel" : [{
    "minutes" : 5,
    "name" : "sedentary"
  },{
    "minutes" : 9,
    "name" : "lightly"
  },{
    "minutes" : 1,
    "name" : "fairly"
  },{
    "minutes" : 18,
    "name" : "very"
  }],
  "calories" : 164,
  "duration" : 1997000,
  "activeDuration" : 1997000,
  "steps" : 2590,
  "logType" : "auto_detected",
  "manualValuesSpecified" : {
    "calories" : false,
    "distance" : false,
    "steps" : false
  },
  "lastModified" : "01/31/18 17:11:48",
  "startTime" : "01/31/18 12:39:27",
  "originalStartTime" : "01/31/18 12:39:27",
  "originalDuration" : 1997000,
  "hasGps" : false,
  "shouldFetchDetails" : false
},{
  "logId" : 12132887945,
  "activityName" : "Walk",
  "activityTypeId" : 90013,
  "activityLevel" : [{
    "minutes" : 0,
    "name" : "sedentary"
  },{
    "minutes" : 1,
    "name" : "lightly"
  },{
    "minutes" : 2,
    "name" : "fairly"
  },{
    "minutes" : 22,
    "name" : "very"
  }],
  "calories" : 154,
  "duration" : 1536000,
  "activeDuration" : 1536000,
  "steps" : 2543,
  "logType" : "auto_detected",
  "manualValuesSpecified" : {
    "calories" : false,
    "distance" : false,
    "steps" : false
  },
  "lastModified" : "01/31/18 17:11:48",
  "startTime" : "01/31/18 13:42:36",
  "originalStartTime" : "01/31/18 13:42:36",
  "originalDuration" : 1536000,
  "hasGps" : false,
  "shouldFetchDetails" : false
},{
  "logId" : 12134768400,
  "activityName" : "Walk",
  "activityTypeId" : 90013,
  "activityLevel" : [{
    "minutes" : 1,
    "name" : "sedentary"
  },{
    "minutes" : 1,
    "name" : "lightly"
  },{
    "minutes" : 1,
    "name" : "fairly"
  },{
    "minutes" : 21,
    "name" : "very"
  }],
  "calories" : 146,
  "duration" : 1485000,
  "activeDuration" : 1485000,
  "steps" : 2418,
  "logType" : "auto_detected",
  "manualValuesSpecified" : {
    "calories" : false,
    "distance" : false,
    "steps" : false
  },
  "lastModified" : "01/31/18 19:01:10",
  "startTime" : "01/31/18 17:49:13",
  "originalStartTime" : "01/31/18 17:49:13",
  "originalDuration" : 1485000,
  "hasGps" : false,
  "shouldFetchDetails" : false
},{
  "logId" : 12147529426,
  "activityName" : "Walk",
  "activityTypeId" : 90013,
  "activityLevel" : [{
    "minutes" : 0,
    "name" : "sedentary"
  },{
    "minutes" : 1,
    "name" : "lightly"
  },{
    "minutes" : 3,
    "name" : "fairly"
  },{
    "minutes" : 15,
    "name" : "very"
  }],
  "calories" : 117,
  "duration" : 1177000,
  "activeDuration" : 1177000,
  "steps" : 1933,
  "logType" : "auto_detected",
  "manualValuesSpecified" : {
    "calories" : false,
    "distance" : false,
    "steps" : false
  },
  "lastModified" : "02/01/18 07:31:35",
  "startTime" : "02/01/18 01:52:13",
  "originalStartTime" : "02/01/18 01:52:13",
  "originalDuration" : 1177000,
  "hasGps" : false,
  "shouldFetchDetails" : false
},{
  "logId" : 12154906374,
  "activityName" : "Walk",
  "activityTypeId" : 90013,
  "activityLevel" : [{
    "minutes" : 0,
    "name" : "sedentary"
  },{
    "minutes" : 3,
    "name" : "lightly"
  },{
    "minutes" : 0,
    "name" : "fairly"
  },{
    "minutes" : 17,
    "name" : "very"
  }],
  "calories" : 121,
  "duration" : 1178000,
  "activeDuration" : 1178000,
  "steps" : 1941,
  "logType" : "auto_detected",
  "manualValuesSpecified" : {
    "calories" : false,
    "distance" : false,
    "steps" : false
  },
  "lastModified" : "02/01/18 17:02:00",
  "startTime" : "02/01/18 16:35:25",
  "originalStartTime" : "02/01/18 16:35:25",
  "originalDuration" : 1178000,
  "hasGps" : false,
  "shouldFetchDetails" : false
},{
  "logId" : 12194731401,
  "activityName" : "Walk",
  "activityTypeId" : 90013,
  "activityLevel" : [{
    "minutes" : 0,
    "name" : "sedentary"
  },{
    "minutes" : 1,
    "name" : "lightly"
  },{
    "minutes" : 3,
    "name" : "fairly"
  },{
    "minutes" : 16,
    "name" : "very"
  }],
  "calories" : 128,
  "duration" : 1177000,
  "activeDuration" : 1177000,
  "steps" : 2106,
  "logType" : "auto_detected",
  "manualValuesSpecified" : {
    "calories" : false,
    "distance" : false,
    "steps" : false
  },
  "lastModified" : "02/03/18 17:53:21",
  "startTime" : "02/02/18 05:37:56",
  "originalStartTime" : "02/02/18 05:37:56",
  "originalDuration" : 1177000,
  "hasGps" : false,
  "shouldFetchDetails" : false
},{
  "logId" : 12194731406,
  "activityName" : "Walk",
  "activityTypeId" : 90013,
  "activityLevel" : [{
    "minutes" : 0,
    "name" : "sedentary"
  },{
    "minutes" : 1,
    "name" : "lightly"
  },{
    "minutes" : 2,
    "name" : "fairly"
  },{
    "minutes" : 17,
    "name" : "very"
  }],
  "calories" : 120,
  "duration" : 1229000,
  "activeDuration" : 1229000,
  "steps" : 1979,
  "logType" : "auto_detected",
  "manualValuesSpecified" : {
    "calories" : false,
    "distance" : false,
    "steps" : false
  },
  "lastModified" : "02/03/18 17:53:21",
  "startTime" : "02/02/18 16:45:14",
  "originalStartTime" : "02/02/18 16:45:14",
  "originalDuration" : 1229000,
  "hasGps" : false,
  "shouldFetchDetails" : false
},{
  "logId" : 12210498218,
  "activityName" : "Walk",
  "activityTypeId" : 90013,
  "activityLevel" : [{
    "minutes" : 0,
    "name" : "sedentary"
  },{
    "minutes" : 1,
    "name" : "lightly"
  },{
    "minutes" : 2,
    "name" : "fairly"
  },{
    "minutes" : 12,
    "name" : "very"
  }],
  "calories" : 88,
  "duration" : 921000,
  "activeDuration" : 921000,
  "steps" : 1392,
  "logType" : "auto_detected",
  "manualValuesSpecified" : {
    "calories" : false,
    "distance" : false,
    "steps" : false
  },
  "lastModified" : "02/04/18 18:50:44",
  "startTime" : "02/03/18 19:38:03",
  "originalStartTime" : "02/03/18 19:38:03",
  "originalDuration" : 921000,
  "hasGps" : false,
  "shouldFetchDetails" : false
},{
  "logId" : 12210498219,
  "activityName" : "Elliptical",
  "activityTypeId" : 20047,
  "activityLevel" : [{
    "minutes" : 0,
    "name" : "sedentary"
  },{
    "minutes" : 0,
    "name" : "lightly"
  },{
    "minutes" : 1,
    "name" : "fairly"
  },{
    "minutes" : 31,
    "name" : "very"
  }],
  "calories" : 225,
  "duration" : 1946000,
  "activeDuration" : 1946000,
  "steps" : 3758,
  "logType" : "auto_detected",
  "manualValuesSpecified" : {
    "calories" : false,
    "distance" : false,
    "steps" : false
  },
  "lastModified" : "02/04/18 18:50:44",
  "startTime" : "02/03/18 19:53:24",
  "originalStartTime" : "02/03/18 19:53:24",
  "originalDuration" : 1946000,
  "hasGps" : false,
  "shouldFetchDetails" : false
},{
  "logId" : 12210498220,
  "activityName" : "Walk",
  "activityTypeId" : 90013,
  "activityLevel" : [{
    "minutes" : 0,
    "name" : "sedentary"
  },{
    "minutes" : 2,
    "name" : "lightly"
  },{
    "minutes" : 3,
    "name" : "fairly"
  },{
    "minutes" : 11,
    "name" : "very"
  }],
  "calories" : 90,
  "duration" : 973000,
  "activeDuration" : 973000,
  "steps" : 1430,
  "logType" : "auto_detected",
  "manualValuesSpecified" : {
    "calories" : false,
    "distance" : false,
    "steps" : false
  },
  "lastModified" : "02/04/18 18:50:44",
  "startTime" : "02/03/18 20:25:50",
  "originalStartTime" : "02/03/18 20:25:50",
  "originalDuration" : 973000,
  "hasGps" : false,
  "shouldFetchDetails" : false
},{
  "logId" : 12210498221,
  "activityName" : "Walk",
  "activityTypeId" : 90013,
  "activityLevel" : [{
    "minutes" : 0,
    "name" : "sedentary"
  },{
    "minutes" : 1,
    "name" : "lightly"
  },{
    "minutes" : 5,
    "name" : "fairly"
  },{
    "minutes" : 14,
    "name" : "very"
  }],
  "calories" : 113,
  "duration" : 1229000,
  "activeDuration" : 1229000,
  "steps" : 1846,
  "logType" : "auto_detected",
  "manualValuesSpecified" : {
    "calories" : false,
    "distance" : false,
    "steps" : false
  },
  "lastModified" : "02/04/18 18:50:44",
  "startTime" : "02/04/18 01:51:48",
  "originalStartTime" : "02/04/18 01:51:48",
  "originalDuration" : 1229000,
  "hasGps" : false,
  "shouldFetchDetails" : false
},{
  "logId" : 12225184585,
  "activityName" : "Walk",
  "activityTypeId" : 90013,
  "activityLevel" : [{
    "minutes" : 0,
    "name" : "sedentary"
  },{
    "minutes" : 2,
    "name" : "lightly"
  },{
    "minutes" : 3,
    "name" : "fairly"
  },{
    "minutes" : 14,
    "name" : "very"
  }],
  "calories" : 111,
  "duration" : 1127000,
  "activeDuration" : 1127000,
  "steps" : 1814,
  "logType" : "auto_detected",
  "manualValuesSpecified" : {
    "calories" : false,
    "distance" : false,
    "steps" : false
  },
  "lastModified" : "02/05/18 17:02:06",
  "startTime" : "02/05/18 16:28:37",
  "originalStartTime" : "02/05/18 16:28:37",
  "originalDuration" : 1127000,
  "hasGps" : false,
  "shouldFetchDetails" : false
},{
  "logId" : 12291413554,
  "activityName" : "Walk",
  "activityTypeId" : 90013,
  "activityLevel" : [{
    "minutes" : 0,
    "name" : "sedentary"
  },{
    "minutes" : 2,
    "name" : "lightly"
  },{
    "minutes" : 2,
    "name" : "fairly"
  },{
    "minutes" : 14,
    "name" : "very"
  }],
  "calories" : 109,
  "duration" : 1075000,
  "activeDuration" : 1075000,
  "steps" : 1779,
  "logType" : "auto_detected",
  "manualValuesSpecified" : {
    "calories" : false,
    "distance" : false,
    "steps" : false
  },
  "lastModified" : "02/08/18 16:56:32",
  "startTime" : "02/07/18 00:53:22",
  "originalStartTime" : "02/07/18 00:53:22",
  "originalDuration" : 1075000,
  "hasGps" : false,
  "shouldFetchDetails" : false
},{
  "logId" : 12291413559,
  "activityName" : "Aerobic Workout",
  "activityTypeId" : 3001,
  "activityLevel" : [{
    "minutes" : 1,
    "name" : "sedentary"
  },{
    "minutes" : 2,
    "name" : "lightly"
  },{
    "minutes" : 2,
    "name" : "fairly"
  },{
    "minutes" : 57,
    "name" : "very"
  }],
  "calories" : 407,
  "duration" : 3738000,
  "activeDuration" : 3738000,
  "steps" : 6670,
  "logType" : "auto_detected",
  "manualValuesSpecified" : {
    "calories" : false,
    "distance" : false,
    "steps" : false
  },
  "lastModified" : "02/08/18 16:56:32",
  "startTime" : "02/07/18 02:46:51",
  "originalStartTime" : "02/07/18 02:46:51",
  "originalDuration" : 3738000,
  "hasGps" : false,
  "shouldFetchDetails" : false
},{
  "logId" : 12291413560,
  "activityName" : "Walk",
  "activityTypeId" : 90013,
  "activityLevel" : [{
    "minutes" : 0,
    "name" : "sedentary"
  },{
    "minutes" : 1,
    "name" : "lightly"
  },{
    "minutes" : 4,
    "name" : "fairly"
  },{
    "minutes" : 13,
    "name" : "very"
  }],
  "calories" : 106,
  "duration" : 1075000,
  "activeDuration" : 1075000,
  "steps" : 1729,
  "logType" : "auto_detected",
  "manualValuesSpecified" : {
    "calories" : false,
    "distance" : false,
    "steps" : false
  },
  "lastModified" : "02/08/18 16:56:32",
  "startTime" : "02/07/18 03:49:09",
  "originalStartTime" : "02/07/18 03:49:09",
  "originalDuration" : 1075000,
  "hasGps" : false,
  "shouldFetchDetails" : false
},{
  "logId" : 12291413563,
  "activityName" : "Walk",
  "activityTypeId" : 90013,
  "activityLevel" : [{
    "minutes" : 5,
    "name" : "sedentary"
  },{
    "minutes" : 15,
    "name" : "lightly"
  },{
    "minutes" : 9,
    "name" : "fairly"
  },{
    "minutes" : 27,
    "name" : "very"
  }],
  "calories" : 280,
  "duration" : 3379000,
  "activeDuration" : 3379000,
  "steps" : 4381,
  "logType" : "auto_detected",
  "manualValuesSpecified" : {
    "calories" : false,
    "distance" : false,
    "steps" : false
  },
  "lastModified" : "02/08/18 16:56:32",
  "startTime" : "02/08/18 06:34:16",
  "originalStartTime" : "02/08/18 06:34:16",
  "originalDuration" : 3379000,
  "hasGps" : false,
  "shouldFetchDetails" : false
},{
  "logId" : 12291833952,
  "activityName" : "Walk",
  "activityTypeId" : 90013,
  "activityLevel" : [{
    "minutes" : 0,
    "name" : "sedentary"
  },{
    "minutes" : 1,
    "name" : "lightly"
  },{
    "minutes" : 3,
    "name" : "fairly"
  },{
    "minutes" : 15,
    "name" : "very"
  }],
  "calories" : 114,
  "duration" : 1178000,
  "activeDuration" : 1178000,
  "steps" : 1879,
  "logType" : "auto_detected",
  "manualValuesSpecified" : {
    "calories" : false,
    "distance" : false,
    "steps" : false
  },
  "lastModified" : "02/08/18 17:11:44",
  "startTime" : "02/08/18 16:35:01",
  "originalStartTime" : "02/08/18 16:35:01",
  "originalDuration" : 1178000,
  "hasGps" : false,
  "shouldFetchDetails" : false
},{
  "logId" : 12339111793,
  "activityName" : "Walk",
  "activityTypeId" : 90013,
  "activityLevel" : [{
    "minutes" : 0,
    "name" : "sedentary"
  },{
    "minutes" : 1,
    "name" : "lightly"
  },{
    "minutes" : 1,
    "name" : "fairly"
  },{
    "minutes" : 14,
    "name" : "very"
  }],
  "calories" : 100,
  "duration" : 973000,
  "activeDuration" : 973000,
  "steps" : 1648,
  "logType" : "auto_detected",
  "manualValuesSpecified" : {
    "calories" : false,
    "distance" : false,
    "steps" : false
  },
  "lastModified" : "02/11/18 09:45:38",
  "startTime" : "02/09/18 17:17:17",
  "originalStartTime" : "02/09/18 17:17:17",
  "originalDuration" : 973000,
  "hasGps" : false,
  "shouldFetchDetails" : false
},{
  "logId" : 12339111794,
  "activityName" : "Walk",
  "activityTypeId" : 90013,
  "activityLevel" : [{
    "minutes" : 0,
    "name" : "sedentary"
  },{
    "minutes" : 0,
    "name" : "lightly"
  },{
    "minutes" : 2,
    "name" : "fairly"
  },{
    "minutes" : 16,
    "name" : "very"
  }],
  "calories" : 113,
  "duration" : 1075000,
  "activeDuration" : 1075000,
  "steps" : 1895,
  "logType" : "auto_detected",
  "manualValuesSpecified" : {
    "calories" : false,
    "distance" : false,
    "steps" : false
  },
  "lastModified" : "02/11/18 09:45:38",
  "startTime" : "02/09/18 21:18:47",
  "originalStartTime" : "02/09/18 21:18:47",
  "originalDuration" : 1075000,
  "hasGps" : false,
  "shouldFetchDetails" : false
},{
  "logId" : 12339111795,
  "activityName" : "Walk",
  "activityTypeId" : 90013,
  "activityLevel" : [{
    "minutes" : 1,
    "name" : "sedentary"
  },{
    "minutes" : 0,
    "name" : "lightly"
  },{
    "minutes" : 2,
    "name" : "fairly"
  },{
    "minutes" : 12,
    "name" : "very"
  }],
  "calories" : 91,
  "duration" : 921000,
  "activeDuration" : 921000,
  "steps" : 1518,
  "logType" : "auto_detected",
  "manualValuesSpecified" : {
    "calories" : false,
    "distance" : false,
    "steps" : false
  },
  "lastModified" : "02/11/18 09:45:38",
  "startTime" : "02/09/18 22:48:23",
  "originalStartTime" : "02/09/18 22:48:23",
  "originalDuration" : 921000,
  "hasGps" : false,
  "shouldFetchDetails" : false
},{
  "logId" : 12339111799,
  "activityName" : "Walk",
  "activityTypeId" : 90013,
  "activityLevel" : [{
    "minutes" : 0,
    "name" : "sedentary"
  },{
    "minutes" : 2,
    "name" : "lightly"
  },{
    "minutes" : 0,
    "name" : "fairly"
  },{
    "minutes" : 15,
    "name" : "very"
  }],
  "calories" : 103,
  "duration" : 1024000,
  "activeDuration" : 1024000,
  "steps" : 1676,
  "logType" : "auto_detected",
  "manualValuesSpecified" : {
    "calories" : false,
    "distance" : false,
    "steps" : false
  },
  "lastModified" : "02/11/18 09:45:38",
  "startTime" : "02/10/18 10:43:28",
  "originalStartTime" : "02/10/18 10:43:28",
  "originalDuration" : 1024000,
  "hasGps" : false,
  "shouldFetchDetails" : false
},{
  "logId" : 12339111803,
  "activityName" : "Aerobic Workout",
  "activityTypeId" : 3001,
  "activityLevel" : [{
    "minutes" : 0,
    "name" : "sedentary"
  },{
    "minutes" : 4,
    "name" : "lightly"
  },{
    "minutes" : 13,
    "name" : "fairly"
  },{
    "minutes" : 3,
    "name" : "very"
  }],
  "calories" : 84,
  "duration" : 1229000,
  "activeDuration" : 1229000,
  "steps" : 1257,
  "logType" : "auto_detected",
  "manualValuesSpecified" : {
    "calories" : false,
    "distance" : false,
    "steps" : false
  },
  "lastModified" : "02/11/18 09:45:38",
  "startTime" : "02/11/18 07:59:12",
  "originalStartTime" : "02/11/18 07:59:12",
  "originalDuration" : 1229000,
  "hasGps" : false,
  "shouldFetchDetails" : false
},{
  "logId" : 12346372863,
  "activityName" : "Walk",
  "activityTypeId" : 90013,
  "activityLevel" : [{
    "minutes" : 0,
    "name" : "sedentary"
  },{
    "minutes" : 3,
    "name" : "lightly"
  },{
    "minutes" : 4,
    "name" : "fairly"
  },{
    "minutes" : 11,
    "name" : "very"
  }],
  "calories" : 97,
  "duration" : 1127000,
  "activeDuration" : 1127000,
  "steps" : 1547,
  "logType" : "auto_detected",
  "manualValuesSpecified" : {
    "calories" : false,
    "distance" : false,
    "steps" : false
  },
  "lastModified" : "02/11/18 20:33:47",
  "startTime" : "02/11/18 20:01:08",
  "originalStartTime" : "02/11/18 20:01:08",
  "originalDuration" : 1127000,
  "hasGps" : false,
  "shouldFetchDetails" : false
},{
  "logId" : 12349051273,
  "activityName" : "Walk",
  "activityTypeId" : 90013,
  "activityLevel" : [{
    "minutes" : 0,
    "name" : "sedentary"
  },{
    "minutes" : 2,
    "name" : "lightly"
  },{
    "minutes" : 2,
    "name" : "fairly"
  },{
    "minutes" : 18,
    "name" : "very"
  }],
  "calories" : 138,
  "duration" : 1331000,
  "activeDuration" : 1331000,
  "steps" : 2278,
  "logType" : "auto_detected",
  "manualValuesSpecified" : {
    "calories" : false,
    "distance" : false,
    "steps" : false
  },
  "lastModified" : "02/12/18 00:07:09",
  "startTime" : "02/11/18 23:41:18",
  "originalStartTime" : "02/11/18 23:41:18",
  "originalDuration" : 1331000,
  "hasGps" : false,
  "shouldFetchDetails" : false
},{
  "logId" : 12379288412,
  "activityName" : "Walk",
  "activityTypeId" : 90013,
  "activityLevel" : [{
    "minutes" : 1,
    "name" : "sedentary"
  },{
    "minutes" : 3,
    "name" : "lightly"
  },{
    "minutes" : 1,
    "name" : "fairly"
  },{
    "minutes" : 22,
    "name" : "very"
  }],
  "calories" : 150,
  "duration" : 1639000,
  "activeDuration" : 1639000,
  "steps" : 2426,
  "logType" : "auto_detected",
  "manualValuesSpecified" : {
    "calories" : false,
    "distance" : false,
    "steps" : false
  },
  "lastModified" : "02/13/18 16:25:09",
  "startTime" : "02/12/18 02:12:21",
  "originalStartTime" : "02/12/18 02:12:21",
  "originalDuration" : 1639000,
  "hasGps" : false,
  "shouldFetchDetails" : false
},{
  "logId" : 12379288417,
  "activityName" : "Walk",
  "activityTypeId" : 90013,
  "activityLevel" : [{
    "minutes" : 1,
    "name" : "sedentary"
  },{
    "minutes" : 5,
    "name" : "lightly"
  },{
    "minutes" : 4,
    "name" : "fairly"
  },{
    "minutes" : 20,
    "name" : "very"
  }],
  "calories" : 172,
  "duration" : 1844000,
  "activeDuration" : 1844000,
  "steps" : 2778,
  "logType" : "auto_detected",
  "manualValuesSpecified" : {
    "calories" : false,
    "distance" : false,
    "steps" : false
  },
  "lastModified" : "02/13/18 16:25:09",
  "startTime" : "02/12/18 04:07:33",
  "originalStartTime" : "02/12/18 04:07:33",
  "originalDuration" : 1844000,
  "hasGps" : false,
  "shouldFetchDetails" : false
},{
  "logId" : 12379288420,
  "activityName" : "Walk",
  "activityTypeId" : 90013,
  "activityLevel" : [{
    "minutes" : 2,
    "name" : "sedentary"
  },{
    "minutes" : 11,
    "name" : "lightly"
  },{
    "minutes" : 1,
    "name" : "fairly"
  },{
    "minutes" : 8,
    "name" : "very"
  }],
  "calories" : 117,
  "duration" : 1331000,
  "activeDuration" : 1331000,
  "steps" : 1854,
  "logType" : "auto_detected",
  "manualValuesSpecified" : {
    "calories" : false,
    "distance" : false,
    "steps" : false
  },
  "lastModified" : "02/13/18 16:25:09",
  "startTime" : "02/12/18 16:34:13",
  "originalStartTime" : "02/12/18 16:34:13",
  "originalDuration" : 1331000,
  "hasGps" : false,
  "shouldFetchDetails" : false
},{
  "logId" : 12379288425,
  "activityName" : "Walk",
  "activityTypeId" : 90013,
  "activityLevel" : [{
    "minutes" : 0,
    "name" : "sedentary"
  },{
    "minutes" : 2,
    "name" : "lightly"
  },{
    "minutes" : 2,
    "name" : "fairly"
  },{
    "minutes" : 15,
    "name" : "very"
  }],
  "calories" : 113,
  "duration" : 1126000,
  "activeDuration" : 1126000,
  "steps" : 1850,
  "logType" : "auto_detected",
  "manualValuesSpecified" : {
    "calories" : false,
    "distance" : false,
    "steps" : false
  },
  "lastModified" : "02/13/18 16:25:09",
  "startTime" : "02/13/18 02:03:24",
  "originalStartTime" : "02/13/18 02:03:24",
  "originalDuration" : 1126000,
  "hasGps" : false,
  "shouldFetchDetails" : false
},{
  "logId" : 12379288429,
  "activityName" : "Elliptical",
  "activityTypeId" : 20047,
  "activityLevel" : [{
    "minutes" : 0,
    "name" : "sedentary"
  },{
    "minutes" : 0,
    "name" : "lightly"
  },{
    "minutes" : 2,
    "name" : "fairly"
  },{
    "minutes" : 31,
    "name" : "very"
  }],
  "calories" : 229,
  "duration" : 1997000,
  "activeDuration" : 1997000,
  "steps" : 3772,
  "logType" : "auto_detected",
  "manualValuesSpecified" : {
    "calories" : false,
    "distance" : false,
    "steps" : false
  },
  "lastModified" : "02/13/18 16:25:09",
  "startTime" : "02/13/18 03:53:28",
  "originalStartTime" : "02/13/18 03:53:28",
  "originalDuration" : 1997000,
  "hasGps" : false,
  "shouldFetchDetails" : false
},{
  "logId" : 12381223739,
  "activityName" : "Walk",
  "activityTypeId" : 90013,
  "activityLevel" : [{
    "minutes" : 0,
    "name" : "sedentary"
  },{
    "minutes" : 1,
    "name" : "lightly"
  },{
    "minutes" : 1,
    "name" : "fairly"
  },{
    "minutes" : 16,
    "name" : "very"
  }],
  "calories" : 111,
  "duration" : 1072000,
  "activeDuration" : 1072000,
  "steps" : 1903,
  "logType" : "auto_detected",
  "manualValuesSpecified" : {
    "calories" : false,
    "distance" : false,
    "steps" : false
  },
  "lastModified" : "02/13/18 18:03:52",
  "startTime" : "02/13/18 17:32:41",
  "originalStartTime" : "02/13/18 17:32:41",
  "originalDuration" : 1072000,
  "hasGps" : false,
  "shouldFetchDetails" : false
},{
  "logId" : 12421074762,
  "activityName" : "Walk",
  "activityTypeId" : 90013,
  "activityLevel" : [{
    "minutes" : 1,
    "name" : "sedentary"
  },{
    "minutes" : 0,
    "name" : "lightly"
  },{
    "minutes" : 4,
    "name" : "fairly"
  },{
    "minutes" : 16,
    "name" : "very"
  }],
  "calories" : 122,
  "duration" : 1280000,
  "activeDuration" : 1280000,
  "steps" : 2106,
  "logType" : "auto_detected",
  "manualValuesSpecified" : {
    "calories" : false,
    "distance" : false,
    "steps" : false
  },
  "lastModified" : "02/15/18 16:06:49",
  "startTime" : "02/14/18 02:19:12",
  "originalStartTime" : "02/14/18 02:19:12",
  "originalDuration" : 1280000,
  "hasGps" : false,
  "shouldFetchDetails" : false
},{
  "logId" : 12421074766,
  "activityName" : "Walk",
  "activityTypeId" : 90013,
  "activityLevel" : [{
    "minutes" : 0,
    "name" : "sedentary"
  },{
    "minutes" : 1,
    "name" : "lightly"
  },{
    "minutes" : 1,
    "name" : "fairly"
  },{
    "minutes" : 16,
    "name" : "very"
  }],
  "calories" : 109,
  "duration" : 1126000,
  "activeDuration" : 1126000,
  "steps" : 1866,
  "logType" : "auto_detected",
  "manualValuesSpecified" : {
    "calories" : false,
    "distance" : false,
    "steps" : false
  },
  "lastModified" : "02/15/18 16:06:49",
  "startTime" : "02/14/18 06:05:20",
  "originalStartTime" : "02/14/18 06:05:20",
  "originalDuration" : 1126000,
  "hasGps" : false,
  "shouldFetchDetails" : false
},{
  "logId" : 12421074767,
  "activityName" : "Walk",
  "activityTypeId" : 90013,
  "activityLevel" : [{
    "minutes" : 0,
    "name" : "sedentary"
  },{
    "minutes" : 1,
    "name" : "lightly"
  },{
    "minutes" : 3,
    "name" : "fairly"
  },{
    "minutes" : 16,
    "name" : "very"
  }],
  "calories" : 118,
  "duration" : 1229000,
  "activeDuration" : 1229000,
  "steps" : 2015,
  "logType" : "auto_detected",
  "manualValuesSpecified" : {
    "calories" : false,
    "distance" : false,
    "steps" : false
  },
  "lastModified" : "02/15/18 16:06:49",
  "startTime" : "02/14/18 16:34:14",
  "originalStartTime" : "02/14/18 16:34:14",
  "originalDuration" : 1229000,
  "hasGps" : false,
  "shouldFetchDetails" : false
},{
  "logId" : 12421074771,
  "activityName" : "Walk",
  "activityTypeId" : 90013,
  "activityLevel" : [{
    "minutes" : 0,
    "name" : "sedentary"
  },{
    "minutes" : 0,
    "name" : "lightly"
  },{
    "minutes" : 2,
    "name" : "fairly"
  },{
    "minutes" : 19,
    "name" : "very"
  }],
  "calories" : 129,
  "duration" : 1280000,
  "activeDuration" : 1280000,
  "steps" : 2241,
  "logType" : "auto_detected",
  "manualValuesSpecified" : {
    "calories" : false,
    "distance" : false,
    "steps" : false
  },
  "lastModified" : "02/15/18 16:06:49",
  "startTime" : "02/15/18 01:50:37",
  "originalStartTime" : "02/15/18 01:50:37",
  "originalDuration" : 1280000,
  "hasGps" : false,
  "shouldFetchDetails" : false
},{
  "logId" : 12421074775,
  "activityName" : "Walk",
  "activityTypeId" : 90013,
  "activityLevel" : [{
    "minutes" : 0,
    "name" : "sedentary"
  },{
    "minutes" : 1,
    "name" : "lightly"
  },{
    "minutes" : 3,
    "name" : "fairly"
  },{
    "minutes" : 14,
    "name" : "very"
  }],
  "calories" : 115,
  "duration" : 1075000,
  "activeDuration" : 1075000,
  "steps" : 1890,
  "logType" : "auto_detected",
  "manualValuesSpecified" : {
    "calories" : false,
    "distance" : false,
    "steps" : false
  },
  "lastModified" : "02/15/18 16:06:49",
  "startTime" : "02/15/18 03:09:58",
  "originalStartTime" : "02/15/18 03:09:58",
  "originalDuration" : 1075000,
  "hasGps" : false,
  "shouldFetchDetails" : false
},{
  "logId" : 12421074777,
  "activityName" : "Walk",
  "activityTypeId" : 90013,
  "activityLevel" : [{
    "minutes" : 2,
    "name" : "sedentary"
  },{
    "minutes" : 1,
    "name" : "lightly"
  },{
    "minutes" : 8,
    "name" : "fairly"
  },{
    "minutes" : 5,
    "name" : "very"
  }],
  "calories" : 71,
  "duration" : 972000,
  "activeDuration" : 972000,
  "steps" : 1148,
  "logType" : "auto_detected",
  "manualValuesSpecified" : {
    "calories" : false,
    "distance" : false,
    "steps" : false
  },
  "lastModified" : "02/15/18 16:06:49",
  "startTime" : "02/15/18 06:49:17",
  "originalStartTime" : "02/15/18 06:49:17",
  "originalDuration" : 972000,
  "hasGps" : false,
  "shouldFetchDetails" : false
},{
  "logId" : 12422862598,
  "activityName" : "Walk",
  "activityTypeId" : 90013,
  "activityLevel" : [{
    "minutes" : 0,
    "name" : "sedentary"
  },{
    "minutes" : 1,
    "name" : "lightly"
  },{
    "minutes" : 3,
    "name" : "fairly"
  },{
    "minutes" : 15,
    "name" : "very"
  }],
  "calories" : 109,
  "duration" : 1177000,
  "activeDuration" : 1177000,
  "steps" : 1838,
  "logType" : "auto_detected",
  "manualValuesSpecified" : {
    "calories" : false,
    "distance" : false,
    "steps" : false
  },
  "lastModified" : "02/15/18 17:07:38",
  "startTime" : "02/15/18 16:38:05",
  "originalStartTime" : "02/15/18 16:38:05",
  "originalDuration" : 1177000,
  "hasGps" : false,
  "shouldFetchDetails" : false
},{
  "logId" : 12444161154,
  "activityName" : "Walk",
  "activityTypeId" : 90013,
  "activityLevel" : [{
    "minutes" : 0,
    "name" : "sedentary"
  },{
    "minutes" : 0,
    "name" : "lightly"
  },{
    "minutes" : 2,
    "name" : "fairly"
  },{
    "minutes" : 15,
    "name" : "very"
  }],
  "calories" : 106,
  "duration" : 1024000,
  "activeDuration" : 1024000,
  "steps" : 1823,
  "logType" : "auto_detected",
  "manualValuesSpecified" : {
    "calories" : false,
    "distance" : false,
    "steps" : false
  },
  "lastModified" : "02/16/18 16:12:50",
  "startTime" : "02/15/18 23:33:40",
  "originalStartTime" : "02/15/18 23:33:40",
  "originalDuration" : 1024000,
  "hasGps" : false,
  "shouldFetchDetails" : false
},{
  "logId" : 12444161157,
  "activityName" : "Walk",
  "activityTypeId" : 90013,
  "activityLevel" : [{
    "minutes" : 0,
    "name" : "sedentary"
  },{
    "minutes" : 1,
    "name" : "lightly"
  },{
    "minutes" : 1,
    "name" : "fairly"
  },{
    "minutes" : 15,
    "name" : "very"
  }],
  "calories" : 101,
  "duration" : 1076000,
  "activeDuration" : 1076000,
  "steps" : 1717,
  "logType" : "auto_detected",
  "manualValuesSpecified" : {
    "calories" : false,
    "distance" : false,
    "steps" : false
  },
  "lastModified" : "02/16/18 16:12:50",
  "startTime" : "02/16/18 00:53:01",
  "originalStartTime" : "02/16/18 00:53:01",
  "originalDuration" : 1076000,
  "hasGps" : false,
  "shouldFetchDetails" : false
}]