[{
  "dateTime" : "04/10/18 00:00:00",
  "value" : "310"
},{
  "dateTime" : "04/11/18 00:00:00",
  "value" : "175"
},{
  "dateTime" : "04/12/18 00:00:00",
  "value" : "148"
},{
  "dateTime" : "04/13/18 00:00:00",
  "value" : "247"
},{
  "dateTime" : "04/14/18 00:00:00",
  "value" : "274"
},{
  "dateTime" : "04/15/18 00:00:00",
  "value" : "233"
},{
  "dateTime" : "04/16/18 00:00:00",
  "value" : "213"
},{
  "dateTime" : "04/17/18 00:00:00",
  "value" : "185"
},{
  "dateTime" : "04/18/18 00:00:00",
  "value" : "232"
},{
  "dateTime" : "04/19/18 00:00:00",
  "value" : "318"
},{
  "dateTime" : "04/20/18 00:00:00",
  "value" : "406"
},{
  "dateTime" : "04/21/18 00:00:00",
  "value" : "445"
},{
  "dateTime" : "04/22/18 00:00:00",
  "value" : "136"
},{
  "dateTime" : "04/23/18 00:00:00",
  "value" : "142"
},{
  "dateTime" : "04/24/18 00:00:00",
  "value" : "199"
},{
  "dateTime" : "04/25/18 00:00:00",
  "value" : "279"
},{
  "dateTime" : "04/26/18 00:00:00",
  "value" : "190"
},{
  "dateTime" : "04/27/18 00:00:00",
  "value" : "240"
},{
  "dateTime" : "04/28/18 00:00:00",
  "value" : "219"
},{
  "dateTime" : "04/29/18 00:00:00",
  "value" : "262"
},{
  "dateTime" : "04/30/18 00:00:00",
  "value" : "232"
},{
  "dateTime" : "05/01/18 00:00:00",
  "value" : "246"
},{
  "dateTime" : "05/02/18 00:00:00",
  "value" : "196"
},{
  "dateTime" : "05/03/18 00:00:00",
  "value" : "220"
},{
  "dateTime" : "05/04/18 00:00:00",
  "value" : "249"
},{
  "dateTime" : "05/05/18 00:00:00",
  "value" : "185"
},{
  "dateTime" : "05/06/18 00:00:00",
  "value" : "150"
},{
  "dateTime" : "05/07/18 00:00:00",
  "value" : "86"
},{
  "dateTime" : "05/08/18 00:00:00",
  "value" : "157"
},{
  "dateTime" : "05/09/18 00:00:00",
  "value" : "233"
}]