[{
  "dateTime" : "02/09/18 00:00:00",
  "value" : "313"
},{
  "dateTime" : "02/10/18 00:00:00",
  "value" : "272"
},{
  "dateTime" : "02/11/18 00:00:00",
  "value" : "247"
},{
  "dateTime" : "02/12/18 00:00:00",
  "value" : "185"
},{
  "dateTime" : "02/13/18 00:00:00",
  "value" : "127"
},{
  "dateTime" : "02/14/18 00:00:00",
  "value" : "333"
},{
  "dateTime" : "02/15/18 00:00:00",
  "value" : "144"
},{
  "dateTime" : "02/16/18 00:00:00",
  "value" : "219"
},{
  "dateTime" : "02/17/18 00:00:00",
  "value" : "246"
},{
  "dateTime" : "02/18/18 00:00:00",
  "value" : "255"
},{
  "dateTime" : "02/19/18 00:00:00",
  "value" : "108"
},{
  "dateTime" : "02/20/18 00:00:00",
  "value" : "136"
},{
  "dateTime" : "02/21/18 00:00:00",
  "value" : "249"
},{
  "dateTime" : "02/22/18 00:00:00",
  "value" : "126"
},{
  "dateTime" : "02/23/18 00:00:00",
  "value" : "153"
},{
  "dateTime" : "02/24/18 00:00:00",
  "value" : "233"
},{
  "dateTime" : "02/25/18 00:00:00",
  "value" : "217"
},{
  "dateTime" : "02/26/18 00:00:00",
  "value" : "98"
},{
  "dateTime" : "02/27/18 00:00:00",
  "value" : "134"
},{
  "dateTime" : "02/28/18 00:00:00",
  "value" : "344"
},{
  "dateTime" : "03/01/18 00:00:00",
  "value" : "219"
},{
  "dateTime" : "03/02/18 00:00:00",
  "value" : "200"
},{
  "dateTime" : "03/03/18 00:00:00",
  "value" : "238"
},{
  "dateTime" : "03/04/18 00:00:00",
  "value" : "135"
},{
  "dateTime" : "03/05/18 00:00:00",
  "value" : "126"
},{
  "dateTime" : "03/06/18 00:00:00",
  "value" : "226"
},{
  "dateTime" : "03/07/18 00:00:00",
  "value" : "260"
},{
  "dateTime" : "03/08/18 00:00:00",
  "value" : "183"
},{
  "dateTime" : "03/09/18 00:00:00",
  "value" : "186"
},{
  "dateTime" : "03/10/18 00:00:00",
  "value" : "277"
}]