[{
  "dateTime" : "07/09/18 00:00:00",
  "value" : "138"
},{
  "dateTime" : "07/10/18 00:00:00",
  "value" : "154"
},{
  "dateTime" : "07/11/18 00:00:00",
  "value" : "153"
},{
  "dateTime" : "07/12/18 00:00:00",
  "value" : "153"
},{
  "dateTime" : "07/13/18 00:00:00",
  "value" : "223"
},{
  "dateTime" : "07/14/18 00:00:00",
  "value" : "116"
},{
  "dateTime" : "07/15/18 00:00:00",
  "value" : "241"
},{
  "dateTime" : "07/16/18 00:00:00",
  "value" : "145"
},{
  "dateTime" : "07/17/18 00:00:00",
  "value" : "171"
},{
  "dateTime" : "07/18/18 00:00:00",
  "value" : "180"
},{
  "dateTime" : "07/19/18 00:00:00",
  "value" : "162"
},{
  "dateTime" : "07/20/18 00:00:00",
  "value" : "252"
},{
  "dateTime" : "07/21/18 00:00:00",
  "value" : "307"
},{
  "dateTime" : "07/22/18 00:00:00",
  "value" : "191"
},{
  "dateTime" : "07/23/18 00:00:00",
  "value" : "206"
},{
  "dateTime" : "07/24/18 00:00:00",
  "value" : "139"
},{
  "dateTime" : "07/25/18 00:00:00",
  "value" : "199"
},{
  "dateTime" : "07/26/18 00:00:00",
  "value" : "185"
},{
  "dateTime" : "07/27/18 00:00:00",
  "value" : "231"
},{
  "dateTime" : "07/28/18 00:00:00",
  "value" : "452"
},{
  "dateTime" : "07/29/18 00:00:00",
  "value" : "284"
},{
  "dateTime" : "07/30/18 00:00:00",
  "value" : "167"
},{
  "dateTime" : "07/31/18 00:00:00",
  "value" : "191"
},{
  "dateTime" : "08/01/18 00:00:00",
  "value" : "225"
},{
  "dateTime" : "08/02/18 00:00:00",
  "value" : "233"
},{
  "dateTime" : "08/03/18 00:00:00",
  "value" : "271"
},{
  "dateTime" : "08/04/18 00:00:00",
  "value" : "311"
},{
  "dateTime" : "08/05/18 00:00:00",
  "value" : "186"
},{
  "dateTime" : "08/06/18 00:00:00",
  "value" : "210"
},{
  "dateTime" : "08/07/18 00:00:00",
  "value" : "169"
}]