[{
  "dateTime" : "03/11/18 00:00:00",
  "value" : "15"
},{
  "dateTime" : "03/12/18 00:00:00",
  "value" : "3"
},{
  "dateTime" : "03/13/18 00:00:00",
  "value" : "0"
},{
  "dateTime" : "03/14/18 00:00:00",
  "value" : "26"
},{
  "dateTime" : "03/15/18 00:00:00",
  "value" : "14"
},{
  "dateTime" : "03/16/18 00:00:00",
  "value" : "10"
},{
  "dateTime" : "03/17/18 00:00:00",
  "value" : "19"
},{
  "dateTime" : "03/18/18 00:00:00",
  "value" : "17"
},{
  "dateTime" : "03/19/18 00:00:00",
  "value" : "22"
},{
  "dateTime" : "03/20/18 00:00:00",
  "value" : "11"
},{
  "dateTime" : "03/21/18 00:00:00",
  "value" : "23"
},{
  "dateTime" : "03/22/18 00:00:00",
  "value" : "13"
},{
  "dateTime" : "03/23/18 00:00:00",
  "value" : "30"
},{
  "dateTime" : "03/24/18 00:00:00",
  "value" : "119"
},{
  "dateTime" : "03/25/18 00:00:00",
  "value" : "24"
},{
  "dateTime" : "03/26/18 00:00:00",
  "value" : "17"
},{
  "dateTime" : "03/27/18 00:00:00",
  "value" : "11"
},{
  "dateTime" : "03/28/18 00:00:00",
  "value" : "22"
},{
  "dateTime" : "03/29/18 00:00:00",
  "value" : "8"
},{
  "dateTime" : "03/30/18 00:00:00",
  "value" : "9"
},{
  "dateTime" : "03/31/18 00:00:00",
  "value" : "26"
},{
  "dateTime" : "04/01/18 00:00:00",
  "value" : "20"
},{
  "dateTime" : "04/02/18 00:00:00",
  "value" : "25"
},{
  "dateTime" : "04/03/18 00:00:00",
  "value" : "15"
},{
  "dateTime" : "04/04/18 00:00:00",
  "value" : "18"
},{
  "dateTime" : "04/05/18 00:00:00",
  "value" : "10"
},{
  "dateTime" : "04/06/18 00:00:00",
  "value" : "13"
},{
  "dateTime" : "04/07/18 00:00:00",
  "value" : "28"
},{
  "dateTime" : "04/08/18 00:00:00",
  "value" : "25"
},{
  "dateTime" : "04/09/18 00:00:00",
  "value" : "7"
}]