[{
  "dateTime" : "04/10/18 00:00:00",
  "value" : "17"
},{
  "dateTime" : "04/11/18 00:00:00",
  "value" : "16"
},{
  "dateTime" : "04/12/18 00:00:00",
  "value" : "18"
},{
  "dateTime" : "04/13/18 00:00:00",
  "value" : "18"
},{
  "dateTime" : "04/14/18 00:00:00",
  "value" : "68"
},{
  "dateTime" : "04/15/18 00:00:00",
  "value" : "16"
},{
  "dateTime" : "04/16/18 00:00:00",
  "value" : "6"
},{
  "dateTime" : "04/17/18 00:00:00",
  "value" : "14"
},{
  "dateTime" : "04/18/18 00:00:00",
  "value" : "13"
},{
  "dateTime" : "04/19/18 00:00:00",
  "value" : "8"
},{
  "dateTime" : "04/20/18 00:00:00",
  "value" : "0"
},{
  "dateTime" : "04/21/18 00:00:00",
  "value" : "11"
},{
  "dateTime" : "04/22/18 00:00:00",
  "value" : "11"
},{
  "dateTime" : "04/23/18 00:00:00",
  "value" : "11"
},{
  "dateTime" : "04/24/18 00:00:00",
  "value" : "47"
},{
  "dateTime" : "04/25/18 00:00:00",
  "value" : "17"
},{
  "dateTime" : "04/26/18 00:00:00",
  "value" : "22"
},{
  "dateTime" : "04/27/18 00:00:00",
  "value" : "14"
},{
  "dateTime" : "04/28/18 00:00:00",
  "value" : "11"
},{
  "dateTime" : "04/29/18 00:00:00",
  "value" : "22"
},{
  "dateTime" : "04/30/18 00:00:00",
  "value" : "8"
},{
  "dateTime" : "05/01/18 00:00:00",
  "value" : "9"
},{
  "dateTime" : "05/02/18 00:00:00",
  "value" : "11"
},{
  "dateTime" : "05/03/18 00:00:00",
  "value" : "23"
},{
  "dateTime" : "05/04/18 00:00:00",
  "value" : "10"
},{
  "dateTime" : "05/05/18 00:00:00",
  "value" : "8"
},{
  "dateTime" : "05/06/18 00:00:00",
  "value" : "6"
},{
  "dateTime" : "05/07/18 00:00:00",
  "value" : "12"
},{
  "dateTime" : "05/08/18 00:00:00",
  "value" : "20"
},{
  "dateTime" : "05/09/18 00:00:00",
  "value" : "14"
}]