[{
  "dateTime" : "05/10/18 00:00:00",
  "value" : "13"
},{
  "dateTime" : "05/11/18 00:00:00",
  "value" : "28"
},{
  "dateTime" : "05/12/18 00:00:00",
  "value" : "112"
},{
  "dateTime" : "05/13/18 00:00:00",
  "value" : "98"
},{
  "dateTime" : "05/14/18 00:00:00",
  "value" : "59"
},{
  "dateTime" : "05/15/18 00:00:00",
  "value" : "15"
},{
  "dateTime" : "05/16/18 00:00:00",
  "value" : "20"
},{
  "dateTime" : "05/17/18 00:00:00",
  "value" : "19"
},{
  "dateTime" : "05/18/18 00:00:00",
  "value" : "40"
},{
  "dateTime" : "05/19/18 00:00:00",
  "value" : "21"
},{
  "dateTime" : "05/20/18 00:00:00",
  "value" : "54"
},{
  "dateTime" : "05/21/18 00:00:00",
  "value" : "29"
},{
  "dateTime" : "05/22/18 00:00:00",
  "value" : "12"
},{
  "dateTime" : "05/23/18 00:00:00",
  "value" : "7"
},{
  "dateTime" : "05/24/18 00:00:00",
  "value" : "0"
},{
  "dateTime" : "05/25/18 00:00:00",
  "value" : "11"
},{
  "dateTime" : "05/26/18 00:00:00",
  "value" : "0"
},{
  "dateTime" : "05/27/18 00:00:00",
  "value" : "45"
},{
  "dateTime" : "05/28/18 00:00:00",
  "value" : "55"
},{
  "dateTime" : "05/29/18 00:00:00",
  "value" : "4"
},{
  "dateTime" : "05/30/18 00:00:00",
  "value" : "6"
},{
  "dateTime" : "05/31/18 00:00:00",
  "value" : "14"
},{
  "dateTime" : "06/01/18 00:00:00",
  "value" : "8"
},{
  "dateTime" : "06/02/18 00:00:00",
  "value" : "6"
},{
  "dateTime" : "06/03/18 00:00:00",
  "value" : "53"
},{
  "dateTime" : "06/04/18 00:00:00",
  "value" : "14"
},{
  "dateTime" : "06/05/18 00:00:00",
  "value" : "3"
},{
  "dateTime" : "06/06/18 00:00:00",
  "value" : "2"
},{
  "dateTime" : "06/07/18 00:00:00",
  "value" : "7"
},{
  "dateTime" : "06/08/18 00:00:00",
  "value" : "10"
}]