[{
  "dateTime" : "01/10/18 00:00:00",
  "value" : "0"
},{
  "dateTime" : "01/11/18 00:00:00",
  "value" : "19"
},{
  "dateTime" : "01/12/18 00:00:00",
  "value" : "22"
},{
  "dateTime" : "01/13/18 00:00:00",
  "value" : "30"
},{
  "dateTime" : "01/14/18 00:00:00",
  "value" : "11"
},{
  "dateTime" : "01/15/18 00:00:00",
  "value" : "45"
},{
  "dateTime" : "01/16/18 00:00:00",
  "value" : "24"
},{
  "dateTime" : "01/17/18 00:00:00",
  "value" : "19"
},{
  "dateTime" : "01/18/18 00:00:00",
  "value" : "22"
},{
  "dateTime" : "01/19/18 00:00:00",
  "value" : "25"
},{
  "dateTime" : "01/20/18 00:00:00",
  "value" : "27"
},{
  "dateTime" : "01/21/18 00:00:00",
  "value" : "18"
},{
  "dateTime" : "01/22/18 00:00:00",
  "value" : "23"
},{
  "dateTime" : "01/23/18 00:00:00",
  "value" : "23"
},{
  "dateTime" : "01/24/18 00:00:00",
  "value" : "17"
},{
  "dateTime" : "01/25/18 00:00:00",
  "value" : "18"
},{
  "dateTime" : "01/26/18 00:00:00",
  "value" : "3"
},{
  "dateTime" : "01/27/18 00:00:00",
  "value" : "48"
},{
  "dateTime" : "01/28/18 00:00:00",
  "value" : "48"
},{
  "dateTime" : "01/29/18 00:00:00",
  "value" : "10"
},{
  "dateTime" : "01/30/18 00:00:00",
  "value" : "8"
},{
  "dateTime" : "01/31/18 00:00:00",
  "value" : "17"
},{
  "dateTime" : "02/01/18 00:00:00",
  "value" : "4"
},{
  "dateTime" : "02/02/18 00:00:00",
  "value" : "23"
},{
  "dateTime" : "02/03/18 00:00:00",
  "value" : "19"
},{
  "dateTime" : "02/04/18 00:00:00",
  "value" : "0"
},{
  "dateTime" : "02/05/18 00:00:00",
  "value" : "20"
},{
  "dateTime" : "02/06/18 00:00:00",
  "value" : "16"
},{
  "dateTime" : "02/07/18 00:00:00",
  "value" : "11"
},{
  "dateTime" : "02/08/18 00:00:00",
  "value" : "22"
}]