[{
  "dateTime" : "02/09/18 00:00:00",
  "value" : "728"
},{
  "dateTime" : "02/10/18 00:00:00",
  "value" : "573"
},{
  "dateTime" : "02/11/18 00:00:00",
  "value" : "497"
},{
  "dateTime" : "02/12/18 00:00:00",
  "value" : "766"
},{
  "dateTime" : "02/13/18 00:00:00",
  "value" : "712"
},{
  "dateTime" : "02/14/18 00:00:00",
  "value" : "589"
},{
  "dateTime" : "02/15/18 00:00:00",
  "value" : "710"
},{
  "dateTime" : "02/16/18 00:00:00",
  "value" : "497"
},{
  "dateTime" : "02/17/18 00:00:00",
  "value" : "730"
},{
  "dateTime" : "02/18/18 00:00:00",
  "value" : "802"
},{
  "dateTime" : "02/19/18 00:00:00",
  "value" : "579"
},{
  "dateTime" : "02/20/18 00:00:00",
  "value" : "735"
},{
  "dateTime" : "02/21/18 00:00:00",
  "value" : "539"
},{
  "dateTime" : "02/22/18 00:00:00",
  "value" : "734"
},{
  "dateTime" : "02/23/18 00:00:00",
  "value" : "786"
},{
  "dateTime" : "02/24/18 00:00:00",
  "value" : "758"
},{
  "dateTime" : "02/25/18 00:00:00",
  "value" : "623"
},{
  "dateTime" : "02/26/18 00:00:00",
  "value" : "750"
},{
  "dateTime" : "02/27/18 00:00:00",
  "value" : "688"
},{
  "dateTime" : "02/28/18 00:00:00",
  "value" : "606"
},{
  "dateTime" : "03/01/18 00:00:00",
  "value" : "792"
},{
  "dateTime" : "03/02/18 00:00:00",
  "value" : "834"
},{
  "dateTime" : "03/03/18 00:00:00",
  "value" : "604"
},{
  "dateTime" : "03/04/18 00:00:00",
  "value" : "780"
},{
  "dateTime" : "03/05/18 00:00:00",
  "value" : "650"
},{
  "dateTime" : "03/06/18 00:00:00",
  "value" : "695"
},{
  "dateTime" : "03/07/18 00:00:00",
  "value" : "613"
},{
  "dateTime" : "03/08/18 00:00:00",
  "value" : "792"
},{
  "dateTime" : "03/09/18 00:00:00",
  "value" : "672"
},{
  "dateTime" : "03/10/18 00:00:00",
  "value" : "810"
}]