[{
  "dateTime" : "01/10/18 00:00:00",
  "value" : "1440"
},{
  "dateTime" : "01/11/18 00:00:00",
  "value" : "1223"
},{
  "dateTime" : "01/12/18 00:00:00",
  "value" : "635"
},{
  "dateTime" : "01/13/18 00:00:00",
  "value" : "713"
},{
  "dateTime" : "01/14/18 00:00:00",
  "value" : "641"
},{
  "dateTime" : "01/15/18 00:00:00",
  "value" : "557"
},{
  "dateTime" : "01/16/18 00:00:00",
  "value" : "661"
},{
  "dateTime" : "01/17/18 00:00:00",
  "value" : "717"
},{
  "dateTime" : "01/18/18 00:00:00",
  "value" : "637"
},{
  "dateTime" : "01/19/18 00:00:00",
  "value" : "664"
},{
  "dateTime" : "01/20/18 00:00:00",
  "value" : "758"
},{
  "dateTime" : "01/21/18 00:00:00",
  "value" : "616"
},{
  "dateTime" : "01/22/18 00:00:00",
  "value" : "733"
},{
  "dateTime" : "01/23/18 00:00:00",
  "value" : "608"
},{
  "dateTime" : "01/24/18 00:00:00",
  "value" : "695"
},{
  "dateTime" : "01/25/18 00:00:00",
  "value" : "817"
},{
  "dateTime" : "01/26/18 00:00:00",
  "value" : "896"
},{
  "dateTime" : "01/27/18 00:00:00",
  "value" : "489"
},{
  "dateTime" : "01/28/18 00:00:00",
  "value" : "1107"
},{
  "dateTime" : "01/29/18 00:00:00",
  "value" : "797"
},{
  "dateTime" : "01/30/18 00:00:00",
  "value" : "626"
},{
  "dateTime" : "01/31/18 00:00:00",
  "value" : "634"
},{
  "dateTime" : "02/01/18 00:00:00",
  "value" : "724"
},{
  "dateTime" : "02/02/18 00:00:00",
  "value" : "683"
},{
  "dateTime" : "02/03/18 00:00:00",
  "value" : "614"
},{
  "dateTime" : "02/04/18 00:00:00",
  "value" : "769"
},{
  "dateTime" : "02/05/18 00:00:00",
  "value" : "724"
},{
  "dateTime" : "02/06/18 00:00:00",
  "value" : "606"
},{
  "dateTime" : "02/07/18 00:00:00",
  "value" : "848"
},{
  "dateTime" : "02/08/18 00:00:00",
  "value" : "732"
}]