[{
  "dateTime" : "07/09/18 00:00:00",
  "value" : "1220"
},{
  "dateTime" : "07/10/18 00:00:00",
  "value" : "790"
},{
  "dateTime" : "07/11/18 00:00:00",
  "value" : "822"
},{
  "dateTime" : "07/12/18 00:00:00",
  "value" : "819"
},{
  "dateTime" : "07/13/18 00:00:00",
  "value" : "791"
},{
  "dateTime" : "07/14/18 00:00:00",
  "value" : "922"
},{
  "dateTime" : "07/15/18 00:00:00",
  "value" : "1122"
},{
  "dateTime" : "07/16/18 00:00:00",
  "value" : "887"
},{
  "dateTime" : "07/17/18 00:00:00",
  "value" : "717"
},{
  "dateTime" : "07/18/18 00:00:00",
  "value" : "859"
},{
  "dateTime" : "07/19/18 00:00:00",
  "value" : "762"
},{
  "dateTime" : "07/20/18 00:00:00",
  "value" : "711"
},{
  "dateTime" : "07/21/18 00:00:00",
  "value" : "603"
},{
  "dateTime" : "07/22/18 00:00:00",
  "value" : "812"
},{
  "dateTime" : "07/23/18 00:00:00",
  "value" : "723"
},{
  "dateTime" : "07/24/18 00:00:00",
  "value" : "830"
},{
  "dateTime" : "07/25/18 00:00:00",
  "value" : "815"
},{
  "dateTime" : "07/26/18 00:00:00",
  "value" : "820"
},{
  "dateTime" : "07/27/18 00:00:00",
  "value" : "749"
},{
  "dateTime" : "07/28/18 00:00:00",
  "value" : "433"
},{
  "dateTime" : "07/29/18 00:00:00",
  "value" : "497"
},{
  "dateTime" : "07/30/18 00:00:00",
  "value" : "748"
},{
  "dateTime" : "07/31/18 00:00:00",
  "value" : "780"
},{
  "dateTime" : "08/01/18 00:00:00",
  "value" : "737"
},{
  "dateTime" : "08/02/18 00:00:00",
  "value" : "726"
},{
  "dateTime" : "08/03/18 00:00:00",
  "value" : "705"
},{
  "dateTime" : "08/04/18 00:00:00",
  "value" : "643"
},{
  "dateTime" : "08/05/18 00:00:00",
  "value" : "603"
},{
  "dateTime" : "08/06/18 00:00:00",
  "value" : "682"
},{
  "dateTime" : "08/07/18 00:00:00",
  "value" : "739"
}]