[{
  "dateTime" : "04/10/18 00:00:00",
  "value" : "583"
},{
  "dateTime" : "04/11/18 00:00:00",
  "value" : "655"
},{
  "dateTime" : "04/12/18 00:00:00",
  "value" : "749"
},{
  "dateTime" : "04/13/18 00:00:00",
  "value" : "675"
},{
  "dateTime" : "04/14/18 00:00:00",
  "value" : "604"
},{
  "dateTime" : "04/15/18 00:00:00",
  "value" : "639"
},{
  "dateTime" : "04/16/18 00:00:00",
  "value" : "700"
},{
  "dateTime" : "04/17/18 00:00:00",
  "value" : "624"
},{
  "dateTime" : "04/18/18 00:00:00",
  "value" : "572"
},{
  "dateTime" : "04/19/18 00:00:00",
  "value" : "598"
},{
  "dateTime" : "04/20/18 00:00:00",
  "value" : "630"
},{
  "dateTime" : "04/21/18 00:00:00",
  "value" : "605"
},{
  "dateTime" : "04/22/18 00:00:00",
  "value" : "608"
},{
  "dateTime" : "04/23/18 00:00:00",
  "value" : "709"
},{
  "dateTime" : "04/24/18 00:00:00",
  "value" : "593"
},{
  "dateTime" : "04/25/18 00:00:00",
  "value" : "559"
},{
  "dateTime" : "04/26/18 00:00:00",
  "value" : "722"
},{
  "dateTime" : "04/27/18 00:00:00",
  "value" : "673"
},{
  "dateTime" : "04/28/18 00:00:00",
  "value" : "684"
},{
  "dateTime" : "04/29/18 00:00:00",
  "value" : "298"
},{
  "dateTime" : "04/30/18 00:00:00",
  "value" : "730"
},{
  "dateTime" : "05/01/18 00:00:00",
  "value" : "679"
},{
  "dateTime" : "05/02/18 00:00:00",
  "value" : "693"
},{
  "dateTime" : "05/03/18 00:00:00",
  "value" : "722"
},{
  "dateTime" : "05/04/18 00:00:00",
  "value" : "686"
},{
  "dateTime" : "05/05/18 00:00:00",
  "value" : "792"
},{
  "dateTime" : "05/06/18 00:00:00",
  "value" : "707"
},{
  "dateTime" : "05/07/18 00:00:00",
  "value" : "728"
},{
  "dateTime" : "05/08/18 00:00:00",
  "value" : "748"
},{
  "dateTime" : "05/09/18 00:00:00",
  "value" : "648"
}]