[{
  "dateTime" : "06/09/18 00:00:00",
  "value" : "671"
},{
  "dateTime" : "06/10/18 00:00:00",
  "value" : "756"
},{
  "dateTime" : "06/11/18 00:00:00",
  "value" : "767"
},{
  "dateTime" : "06/12/18 00:00:00",
  "value" : "767"
},{
  "dateTime" : "06/13/18 00:00:00",
  "value" : "733"
},{
  "dateTime" : "06/14/18 00:00:00",
  "value" : "768"
},{
  "dateTime" : "06/15/18 00:00:00",
  "value" : "616"
},{
  "dateTime" : "06/16/18 00:00:00",
  "value" : "711"
},{
  "dateTime" : "06/17/18 00:00:00",
  "value" : "1074"
},{
  "dateTime" : "06/18/18 00:00:00",
  "value" : "802"
},{
  "dateTime" : "06/19/18 00:00:00",
  "value" : "848"
},{
  "dateTime" : "06/20/18 00:00:00",
  "value" : "800"
},{
  "dateTime" : "06/21/18 00:00:00",
  "value" : "1117"
},{
  "dateTime" : "06/22/18 00:00:00",
  "value" : "890"
},{
  "dateTime" : "06/23/18 00:00:00",
  "value" : "720"
},{
  "dateTime" : "06/24/18 00:00:00",
  "value" : "742"
},{
  "dateTime" : "06/25/18 00:00:00",
  "value" : "794"
},{
  "dateTime" : "06/26/18 00:00:00",
  "value" : "762"
},{
  "dateTime" : "06/27/18 00:00:00",
  "value" : "816"
},{
  "dateTime" : "06/28/18 00:00:00",
  "value" : "843"
},{
  "dateTime" : "06/29/18 00:00:00",
  "value" : "1203"
},{
  "dateTime" : "06/30/18 00:00:00",
  "value" : "584"
},{
  "dateTime" : "07/01/18 00:00:00",
  "value" : "527"
},{
  "dateTime" : "07/02/18 00:00:00",
  "value" : "1252"
},{
  "dateTime" : "07/03/18 00:00:00",
  "value" : "792"
},{
  "dateTime" : "07/04/18 00:00:00",
  "value" : "761"
},{
  "dateTime" : "07/05/18 00:00:00",
  "value" : "722"
},{
  "dateTime" : "07/06/18 00:00:00",
  "value" : "887"
},{
  "dateTime" : "07/07/18 00:00:00",
  "value" : "607"
},{
  "dateTime" : "07/08/18 00:00:00",
  "value" : "817"
}]