[{
  "dateTime" : "03/11/18 00:00:00",
  "value" : "772"
},{
  "dateTime" : "03/12/18 00:00:00",
  "value" : "820"
},{
  "dateTime" : "03/13/18 00:00:00",
  "value" : "894"
},{
  "dateTime" : "03/14/18 00:00:00",
  "value" : "561"
},{
  "dateTime" : "03/15/18 00:00:00",
  "value" : "660"
},{
  "dateTime" : "03/16/18 00:00:00",
  "value" : "569"
},{
  "dateTime" : "03/17/18 00:00:00",
  "value" : "689"
},{
  "dateTime" : "03/18/18 00:00:00",
  "value" : "704"
},{
  "dateTime" : "03/19/18 00:00:00",
  "value" : "700"
},{
  "dateTime" : "03/20/18 00:00:00",
  "value" : "709"
},{
  "dateTime" : "03/21/18 00:00:00",
  "value" : "583"
},{
  "dateTime" : "03/22/18 00:00:00",
  "value" : "690"
},{
  "dateTime" : "03/23/18 00:00:00",
  "value" : "596"
},{
  "dateTime" : "03/24/18 00:00:00",
  "value" : "339"
},{
  "dateTime" : "03/25/18 00:00:00",
  "value" : "532"
},{
  "dateTime" : "03/26/18 00:00:00",
  "value" : "549"
},{
  "dateTime" : "03/27/18 00:00:00",
  "value" : "609"
},{
  "dateTime" : "03/28/18 00:00:00",
  "value" : "585"
},{
  "dateTime" : "03/29/18 00:00:00",
  "value" : "703"
},{
  "dateTime" : "03/30/18 00:00:00",
  "value" : "594"
},{
  "dateTime" : "03/31/18 00:00:00",
  "value" : "636"
},{
  "dateTime" : "04/01/18 00:00:00",
  "value" : "601"
},{
  "dateTime" : "04/02/18 00:00:00",
  "value" : "719"
},{
  "dateTime" : "04/03/18 00:00:00",
  "value" : "684"
},{
  "dateTime" : "04/04/18 00:00:00",
  "value" : "631"
},{
  "dateTime" : "04/05/18 00:00:00",
  "value" : "728"
},{
  "dateTime" : "04/06/18 00:00:00",
  "value" : "660"
},{
  "dateTime" : "04/07/18 00:00:00",
  "value" : "570"
},{
  "dateTime" : "04/08/18 00:00:00",
  "value" : "679"
},{
  "dateTime" : "04/09/18 00:00:00",
  "value" : "851"
}]