[{
  "logId" : 17200648632,
  "dateOfSleep" : "2018-02-09",
  "startTime" : "2018-02-09T02:13:00.000",
  "endTime" : "2018-02-09T07:57:00.000",
  "duration" : 20640000,
  "minutesToFallAsleep" : 0,
  "minutesAsleep" : 326,
  "minutesAwake" : 18,
  "minutesAfterWakeup" : 0,
  "timeInBed" : 344,
  "efficiency" : 95,
  "type" : "classic",
  "infoCode" : 0,
  "levels" : {
    "summary" : {
      "restless" : {
        "count" : 14,
        "minutes" : 17
      },
      "awake" : {
        "count" : 1,
        "minutes" : 1
      },
      "asleep" : {
        "count" : 0,
        "minutes" : 326
      }
    },
    "data" : [{
      "dateTime" : "2018-02-09T02:13:00.000",
      "level" : "awake",
      "seconds" : 60
    },{
      "dateTime" : "2018-02-09T02:14:00.000",
      "level" : "restless",
      "seconds" : 120
    },{
      "dateTime" : "2018-02-09T02:16:00.000",
      "level" : "asleep",
      "seconds" : 1920
    },{
      "dateTime" : "2018-02-09T02:48:00.000",
      "level" : "restless",
      "seconds" : 60
    },{
      "dateTime" : "2018-02-09T02:49:00.000",
      "level" : "asleep",
      "seconds" : 1560
    },{
      "dateTime" : "2018-02-09T03:15:00.000",
      "level" : "restless",
      "seconds" : 120
    },{
      "dateTime" : "2018-02-09T03:17:00.000",
      "level" : "asleep",
      "seconds" : 2940
    },{
      "dateTime" : "2018-02-09T04:06:00.000",
      "level" : "restless",
      "seconds" : 60
    },{
      "dateTime" : "2018-02-09T04:07:00.000",
      "level" : "asleep",
      "seconds" : 960
    },{
      "dateTime" : "2018-02-09T04:23:00.000",
      "level" : "restless",
      "seconds" : 60
    },{
      "dateTime" : "2018-02-09T04:24:00.000",
      "level" : "asleep",
      "seconds" : 420
    },{
      "dateTime" : "2018-02-09T04:31:00.000",
      "level" : "restless",
      "seconds" : 60
    },{
      "dateTime" : "2018-02-09T04:32:00.000",
      "level" : "asleep",
      "seconds" : 1740
    },{
      "dateTime" : "2018-02-09T05:01:00.000",
      "level" : "restless",
      "seconds" : 120
    },{
      "dateTime" : "2018-02-09T05:03:00.000",
      "level" : "asleep",
      "seconds" : 3060
    },{
      "dateTime" : "2018-02-09T05:54:00.000",
      "level" : "restless",
      "seconds" : 60
    },{
      "dateTime" : "2018-02-09T05:55:00.000",
      "level" : "asleep",
      "seconds" : 540
    },{
      "dateTime" : "2018-02-09T06:04:00.000",
      "level" : "restless",
      "seconds" : 60
    },{
      "dateTime" : "2018-02-09T06:05:00.000",
      "level" : "asleep",
      "seconds" : 120
    },{
      "dateTime" : "2018-02-09T06:07:00.000",
      "level" : "restless",
      "seconds" : 60
    },{
      "dateTime" : "2018-02-09T06:08:00.000",
      "level" : "asleep",
      "seconds" : 4680
    },{
      "dateTime" : "2018-02-09T07:26:00.000",
      "level" : "restless",
      "seconds" : 60
    },{
      "dateTime" : "2018-02-09T07:27:00.000",
      "level" : "asleep",
      "seconds" : 840
    },{
      "dateTime" : "2018-02-09T07:41:00.000",
      "level" : "restless",
      "seconds" : 60
    },{
      "dateTime" : "2018-02-09T07:42:00.000",
      "level" : "asleep",
      "seconds" : 300
    },{
      "dateTime" : "2018-02-09T07:47:00.000",
      "level" : "restless",
      "seconds" : 60
    },{
      "dateTime" : "2018-02-09T07:48:00.000",
      "level" : "asleep",
      "seconds" : 180
    },{
      "dateTime" : "2018-02-09T07:51:00.000",
      "level" : "restless",
      "seconds" : 60
    },{
      "dateTime" : "2018-02-09T07:52:00.000",
      "level" : "asleep",
      "seconds" : 300
    }]
  }
},{
  "logId" : 17174099984,
  "dateOfSleep" : "2018-02-08",
  "startTime" : "2018-02-08T00:23:00.000",
  "endTime" : "2018-02-08T07:55:30.000",
  "duration" : 27120000,
  "minutesToFallAsleep" : 0,
  "minutesAsleep" : 443,
  "minutesAwake" : 9,
  "minutesAfterWakeup" : 0,
  "timeInBed" : 452,
  "efficiency" : 98,
  "type" : "classic",
  "infoCode" : 0,
  "levels" : {
    "summary" : {
      "restless" : {
        "count" : 5,
        "minutes" : 9
      },
      "awake" : {
        "count" : 0,
        "minutes" : 0
      },
      "asleep" : {
        "count" : 0,
        "minutes" : 443
      }
    },
    "data" : [{
      "dateTime" : "2018-02-08T00:23:00.000",
      "level" : "asleep",
      "seconds" : 60
    },{
      "dateTime" : "2018-02-08T00:24:00.000",
      "level" : "restless",
      "seconds" : 60
    },{
      "dateTime" : "2018-02-08T00:25:00.000",
      "level" : "asleep",
      "seconds" : 9660
    },{
      "dateTime" : "2018-02-08T03:06:00.000",
      "level" : "restless",
      "seconds" : 60
    },{
      "dateTime" : "2018-02-08T03:07:00.000",
      "level" : "asleep",
      "seconds" : 5940
    },{
      "dateTime" : "2018-02-08T04:46:00.000",
      "level" : "restless",
      "seconds" : 180
    },{
      "dateTime" : "2018-02-08T04:49:00.000",
      "level" : "asleep",
      "seconds" : 60
    },{
      "dateTime" : "2018-02-08T04:50:00.000",
      "level" : "restless",
      "seconds" : 60
    },{
      "dateTime" : "2018-02-08T04:51:00.000",
      "level" : "asleep",
      "seconds" : 9180
    },{
      "dateTime" : "2018-02-08T07:24:00.000",
      "level" : "restless",
      "seconds" : 180
    },{
      "dateTime" : "2018-02-08T07:27:00.000",
      "level" : "asleep",
      "seconds" : 1680
    }]
  }
},{
  "logId" : 17174099983,
  "dateOfSleep" : "2018-02-07",
  "startTime" : "2018-02-07T00:07:00.000",
  "endTime" : "2018-02-07T07:43:00.000",
  "duration" : 27360000,
  "minutesToFallAsleep" : 0,
  "minutesAsleep" : 422,
  "minutesAwake" : 34,
  "minutesAfterWakeup" : 0,
  "timeInBed" : 456,
  "efficiency" : 93,
  "type" : "classic",
  "infoCode" : 0,
  "levels" : {
    "summary" : {
      "restless" : {
        "count" : 13,
        "minutes" : 34
      },
      "awake" : {
        "count" : 0,
        "minutes" : 0
      },
      "asleep" : {
        "count" : 0,
        "minutes" : 422
      }
    },
    "data" : [{
      "dateTime" : "2018-02-07T00:07:00.000",
      "level" : "asleep",
      "seconds" : 5640
    },{
      "dateTime" : "2018-02-07T01:41:00.000",
      "level" : "restless",
      "seconds" : 120
    },{
      "dateTime" : "2018-02-07T01:43:00.000",
      "level" : "asleep",
      "seconds" : 1320
    },{
      "dateTime" : "2018-02-07T02:05:00.000",
      "level" : "restless",
      "seconds" : 60
    },{
      "dateTime" : "2018-02-07T02:06:00.000",
      "level" : "asleep",
      "seconds" : 1260
    },{
      "dateTime" : "2018-02-07T02:27:00.000",
      "level" : "restless",
      "seconds" : 180
    },{
      "dateTime" : "2018-02-07T02:30:00.000",
      "level" : "asleep",
      "seconds" : 3960
    },{
      "dateTime" : "2018-02-07T03:36:00.000",
      "level" : "restless",
      "seconds" : 300
    },{
      "dateTime" : "2018-02-07T03:41:00.000",
      "level" : "asleep",
      "seconds" : 60
    },{
      "dateTime" : "2018-02-07T03:42:00.000",
      "level" : "restless",
      "seconds" : 120
    },{
      "dateTime" : "2018-02-07T03:44:00.000",
      "level" : "asleep",
      "seconds" : 660
    },{
      "dateTime" : "2018-02-07T03:55:00.000",
      "level" : "restless",
      "seconds" : 60
    },{
      "dateTime" : "2018-02-07T03:56:00.000",
      "level" : "asleep",
      "seconds" : 720
    },{
      "dateTime" : "2018-02-07T04:08:00.000",
      "level" : "restless",
      "seconds" : 60
    },{
      "dateTime" : "2018-02-07T04:09:00.000",
      "level" : "asleep",
      "seconds" : 120
    },{
      "dateTime" : "2018-02-07T04:11:00.000",
      "level" : "restless",
      "seconds" : 180
    },{
      "dateTime" : "2018-02-07T04:14:00.000",
      "level" : "asleep",
      "seconds" : 120
    },{
      "dateTime" : "2018-02-07T04:16:00.000",
      "level" : "restless",
      "seconds" : 120
    },{
      "dateTime" : "2018-02-07T04:18:00.000",
      "level" : "asleep",
      "seconds" : 1020
    },{
      "dateTime" : "2018-02-07T04:35:00.000",
      "level" : "restless",
      "seconds" : 120
    },{
      "dateTime" : "2018-02-07T04:37:00.000",
      "level" : "asleep",
      "seconds" : 240
    },{
      "dateTime" : "2018-02-07T04:41:00.000",
      "level" : "restless",
      "seconds" : 60
    },{
      "dateTime" : "2018-02-07T04:42:00.000",
      "level" : "asleep",
      "seconds" : 900
    },{
      "dateTime" : "2018-02-07T04:57:00.000",
      "level" : "restless",
      "seconds" : 540
    },{
      "dateTime" : "2018-02-07T05:06:00.000",
      "level" : "asleep",
      "seconds" : 8040
    },{
      "dateTime" : "2018-02-07T07:20:00.000",
      "level" : "restless",
      "seconds" : 120
    },{
      "dateTime" : "2018-02-07T07:22:00.000",
      "level" : "asleep",
      "seconds" : 1260
    }]
  }
},{
  "logId" : 17174099982,
  "dateOfSleep" : "2018-02-06",
  "startTime" : "2018-02-05T23:58:00.000",
  "endTime" : "2018-02-06T08:16:00.000",
  "duration" : 29880000,
  "minutesToFallAsleep" : 0,
  "minutesAsleep" : 462,
  "minutesAwake" : 35,
  "minutesAfterWakeup" : 1,
  "timeInBed" : 498,
  "efficiency" : 93,
  "type" : "classic",
  "infoCode" : 0,
  "levels" : {
    "summary" : {
      "restless" : {
        "count" : 15,
        "minutes" : 31
      },
      "awake" : {
        "count" : 1,
        "minutes" : 5
      },
      "asleep" : {
        "count" : 0,
        "minutes" : 462
      }
    },
    "data" : [{
      "dateTime" : "2018-02-05T23:58:00.000",
      "level" : "asleep",
      "seconds" : 60
    },{
      "dateTime" : "2018-02-05T23:59:00.000",
      "level" : "restless",
      "seconds" : 180
    },{
      "dateTime" : "2018-02-06T00:02:00.000",
      "level" : "asleep",
      "seconds" : 60
    },{
      "dateTime" : "2018-02-06T00:03:00.000",
      "level" : "restless",
      "seconds" : 60
    },{
      "dateTime" : "2018-02-06T00:04:00.000",
      "level" : "asleep",
      "seconds" : 2700
    },{
      "dateTime" : "2018-02-06T00:49:00.000",
      "level" : "restless",
      "seconds" : 120
    },{
      "dateTime" : "2018-02-06T00:51:00.000",
      "level" : "asleep",
      "seconds" : 120
    },{
      "dateTime" : "2018-02-06T00:53:00.000",
      "level" : "restless",
      "seconds" : 120
    },{
      "dateTime" : "2018-02-06T00:55:00.000",
      "level" : "asleep",
      "seconds" : 2940
    },{
      "dateTime" : "2018-02-06T01:44:00.000",
      "level" : "restless",
      "seconds" : 120
    },{
      "dateTime" : "2018-02-06T01:46:00.000",
      "level" : "asleep",
      "seconds" : 120
    },{
      "dateTime" : "2018-02-06T01:48:00.000",
      "level" : "restless",
      "seconds" : 60
    },{
      "dateTime" : "2018-02-06T01:49:00.000",
      "level" : "asleep",
      "seconds" : 11760
    },{
      "dateTime" : "2018-02-06T05:05:00.000",
      "level" : "restless",
      "seconds" : 240
    },{
      "dateTime" : "2018-02-06T05:09:00.000",
      "level" : "awake",
      "seconds" : 300
    },{
      "dateTime" : "2018-02-06T05:14:00.000",
      "level" : "restless",
      "seconds" : 60
    },{
      "dateTime" : "2018-02-06T05:15:00.000",
      "level" : "asleep",
      "seconds" : 480
    },{
      "dateTime" : "2018-02-06T05:23:00.000",
      "level" : "restless",
      "seconds" : 60
    },{
      "dateTime" : "2018-02-06T05:24:00.000",
      "level" : "asleep",
      "seconds" : 600
    },{
      "dateTime" : "2018-02-06T05:34:00.000",
      "level" : "restless",
      "seconds" : 180
    },{
      "dateTime" : "2018-02-06T05:37:00.000",
      "level" : "asleep",
      "seconds" : 3720
    },{
      "dateTime" : "2018-02-06T06:39:00.000",
      "level" : "restless",
      "seconds" : 240
    },{
      "dateTime" : "2018-02-06T06:43:00.000",
      "level" : "asleep",
      "seconds" : 3900
    },{
      "dateTime" : "2018-02-06T07:48:00.000",
      "level" : "restless",
      "seconds" : 120
    },{
      "dateTime" : "2018-02-06T07:50:00.000",
      "level" : "asleep",
      "seconds" : 180
    },{
      "dateTime" : "2018-02-06T07:53:00.000",
      "level" : "restless",
      "seconds" : 60
    },{
      "dateTime" : "2018-02-06T07:54:00.000",
      "level" : "asleep",
      "seconds" : 1020
    },{
      "dateTime" : "2018-02-06T08:11:00.000",
      "level" : "restless",
      "seconds" : 180
    },{
      "dateTime" : "2018-02-06T08:14:00.000",
      "level" : "asleep",
      "seconds" : 60
    },{
      "dateTime" : "2018-02-06T08:15:00.000",
      "level" : "restless",
      "seconds" : 60
    }]
  }
},{
  "logId" : 17138082844,
  "dateOfSleep" : "2018-02-05",
  "startTime" : "2018-02-04T23:04:00.000",
  "endTime" : "2018-02-05T07:59:30.000",
  "duration" : 32100000,
  "minutesToFallAsleep" : 0,
  "minutesAsleep" : 469,
  "minutesAwake" : 66,
  "minutesAfterWakeup" : 0,
  "timeInBed" : 535,
  "efficiency" : 88,
  "type" : "classic",
  "infoCode" : 0,
  "levels" : {
    "summary" : {
      "restless" : {
        "count" : 27,
        "minutes" : 64
      },
      "awake" : {
        "count" : 1,
        "minutes" : 2
      },
      "asleep" : {
        "count" : 0,
        "minutes" : 469
      }
    },
    "data" : [{
      "dateTime" : "2018-02-04T23:04:00.000",
      "level" : "awake",
      "seconds" : 120
    },{
      "dateTime" : "2018-02-04T23:06:00.000",
      "level" : "restless",
      "seconds" : 180
    },{
      "dateTime" : "2018-02-04T23:09:00.000",
      "level" : "asleep",
      "seconds" : 2040
    },{
      "dateTime" : "2018-02-04T23:43:00.000",
      "level" : "restless",
      "seconds" : 60
    },{
      "dateTime" : "2018-02-04T23:44:00.000",
      "level" : "asleep",
      "seconds" : 1260
    },{
      "dateTime" : "2018-02-05T00:05:00.000",
      "level" : "restless",
      "seconds" : 60
    },{
      "dateTime" : "2018-02-05T00:06:00.000",
      "level" : "asleep",
      "seconds" : 8520
    },{
      "dateTime" : "2018-02-05T02:28:00.000",
      "level" : "restless",
      "seconds" : 300
    },{
      "dateTime" : "2018-02-05T02:33:00.000",
      "level" : "asleep",
      "seconds" : 60
    },{
      "dateTime" : "2018-02-05T02:34:00.000",
      "level" : "restless",
      "seconds" : 120
    },{
      "dateTime" : "2018-02-05T02:36:00.000",
      "level" : "asleep",
      "seconds" : 1740
    },{
      "dateTime" : "2018-02-05T03:05:00.000",
      "level" : "restless",
      "seconds" : 420
    },{
      "dateTime" : "2018-02-05T03:12:00.000",
      "level" : "asleep",
      "seconds" : 60
    },{
      "dateTime" : "2018-02-05T03:13:00.000",
      "level" : "restless",
      "seconds" : 60
    },{
      "dateTime" : "2018-02-05T03:14:00.000",
      "level" : "asleep",
      "seconds" : 600
    },{
      "dateTime" : "2018-02-05T03:24:00.000",
      "level" : "restless",
      "seconds" : 120
    },{
      "dateTime" : "2018-02-05T03:26:00.000",
      "level" : "asleep",
      "seconds" : 120
    },{
      "dateTime" : "2018-02-05T03:28:00.000",
      "level" : "restless",
      "seconds" : 120
    },{
      "dateTime" : "2018-02-05T03:30:00.000",
      "level" : "asleep",
      "seconds" : 120
    },{
      "dateTime" : "2018-02-05T03:32:00.000",
      "level" : "restless",
      "seconds" : 120
    },{
      "dateTime" : "2018-02-05T03:34:00.000",
      "level" : "asleep",
      "seconds" : 300
    },{
      "dateTime" : "2018-02-05T03:39:00.000",
      "level" : "restless",
      "seconds" : 180
    },{
      "dateTime" : "2018-02-05T03:42:00.000",
      "level" : "asleep",
      "seconds" : 1800
    },{
      "dateTime" : "2018-02-05T04:12:00.000",
      "level" : "restless",
      "seconds" : 120
    },{
      "dateTime" : "2018-02-05T04:14:00.000",
      "level" : "asleep",
      "seconds" : 60
    },{
      "dateTime" : "2018-02-05T04:15:00.000",
      "level" : "restless",
      "seconds" : 180
    },{
      "dateTime" : "2018-02-05T04:18:00.000",
      "level" : "asleep",
      "seconds" : 1560
    },{
      "dateTime" : "2018-02-05T04:44:00.000",
      "level" : "restless",
      "seconds" : 60
    },{
      "dateTime" : "2018-02-05T04:45:00.000",
      "level" : "asleep",
      "seconds" : 60
    },{
      "dateTime" : "2018-02-05T04:46:00.000",
      "level" : "restless",
      "seconds" : 180
    },{
      "dateTime" : "2018-02-05T04:49:00.000",
      "level" : "asleep",
      "seconds" : 180
    },{
      "dateTime" : "2018-02-05T04:52:00.000",
      "level" : "restless",
      "seconds" : 180
    },{
      "dateTime" : "2018-02-05T04:55:00.000",
      "level" : "asleep",
      "seconds" : 180
    },{
      "dateTime" : "2018-02-05T04:58:00.000",
      "level" : "restless",
      "seconds" : 240
    },{
      "dateTime" : "2018-02-05T05:02:00.000",
      "level" : "asleep",
      "seconds" : 1380
    },{
      "dateTime" : "2018-02-05T05:25:00.000",
      "level" : "restless",
      "seconds" : 180
    },{
      "dateTime" : "2018-02-05T05:28:00.000",
      "level" : "asleep",
      "seconds" : 60
    },{
      "dateTime" : "2018-02-05T05:29:00.000",
      "level" : "restless",
      "seconds" : 60
    },{
      "dateTime" : "2018-02-05T05:30:00.000",
      "level" : "asleep",
      "seconds" : 60
    },{
      "dateTime" : "2018-02-05T05:31:00.000",
      "level" : "restless",
      "seconds" : 60
    },{
      "dateTime" : "2018-02-05T05:32:00.000",
      "level" : "asleep",
      "seconds" : 840
    },{
      "dateTime" : "2018-02-05T05:46:00.000",
      "level" : "restless",
      "seconds" : 60
    },{
      "dateTime" : "2018-02-05T05:47:00.000",
      "level" : "asleep",
      "seconds" : 360
    },{
      "dateTime" : "2018-02-05T05:53:00.000",
      "level" : "restless",
      "seconds" : 120
    },{
      "dateTime" : "2018-02-05T05:55:00.000",
      "level" : "asleep",
      "seconds" : 120
    },{
      "dateTime" : "2018-02-05T05:57:00.000",
      "level" : "restless",
      "seconds" : 120
    },{
      "dateTime" : "2018-02-05T05:59:00.000",
      "level" : "asleep",
      "seconds" : 840
    },{
      "dateTime" : "2018-02-05T06:13:00.000",
      "level" : "restless",
      "seconds" : 60
    },{
      "dateTime" : "2018-02-05T06:14:00.000",
      "level" : "asleep",
      "seconds" : 1920
    },{
      "dateTime" : "2018-02-05T06:46:00.000",
      "level" : "restless",
      "seconds" : 180
    },{
      "dateTime" : "2018-02-05T06:49:00.000",
      "level" : "asleep",
      "seconds" : 60
    },{
      "dateTime" : "2018-02-05T06:50:00.000",
      "level" : "restless",
      "seconds" : 180
    },{
      "dateTime" : "2018-02-05T06:53:00.000",
      "level" : "asleep",
      "seconds" : 2880
    },{
      "dateTime" : "2018-02-05T07:41:00.000",
      "level" : "restless",
      "seconds" : 120
    },{
      "dateTime" : "2018-02-05T07:43:00.000",
      "level" : "asleep",
      "seconds" : 960
    }]
  }
},{
  "logId" : 17127911661,
  "dateOfSleep" : "2018-02-04",
  "startTime" : "2018-02-04T03:19:00.000",
  "endTime" : "2018-02-04T10:49:30.000",
  "duration" : 27000000,
  "minutesToFallAsleep" : 0,
  "minutesAsleep" : 427,
  "minutesAwake" : 23,
  "minutesAfterWakeup" : 0,
  "timeInBed" : 450,
  "efficiency" : 95,
  "type" : "classic",
  "infoCode" : 0,
  "levels" : {
    "summary" : {
      "restless" : {
        "count" : 15,
        "minutes" : 23
      },
      "awake" : {
        "count" : 0,
        "minutes" : 0
      },
      "asleep" : {
        "count" : 0,
        "minutes" : 427
      }
    },
    "data" : [{
      "dateTime" : "2018-02-04T03:19:00.000",
      "level" : "asleep",
      "seconds" : 180
    },{
      "dateTime" : "2018-02-04T03:22:00.000",
      "level" : "restless",
      "seconds" : 60
    },{
      "dateTime" : "2018-02-04T03:23:00.000",
      "level" : "asleep",
      "seconds" : 16380
    },{
      "dateTime" : "2018-02-04T07:56:00.000",
      "level" : "restless",
      "seconds" : 120
    },{
      "dateTime" : "2018-02-04T07:58:00.000",
      "level" : "asleep",
      "seconds" : 120
    },{
      "dateTime" : "2018-02-04T08:00:00.000",
      "level" : "restless",
      "seconds" : 120
    },{
      "dateTime" : "2018-02-04T08:02:00.000",
      "level" : "asleep",
      "seconds" : 180
    },{
      "dateTime" : "2018-02-04T08:05:00.000",
      "level" : "restless",
      "seconds" : 180
    },{
      "dateTime" : "2018-02-04T08:08:00.000",
      "level" : "asleep",
      "seconds" : 180
    },{
      "dateTime" : "2018-02-04T08:11:00.000",
      "level" : "restless",
      "seconds" : 60
    },{
      "dateTime" : "2018-02-04T08:12:00.000",
      "level" : "asleep",
      "seconds" : 240
    },{
      "dateTime" : "2018-02-04T08:16:00.000",
      "level" : "restless",
      "seconds" : 120
    },{
      "dateTime" : "2018-02-04T08:18:00.000",
      "level" : "asleep",
      "seconds" : 1380
    },{
      "dateTime" : "2018-02-04T08:41:00.000",
      "level" : "restless",
      "seconds" : 120
    },{
      "dateTime" : "2018-02-04T08:43:00.000",
      "level" : "asleep",
      "seconds" : 1020
    },{
      "dateTime" : "2018-02-04T09:00:00.000",
      "level" : "restless",
      "seconds" : 60
    },{
      "dateTime" : "2018-02-04T09:01:00.000",
      "level" : "asleep",
      "seconds" : 180
    },{
      "dateTime" : "2018-02-04T09:04:00.000",
      "level" : "restless",
      "seconds" : 60
    },{
      "dateTime" : "2018-02-04T09:05:00.000",
      "level" : "asleep",
      "seconds" : 60
    },{
      "dateTime" : "2018-02-04T09:06:00.000",
      "level" : "restless",
      "seconds" : 60
    },{
      "dateTime" : "2018-02-04T09:07:00.000",
      "level" : "asleep",
      "seconds" : 1500
    },{
      "dateTime" : "2018-02-04T09:32:00.000",
      "level" : "restless",
      "seconds" : 180
    },{
      "dateTime" : "2018-02-04T09:35:00.000",
      "level" : "asleep",
      "seconds" : 60
    },{
      "dateTime" : "2018-02-04T09:36:00.000",
      "level" : "restless",
      "seconds" : 60
    },{
      "dateTime" : "2018-02-04T09:37:00.000",
      "level" : "asleep",
      "seconds" : 1140
    },{
      "dateTime" : "2018-02-04T09:56:00.000",
      "level" : "restless",
      "seconds" : 60
    },{
      "dateTime" : "2018-02-04T09:57:00.000",
      "level" : "asleep",
      "seconds" : 1500
    },{
      "dateTime" : "2018-02-04T10:22:00.000",
      "level" : "restless",
      "seconds" : 60
    },{
      "dateTime" : "2018-02-04T10:23:00.000",
      "level" : "asleep",
      "seconds" : 1020
    },{
      "dateTime" : "2018-02-04T10:40:00.000",
      "level" : "restless",
      "seconds" : 60
    },{
      "dateTime" : "2018-02-04T10:41:00.000",
      "level" : "asleep",
      "seconds" : 480
    }]
  }
},{
  "logId" : 17127911660,
  "dateOfSleep" : "2018-02-03",
  "startTime" : "2018-02-03T14:11:30.000",
  "endTime" : "2018-02-03T15:47:30.000",
  "duration" : 5760000,
  "minutesToFallAsleep" : 0,
  "minutesAsleep" : 95,
  "minutesAwake" : 1,
  "minutesAfterWakeup" : 0,
  "timeInBed" : 96,
  "efficiency" : 99,
  "type" : "classic",
  "infoCode" : 0,
  "levels" : {
    "summary" : {
      "restless" : {
        "count" : 0,
        "minutes" : 0
      },
      "awake" : {
        "count" : 1,
        "minutes" : 1
      },
      "asleep" : {
        "count" : 0,
        "minutes" : 95
      }
    },
    "data" : [{
      "dateTime" : "2018-02-03T14:11:30.000",
      "level" : "awake",
      "seconds" : 60
    },{
      "dateTime" : "2018-02-03T14:12:30.000",
      "level" : "asleep",
      "seconds" : 5700
    }]
  }
},{
  "logId" : 17117442097,
  "dateOfSleep" : "2018-02-03",
  "startTime" : "2018-02-03T01:23:00.000",
  "endTime" : "2018-02-03T09:52:30.000",
  "duration" : 30540000,
  "minutesToFallAsleep" : 0,
  "minutesAsleep" : 433,
  "minutesAwake" : 76,
  "minutesAfterWakeup" : 0,
  "timeInBed" : 509,
  "efficiency" : 85,
  "type" : "classic",
  "infoCode" : 0,
  "levels" : {
    "summary" : {
      "restless" : {
        "count" : 25,
        "minutes" : 62
      },
      "awake" : {
        "count" : 3,
        "minutes" : 14
      },
      "asleep" : {
        "count" : 0,
        "minutes" : 433
      }
    },
    "data" : [{
      "dateTime" : "2018-02-03T01:23:00.000",
      "level" : "restless",
      "seconds" : 120
    },{
      "dateTime" : "2018-02-03T01:25:00.000",
      "level" : "awake",
      "seconds" : 60
    },{
      "dateTime" : "2018-02-03T01:26:00.000",
      "level" : "restless",
      "seconds" : 120
    },{
      "dateTime" : "2018-02-03T01:28:00.000",
      "level" : "asleep",
      "seconds" : 4080
    },{
      "dateTime" : "2018-02-03T02:36:00.000",
      "level" : "restless",
      "seconds" : 120
    },{
      "dateTime" : "2018-02-03T02:38:00.000",
      "level" : "asleep",
      "seconds" : 120
    },{
      "dateTime" : "2018-02-03T02:40:00.000",
      "level" : "restless",
      "seconds" : 60
    },{
      "dateTime" : "2018-02-03T02:41:00.000",
      "level" : "asleep",
      "seconds" : 1620
    },{
      "dateTime" : "2018-02-03T03:08:00.000",
      "level" : "restless",
      "seconds" : 60
    },{
      "dateTime" : "2018-02-03T03:09:00.000",
      "level" : "asleep",
      "seconds" : 180
    },{
      "dateTime" : "2018-02-03T03:12:00.000",
      "level" : "restless",
      "seconds" : 240
    },{
      "dateTime" : "2018-02-03T03:16:00.000",
      "level" : "asleep",
      "seconds" : 60
    },{
      "dateTime" : "2018-02-03T03:17:00.000",
      "level" : "restless",
      "seconds" : 120
    },{
      "dateTime" : "2018-02-03T03:19:00.000",
      "level" : "asleep",
      "seconds" : 420
    },{
      "dateTime" : "2018-02-03T03:26:00.000",
      "level" : "restless",
      "seconds" : 120
    },{
      "dateTime" : "2018-02-03T03:28:00.000",
      "level" : "asleep",
      "seconds" : 5760
    },{
      "dateTime" : "2018-02-03T05:04:00.000",
      "level" : "restless",
      "seconds" : 420
    },{
      "dateTime" : "2018-02-03T05:11:00.000",
      "level" : "asleep",
      "seconds" : 60
    },{
      "dateTime" : "2018-02-03T05:12:00.000",
      "level" : "restless",
      "seconds" : 60
    },{
      "dateTime" : "2018-02-03T05:13:00.000",
      "level" : "asleep",
      "seconds" : 1800
    },{
      "dateTime" : "2018-02-03T05:43:00.000",
      "level" : "restless",
      "seconds" : 60
    },{
      "dateTime" : "2018-02-03T05:44:00.000",
      "level" : "asleep",
      "seconds" : 2160
    },{
      "dateTime" : "2018-02-03T06:20:00.000",
      "level" : "restless",
      "seconds" : 240
    },{
      "dateTime" : "2018-02-03T06:24:00.000",
      "level" : "asleep",
      "seconds" : 180
    },{
      "dateTime" : "2018-02-03T06:27:00.000",
      "level" : "restless",
      "seconds" : 60
    },{
      "dateTime" : "2018-02-03T06:28:00.000",
      "level" : "asleep",
      "seconds" : 660
    },{
      "dateTime" : "2018-02-03T06:39:00.000",
      "level" : "restless",
      "seconds" : 600
    },{
      "dateTime" : "2018-02-03T06:49:00.000",
      "level" : "asleep",
      "seconds" : 960
    },{
      "dateTime" : "2018-02-03T07:05:00.000",
      "level" : "restless",
      "seconds" : 120
    },{
      "dateTime" : "2018-02-03T07:07:00.000",
      "level" : "asleep",
      "seconds" : 120
    },{
      "dateTime" : "2018-02-03T07:09:00.000",
      "level" : "restless",
      "seconds" : 120
    },{
      "dateTime" : "2018-02-03T07:11:00.000",
      "level" : "asleep",
      "seconds" : 1260
    },{
      "dateTime" : "2018-02-03T07:32:00.000",
      "level" : "restless",
      "seconds" : 60
    },{
      "dateTime" : "2018-02-03T07:33:00.000",
      "level" : "asleep",
      "seconds" : 1200
    },{
      "dateTime" : "2018-02-03T07:53:00.000",
      "level" : "restless",
      "seconds" : 60
    },{
      "dateTime" : "2018-02-03T07:54:00.000",
      "level" : "asleep",
      "seconds" : 660
    },{
      "dateTime" : "2018-02-03T08:05:00.000",
      "level" : "restless",
      "seconds" : 60
    },{
      "dateTime" : "2018-02-03T08:06:00.000",
      "level" : "asleep",
      "seconds" : 660
    },{
      "dateTime" : "2018-02-03T08:17:00.000",
      "level" : "restless",
      "seconds" : 120
    },{
      "dateTime" : "2018-02-03T08:19:00.000",
      "level" : "asleep",
      "seconds" : 720
    },{
      "dateTime" : "2018-02-03T08:31:00.000",
      "level" : "restless",
      "seconds" : 60
    },{
      "dateTime" : "2018-02-03T08:32:00.000",
      "level" : "asleep",
      "seconds" : 2160
    },{
      "dateTime" : "2018-02-03T09:08:00.000",
      "level" : "restless",
      "seconds" : 300
    },{
      "dateTime" : "2018-02-03T09:13:00.000",
      "level" : "awake",
      "seconds" : 300
    },{
      "dateTime" : "2018-02-03T09:18:00.000",
      "level" : "restless",
      "seconds" : 60
    },{
      "dateTime" : "2018-02-03T09:19:00.000",
      "level" : "asleep",
      "seconds" : 720
    },{
      "dateTime" : "2018-02-03T09:31:00.000",
      "level" : "restless",
      "seconds" : 120
    },{
      "dateTime" : "2018-02-03T09:33:00.000",
      "level" : "asleep",
      "seconds" : 360
    },{
      "dateTime" : "2018-02-03T09:39:00.000",
      "level" : "restless",
      "seconds" : 240
    },{
      "dateTime" : "2018-02-03T09:43:00.000",
      "level" : "awake",
      "seconds" : 540
    }]
  }
},{
  "logId" : 17117442096,
  "dateOfSleep" : "2018-02-02",
  "startTime" : "2018-02-01T23:00:00.000",
  "endTime" : "2018-02-02T07:25:30.000",
  "duration" : 30300000,
  "minutesToFallAsleep" : 0,
  "minutesAsleep" : 474,
  "minutesAwake" : 31,
  "minutesAfterWakeup" : 0,
  "timeInBed" : 505,
  "efficiency" : 94,
  "type" : "classic",
  "infoCode" : 0,
  "levels" : {
    "summary" : {
      "restless" : {
        "count" : 16,
        "minutes" : 30
      },
      "awake" : {
        "count" : 1,
        "minutes" : 1
      },
      "asleep" : {
        "count" : 0,
        "minutes" : 474
      }
    },
    "data" : [{
      "dateTime" : "2018-02-01T23:00:00.000",
      "level" : "asleep",
      "seconds" : 300
    },{
      "dateTime" : "2018-02-01T23:05:00.000",
      "level" : "restless",
      "seconds" : 300
    },{
      "dateTime" : "2018-02-01T23:10:00.000",
      "level" : "awake",
      "seconds" : 60
    },{
      "dateTime" : "2018-02-01T23:11:00.000",
      "level" : "restless",
      "seconds" : 60
    },{
      "dateTime" : "2018-02-01T23:12:00.000",
      "level" : "asleep",
      "seconds" : 3780
    },{
      "dateTime" : "2018-02-02T00:15:00.000",
      "level" : "restless",
      "seconds" : 60
    },{
      "dateTime" : "2018-02-02T00:16:00.000",
      "level" : "asleep",
      "seconds" : 6240
    },{
      "dateTime" : "2018-02-02T02:00:00.000",
      "level" : "restless",
      "seconds" : 60
    },{
      "dateTime" : "2018-02-02T02:01:00.000",
      "level" : "asleep",
      "seconds" : 2040
    },{
      "dateTime" : "2018-02-02T02:35:00.000",
      "level" : "restless",
      "seconds" : 60
    },{
      "dateTime" : "2018-02-02T02:36:00.000",
      "level" : "asleep",
      "seconds" : 5580
    },{
      "dateTime" : "2018-02-02T04:09:00.000",
      "level" : "restless",
      "seconds" : 300
    },{
      "dateTime" : "2018-02-02T04:14:00.000",
      "level" : "asleep",
      "seconds" : 60
    },{
      "dateTime" : "2018-02-02T04:15:00.000",
      "level" : "restless",
      "seconds" : 180
    },{
      "dateTime" : "2018-02-02T04:18:00.000",
      "level" : "asleep",
      "seconds" : 4440
    },{
      "dateTime" : "2018-02-02T05:32:00.000",
      "level" : "restless",
      "seconds" : 180
    },{
      "dateTime" : "2018-02-02T05:35:00.000",
      "level" : "asleep",
      "seconds" : 60
    },{
      "dateTime" : "2018-02-02T05:36:00.000",
      "level" : "restless",
      "seconds" : 60
    },{
      "dateTime" : "2018-02-02T05:37:00.000",
      "level" : "asleep",
      "seconds" : 60
    },{
      "dateTime" : "2018-02-02T05:38:00.000",
      "level" : "restless",
      "seconds" : 60
    },{
      "dateTime" : "2018-02-02T05:39:00.000",
      "level" : "asleep",
      "seconds" : 1260
    },{
      "dateTime" : "2018-02-02T06:00:00.000",
      "level" : "restless",
      "seconds" : 60
    },{
      "dateTime" : "2018-02-02T06:01:00.000",
      "level" : "asleep",
      "seconds" : 120
    },{
      "dateTime" : "2018-02-02T06:03:00.000",
      "level" : "restless",
      "seconds" : 60
    },{
      "dateTime" : "2018-02-02T06:04:00.000",
      "level" : "asleep",
      "seconds" : 1020
    },{
      "dateTime" : "2018-02-02T06:21:00.000",
      "level" : "restless",
      "seconds" : 60
    },{
      "dateTime" : "2018-02-02T06:22:00.000",
      "level" : "asleep",
      "seconds" : 780
    },{
      "dateTime" : "2018-02-02T06:35:00.000",
      "level" : "restless",
      "seconds" : 60
    },{
      "dateTime" : "2018-02-02T06:36:00.000",
      "level" : "asleep",
      "seconds" : 2100
    },{
      "dateTime" : "2018-02-02T07:11:00.000",
      "level" : "restless",
      "seconds" : 180
    },{
      "dateTime" : "2018-02-02T07:14:00.000",
      "level" : "asleep",
      "seconds" : 60
    },{
      "dateTime" : "2018-02-02T07:15:00.000",
      "level" : "restless",
      "seconds" : 60
    },{
      "dateTime" : "2018-02-02T07:16:00.000",
      "level" : "asleep",
      "seconds" : 540
    }]
  }
},{
  "logId" : 17094850401,
  "dateOfSleep" : "2018-02-01",
  "startTime" : "2018-01-31T22:38:30.000",
  "endTime" : "2018-02-01T07:45:30.000",
  "duration" : 32820000,
  "minutesToFallAsleep" : 0,
  "minutesAsleep" : 516,
  "minutesAwake" : 31,
  "minutesAfterWakeup" : 0,
  "timeInBed" : 547,
  "efficiency" : 94,
  "type" : "classic",
  "infoCode" : 0,
  "levels" : {
    "summary" : {
      "restless" : {
        "count" : 17,
        "minutes" : 28
      },
      "awake" : {
        "count" : 2,
        "minutes" : 3
      },
      "asleep" : {
        "count" : 0,
        "minutes" : 516
      }
    },
    "data" : [{
      "dateTime" : "2018-01-31T22:38:30.000",
      "level" : "restless",
      "seconds" : 60
    },{
      "dateTime" : "2018-01-31T22:39:30.000",
      "level" : "awake",
      "seconds" : 60
    },{
      "dateTime" : "2018-01-31T22:40:30.000",
      "level" : "restless",
      "seconds" : 60
    },{
      "dateTime" : "2018-01-31T22:41:30.000",
      "level" : "asleep",
      "seconds" : 2940
    },{
      "dateTime" : "2018-01-31T23:30:30.000",
      "level" : "restless",
      "seconds" : 240
    },{
      "dateTime" : "2018-01-31T23:34:30.000",
      "level" : "awake",
      "seconds" : 120
    },{
      "dateTime" : "2018-01-31T23:36:30.000",
      "level" : "restless",
      "seconds" : 120
    },{
      "dateTime" : "2018-01-31T23:38:30.000",
      "level" : "asleep",
      "seconds" : 240
    },{
      "dateTime" : "2018-01-31T23:42:30.000",
      "level" : "restless",
      "seconds" : 60
    },{
      "dateTime" : "2018-01-31T23:43:30.000",
      "level" : "asleep",
      "seconds" : 6480
    },{
      "dateTime" : "2018-02-01T01:31:30.000",
      "level" : "restless",
      "seconds" : 180
    },{
      "dateTime" : "2018-02-01T01:34:30.000",
      "level" : "asleep",
      "seconds" : 60
    },{
      "dateTime" : "2018-02-01T01:35:30.000",
      "level" : "restless",
      "seconds" : 60
    },{
      "dateTime" : "2018-02-01T01:36:30.000",
      "level" : "asleep",
      "seconds" : 14880
    },{
      "dateTime" : "2018-02-01T05:44:30.000",
      "level" : "restless",
      "seconds" : 60
    },{
      "dateTime" : "2018-02-01T05:45:30.000",
      "level" : "asleep",
      "seconds" : 960
    },{
      "dateTime" : "2018-02-01T06:01:30.000",
      "level" : "restless",
      "seconds" : 120
    },{
      "dateTime" : "2018-02-01T06:03:30.000",
      "level" : "asleep",
      "seconds" : 120
    },{
      "dateTime" : "2018-02-01T06:05:30.000",
      "level" : "restless",
      "seconds" : 120
    },{
      "dateTime" : "2018-02-01T06:07:30.000",
      "level" : "asleep",
      "seconds" : 240
    },{
      "dateTime" : "2018-02-01T06:11:30.000",
      "level" : "restless",
      "seconds" : 120
    },{
      "dateTime" : "2018-02-01T06:13:30.000",
      "level" : "asleep",
      "seconds" : 360
    },{
      "dateTime" : "2018-02-01T06:19:30.000",
      "level" : "restless",
      "seconds" : 60
    },{
      "dateTime" : "2018-02-01T06:20:30.000",
      "level" : "asleep",
      "seconds" : 180
    },{
      "dateTime" : "2018-02-01T06:23:30.000",
      "level" : "restless",
      "seconds" : 120
    },{
      "dateTime" : "2018-02-01T06:25:30.000",
      "level" : "asleep",
      "seconds" : 240
    },{
      "dateTime" : "2018-02-01T06:29:30.000",
      "level" : "restless",
      "seconds" : 60
    },{
      "dateTime" : "2018-02-01T06:30:30.000",
      "level" : "asleep",
      "seconds" : 720
    },{
      "dateTime" : "2018-02-01T06:42:30.000",
      "level" : "restless",
      "seconds" : 60
    },{
      "dateTime" : "2018-02-01T06:43:30.000",
      "level" : "asleep",
      "seconds" : 120
    },{
      "dateTime" : "2018-02-01T06:45:30.000",
      "level" : "restless",
      "seconds" : 120
    },{
      "dateTime" : "2018-02-01T06:47:30.000",
      "level" : "asleep",
      "seconds" : 780
    },{
      "dateTime" : "2018-02-01T07:00:30.000",
      "level" : "restless",
      "seconds" : 60
    },{
      "dateTime" : "2018-02-01T07:01:30.000",
      "level" : "asleep",
      "seconds" : 2580
    },{
      "dateTime" : "2018-02-01T07:44:30.000",
      "level" : "restless",
      "seconds" : 60
    }]
  }
},{
  "logId" : 17083785660,
  "dateOfSleep" : "2018-01-31",
  "startTime" : "2018-01-31T06:31:00.000",
  "endTime" : "2018-01-31T08:53:00.000",
  "duration" : 8520000,
  "minutesToFallAsleep" : 0,
  "minutesAsleep" : 139,
  "minutesAwake" : 3,
  "minutesAfterWakeup" : 0,
  "timeInBed" : 142,
  "efficiency" : 98,
  "type" : "classic",
  "infoCode" : 0,
  "levels" : {
    "summary" : {
      "restless" : {
        "count" : 2,
        "minutes" : 3
      },
      "awake" : {
        "count" : 0,
        "minutes" : 0
      },
      "asleep" : {
        "count" : 0,
        "minutes" : 139
      }
    },
    "data" : [{
      "dateTime" : "2018-01-31T06:31:00.000",
      "level" : "restless",
      "seconds" : 120
    },{
      "dateTime" : "2018-01-31T06:33:00.000",
      "level" : "asleep",
      "seconds" : 3060
    },{
      "dateTime" : "2018-01-31T07:24:00.000",
      "level" : "restless",
      "seconds" : 60
    },{
      "dateTime" : "2018-01-31T07:25:00.000",
      "level" : "asleep",
      "seconds" : 5280
    }]
  }
},{
  "logId" : 17080180126,
  "dateOfSleep" : "2018-01-31",
  "startTime" : "2018-01-30T21:53:30.000",
  "endTime" : "2018-01-31T03:52:30.000",
  "duration" : 21540000,
  "minutesToFallAsleep" : 0,
  "minutesAsleep" : 342,
  "minutesAwake" : 17,
  "minutesAfterWakeup" : 0,
  "timeInBed" : 359,
  "efficiency" : 95,
  "type" : "classic",
  "infoCode" : 0,
  "levels" : {
    "summary" : {
      "restless" : {
        "count" : 6,
        "minutes" : 16
      },
      "awake" : {
        "count" : 1,
        "minutes" : 1
      },
      "asleep" : {
        "count" : 0,
        "minutes" : 342
      }
    },
    "data" : [{
      "dateTime" : "2018-01-30T21:53:30.000",
      "level" : "asleep",
      "seconds" : 1920
    },{
      "dateTime" : "2018-01-30T22:25:30.000",
      "level" : "restless",
      "seconds" : 240
    },{
      "dateTime" : "2018-01-30T22:29:30.000",
      "level" : "asleep",
      "seconds" : 5520
    },{
      "dateTime" : "2018-01-31T00:01:30.000",
      "level" : "restless",
      "seconds" : 240
    },{
      "dateTime" : "2018-01-31T00:05:30.000",
      "level" : "asleep",
      "seconds" : 960
    },{
      "dateTime" : "2018-01-31T00:21:30.000",
      "level" : "restless",
      "seconds" : 120
    },{
      "dateTime" : "2018-01-31T00:23:30.000",
      "level" : "asleep",
      "seconds" : 1260
    },{
      "dateTime" : "2018-01-31T00:44:30.000",
      "level" : "awake",
      "seconds" : 60
    },{
      "dateTime" : "2018-01-31T00:45:30.000",
      "level" : "asleep",
      "seconds" : 1620
    },{
      "dateTime" : "2018-01-31T01:12:30.000",
      "level" : "restless",
      "seconds" : 120
    },{
      "dateTime" : "2018-01-31T01:14:30.000",
      "level" : "asleep",
      "seconds" : 1380
    },{
      "dateTime" : "2018-01-31T01:37:30.000",
      "level" : "restless",
      "seconds" : 120
    },{
      "dateTime" : "2018-01-31T01:39:30.000",
      "level" : "asleep",
      "seconds" : 1560
    },{
      "dateTime" : "2018-01-31T02:05:30.000",
      "level" : "restless",
      "seconds" : 120
    },{
      "dateTime" : "2018-01-31T02:07:30.000",
      "level" : "asleep",
      "seconds" : 6300
    }]
  }
},{
  "logId" : 17080180125,
  "dateOfSleep" : "2018-01-30",
  "startTime" : "2018-01-30T00:10:30.000",
  "endTime" : "2018-01-30T07:57:00.000",
  "duration" : 27960000,
  "minutesToFallAsleep" : 0,
  "minutesAsleep" : 418,
  "minutesAwake" : 48,
  "minutesAfterWakeup" : 0,
  "timeInBed" : 466,
  "efficiency" : 90,
  "type" : "classic",
  "infoCode" : 0,
  "levels" : {
    "summary" : {
      "restless" : {
        "count" : 17,
        "minutes" : 48
      },
      "awake" : {
        "count" : 0,
        "minutes" : 0
      },
      "asleep" : {
        "count" : 0,
        "minutes" : 418
      }
    },
    "data" : [{
      "dateTime" : "2018-01-30T00:10:30.000",
      "level" : "asleep",
      "seconds" : 420
    },{
      "dateTime" : "2018-01-30T00:17:30.000",
      "level" : "restless",
      "seconds" : 420
    },{
      "dateTime" : "2018-01-30T00:24:30.000",
      "level" : "asleep",
      "seconds" : 3900
    },{
      "dateTime" : "2018-01-30T01:29:30.000",
      "level" : "restless",
      "seconds" : 180
    },{
      "dateTime" : "2018-01-30T01:32:30.000",
      "level" : "asleep",
      "seconds" : 600
    },{
      "dateTime" : "2018-01-30T01:42:30.000",
      "level" : "restless",
      "seconds" : 60
    },{
      "dateTime" : "2018-01-30T01:43:30.000",
      "level" : "asleep",
      "seconds" : 660
    },{
      "dateTime" : "2018-01-30T01:54:30.000",
      "level" : "restless",
      "seconds" : 480
    },{
      "dateTime" : "2018-01-30T02:02:30.000",
      "level" : "asleep",
      "seconds" : 360
    },{
      "dateTime" : "2018-01-30T02:08:30.000",
      "level" : "restless",
      "seconds" : 180
    },{
      "dateTime" : "2018-01-30T02:11:30.000",
      "level" : "asleep",
      "seconds" : 60
    },{
      "dateTime" : "2018-01-30T02:12:30.000",
      "level" : "restless",
      "seconds" : 180
    },{
      "dateTime" : "2018-01-30T02:15:30.000",
      "level" : "asleep",
      "seconds" : 1560
    },{
      "dateTime" : "2018-01-30T02:41:30.000",
      "level" : "restless",
      "seconds" : 180
    },{
      "dateTime" : "2018-01-30T02:44:30.000",
      "level" : "asleep",
      "seconds" : 7560
    },{
      "dateTime" : "2018-01-30T04:50:30.000",
      "level" : "restless",
      "seconds" : 120
    },{
      "dateTime" : "2018-01-30T04:52:30.000",
      "level" : "asleep",
      "seconds" : 120
    },{
      "dateTime" : "2018-01-30T04:54:30.000",
      "level" : "restless",
      "seconds" : 120
    },{
      "dateTime" : "2018-01-30T04:56:30.000",
      "level" : "asleep",
      "seconds" : 540
    },{
      "dateTime" : "2018-01-30T05:05:30.000",
      "level" : "restless",
      "seconds" : 120
    },{
      "dateTime" : "2018-01-30T05:07:30.000",
      "level" : "asleep",
      "seconds" : 1560
    },{
      "dateTime" : "2018-01-30T05:33:30.000",
      "level" : "restless",
      "seconds" : 60
    },{
      "dateTime" : "2018-01-30T05:34:30.000",
      "level" : "asleep",
      "seconds" : 540
    },{
      "dateTime" : "2018-01-30T05:43:30.000",
      "level" : "restless",
      "seconds" : 60
    },{
      "dateTime" : "2018-01-30T05:44:30.000",
      "level" : "asleep",
      "seconds" : 60
    },{
      "dateTime" : "2018-01-30T05:45:30.000",
      "level" : "restless",
      "seconds" : 60
    },{
      "dateTime" : "2018-01-30T05:46:30.000",
      "level" : "asleep",
      "seconds" : 4320
    },{
      "dateTime" : "2018-01-30T06:58:30.000",
      "level" : "restless",
      "seconds" : 300
    },{
      "dateTime" : "2018-01-30T07:03:30.000",
      "level" : "asleep",
      "seconds" : 60
    },{
      "dateTime" : "2018-01-30T07:04:30.000",
      "level" : "restless",
      "seconds" : 60
    },{
      "dateTime" : "2018-01-30T07:05:30.000",
      "level" : "asleep",
      "seconds" : 780
    },{
      "dateTime" : "2018-01-30T07:18:30.000",
      "level" : "restless",
      "seconds" : 60
    },{
      "dateTime" : "2018-01-30T07:19:30.000",
      "level" : "asleep",
      "seconds" : 1680
    },{
      "dateTime" : "2018-01-30T07:47:30.000",
      "level" : "restless",
      "seconds" : 240
    },{
      "dateTime" : "2018-01-30T07:51:30.000",
      "level" : "asleep",
      "seconds" : 300
    }]
  }
},{
  "logId" : 17060137432,
  "dateOfSleep" : "2018-01-29",
  "startTime" : "2018-01-29T00:21:00.000",
  "endTime" : "2018-01-29T07:46:30.000",
  "duration" : 26700000,
  "minutesToFallAsleep" : 0,
  "minutesAsleep" : 439,
  "minutesAwake" : 5,
  "minutesAfterWakeup" : 1,
  "timeInBed" : 445,
  "efficiency" : 99,
  "type" : "classic",
  "infoCode" : 0,
  "levels" : {
    "summary" : {
      "restless" : {
        "count" : 4,
        "minutes" : 6
      },
      "awake" : {
        "count" : 0,
        "minutes" : 0
      },
      "asleep" : {
        "count" : 0,
        "minutes" : 439
      }
    },
    "data" : [{
      "dateTime" : "2018-01-29T00:21:00.000",
      "level" : "asleep",
      "seconds" : 240
    },{
      "dateTime" : "2018-01-29T00:25:00.000",
      "level" : "restless",
      "seconds" : 60
    },{
      "dateTime" : "2018-01-29T00:26:00.000",
      "level" : "asleep",
      "seconds" : 4320
    },{
      "dateTime" : "2018-01-29T01:38:00.000",
      "level" : "restless",
      "seconds" : 60
    },{
      "dateTime" : "2018-01-29T01:39:00.000",
      "level" : "asleep",
      "seconds" : 6420
    },{
      "dateTime" : "2018-01-29T03:26:00.000",
      "level" : "restless",
      "seconds" : 180
    },{
      "dateTime" : "2018-01-29T03:29:00.000",
      "level" : "asleep",
      "seconds" : 15360
    },{
      "dateTime" : "2018-01-29T07:45:00.000",
      "level" : "restless",
      "seconds" : 60
    }]
  }
},{
  "logId" : 17050735209,
  "dateOfSleep" : "2018-01-27",
  "startTime" : "2018-01-27T00:42:00.000",
  "endTime" : "2018-01-27T09:24:00.000",
  "duration" : 31320000,
  "minutesToFallAsleep" : 0,
  "minutesAsleep" : 498,
  "minutesAwake" : 24,
  "minutesAfterWakeup" : 0,
  "timeInBed" : 522,
  "efficiency" : 95,
  "type" : "classic",
  "infoCode" : 0,
  "levels" : {
    "summary" : {
      "restless" : {
        "count" : 9,
        "minutes" : 21
      },
      "awake" : {
        "count" : 1,
        "minutes" : 3
      },
      "asleep" : {
        "count" : 0,
        "minutes" : 498
      }
    },
    "data" : [{
      "dateTime" : "2018-01-27T00:42:00.000",
      "level" : "restless",
      "seconds" : 240
    },{
      "dateTime" : "2018-01-27T00:46:00.000",
      "level" : "asleep",
      "seconds" : 6900
    },{
      "dateTime" : "2018-01-27T02:41:00.000",
      "level" : "restless",
      "seconds" : 180
    },{
      "dateTime" : "2018-01-27T02:44:00.000",
      "level" : "asleep",
      "seconds" : 7860
    },{
      "dateTime" : "2018-01-27T04:55:00.000",
      "level" : "restless",
      "seconds" : 120
    },{
      "dateTime" : "2018-01-27T04:57:00.000",
      "level" : "asleep",
      "seconds" : 1560
    },{
      "dateTime" : "2018-01-27T05:23:00.000",
      "level" : "restless",
      "seconds" : 60
    },{
      "dateTime" : "2018-01-27T05:24:00.000",
      "level" : "asleep",
      "seconds" : 600
    },{
      "dateTime" : "2018-01-27T05:34:00.000",
      "level" : "restless",
      "seconds" : 180
    },{
      "dateTime" : "2018-01-27T05:37:00.000",
      "level" : "asleep",
      "seconds" : 60
    },{
      "dateTime" : "2018-01-27T05:38:00.000",
      "level" : "restless",
      "seconds" : 120
    },{
      "dateTime" : "2018-01-27T05:40:00.000",
      "level" : "asleep",
      "seconds" : 1740
    },{
      "dateTime" : "2018-01-27T06:09:00.000",
      "level" : "restless",
      "seconds" : 60
    },{
      "dateTime" : "2018-01-27T06:10:00.000",
      "level" : "asleep",
      "seconds" : 2760
    },{
      "dateTime" : "2018-01-27T06:56:00.000",
      "level" : "restless",
      "seconds" : 240
    },{
      "dateTime" : "2018-01-27T07:00:00.000",
      "level" : "awake",
      "seconds" : 180
    },{
      "dateTime" : "2018-01-27T07:03:00.000",
      "level" : "restless",
      "seconds" : 60
    },{
      "dateTime" : "2018-01-27T07:04:00.000",
      "level" : "asleep",
      "seconds" : 8400
    }]
  }
},{
  "logId" : 17027271377,
  "dateOfSleep" : "2018-01-26",
  "startTime" : "2018-01-26T00:55:30.000",
  "endTime" : "2018-01-26T08:04:30.000",
  "duration" : 25740000,
  "minutesToFallAsleep" : 0,
  "minutesAsleep" : 412,
  "minutesAwake" : 17,
  "minutesAfterWakeup" : 0,
  "timeInBed" : 429,
  "efficiency" : 96,
  "type" : "classic",
  "infoCode" : 0,
  "levels" : {
    "summary" : {
      "restless" : {
        "count" : 10,
        "minutes" : 15
      },
      "awake" : {
        "count" : 1,
        "minutes" : 2
      },
      "asleep" : {
        "count" : 0,
        "minutes" : 412
      }
    },
    "data" : [{
      "dateTime" : "2018-01-26T00:55:30.000",
      "level" : "restless",
      "seconds" : 180
    },{
      "dateTime" : "2018-01-26T00:58:30.000",
      "level" : "awake",
      "seconds" : 120
    },{
      "dateTime" : "2018-01-26T01:00:30.000",
      "level" : "restless",
      "seconds" : 60
    },{
      "dateTime" : "2018-01-26T01:01:30.000",
      "level" : "asleep",
      "seconds" : 300
    },{
      "dateTime" : "2018-01-26T01:06:30.000",
      "level" : "restless",
      "seconds" : 60
    },{
      "dateTime" : "2018-01-26T01:07:30.000",
      "level" : "asleep",
      "seconds" : 3420
    },{
      "dateTime" : "2018-01-26T02:04:30.000",
      "level" : "restless",
      "seconds" : 60
    },{
      "dateTime" : "2018-01-26T02:05:30.000",
      "level" : "asleep",
      "seconds" : 2280
    },{
      "dateTime" : "2018-01-26T02:43:30.000",
      "level" : "restless",
      "seconds" : 60
    },{
      "dateTime" : "2018-01-26T02:44:30.000",
      "level" : "asleep",
      "seconds" : 60
    },{
      "dateTime" : "2018-01-26T02:45:30.000",
      "level" : "restless",
      "seconds" : 60
    },{
      "dateTime" : "2018-01-26T02:46:30.000",
      "level" : "asleep",
      "seconds" : 4440
    },{
      "dateTime" : "2018-01-26T04:00:30.000",
      "level" : "restless",
      "seconds" : 60
    },{
      "dateTime" : "2018-01-26T04:01:30.000",
      "level" : "asleep",
      "seconds" : 9360
    },{
      "dateTime" : "2018-01-26T06:37:30.000",
      "level" : "restless",
      "seconds" : 60
    },{
      "dateTime" : "2018-01-26T06:38:30.000",
      "level" : "asleep",
      "seconds" : 4020
    },{
      "dateTime" : "2018-01-26T07:45:30.000",
      "level" : "restless",
      "seconds" : 180
    },{
      "dateTime" : "2018-01-26T07:48:30.000",
      "level" : "asleep",
      "seconds" : 60
    },{
      "dateTime" : "2018-01-26T07:49:30.000",
      "level" : "restless",
      "seconds" : 120
    },{
      "dateTime" : "2018-01-26T07:51:30.000",
      "level" : "asleep",
      "seconds" : 540
    },{
      "dateTime" : "2018-01-26T08:00:30.000",
      "level" : "restless",
      "seconds" : 180
    },{
      "dateTime" : "2018-01-26T08:03:30.000",
      "level" : "asleep",
      "seconds" : 60
    }]
  }
},{
  "logId" : 17017646871,
  "dateOfSleep" : "2018-01-25",
  "startTime" : "2018-01-25T01:05:30.000",
  "endTime" : "2018-01-25T07:58:30.000",
  "duration" : 24780000,
  "minutesToFallAsleep" : 0,
  "minutesAsleep" : 404,
  "minutesAwake" : 9,
  "minutesAfterWakeup" : 0,
  "timeInBed" : 413,
  "efficiency" : 98,
  "type" : "classic",
  "infoCode" : 0,
  "levels" : {
    "summary" : {
      "restless" : {
        "count" : 6,
        "minutes" : 9
      },
      "awake" : {
        "count" : 0,
        "minutes" : 0
      },
      "asleep" : {
        "count" : 0,
        "minutes" : 404
      }
    },
    "data" : [{
      "dateTime" : "2018-01-25T01:05:30.000",
      "level" : "restless",
      "seconds" : 120
    },{
      "dateTime" : "2018-01-25T01:07:30.000",
      "level" : "asleep",
      "seconds" : 8640
    },{
      "dateTime" : "2018-01-25T03:31:30.000",
      "level" : "restless",
      "seconds" : 120
    },{
      "dateTime" : "2018-01-25T03:33:30.000",
      "level" : "asleep",
      "seconds" : 2340
    },{
      "dateTime" : "2018-01-25T04:12:30.000",
      "level" : "restless",
      "seconds" : 120
    },{
      "dateTime" : "2018-01-25T04:14:30.000",
      "level" : "asleep",
      "seconds" : 4860
    },{
      "dateTime" : "2018-01-25T05:35:30.000",
      "level" : "restless",
      "seconds" : 60
    },{
      "dateTime" : "2018-01-25T05:36:30.000",
      "level" : "asleep",
      "seconds" : 1320
    },{
      "dateTime" : "2018-01-25T05:58:30.000",
      "level" : "restless",
      "seconds" : 60
    },{
      "dateTime" : "2018-01-25T05:59:30.000",
      "level" : "asleep",
      "seconds" : 5460
    },{
      "dateTime" : "2018-01-25T07:30:30.000",
      "level" : "restless",
      "seconds" : 60
    },{
      "dateTime" : "2018-01-25T07:31:30.000",
      "level" : "asleep",
      "seconds" : 1620
    }]
  }
},{
  "logId" : 17005961287,
  "dateOfSleep" : "2018-01-24",
  "startTime" : "2018-01-23T22:24:30.000",
  "endTime" : "2018-01-24T07:41:30.000",
  "duration" : 33420000,
  "minutesToFallAsleep" : 0,
  "minutesAsleep" : 527,
  "minutesAwake" : 30,
  "minutesAfterWakeup" : 0,
  "timeInBed" : 557,
  "efficiency" : 95,
  "type" : "classic",
  "infoCode" : 0,
  "levels" : {
    "summary" : {
      "restless" : {
        "count" : 13,
        "minutes" : 28
      },
      "awake" : {
        "count" : 1,
        "minutes" : 2
      },
      "asleep" : {
        "count" : 0,
        "minutes" : 527
      }
    },
    "data" : [{
      "dateTime" : "2018-01-23T22:24:30.000",
      "level" : "restless",
      "seconds" : 240
    },{
      "dateTime" : "2018-01-23T22:28:30.000",
      "level" : "awake",
      "seconds" : 120
    },{
      "dateTime" : "2018-01-23T22:30:30.000",
      "level" : "restless",
      "seconds" : 240
    },{
      "dateTime" : "2018-01-23T22:34:30.000",
      "level" : "asleep",
      "seconds" : 4080
    },{
      "dateTime" : "2018-01-23T23:42:30.000",
      "level" : "restless",
      "seconds" : 180
    },{
      "dateTime" : "2018-01-23T23:45:30.000",
      "level" : "asleep",
      "seconds" : 240
    },{
      "dateTime" : "2018-01-23T23:49:30.000",
      "level" : "restless",
      "seconds" : 180
    },{
      "dateTime" : "2018-01-23T23:52:30.000",
      "level" : "asleep",
      "seconds" : 60
    },{
      "dateTime" : "2018-01-23T23:53:30.000",
      "level" : "restless",
      "seconds" : 60
    },{
      "dateTime" : "2018-01-23T23:54:30.000",
      "level" : "asleep",
      "seconds" : 5220
    },{
      "dateTime" : "2018-01-24T01:21:30.000",
      "level" : "restless",
      "seconds" : 120
    },{
      "dateTime" : "2018-01-24T01:23:30.000",
      "level" : "asleep",
      "seconds" : 1320
    },{
      "dateTime" : "2018-01-24T01:45:30.000",
      "level" : "restless",
      "seconds" : 60
    },{
      "dateTime" : "2018-01-24T01:46:30.000",
      "level" : "asleep",
      "seconds" : 5160
    },{
      "dateTime" : "2018-01-24T03:12:30.000",
      "level" : "restless",
      "seconds" : 60
    },{
      "dateTime" : "2018-01-24T03:13:30.000",
      "level" : "asleep",
      "seconds" : 2280
    },{
      "dateTime" : "2018-01-24T03:51:30.000",
      "level" : "restless",
      "seconds" : 60
    },{
      "dateTime" : "2018-01-24T03:52:30.000",
      "level" : "asleep",
      "seconds" : 4740
    },{
      "dateTime" : "2018-01-24T05:11:30.000",
      "level" : "restless",
      "seconds" : 120
    },{
      "dateTime" : "2018-01-24T05:13:30.000",
      "level" : "asleep",
      "seconds" : 8040
    },{
      "dateTime" : "2018-01-24T07:27:30.000",
      "level" : "restless",
      "seconds" : 180
    },{
      "dateTime" : "2018-01-24T07:30:30.000",
      "level" : "asleep",
      "seconds" : 300
    },{
      "dateTime" : "2018-01-24T07:35:30.000",
      "level" : "restless",
      "seconds" : 60
    },{
      "dateTime" : "2018-01-24T07:36:30.000",
      "level" : "asleep",
      "seconds" : 120
    },{
      "dateTime" : "2018-01-24T07:38:30.000",
      "level" : "restless",
      "seconds" : 120
    },{
      "dateTime" : "2018-01-24T07:40:30.000",
      "level" : "asleep",
      "seconds" : 60
    }]
  }
},{
  "logId" : 16995153469,
  "dateOfSleep" : "2018-01-23",
  "startTime" : "2018-01-22T23:16:00.000",
  "endTime" : "2018-01-23T07:24:30.000",
  "duration" : 29280000,
  "minutesToFallAsleep" : 0,
  "minutesAsleep" : 458,
  "minutesAwake" : 30,
  "minutesAfterWakeup" : 0,
  "timeInBed" : 488,
  "efficiency" : 94,
  "type" : "classic",
  "infoCode" : 0,
  "levels" : {
    "summary" : {
      "restless" : {
        "count" : 13,
        "minutes" : 27
      },
      "awake" : {
        "count" : 2,
        "minutes" : 3
      },
      "asleep" : {
        "count" : 0,
        "minutes" : 458
      }
    },
    "data" : [{
      "dateTime" : "2018-01-22T23:16:00.000",
      "level" : "asleep",
      "seconds" : 120
    },{
      "dateTime" : "2018-01-22T23:18:00.000",
      "level" : "restless",
      "seconds" : 120
    },{
      "dateTime" : "2018-01-22T23:20:00.000",
      "level" : "awake",
      "seconds" : 120
    },{
      "dateTime" : "2018-01-22T23:22:00.000",
      "level" : "restless",
      "seconds" : 180
    },{
      "dateTime" : "2018-01-22T23:25:00.000",
      "level" : "asleep",
      "seconds" : 7740
    },{
      "dateTime" : "2018-01-23T01:34:00.000",
      "level" : "restless",
      "seconds" : 60
    },{
      "dateTime" : "2018-01-23T01:35:00.000",
      "level" : "asleep",
      "seconds" : 1920
    },{
      "dateTime" : "2018-01-23T02:07:00.000",
      "level" : "restless",
      "seconds" : 60
    },{
      "dateTime" : "2018-01-23T02:08:00.000",
      "level" : "asleep",
      "seconds" : 60
    },{
      "dateTime" : "2018-01-23T02:09:00.000",
      "level" : "restless",
      "seconds" : 120
    },{
      "dateTime" : "2018-01-23T02:11:00.000",
      "level" : "asleep",
      "seconds" : 2340
    },{
      "dateTime" : "2018-01-23T02:50:00.000",
      "level" : "restless",
      "seconds" : 60
    },{
      "dateTime" : "2018-01-23T02:51:00.000",
      "level" : "asleep",
      "seconds" : 6780
    },{
      "dateTime" : "2018-01-23T04:44:00.000",
      "level" : "restless",
      "seconds" : 120
    },{
      "dateTime" : "2018-01-23T04:46:00.000",
      "level" : "asleep",
      "seconds" : 120
    },{
      "dateTime" : "2018-01-23T04:48:00.000",
      "level" : "restless",
      "seconds" : 60
    },{
      "dateTime" : "2018-01-23T04:49:00.000",
      "level" : "asleep",
      "seconds" : 3300
    },{
      "dateTime" : "2018-01-23T05:44:00.000",
      "level" : "restless",
      "seconds" : 60
    },{
      "dateTime" : "2018-01-23T05:45:00.000",
      "level" : "asleep",
      "seconds" : 1320
    },{
      "dateTime" : "2018-01-23T06:07:00.000",
      "level" : "restless",
      "seconds" : 60
    },{
      "dateTime" : "2018-01-23T06:08:00.000",
      "level" : "asleep",
      "seconds" : 2880
    },{
      "dateTime" : "2018-01-23T06:56:00.000",
      "level" : "restless",
      "seconds" : 300
    },{
      "dateTime" : "2018-01-23T07:01:00.000",
      "level" : "awake",
      "seconds" : 60
    },{
      "dateTime" : "2018-01-23T07:02:00.000",
      "level" : "restless",
      "seconds" : 300
    },{
      "dateTime" : "2018-01-23T07:07:00.000",
      "level" : "asleep",
      "seconds" : 420
    },{
      "dateTime" : "2018-01-23T07:14:00.000",
      "level" : "restless",
      "seconds" : 120
    },{
      "dateTime" : "2018-01-23T07:16:00.000",
      "level" : "asleep",
      "seconds" : 480
    }]
  }
},{
  "logId" : 16983048048,
  "dateOfSleep" : "2018-01-22",
  "startTime" : "2018-01-22T00:22:00.000",
  "endTime" : "2018-01-22T07:25:00.000",
  "duration" : 25380000,
  "minutesToFallAsleep" : 0,
  "minutesAsleep" : 410,
  "minutesAwake" : 13,
  "minutesAfterWakeup" : 0,
  "timeInBed" : 423,
  "efficiency" : 97,
  "type" : "classic",
  "infoCode" : 0,
  "levels" : {
    "summary" : {
      "restless" : {
        "count" : 7,
        "minutes" : 13
      },
      "awake" : {
        "count" : 0,
        "minutes" : 0
      },
      "asleep" : {
        "count" : 0,
        "minutes" : 410
      }
    },
    "data" : [{
      "dateTime" : "2018-01-22T00:22:00.000",
      "level" : "asleep",
      "seconds" : 180
    },{
      "dateTime" : "2018-01-22T00:25:00.000",
      "level" : "restless",
      "seconds" : 240
    },{
      "dateTime" : "2018-01-22T00:29:00.000",
      "level" : "asleep",
      "seconds" : 6000
    },{
      "dateTime" : "2018-01-22T02:09:00.000",
      "level" : "restless",
      "seconds" : 60
    },{
      "dateTime" : "2018-01-22T02:10:00.000",
      "level" : "asleep",
      "seconds" : 720
    },{
      "dateTime" : "2018-01-22T02:22:00.000",
      "level" : "restless",
      "seconds" : 60
    },{
      "dateTime" : "2018-01-22T02:23:00.000",
      "level" : "asleep",
      "seconds" : 180
    },{
      "dateTime" : "2018-01-22T02:26:00.000",
      "level" : "restless",
      "seconds" : 120
    },{
      "dateTime" : "2018-01-22T02:28:00.000",
      "level" : "asleep",
      "seconds" : 60
    },{
      "dateTime" : "2018-01-22T02:29:00.000",
      "level" : "restless",
      "seconds" : 120
    },{
      "dateTime" : "2018-01-22T02:31:00.000",
      "level" : "asleep",
      "seconds" : 11280
    },{
      "dateTime" : "2018-01-22T05:39:00.000",
      "level" : "restless",
      "seconds" : 60
    },{
      "dateTime" : "2018-01-22T05:40:00.000",
      "level" : "asleep",
      "seconds" : 60
    },{
      "dateTime" : "2018-01-22T05:41:00.000",
      "level" : "restless",
      "seconds" : 120
    },{
      "dateTime" : "2018-01-22T05:43:00.000",
      "level" : "asleep",
      "seconds" : 6120
    }]
  }
},{
  "logId" : 16983048047,
  "dateOfSleep" : "2018-01-21",
  "startTime" : "2018-01-21T16:33:30.000",
  "endTime" : "2018-01-21T18:20:30.000",
  "duration" : 6420000,
  "minutesToFallAsleep" : 0,
  "minutesAsleep" : 102,
  "minutesAwake" : 5,
  "minutesAfterWakeup" : 0,
  "timeInBed" : 107,
  "efficiency" : 95,
  "type" : "classic",
  "infoCode" : 0,
  "levels" : {
    "summary" : {
      "restless" : {
        "count" : 3,
        "minutes" : 5
      },
      "awake" : {
        "count" : 0,
        "minutes" : 0
      },
      "asleep" : {
        "count" : 0,
        "minutes" : 102
      }
    },
    "data" : [{
      "dateTime" : "2018-01-21T16:33:30.000",
      "level" : "asleep",
      "seconds" : 120
    },{
      "dateTime" : "2018-01-21T16:35:30.000",
      "level" : "restless",
      "seconds" : 120
    },{
      "dateTime" : "2018-01-21T16:37:30.000",
      "level" : "asleep",
      "seconds" : 120
    },{
      "dateTime" : "2018-01-21T16:39:30.000",
      "level" : "restless",
      "seconds" : 60
    },{
      "dateTime" : "2018-01-21T16:40:30.000",
      "level" : "asleep",
      "seconds" : 60
    },{
      "dateTime" : "2018-01-21T16:41:30.000",
      "level" : "restless",
      "seconds" : 120
    },{
      "dateTime" : "2018-01-21T16:43:30.000",
      "level" : "asleep",
      "seconds" : 5820
    }]
  }
},{
  "logId" : 16972279656,
  "dateOfSleep" : "2018-01-21",
  "startTime" : "2018-01-21T00:59:00.000",
  "endTime" : "2018-01-21T09:24:30.000",
  "duration" : 30300000,
  "minutesToFallAsleep" : 0,
  "minutesAsleep" : 501,
  "minutesAwake" : 4,
  "minutesAfterWakeup" : 0,
  "timeInBed" : 505,
  "efficiency" : 99,
  "type" : "classic",
  "infoCode" : 0,
  "levels" : {
    "summary" : {
      "restless" : {
        "count" : 4,
        "minutes" : 4
      },
      "awake" : {
        "count" : 0,
        "minutes" : 0
      },
      "asleep" : {
        "count" : 0,
        "minutes" : 501
      }
    },
    "data" : [{
      "dateTime" : "2018-01-21T00:59:00.000",
      "level" : "restless",
      "seconds" : 60
    },{
      "dateTime" : "2018-01-21T01:00:00.000",
      "level" : "asleep",
      "seconds" : 3300
    },{
      "dateTime" : "2018-01-21T01:55:00.000",
      "level" : "restless",
      "seconds" : 60
    },{
      "dateTime" : "2018-01-21T01:56:00.000",
      "level" : "asleep",
      "seconds" : 14640
    },{
      "dateTime" : "2018-01-21T06:00:00.000",
      "level" : "restless",
      "seconds" : 60
    },{
      "dateTime" : "2018-01-21T06:01:00.000",
      "level" : "asleep",
      "seconds" : 11700
    },{
      "dateTime" : "2018-01-21T09:16:00.000",
      "level" : "restless",
      "seconds" : 60
    },{
      "dateTime" : "2018-01-21T09:17:00.000",
      "level" : "asleep",
      "seconds" : 180
    },{
      "dateTime" : "2018-01-21T09:20:00.000",
      "level" : "restless",
      "seconds" : 120
    },{
      "dateTime" : "2018-01-21T09:22:00.000",
      "level" : "asleep",
      "seconds" : 120
    }]
  }
},{
  "logId" : 16961806787,
  "dateOfSleep" : "2018-01-20",
  "startTime" : "2018-01-20T05:03:00.000",
  "endTime" : "2018-01-20T09:42:00.000",
  "duration" : 16740000,
  "minutesToFallAsleep" : 0,
  "minutesAsleep" : 274,
  "minutesAwake" : 5,
  "minutesAfterWakeup" : 0,
  "timeInBed" : 279,
  "efficiency" : 98,
  "type" : "classic",
  "infoCode" : 0,
  "levels" : {
    "summary" : {
      "restless" : {
        "count" : 4,
        "minutes" : 5
      },
      "awake" : {
        "count" : 0,
        "minutes" : 0
      },
      "asleep" : {
        "count" : 0,
        "minutes" : 274
      }
    },
    "data" : [{
      "dateTime" : "2018-01-20T05:03:00.000",
      "level" : "restless",
      "seconds" : 120
    },{
      "dateTime" : "2018-01-20T05:05:00.000",
      "level" : "asleep",
      "seconds" : 10140
    },{
      "dateTime" : "2018-01-20T07:54:00.000",
      "level" : "restless",
      "seconds" : 60
    },{
      "dateTime" : "2018-01-20T07:55:00.000",
      "level" : "asleep",
      "seconds" : 6120
    },{
      "dateTime" : "2018-01-20T09:37:00.000",
      "level" : "restless",
      "seconds" : 60
    },{
      "dateTime" : "2018-01-20T09:38:00.000",
      "level" : "asleep",
      "seconds" : 60
    },{
      "dateTime" : "2018-01-20T09:39:00.000",
      "level" : "restless",
      "seconds" : 60
    },{
      "dateTime" : "2018-01-20T09:40:00.000",
      "level" : "asleep",
      "seconds" : 120
    }]
  }
},{
  "logId" : 16951643885,
  "dateOfSleep" : "2018-01-19",
  "startTime" : "2018-01-18T23:58:00.000",
  "endTime" : "2018-01-19T08:50:00.000",
  "duration" : 31920000,
  "minutesToFallAsleep" : 0,
  "minutesAsleep" : 519,
  "minutesAwake" : 13,
  "minutesAfterWakeup" : 0,
  "timeInBed" : 532,
  "efficiency" : 98,
  "type" : "classic",
  "infoCode" : 0,
  "levels" : {
    "summary" : {
      "restless" : {
        "count" : 9,
        "minutes" : 13
      },
      "awake" : {
        "count" : 0,
        "minutes" : 0
      },
      "asleep" : {
        "count" : 0,
        "minutes" : 519
      }
    },
    "data" : [{
      "dateTime" : "2018-01-18T23:58:00.000",
      "level" : "asleep",
      "seconds" : 19020
    },{
      "dateTime" : "2018-01-19T05:15:00.000",
      "level" : "restless",
      "seconds" : 120
    },{
      "dateTime" : "2018-01-19T05:17:00.000",
      "level" : "asleep",
      "seconds" : 60
    },{
      "dateTime" : "2018-01-19T05:18:00.000",
      "level" : "restless",
      "seconds" : 60
    },{
      "dateTime" : "2018-01-19T05:19:00.000",
      "level" : "asleep",
      "seconds" : 2580
    },{
      "dateTime" : "2018-01-19T06:02:00.000",
      "level" : "restless",
      "seconds" : 60
    },{
      "dateTime" : "2018-01-19T06:03:00.000",
      "level" : "asleep",
      "seconds" : 120
    },{
      "dateTime" : "2018-01-19T06:05:00.000",
      "level" : "restless",
      "seconds" : 60
    },{
      "dateTime" : "2018-01-19T06:06:00.000",
      "level" : "asleep",
      "seconds" : 1980
    },{
      "dateTime" : "2018-01-19T06:39:00.000",
      "level" : "restless",
      "seconds" : 60
    },{
      "dateTime" : "2018-01-19T06:40:00.000",
      "level" : "asleep",
      "seconds" : 2340
    },{
      "dateTime" : "2018-01-19T07:19:00.000",
      "level" : "restless",
      "seconds" : 120
    },{
      "dateTime" : "2018-01-19T07:21:00.000",
      "level" : "asleep",
      "seconds" : 360
    },{
      "dateTime" : "2018-01-19T07:27:00.000",
      "level" : "restless",
      "seconds" : 180
    },{
      "dateTime" : "2018-01-19T07:30:00.000",
      "level" : "asleep",
      "seconds" : 60
    },{
      "dateTime" : "2018-01-19T07:31:00.000",
      "level" : "restless",
      "seconds" : 60
    },{
      "dateTime" : "2018-01-19T07:32:00.000",
      "level" : "asleep",
      "seconds" : 2100
    },{
      "dateTime" : "2018-01-19T08:07:00.000",
      "level" : "restless",
      "seconds" : 60
    },{
      "dateTime" : "2018-01-19T08:08:00.000",
      "level" : "asleep",
      "seconds" : 2520
    }]
  }
},{
  "logId" : 16939790547,
  "dateOfSleep" : "2018-01-18",
  "startTime" : "2018-01-18T00:01:30.000",
  "endTime" : "2018-01-18T09:32:30.000",
  "duration" : 34260000,
  "minutesToFallAsleep" : 0,
  "minutesAsleep" : 567,
  "minutesAwake" : 4,
  "minutesAfterWakeup" : 0,
  "timeInBed" : 571,
  "efficiency" : 99,
  "type" : "classic",
  "infoCode" : 0,
  "levels" : {
    "summary" : {
      "restless" : {
        "count" : 2,
        "minutes" : 4
      },
      "awake" : {
        "count" : 0,
        "minutes" : 0
      },
      "asleep" : {
        "count" : 0,
        "minutes" : 567
      }
    },
    "data" : [{
      "dateTime" : "2018-01-18T00:01:30.000",
      "level" : "asleep",
      "seconds" : 24780
    },{
      "dateTime" : "2018-01-18T06:54:30.000",
      "level" : "restless",
      "seconds" : 120
    },{
      "dateTime" : "2018-01-18T06:56:30.000",
      "level" : "asleep",
      "seconds" : 9180
    },{
      "dateTime" : "2018-01-18T09:29:30.000",
      "level" : "restless",
      "seconds" : 120
    },{
      "dateTime" : "2018-01-18T09:31:30.000",
      "level" : "awake",
      "seconds" : 60
    }]
  }
},{
  "logId" : 16928089881,
  "dateOfSleep" : "2018-01-17",
  "startTime" : "2018-01-17T02:16:30.000",
  "endTime" : "2018-01-17T09:22:30.000",
  "duration" : 25560000,
  "minutesToFallAsleep" : 0,
  "minutesAsleep" : 408,
  "minutesAwake" : 18,
  "minutesAfterWakeup" : 0,
  "timeInBed" : 426,
  "efficiency" : 96,
  "type" : "classic",
  "infoCode" : 0,
  "levels" : {
    "summary" : {
      "restless" : {
        "count" : 5,
        "minutes" : 17
      },
      "awake" : {
        "count" : 1,
        "minutes" : 1
      },
      "asleep" : {
        "count" : 0,
        "minutes" : 408
      }
    },
    "data" : [{
      "dateTime" : "2018-01-17T02:16:30.000",
      "level" : "asleep",
      "seconds" : 8760
    },{
      "dateTime" : "2018-01-17T04:42:30.000",
      "level" : "restless",
      "seconds" : 120
    },{
      "dateTime" : "2018-01-17T04:44:30.000",
      "level" : "asleep",
      "seconds" : 6360
    },{
      "dateTime" : "2018-01-17T06:30:30.000",
      "level" : "restless",
      "seconds" : 120
    },{
      "dateTime" : "2018-01-17T06:32:30.000",
      "level" : "asleep",
      "seconds" : 600
    },{
      "dateTime" : "2018-01-17T06:42:30.000",
      "level" : "restless",
      "seconds" : 120
    },{
      "dateTime" : "2018-01-17T06:44:30.000",
      "level" : "asleep",
      "seconds" : 1860
    },{
      "dateTime" : "2018-01-17T07:15:30.000",
      "level" : "restless",
      "seconds" : 180
    },{
      "dateTime" : "2018-01-17T07:18:30.000",
      "level" : "asleep",
      "seconds" : 2100
    },{
      "dateTime" : "2018-01-17T07:53:30.000",
      "level" : "restless",
      "seconds" : 480
    },{
      "dateTime" : "2018-01-17T08:01:30.000",
      "level" : "asleep",
      "seconds" : 4440
    },{
      "dateTime" : "2018-01-17T09:15:30.000",
      "level" : "awake",
      "seconds" : 60
    },{
      "dateTime" : "2018-01-17T09:16:30.000",
      "level" : "asleep",
      "seconds" : 360
    }]
  }
},{
  "logId" : 16916207965,
  "dateOfSleep" : "2018-01-16",
  "startTime" : "2018-01-16T01:38:30.000",
  "endTime" : "2018-01-16T09:35:30.000",
  "duration" : 28620000,
  "minutesToFallAsleep" : 0,
  "minutesAsleep" : 451,
  "minutesAwake" : 26,
  "minutesAfterWakeup" : 0,
  "timeInBed" : 477,
  "efficiency" : 95,
  "type" : "classic",
  "infoCode" : 0,
  "levels" : {
    "summary" : {
      "restless" : {
        "count" : 16,
        "minutes" : 26
      },
      "awake" : {
        "count" : 0,
        "minutes" : 0
      },
      "asleep" : {
        "count" : 0,
        "minutes" : 451
      }
    },
    "data" : [{
      "dateTime" : "2018-01-16T01:38:30.000",
      "level" : "restless",
      "seconds" : 60
    },{
      "dateTime" : "2018-01-16T01:39:30.000",
      "level" : "asleep",
      "seconds" : 5520
    },{
      "dateTime" : "2018-01-16T03:11:30.000",
      "level" : "restless",
      "seconds" : 60
    },{
      "dateTime" : "2018-01-16T03:12:30.000",
      "level" : "asleep",
      "seconds" : 180
    },{
      "dateTime" : "2018-01-16T03:15:30.000",
      "level" : "restless",
      "seconds" : 60
    },{
      "dateTime" : "2018-01-16T03:16:30.000",
      "level" : "asleep",
      "seconds" : 6060
    },{
      "dateTime" : "2018-01-16T04:57:30.000",
      "level" : "restless",
      "seconds" : 120
    },{
      "dateTime" : "2018-01-16T04:59:30.000",
      "level" : "asleep",
      "seconds" : 120
    },{
      "dateTime" : "2018-01-16T05:01:30.000",
      "level" : "restless",
      "seconds" : 120
    },{
      "dateTime" : "2018-01-16T05:03:30.000",
      "level" : "asleep",
      "seconds" : 120
    },{
      "dateTime" : "2018-01-16T05:05:30.000",
      "level" : "restless",
      "seconds" : 60
    },{
      "dateTime" : "2018-01-16T05:06:30.000",
      "level" : "asleep",
      "seconds" : 420
    },{
      "dateTime" : "2018-01-16T05:13:30.000",
      "level" : "restless",
      "seconds" : 60
    },{
      "dateTime" : "2018-01-16T05:14:30.000",
      "level" : "asleep",
      "seconds" : 180
    },{
      "dateTime" : "2018-01-16T05:17:30.000",
      "level" : "restless",
      "seconds" : 60
    },{
      "dateTime" : "2018-01-16T05:18:30.000",
      "level" : "asleep",
      "seconds" : 1860
    },{
      "dateTime" : "2018-01-16T05:49:30.000",
      "level" : "restless",
      "seconds" : 60
    },{
      "dateTime" : "2018-01-16T05:50:30.000",
      "level" : "asleep",
      "seconds" : 2640
    },{
      "dateTime" : "2018-01-16T06:34:30.000",
      "level" : "restless",
      "seconds" : 120
    },{
      "dateTime" : "2018-01-16T06:36:30.000",
      "level" : "asleep",
      "seconds" : 600
    },{
      "dateTime" : "2018-01-16T06:46:30.000",
      "level" : "restless",
      "seconds" : 60
    },{
      "dateTime" : "2018-01-16T06:47:30.000",
      "level" : "asleep",
      "seconds" : 3000
    },{
      "dateTime" : "2018-01-16T07:37:30.000",
      "level" : "restless",
      "seconds" : 60
    },{
      "dateTime" : "2018-01-16T07:38:30.000",
      "level" : "asleep",
      "seconds" : 1260
    },{
      "dateTime" : "2018-01-16T07:59:30.000",
      "level" : "restless",
      "seconds" : 120
    },{
      "dateTime" : "2018-01-16T08:01:30.000",
      "level" : "asleep",
      "seconds" : 420
    },{
      "dateTime" : "2018-01-16T08:08:30.000",
      "level" : "restless",
      "seconds" : 360
    },{
      "dateTime" : "2018-01-16T08:14:30.000",
      "level" : "asleep",
      "seconds" : 60
    },{
      "dateTime" : "2018-01-16T08:15:30.000",
      "level" : "restless",
      "seconds" : 60
    },{
      "dateTime" : "2018-01-16T08:16:30.000",
      "level" : "asleep",
      "seconds" : 720
    },{
      "dateTime" : "2018-01-16T08:28:30.000",
      "level" : "restless",
      "seconds" : 120
    },{
      "dateTime" : "2018-01-16T08:30:30.000",
      "level" : "asleep",
      "seconds" : 3900
    }]
  }
},{
  "logId" : 16903062970,
  "dateOfSleep" : "2018-01-15",
  "startTime" : "2018-01-15T01:57:30.000",
  "endTime" : "2018-01-15T09:51:00.000",
  "duration" : 28380000,
  "minutesToFallAsleep" : 0,
  "minutesAsleep" : 442,
  "minutesAwake" : 26,
  "minutesAfterWakeup" : 0,
  "timeInBed" : 473,
  "efficiency" : 94,
  "type" : "classic",
  "infoCode" : 0,
  "levels" : {
    "summary" : {
      "restless" : {
        "count" : 10,
        "minutes" : 28
      },
      "awake" : {
        "count" : 3,
        "minutes" : 3
      },
      "asleep" : {
        "count" : 0,
        "minutes" : 442
      }
    },
    "data" : [{
      "dateTime" : "2018-01-15T01:57:30.000",
      "level" : "asleep",
      "seconds" : 14040
    },{
      "dateTime" : "2018-01-15T05:51:30.000",
      "level" : "awake",
      "seconds" : 60
    },{
      "dateTime" : "2018-01-15T05:52:30.000",
      "level" : "restless",
      "seconds" : 60
    },{
      "dateTime" : "2018-01-15T05:53:30.000",
      "level" : "awake",
      "seconds" : 60
    },{
      "dateTime" : "2018-01-15T05:54:30.000",
      "level" : "restless",
      "seconds" : 120
    },{
      "dateTime" : "2018-01-15T05:56:30.000",
      "level" : "asleep",
      "seconds" : 1320
    },{
      "dateTime" : "2018-01-15T06:18:30.000",
      "level" : "restless",
      "seconds" : 300
    },{
      "dateTime" : "2018-01-15T06:23:30.000",
      "level" : "asleep",
      "seconds" : 1920
    },{
      "dateTime" : "2018-01-15T06:55:30.000",
      "level" : "restless",
      "seconds" : 180
    },{
      "dateTime" : "2018-01-15T06:58:30.000",
      "level" : "asleep",
      "seconds" : 1260
    },{
      "dateTime" : "2018-01-15T07:19:30.000",
      "level" : "restless",
      "seconds" : 180
    },{
      "dateTime" : "2018-01-15T07:22:30.000",
      "level" : "asleep",
      "seconds" : 660
    },{
      "dateTime" : "2018-01-15T07:33:30.000",
      "level" : "restless",
      "seconds" : 60
    },{
      "dateTime" : "2018-01-15T07:34:30.000",
      "level" : "awake",
      "seconds" : 60
    },{
      "dateTime" : "2018-01-15T07:35:30.000",
      "level" : "asleep",
      "seconds" : 2760
    },{
      "dateTime" : "2018-01-15T08:21:30.000",
      "level" : "restless",
      "seconds" : 180
    },{
      "dateTime" : "2018-01-15T08:24:30.000",
      "level" : "asleep",
      "seconds" : 540
    },{
      "dateTime" : "2018-01-15T08:33:30.000",
      "level" : "restless",
      "seconds" : 120
    },{
      "dateTime" : "2018-01-15T08:35:30.000",
      "level" : "asleep",
      "seconds" : 3900
    },{
      "dateTime" : "2018-01-15T09:40:30.000",
      "level" : "restless",
      "seconds" : 180
    },{
      "dateTime" : "2018-01-15T09:43:30.000",
      "level" : "asleep",
      "seconds" : 420
    }]
  }
},{
  "logId" : 16893508359,
  "dateOfSleep" : "2018-01-14",
  "startTime" : "2018-01-14T02:45:30.000",
  "endTime" : "2018-01-14T09:31:30.000",
  "duration" : 24360000,
  "minutesToFallAsleep" : 0,
  "minutesAsleep" : 392,
  "minutesAwake" : 12,
  "minutesAfterWakeup" : 2,
  "timeInBed" : 406,
  "efficiency" : 97,
  "type" : "classic",
  "infoCode" : 0,
  "levels" : {
    "summary" : {
      "restless" : {
        "count" : 6,
        "minutes" : 14
      },
      "awake" : {
        "count" : 0,
        "minutes" : 0
      },
      "asleep" : {
        "count" : 0,
        "minutes" : 392
      }
    },
    "data" : [{
      "dateTime" : "2018-01-14T02:45:30.000",
      "level" : "restless",
      "seconds" : 60
    },{
      "dateTime" : "2018-01-14T02:46:30.000",
      "level" : "asleep",
      "seconds" : 3300
    },{
      "dateTime" : "2018-01-14T03:41:30.000",
      "level" : "restless",
      "seconds" : 240
    },{
      "dateTime" : "2018-01-14T03:45:30.000",
      "level" : "asleep",
      "seconds" : 2700
    },{
      "dateTime" : "2018-01-14T04:30:30.000",
      "level" : "restless",
      "seconds" : 300
    },{
      "dateTime" : "2018-01-14T04:35:30.000",
      "level" : "asleep",
      "seconds" : 14700
    },{
      "dateTime" : "2018-01-14T08:40:30.000",
      "level" : "restless",
      "seconds" : 60
    },{
      "dateTime" : "2018-01-14T08:41:30.000",
      "level" : "asleep",
      "seconds" : 120
    },{
      "dateTime" : "2018-01-14T08:43:30.000",
      "level" : "restless",
      "seconds" : 60
    },{
      "dateTime" : "2018-01-14T08:44:30.000",
      "level" : "asleep",
      "seconds" : 2700
    },{
      "dateTime" : "2018-01-14T09:29:30.000",
      "level" : "restless",
      "seconds" : 120
    }]
  }
},{
  "logId" : 16882714675,
  "dateOfSleep" : "2018-01-13",
  "startTime" : "2018-01-13T02:50:30.000",
  "endTime" : "2018-01-13T09:05:30.000",
  "duration" : 22500000,
  "minutesToFallAsleep" : 0,
  "minutesAsleep" : 354,
  "minutesAwake" : 16,
  "minutesAfterWakeup" : 5,
  "timeInBed" : 375,
  "efficiency" : 96,
  "type" : "classic",
  "infoCode" : 0,
  "levels" : {
    "summary" : {
      "restless" : {
        "count" : 9,
        "minutes" : 19
      },
      "awake" : {
        "count" : 2,
        "minutes" : 2
      },
      "asleep" : {
        "count" : 0,
        "minutes" : 354
      }
    },
    "data" : [{
      "dateTime" : "2018-01-13T02:50:30.000",
      "level" : "awake",
      "seconds" : 60
    },{
      "dateTime" : "2018-01-13T02:51:30.000",
      "level" : "restless",
      "seconds" : 120
    },{
      "dateTime" : "2018-01-13T02:53:30.000",
      "level" : "asleep",
      "seconds" : 9420
    },{
      "dateTime" : "2018-01-13T05:30:30.000",
      "level" : "restless",
      "seconds" : 60
    },{
      "dateTime" : "2018-01-13T05:31:30.000",
      "level" : "asleep",
      "seconds" : 6180
    },{
      "dateTime" : "2018-01-13T07:14:30.000",
      "level" : "restless",
      "seconds" : 300
    },{
      "dateTime" : "2018-01-13T07:19:30.000",
      "level" : "asleep",
      "seconds" : 540
    },{
      "dateTime" : "2018-01-13T07:28:30.000",
      "level" : "restless",
      "seconds" : 60
    },{
      "dateTime" : "2018-01-13T07:29:30.000",
      "level" : "asleep",
      "seconds" : 60
    },{
      "dateTime" : "2018-01-13T07:30:30.000",
      "level" : "restless",
      "seconds" : 60
    },{
      "dateTime" : "2018-01-13T07:31:30.000",
      "level" : "asleep",
      "seconds" : 60
    },{
      "dateTime" : "2018-01-13T07:32:30.000",
      "level" : "restless",
      "seconds" : 60
    },{
      "dateTime" : "2018-01-13T07:33:30.000",
      "level" : "asleep",
      "seconds" : 900
    },{
      "dateTime" : "2018-01-13T07:48:30.000",
      "level" : "restless",
      "seconds" : 120
    },{
      "dateTime" : "2018-01-13T07:50:30.000",
      "level" : "asleep",
      "seconds" : 900
    },{
      "dateTime" : "2018-01-13T08:05:30.000",
      "level" : "restless",
      "seconds" : 120
    },{
      "dateTime" : "2018-01-13T08:07:30.000",
      "level" : "asleep",
      "seconds" : 3180
    },{
      "dateTime" : "2018-01-13T09:00:30.000",
      "level" : "restless",
      "seconds" : 240
    },{
      "dateTime" : "2018-01-13T09:04:30.000",
      "level" : "awake",
      "seconds" : 60
    }]
  }
},{
  "logId" : 16871814692,
  "dateOfSleep" : "2018-01-12",
  "startTime" : "2018-01-11T22:57:00.000",
  "endTime" : "2018-01-12T07:15:30.000",
  "duration" : 29880000,
  "minutesToFallAsleep" : 0,
  "minutesAsleep" : 466,
  "minutesAwake" : 32,
  "minutesAfterWakeup" : 0,
  "timeInBed" : 498,
  "efficiency" : 94,
  "type" : "classic",
  "infoCode" : 0,
  "levels" : {
    "summary" : {
      "restless" : {
        "count" : 15,
        "minutes" : 25
      },
      "awake" : {
        "count" : 2,
        "minutes" : 7
      },
      "asleep" : {
        "count" : 0,
        "minutes" : 466
      }
    },
    "data" : [{
      "dateTime" : "2018-01-11T22:57:00.000",
      "level" : "asleep",
      "seconds" : 60
    },{
      "dateTime" : "2018-01-11T22:58:00.000",
      "level" : "restless",
      "seconds" : 120
    },{
      "dateTime" : "2018-01-11T23:00:00.000",
      "level" : "awake",
      "seconds" : 120
    },{
      "dateTime" : "2018-01-11T23:02:00.000",
      "level" : "restless",
      "seconds" : 60
    },{
      "dateTime" : "2018-01-11T23:03:00.000",
      "level" : "asleep",
      "seconds" : 60
    },{
      "dateTime" : "2018-01-11T23:04:00.000",
      "level" : "restless",
      "seconds" : 300
    },{
      "dateTime" : "2018-01-11T23:09:00.000",
      "level" : "asleep",
      "seconds" : 6780
    },{
      "dateTime" : "2018-01-12T01:02:00.000",
      "level" : "restless",
      "seconds" : 60
    },{
      "dateTime" : "2018-01-12T01:03:00.000",
      "level" : "asleep",
      "seconds" : 4680
    },{
      "dateTime" : "2018-01-12T02:21:00.000",
      "level" : "restless",
      "seconds" : 60
    },{
      "dateTime" : "2018-01-12T02:22:00.000",
      "level" : "asleep",
      "seconds" : 3300
    },{
      "dateTime" : "2018-01-12T03:17:00.000",
      "level" : "restless",
      "seconds" : 120
    },{
      "dateTime" : "2018-01-12T03:19:00.000",
      "level" : "asleep",
      "seconds" : 1440
    },{
      "dateTime" : "2018-01-12T03:43:00.000",
      "level" : "restless",
      "seconds" : 120
    },{
      "dateTime" : "2018-01-12T03:45:00.000",
      "level" : "asleep",
      "seconds" : 180
    },{
      "dateTime" : "2018-01-12T03:48:00.000",
      "level" : "restless",
      "seconds" : 60
    },{
      "dateTime" : "2018-01-12T03:49:00.000",
      "level" : "asleep",
      "seconds" : 1680
    },{
      "dateTime" : "2018-01-12T04:17:00.000",
      "level" : "restless",
      "seconds" : 120
    },{
      "dateTime" : "2018-01-12T04:19:00.000",
      "level" : "asleep",
      "seconds" : 5460
    },{
      "dateTime" : "2018-01-12T05:50:00.000",
      "level" : "restless",
      "seconds" : 60
    },{
      "dateTime" : "2018-01-12T05:51:00.000",
      "level" : "asleep",
      "seconds" : 1380
    },{
      "dateTime" : "2018-01-12T06:14:00.000",
      "level" : "restless",
      "seconds" : 120
    },{
      "dateTime" : "2018-01-12T06:16:00.000",
      "level" : "asleep",
      "seconds" : 120
    },{
      "dateTime" : "2018-01-12T06:18:00.000",
      "level" : "restless",
      "seconds" : 120
    },{
      "dateTime" : "2018-01-12T06:20:00.000",
      "level" : "asleep",
      "seconds" : 1860
    },{
      "dateTime" : "2018-01-12T06:51:00.000",
      "level" : "restless",
      "seconds" : 120
    },{
      "dateTime" : "2018-01-12T06:53:00.000",
      "level" : "asleep",
      "seconds" : 180
    },{
      "dateTime" : "2018-01-12T06:56:00.000",
      "level" : "restless",
      "seconds" : 60
    },{
      "dateTime" : "2018-01-12T06:57:00.000",
      "level" : "asleep",
      "seconds" : 60
    },{
      "dateTime" : "2018-01-12T06:58:00.000",
      "level" : "restless",
      "seconds" : 420
    },{
      "dateTime" : "2018-01-12T07:05:00.000",
      "level" : "awake",
      "seconds" : 300
    },{
      "dateTime" : "2018-01-12T07:10:00.000",
      "level" : "restless",
      "seconds" : 60
    },{
      "dateTime" : "2018-01-12T07:11:00.000",
      "level" : "asleep",
      "seconds" : 60
    },{
      "dateTime" : "2018-01-12T07:12:00.000",
      "level" : "restless",
      "seconds" : 60
    },{
      "dateTime" : "2018-01-12T07:13:00.000",
      "level" : "asleep",
      "seconds" : 120
    }]
  }
}]