[{
  "logId" : 18797360505,
  "dateOfSleep" : "2018-07-08",
  "startTime" : "2018-07-08T01:50:30.000",
  "endTime" : "2018-07-08T08:31:30.000",
  "duration" : 24060000,
  "minutesToFallAsleep" : 0,
  "minutesAsleep" : 377,
  "minutesAwake" : 24,
  "minutesAfterWakeup" : 0,
  "timeInBed" : 401,
  "efficiency" : 94,
  "type" : "classic",
  "infoCode" : 0,
  "levels" : {
    "summary" : {
      "restless" : {
        "count" : 15,
        "minutes" : 24
      },
      "awake" : {
        "count" : 0,
        "minutes" : 0
      },
      "asleep" : {
        "count" : 0,
        "minutes" : 377
      }
    },
    "data" : [{
      "dateTime" : "2018-07-08T01:50:30.000",
      "level" : "restless",
      "seconds" : 60
    },{
      "dateTime" : "2018-07-08T01:51:30.000",
      "level" : "asleep",
      "seconds" : 360
    },{
      "dateTime" : "2018-07-08T01:57:30.000",
      "level" : "restless",
      "seconds" : 60
    },{
      "dateTime" : "2018-07-08T01:58:30.000",
      "level" : "asleep",
      "seconds" : 2580
    },{
      "dateTime" : "2018-07-08T02:41:30.000",
      "level" : "restless",
      "seconds" : 360
    },{
      "dateTime" : "2018-07-08T02:47:30.000",
      "level" : "asleep",
      "seconds" : 2040
    },{
      "dateTime" : "2018-07-08T03:21:30.000",
      "level" : "restless",
      "seconds" : 120
    },{
      "dateTime" : "2018-07-08T03:23:30.000",
      "level" : "asleep",
      "seconds" : 240
    },{
      "dateTime" : "2018-07-08T03:27:30.000",
      "level" : "restless",
      "seconds" : 60
    },{
      "dateTime" : "2018-07-08T03:28:30.000",
      "level" : "asleep",
      "seconds" : 1020
    },{
      "dateTime" : "2018-07-08T03:45:30.000",
      "level" : "restless",
      "seconds" : 60
    },{
      "dateTime" : "2018-07-08T03:46:30.000",
      "level" : "asleep",
      "seconds" : 1680
    },{
      "dateTime" : "2018-07-08T04:14:30.000",
      "level" : "restless",
      "seconds" : 60
    },{
      "dateTime" : "2018-07-08T04:15:30.000",
      "level" : "asleep",
      "seconds" : 3900
    },{
      "dateTime" : "2018-07-08T05:20:30.000",
      "level" : "restless",
      "seconds" : 60
    },{
      "dateTime" : "2018-07-08T05:21:30.000",
      "level" : "asleep",
      "seconds" : 1080
    },{
      "dateTime" : "2018-07-08T05:39:30.000",
      "level" : "restless",
      "seconds" : 60
    },{
      "dateTime" : "2018-07-08T05:40:30.000",
      "level" : "asleep",
      "seconds" : 5340
    },{
      "dateTime" : "2018-07-08T07:09:30.000",
      "level" : "restless",
      "seconds" : 120
    },{
      "dateTime" : "2018-07-08T07:11:30.000",
      "level" : "asleep",
      "seconds" : 60
    },{
      "dateTime" : "2018-07-08T07:12:30.000",
      "level" : "restless",
      "seconds" : 60
    },{
      "dateTime" : "2018-07-08T07:13:30.000",
      "level" : "asleep",
      "seconds" : 600
    },{
      "dateTime" : "2018-07-08T07:23:30.000",
      "level" : "restless",
      "seconds" : 180
    },{
      "dateTime" : "2018-07-08T07:26:30.000",
      "level" : "asleep",
      "seconds" : 1020
    },{
      "dateTime" : "2018-07-08T07:43:30.000",
      "level" : "restless",
      "seconds" : 60
    },{
      "dateTime" : "2018-07-08T07:44:30.000",
      "level" : "asleep",
      "seconds" : 1200
    },{
      "dateTime" : "2018-07-08T08:04:30.000",
      "level" : "restless",
      "seconds" : 60
    },{
      "dateTime" : "2018-07-08T08:05:30.000",
      "level" : "asleep",
      "seconds" : 660
    },{
      "dateTime" : "2018-07-08T08:16:30.000",
      "level" : "restless",
      "seconds" : 60
    },{
      "dateTime" : "2018-07-08T08:17:30.000",
      "level" : "asleep",
      "seconds" : 780
    },{
      "dateTime" : "2018-07-08T08:30:30.000",
      "level" : "restless",
      "seconds" : 60
    }]
  }
},{
  "logId" : 18790343766,
  "dateOfSleep" : "2018-07-07",
  "startTime" : "2018-07-07T14:02:30.000",
  "endTime" : "2018-07-07T15:33:00.000",
  "duration" : 5400000,
  "minutesToFallAsleep" : 0,
  "minutesAsleep" : 86,
  "minutesAwake" : 4,
  "minutesAfterWakeup" : 0,
  "timeInBed" : 90,
  "efficiency" : 96,
  "type" : "classic",
  "infoCode" : 0,
  "levels" : {
    "summary" : {
      "restless" : {
        "count" : 2,
        "minutes" : 4
      },
      "awake" : {
        "count" : 0,
        "minutes" : 0
      },
      "asleep" : {
        "count" : 0,
        "minutes" : 86
      }
    },
    "data" : [{
      "dateTime" : "2018-07-07T14:02:30.000",
      "level" : "asleep",
      "seconds" : 4500
    },{
      "dateTime" : "2018-07-07T15:17:30.000",
      "level" : "restless",
      "seconds" : 180
    },{
      "dateTime" : "2018-07-07T15:20:30.000",
      "level" : "asleep",
      "seconds" : 60
    },{
      "dateTime" : "2018-07-07T15:21:30.000",
      "level" : "restless",
      "seconds" : 60
    },{
      "dateTime" : "2018-07-07T15:22:30.000",
      "level" : "asleep",
      "seconds" : 600
    }]
  }
},{
  "logId" : 18787657264,
  "dateOfSleep" : "2018-07-07",
  "startTime" : "2018-07-07T00:29:30.000",
  "endTime" : "2018-07-07T08:07:30.000",
  "duration" : 27480000,
  "minutesToFallAsleep" : 0,
  "minutesAsleep" : 435,
  "minutesAwake" : 23,
  "minutesAfterWakeup" : 0,
  "timeInBed" : 458,
  "efficiency" : 95,
  "type" : "classic",
  "infoCode" : 0,
  "levels" : {
    "summary" : {
      "restless" : {
        "count" : 13,
        "minutes" : 20
      },
      "awake" : {
        "count" : 1,
        "minutes" : 3
      },
      "asleep" : {
        "count" : 0,
        "minutes" : 435
      }
    },
    "data" : [{
      "dateTime" : "2018-07-07T00:29:30.000",
      "level" : "awake",
      "seconds" : 180
    },{
      "dateTime" : "2018-07-07T00:32:30.000",
      "level" : "restless",
      "seconds" : 60
    },{
      "dateTime" : "2018-07-07T00:33:30.000",
      "level" : "asleep",
      "seconds" : 7560
    },{
      "dateTime" : "2018-07-07T02:39:30.000",
      "level" : "restless",
      "seconds" : 120
    },{
      "dateTime" : "2018-07-07T02:41:30.000",
      "level" : "asleep",
      "seconds" : 2580
    },{
      "dateTime" : "2018-07-07T03:24:30.000",
      "level" : "restless",
      "seconds" : 120
    },{
      "dateTime" : "2018-07-07T03:26:30.000",
      "level" : "asleep",
      "seconds" : 2820
    },{
      "dateTime" : "2018-07-07T04:13:30.000",
      "level" : "restless",
      "seconds" : 120
    },{
      "dateTime" : "2018-07-07T04:15:30.000",
      "level" : "asleep",
      "seconds" : 180
    },{
      "dateTime" : "2018-07-07T04:18:30.000",
      "level" : "restless",
      "seconds" : 60
    },{
      "dateTime" : "2018-07-07T04:19:30.000",
      "level" : "asleep",
      "seconds" : 1980
    },{
      "dateTime" : "2018-07-07T04:52:30.000",
      "level" : "restless",
      "seconds" : 60
    },{
      "dateTime" : "2018-07-07T04:53:30.000",
      "level" : "asleep",
      "seconds" : 240
    },{
      "dateTime" : "2018-07-07T04:57:30.000",
      "level" : "restless",
      "seconds" : 60
    },{
      "dateTime" : "2018-07-07T04:58:30.000",
      "level" : "asleep",
      "seconds" : 2460
    },{
      "dateTime" : "2018-07-07T05:39:30.000",
      "level" : "restless",
      "seconds" : 60
    },{
      "dateTime" : "2018-07-07T05:40:30.000",
      "level" : "asleep",
      "seconds" : 4020
    },{
      "dateTime" : "2018-07-07T06:47:30.000",
      "level" : "restless",
      "seconds" : 60
    },{
      "dateTime" : "2018-07-07T06:48:30.000",
      "level" : "asleep",
      "seconds" : 540
    },{
      "dateTime" : "2018-07-07T06:57:30.000",
      "level" : "restless",
      "seconds" : 120
    },{
      "dateTime" : "2018-07-07T06:59:30.000",
      "level" : "asleep",
      "seconds" : 120
    },{
      "dateTime" : "2018-07-07T07:01:30.000",
      "level" : "restless",
      "seconds" : 120
    },{
      "dateTime" : "2018-07-07T07:03:30.000",
      "level" : "asleep",
      "seconds" : 1440
    },{
      "dateTime" : "2018-07-07T07:27:30.000",
      "level" : "restless",
      "seconds" : 120
    },{
      "dateTime" : "2018-07-07T07:29:30.000",
      "level" : "asleep",
      "seconds" : 120
    },{
      "dateTime" : "2018-07-07T07:31:30.000",
      "level" : "restless",
      "seconds" : 120
    },{
      "dateTime" : "2018-07-07T07:33:30.000",
      "level" : "asleep",
      "seconds" : 2040
    }]
  }
},{
  "logId" : 18777183872,
  "dateOfSleep" : "2018-07-06",
  "startTime" : "2018-07-06T02:11:30.000",
  "endTime" : "2018-07-06T06:49:30.000",
  "duration" : 16680000,
  "minutesToFallAsleep" : 0,
  "minutesAsleep" : 267,
  "minutesAwake" : 11,
  "minutesAfterWakeup" : 0,
  "timeInBed" : 278,
  "efficiency" : 96,
  "type" : "classic",
  "infoCode" : 0,
  "levels" : {
    "summary" : {
      "restless" : {
        "count" : 4,
        "minutes" : 11
      },
      "awake" : {
        "count" : 0,
        "minutes" : 0
      },
      "asleep" : {
        "count" : 0,
        "minutes" : 267
      }
    },
    "data" : [{
      "dateTime" : "2018-07-06T02:11:30.000",
      "level" : "asleep",
      "seconds" : 120
    },{
      "dateTime" : "2018-07-06T02:13:30.000",
      "level" : "restless",
      "seconds" : 60
    },{
      "dateTime" : "2018-07-06T02:14:30.000",
      "level" : "asleep",
      "seconds" : 7440
    },{
      "dateTime" : "2018-07-06T04:18:30.000",
      "level" : "restless",
      "seconds" : 360
    },{
      "dateTime" : "2018-07-06T04:24:30.000",
      "level" : "asleep",
      "seconds" : 4680
    },{
      "dateTime" : "2018-07-06T05:42:30.000",
      "level" : "restless",
      "seconds" : 120
    },{
      "dateTime" : "2018-07-06T05:44:30.000",
      "level" : "asleep",
      "seconds" : 120
    },{
      "dateTime" : "2018-07-06T05:46:30.000",
      "level" : "restless",
      "seconds" : 120
    },{
      "dateTime" : "2018-07-06T05:48:30.000",
      "level" : "asleep",
      "seconds" : 3600
    },{
      "dateTime" : "2018-07-06T06:48:30.000",
      "level" : "restless",
      "seconds" : 60
    }]
  }
},{
  "logId" : 18766579816,
  "dateOfSleep" : "2018-07-05",
  "startTime" : "2018-07-05T00:01:00.000",
  "endTime" : "2018-07-05T08:02:30.000",
  "duration" : 28860000,
  "minutesToFallAsleep" : 0,
  "minutesAsleep" : 436,
  "minutesAwake" : 45,
  "minutesAfterWakeup" : 0,
  "timeInBed" : 481,
  "efficiency" : 91,
  "type" : "classic",
  "infoCode" : 0,
  "levels" : {
    "summary" : {
      "restless" : {
        "count" : 24,
        "minutes" : 45
      },
      "awake" : {
        "count" : 0,
        "minutes" : 0
      },
      "asleep" : {
        "count" : 0,
        "minutes" : 436
      }
    },
    "data" : [{
      "dateTime" : "2018-07-05T00:01:00.000",
      "level" : "restless",
      "seconds" : 60
    },{
      "dateTime" : "2018-07-05T00:02:00.000",
      "level" : "asleep",
      "seconds" : 4380
    },{
      "dateTime" : "2018-07-05T01:15:00.000",
      "level" : "restless",
      "seconds" : 60
    },{
      "dateTime" : "2018-07-05T01:16:00.000",
      "level" : "asleep",
      "seconds" : 60
    },{
      "dateTime" : "2018-07-05T01:17:00.000",
      "level" : "restless",
      "seconds" : 120
    },{
      "dateTime" : "2018-07-05T01:19:00.000",
      "level" : "asleep",
      "seconds" : 1020
    },{
      "dateTime" : "2018-07-05T01:36:00.000",
      "level" : "restless",
      "seconds" : 180
    },{
      "dateTime" : "2018-07-05T01:39:00.000",
      "level" : "asleep",
      "seconds" : 60
    },{
      "dateTime" : "2018-07-05T01:40:00.000",
      "level" : "restless",
      "seconds" : 60
    },{
      "dateTime" : "2018-07-05T01:41:00.000",
      "level" : "asleep",
      "seconds" : 5700
    },{
      "dateTime" : "2018-07-05T03:16:00.000",
      "level" : "restless",
      "seconds" : 180
    },{
      "dateTime" : "2018-07-05T03:19:00.000",
      "level" : "asleep",
      "seconds" : 60
    },{
      "dateTime" : "2018-07-05T03:20:00.000",
      "level" : "restless",
      "seconds" : 60
    },{
      "dateTime" : "2018-07-05T03:21:00.000",
      "level" : "asleep",
      "seconds" : 1560
    },{
      "dateTime" : "2018-07-05T03:47:00.000",
      "level" : "restless",
      "seconds" : 300
    },{
      "dateTime" : "2018-07-05T03:52:00.000",
      "level" : "asleep",
      "seconds" : 60
    },{
      "dateTime" : "2018-07-05T03:53:00.000",
      "level" : "restless",
      "seconds" : 60
    },{
      "dateTime" : "2018-07-05T03:54:00.000",
      "level" : "asleep",
      "seconds" : 1200
    },{
      "dateTime" : "2018-07-05T04:14:00.000",
      "level" : "restless",
      "seconds" : 60
    },{
      "dateTime" : "2018-07-05T04:15:00.000",
      "level" : "asleep",
      "seconds" : 1560
    },{
      "dateTime" : "2018-07-05T04:41:00.000",
      "level" : "restless",
      "seconds" : 60
    },{
      "dateTime" : "2018-07-05T04:42:00.000",
      "level" : "asleep",
      "seconds" : 180
    },{
      "dateTime" : "2018-07-05T04:45:00.000",
      "level" : "restless",
      "seconds" : 60
    },{
      "dateTime" : "2018-07-05T04:46:00.000",
      "level" : "asleep",
      "seconds" : 3420
    },{
      "dateTime" : "2018-07-05T05:43:00.000",
      "level" : "restless",
      "seconds" : 120
    },{
      "dateTime" : "2018-07-05T05:45:00.000",
      "level" : "asleep",
      "seconds" : 120
    },{
      "dateTime" : "2018-07-05T05:47:00.000",
      "level" : "restless",
      "seconds" : 60
    },{
      "dateTime" : "2018-07-05T05:48:00.000",
      "level" : "asleep",
      "seconds" : 3060
    },{
      "dateTime" : "2018-07-05T06:39:00.000",
      "level" : "restless",
      "seconds" : 60
    },{
      "dateTime" : "2018-07-05T06:40:00.000",
      "level" : "asleep",
      "seconds" : 60
    },{
      "dateTime" : "2018-07-05T06:41:00.000",
      "level" : "restless",
      "seconds" : 180
    },{
      "dateTime" : "2018-07-05T06:44:00.000",
      "level" : "asleep",
      "seconds" : 60
    },{
      "dateTime" : "2018-07-05T06:45:00.000",
      "level" : "restless",
      "seconds" : 60
    },{
      "dateTime" : "2018-07-05T06:46:00.000",
      "level" : "asleep",
      "seconds" : 60
    },{
      "dateTime" : "2018-07-05T06:47:00.000",
      "level" : "restless",
      "seconds" : 60
    },{
      "dateTime" : "2018-07-05T06:48:00.000",
      "level" : "asleep",
      "seconds" : 240
    },{
      "dateTime" : "2018-07-05T06:52:00.000",
      "level" : "restless",
      "seconds" : 120
    },{
      "dateTime" : "2018-07-05T06:54:00.000",
      "level" : "asleep",
      "seconds" : 60
    },{
      "dateTime" : "2018-07-05T06:55:00.000",
      "level" : "restless",
      "seconds" : 180
    },{
      "dateTime" : "2018-07-05T06:58:00.000",
      "level" : "asleep",
      "seconds" : 60
    },{
      "dateTime" : "2018-07-05T06:59:00.000",
      "level" : "restless",
      "seconds" : 120
    },{
      "dateTime" : "2018-07-05T07:01:00.000",
      "level" : "asleep",
      "seconds" : 1080
    },{
      "dateTime" : "2018-07-05T07:19:00.000",
      "level" : "restless",
      "seconds" : 60
    },{
      "dateTime" : "2018-07-05T07:20:00.000",
      "level" : "asleep",
      "seconds" : 1560
    },{
      "dateTime" : "2018-07-05T07:46:00.000",
      "level" : "restless",
      "seconds" : 180
    },{
      "dateTime" : "2018-07-05T07:49:00.000",
      "level" : "asleep",
      "seconds" : 60
    },{
      "dateTime" : "2018-07-05T07:50:00.000",
      "level" : "restless",
      "seconds" : 240
    },{
      "dateTime" : "2018-07-05T07:54:00.000",
      "level" : "asleep",
      "seconds" : 480
    }]
  }
},{
  "logId" : 18756637901,
  "dateOfSleep" : "2018-07-04",
  "startTime" : "2018-07-03T23:40:00.000",
  "endTime" : "2018-07-04T06:48:00.000",
  "duration" : 25680000,
  "minutesToFallAsleep" : 0,
  "minutesAsleep" : 395,
  "minutesAwake" : 33,
  "minutesAfterWakeup" : 0,
  "timeInBed" : 428,
  "efficiency" : 92,
  "type" : "classic",
  "infoCode" : 0,
  "levels" : {
    "summary" : {
      "restless" : {
        "count" : 20,
        "minutes" : 33
      },
      "awake" : {
        "count" : 0,
        "minutes" : 0
      },
      "asleep" : {
        "count" : 0,
        "minutes" : 395
      }
    },
    "data" : [{
      "dateTime" : "2018-07-03T23:40:00.000",
      "level" : "restless",
      "seconds" : 60
    },{
      "dateTime" : "2018-07-03T23:41:00.000",
      "level" : "asleep",
      "seconds" : 60
    },{
      "dateTime" : "2018-07-03T23:42:00.000",
      "level" : "restless",
      "seconds" : 120
    },{
      "dateTime" : "2018-07-03T23:44:00.000",
      "level" : "asleep",
      "seconds" : 3120
    },{
      "dateTime" : "2018-07-04T00:36:00.000",
      "level" : "restless",
      "seconds" : 60
    },{
      "dateTime" : "2018-07-04T00:37:00.000",
      "level" : "asleep",
      "seconds" : 1140
    },{
      "dateTime" : "2018-07-04T00:56:00.000",
      "level" : "restless",
      "seconds" : 60
    },{
      "dateTime" : "2018-07-04T00:57:00.000",
      "level" : "asleep",
      "seconds" : 180
    },{
      "dateTime" : "2018-07-04T01:00:00.000",
      "level" : "restless",
      "seconds" : 60
    },{
      "dateTime" : "2018-07-04T01:01:00.000",
      "level" : "asleep",
      "seconds" : 3060
    },{
      "dateTime" : "2018-07-04T01:52:00.000",
      "level" : "restless",
      "seconds" : 120
    },{
      "dateTime" : "2018-07-04T01:54:00.000",
      "level" : "asleep",
      "seconds" : 2760
    },{
      "dateTime" : "2018-07-04T02:40:00.000",
      "level" : "restless",
      "seconds" : 60
    },{
      "dateTime" : "2018-07-04T02:41:00.000",
      "level" : "asleep",
      "seconds" : 180
    },{
      "dateTime" : "2018-07-04T02:44:00.000",
      "level" : "restless",
      "seconds" : 180
    },{
      "dateTime" : "2018-07-04T02:47:00.000",
      "level" : "asleep",
      "seconds" : 3000
    },{
      "dateTime" : "2018-07-04T03:37:00.000",
      "level" : "restless",
      "seconds" : 120
    },{
      "dateTime" : "2018-07-04T03:39:00.000",
      "level" : "asleep",
      "seconds" : 120
    },{
      "dateTime" : "2018-07-04T03:41:00.000",
      "level" : "restless",
      "seconds" : 60
    },{
      "dateTime" : "2018-07-04T03:42:00.000",
      "level" : "asleep",
      "seconds" : 1260
    },{
      "dateTime" : "2018-07-04T04:03:00.000",
      "level" : "restless",
      "seconds" : 60
    },{
      "dateTime" : "2018-07-04T04:04:00.000",
      "level" : "asleep",
      "seconds" : 3960
    },{
      "dateTime" : "2018-07-04T05:10:00.000",
      "level" : "restless",
      "seconds" : 120
    },{
      "dateTime" : "2018-07-04T05:12:00.000",
      "level" : "asleep",
      "seconds" : 120
    },{
      "dateTime" : "2018-07-04T05:14:00.000",
      "level" : "restless",
      "seconds" : 120
    },{
      "dateTime" : "2018-07-04T05:16:00.000",
      "level" : "asleep",
      "seconds" : 1200
    },{
      "dateTime" : "2018-07-04T05:36:00.000",
      "level" : "restless",
      "seconds" : 60
    },{
      "dateTime" : "2018-07-04T05:37:00.000",
      "level" : "asleep",
      "seconds" : 900
    },{
      "dateTime" : "2018-07-04T05:52:00.000",
      "level" : "restless",
      "seconds" : 300
    },{
      "dateTime" : "2018-07-04T05:57:00.000",
      "level" : "asleep",
      "seconds" : 60
    },{
      "dateTime" : "2018-07-04T05:58:00.000",
      "level" : "restless",
      "seconds" : 60
    },{
      "dateTime" : "2018-07-04T05:59:00.000",
      "level" : "asleep",
      "seconds" : 120
    },{
      "dateTime" : "2018-07-04T06:01:00.000",
      "level" : "restless",
      "seconds" : 60
    },{
      "dateTime" : "2018-07-04T06:02:00.000",
      "level" : "asleep",
      "seconds" : 180
    },{
      "dateTime" : "2018-07-04T06:05:00.000",
      "level" : "restless",
      "seconds" : 60
    },{
      "dateTime" : "2018-07-04T06:06:00.000",
      "level" : "asleep",
      "seconds" : 1920
    },{
      "dateTime" : "2018-07-04T06:38:00.000",
      "level" : "restless",
      "seconds" : 60
    },{
      "dateTime" : "2018-07-04T06:39:00.000",
      "level" : "asleep",
      "seconds" : 60
    },{
      "dateTime" : "2018-07-04T06:40:00.000",
      "level" : "restless",
      "seconds" : 180
    },{
      "dateTime" : "2018-07-04T06:43:00.000",
      "level" : "asleep",
      "seconds" : 300
    }]
  }
},{
  "logId" : 18749720403,
  "dateOfSleep" : "2018-07-03",
  "startTime" : "2018-07-03T15:18:30.000",
  "endTime" : "2018-07-03T16:37:00.000",
  "duration" : 4680000,
  "minutesToFallAsleep" : 0,
  "minutesAsleep" : 75,
  "minutesAwake" : 3,
  "minutesAfterWakeup" : 0,
  "timeInBed" : 78,
  "efficiency" : 96,
  "type" : "classic",
  "infoCode" : 0,
  "levels" : {
    "summary" : {
      "restless" : {
        "count" : 2,
        "minutes" : 3
      },
      "awake" : {
        "count" : 0,
        "minutes" : 0
      },
      "asleep" : {
        "count" : 0,
        "minutes" : 75
      }
    },
    "data" : [{
      "dateTime" : "2018-07-03T15:18:30.000",
      "level" : "asleep",
      "seconds" : 180
    },{
      "dateTime" : "2018-07-03T15:21:30.000",
      "level" : "restless",
      "seconds" : 60
    },{
      "dateTime" : "2018-07-03T15:22:30.000",
      "level" : "asleep",
      "seconds" : 120
    },{
      "dateTime" : "2018-07-03T15:24:30.000",
      "level" : "restless",
      "seconds" : 120
    },{
      "dateTime" : "2018-07-03T15:26:30.000",
      "level" : "asleep",
      "seconds" : 4200
    }]
  }
},{
  "logId" : 18746853278,
  "dateOfSleep" : "2018-07-03",
  "startTime" : "2018-07-02T23:38:30.000",
  "endTime" : "2018-07-03T06:45:30.000",
  "duration" : 25620000,
  "minutesToFallAsleep" : 0,
  "minutesAsleep" : 395,
  "minutesAwake" : 32,
  "minutesAfterWakeup" : 0,
  "timeInBed" : 427,
  "efficiency" : 93,
  "type" : "classic",
  "infoCode" : 0,
  "levels" : {
    "summary" : {
      "restless" : {
        "count" : 15,
        "minutes" : 30
      },
      "awake" : {
        "count" : 1,
        "minutes" : 2
      },
      "asleep" : {
        "count" : 0,
        "minutes" : 395
      }
    },
    "data" : [{
      "dateTime" : "2018-07-02T23:38:30.000",
      "level" : "restless",
      "seconds" : 180
    },{
      "dateTime" : "2018-07-02T23:41:30.000",
      "level" : "awake",
      "seconds" : 120
    },{
      "dateTime" : "2018-07-02T23:43:30.000",
      "level" : "restless",
      "seconds" : 120
    },{
      "dateTime" : "2018-07-02T23:45:30.000",
      "level" : "asleep",
      "seconds" : 540
    },{
      "dateTime" : "2018-07-02T23:54:30.000",
      "level" : "restless",
      "seconds" : 60
    },{
      "dateTime" : "2018-07-02T23:55:30.000",
      "level" : "asleep",
      "seconds" : 6960
    },{
      "dateTime" : "2018-07-03T01:51:30.000",
      "level" : "restless",
      "seconds" : 60
    },{
      "dateTime" : "2018-07-03T01:52:30.000",
      "level" : "asleep",
      "seconds" : 120
    },{
      "dateTime" : "2018-07-03T01:54:30.000",
      "level" : "restless",
      "seconds" : 120
    },{
      "dateTime" : "2018-07-03T01:56:30.000",
      "level" : "asleep",
      "seconds" : 4020
    },{
      "dateTime" : "2018-07-03T03:03:30.000",
      "level" : "restless",
      "seconds" : 60
    },{
      "dateTime" : "2018-07-03T03:04:30.000",
      "level" : "asleep",
      "seconds" : 180
    },{
      "dateTime" : "2018-07-03T03:07:30.000",
      "level" : "restless",
      "seconds" : 60
    },{
      "dateTime" : "2018-07-03T03:08:30.000",
      "level" : "asleep",
      "seconds" : 960
    },{
      "dateTime" : "2018-07-03T03:24:30.000",
      "level" : "restless",
      "seconds" : 120
    },{
      "dateTime" : "2018-07-03T03:26:30.000",
      "level" : "asleep",
      "seconds" : 120
    },{
      "dateTime" : "2018-07-03T03:28:30.000",
      "level" : "restless",
      "seconds" : 60
    },{
      "dateTime" : "2018-07-03T03:29:30.000",
      "level" : "asleep",
      "seconds" : 1380
    },{
      "dateTime" : "2018-07-03T03:52:30.000",
      "level" : "restless",
      "seconds" : 120
    },{
      "dateTime" : "2018-07-03T03:54:30.000",
      "level" : "asleep",
      "seconds" : 120
    },{
      "dateTime" : "2018-07-03T03:56:30.000",
      "level" : "restless",
      "seconds" : 120
    },{
      "dateTime" : "2018-07-03T03:58:30.000",
      "level" : "asleep",
      "seconds" : 2460
    },{
      "dateTime" : "2018-07-03T04:39:30.000",
      "level" : "restless",
      "seconds" : 60
    },{
      "dateTime" : "2018-07-03T04:40:30.000",
      "level" : "asleep",
      "seconds" : 2220
    },{
      "dateTime" : "2018-07-03T05:17:30.000",
      "level" : "restless",
      "seconds" : 180
    },{
      "dateTime" : "2018-07-03T05:20:30.000",
      "level" : "asleep",
      "seconds" : 4140
    },{
      "dateTime" : "2018-07-03T06:29:30.000",
      "level" : "restless",
      "seconds" : 60
    },{
      "dateTime" : "2018-07-03T06:30:30.000",
      "level" : "asleep",
      "seconds" : 120
    },{
      "dateTime" : "2018-07-03T06:32:30.000",
      "level" : "restless",
      "seconds" : 420
    },{
      "dateTime" : "2018-07-03T06:39:30.000",
      "level" : "asleep",
      "seconds" : 360
    }]
  }
},{
  "logId" : 18746853277,
  "dateOfSleep" : "2018-07-01",
  "startTime" : "2018-07-01T00:01:30.000",
  "endTime" : "2018-07-01T08:03:00.000",
  "duration" : 28860000,
  "minutesToFallAsleep" : 0,
  "minutesAsleep" : 465,
  "minutesAwake" : 16,
  "minutesAfterWakeup" : 0,
  "timeInBed" : 481,
  "efficiency" : 97,
  "type" : "classic",
  "infoCode" : 0,
  "levels" : {
    "summary" : {
      "restless" : {
        "count" : 9,
        "minutes" : 16
      },
      "awake" : {
        "count" : 0,
        "minutes" : 0
      },
      "asleep" : {
        "count" : 0,
        "minutes" : 465
      }
    },
    "data" : [{
      "dateTime" : "2018-07-01T00:01:30.000",
      "level" : "asleep",
      "seconds" : 360
    },{
      "dateTime" : "2018-07-01T00:07:30.000",
      "level" : "restless",
      "seconds" : 120
    },{
      "dateTime" : "2018-07-01T00:09:30.000",
      "level" : "asleep",
      "seconds" : 60
    },{
      "dateTime" : "2018-07-01T00:10:30.000",
      "level" : "restless",
      "seconds" : 180
    },{
      "dateTime" : "2018-07-01T00:13:30.000",
      "level" : "asleep",
      "seconds" : 19800
    },{
      "dateTime" : "2018-07-01T05:43:30.000",
      "level" : "restless",
      "seconds" : 60
    },{
      "dateTime" : "2018-07-01T05:44:30.000",
      "level" : "asleep",
      "seconds" : 1740
    },{
      "dateTime" : "2018-07-01T06:13:30.000",
      "level" : "restless",
      "seconds" : 180
    },{
      "dateTime" : "2018-07-01T06:16:30.000",
      "level" : "asleep",
      "seconds" : 60
    },{
      "dateTime" : "2018-07-01T06:17:30.000",
      "level" : "restless",
      "seconds" : 60
    },{
      "dateTime" : "2018-07-01T06:18:30.000",
      "level" : "asleep",
      "seconds" : 1020
    },{
      "dateTime" : "2018-07-01T06:35:30.000",
      "level" : "restless",
      "seconds" : 60
    },{
      "dateTime" : "2018-07-01T06:36:30.000",
      "level" : "asleep",
      "seconds" : 840
    },{
      "dateTime" : "2018-07-01T06:50:30.000",
      "level" : "restless",
      "seconds" : 60
    },{
      "dateTime" : "2018-07-01T06:51:30.000",
      "level" : "asleep",
      "seconds" : 1140
    },{
      "dateTime" : "2018-07-01T07:10:30.000",
      "level" : "restless",
      "seconds" : 60
    },{
      "dateTime" : "2018-07-01T07:11:30.000",
      "level" : "asleep",
      "seconds" : 1260
    },{
      "dateTime" : "2018-07-01T07:32:30.000",
      "level" : "restless",
      "seconds" : 180
    },{
      "dateTime" : "2018-07-01T07:35:30.000",
      "level" : "asleep",
      "seconds" : 1620
    }]
  }
},{
  "logId" : 18746853276,
  "dateOfSleep" : "2018-06-30",
  "startTime" : "2018-06-30T02:45:30.000",
  "endTime" : "2018-06-30T09:14:30.000",
  "duration" : 23340000,
  "minutesToFallAsleep" : 0,
  "minutesAsleep" : 374,
  "minutesAwake" : 13,
  "minutesAfterWakeup" : 2,
  "timeInBed" : 389,
  "efficiency" : 97,
  "type" : "classic",
  "infoCode" : 0,
  "levels" : {
    "summary" : {
      "restless" : {
        "count" : 9,
        "minutes" : 14
      },
      "awake" : {
        "count" : 1,
        "minutes" : 1
      },
      "asleep" : {
        "count" : 0,
        "minutes" : 374
      }
    },
    "data" : [{
      "dateTime" : "2018-06-30T02:45:30.000",
      "level" : "restless",
      "seconds" : 180
    },{
      "dateTime" : "2018-06-30T02:48:30.000",
      "level" : "awake",
      "seconds" : 60
    },{
      "dateTime" : "2018-06-30T02:49:30.000",
      "level" : "asleep",
      "seconds" : 5760
    },{
      "dateTime" : "2018-06-30T04:25:30.000",
      "level" : "restless",
      "seconds" : 60
    },{
      "dateTime" : "2018-06-30T04:26:30.000",
      "level" : "asleep",
      "seconds" : 3480
    },{
      "dateTime" : "2018-06-30T05:24:30.000",
      "level" : "restless",
      "seconds" : 60
    },{
      "dateTime" : "2018-06-30T05:25:30.000",
      "level" : "asleep",
      "seconds" : 5340
    },{
      "dateTime" : "2018-06-30T06:54:30.000",
      "level" : "restless",
      "seconds" : 60
    },{
      "dateTime" : "2018-06-30T06:55:30.000",
      "level" : "asleep",
      "seconds" : 2340
    },{
      "dateTime" : "2018-06-30T07:34:30.000",
      "level" : "restless",
      "seconds" : 60
    },{
      "dateTime" : "2018-06-30T07:35:30.000",
      "level" : "asleep",
      "seconds" : 180
    },{
      "dateTime" : "2018-06-30T07:38:30.000",
      "level" : "restless",
      "seconds" : 60
    },{
      "dateTime" : "2018-06-30T07:39:30.000",
      "level" : "asleep",
      "seconds" : 1440
    },{
      "dateTime" : "2018-06-30T08:03:30.000",
      "level" : "restless",
      "seconds" : 60
    },{
      "dateTime" : "2018-06-30T08:04:30.000",
      "level" : "asleep",
      "seconds" : 3840
    },{
      "dateTime" : "2018-06-30T09:08:30.000",
      "level" : "restless",
      "seconds" : 180
    },{
      "dateTime" : "2018-06-30T09:11:30.000",
      "level" : "asleep",
      "seconds" : 60
    },{
      "dateTime" : "2018-06-30T09:12:30.000",
      "level" : "restless",
      "seconds" : 120
    }]
  }
},{
  "logId" : 18693761685,
  "dateOfSleep" : "2018-06-28",
  "startTime" : "2018-06-27T23:25:30.000",
  "endTime" : "2018-06-28T06:37:30.000",
  "duration" : 25920000,
  "minutesToFallAsleep" : 0,
  "minutesAsleep" : 414,
  "minutesAwake" : 16,
  "minutesAfterWakeup" : 2,
  "timeInBed" : 432,
  "efficiency" : 96,
  "type" : "classic",
  "infoCode" : 0,
  "levels" : {
    "summary" : {
      "restless" : {
        "count" : 10,
        "minutes" : 18
      },
      "awake" : {
        "count" : 0,
        "minutes" : 0
      },
      "asleep" : {
        "count" : 0,
        "minutes" : 414
      }
    },
    "data" : [{
      "dateTime" : "2018-06-27T23:25:30.000",
      "level" : "restless",
      "seconds" : 240
    },{
      "dateTime" : "2018-06-27T23:29:30.000",
      "level" : "asleep",
      "seconds" : 5460
    },{
      "dateTime" : "2018-06-28T01:00:30.000",
      "level" : "restless",
      "seconds" : 120
    },{
      "dateTime" : "2018-06-28T01:02:30.000",
      "level" : "asleep",
      "seconds" : 120
    },{
      "dateTime" : "2018-06-28T01:04:30.000",
      "level" : "restless",
      "seconds" : 60
    },{
      "dateTime" : "2018-06-28T01:05:30.000",
      "level" : "asleep",
      "seconds" : 2700
    },{
      "dateTime" : "2018-06-28T01:50:30.000",
      "level" : "restless",
      "seconds" : 120
    },{
      "dateTime" : "2018-06-28T01:52:30.000",
      "level" : "asleep",
      "seconds" : 7200
    },{
      "dateTime" : "2018-06-28T03:52:30.000",
      "level" : "restless",
      "seconds" : 60
    },{
      "dateTime" : "2018-06-28T03:53:30.000",
      "level" : "asleep",
      "seconds" : 1800
    },{
      "dateTime" : "2018-06-28T04:23:30.000",
      "level" : "restless",
      "seconds" : 120
    },{
      "dateTime" : "2018-06-28T04:25:30.000",
      "level" : "asleep",
      "seconds" : 2640
    },{
      "dateTime" : "2018-06-28T05:09:30.000",
      "level" : "restless",
      "seconds" : 60
    },{
      "dateTime" : "2018-06-28T05:10:30.000",
      "level" : "asleep",
      "seconds" : 3960
    },{
      "dateTime" : "2018-06-28T06:16:30.000",
      "level" : "restless",
      "seconds" : 60
    },{
      "dateTime" : "2018-06-28T06:17:30.000",
      "level" : "asleep",
      "seconds" : 900
    },{
      "dateTime" : "2018-06-28T06:32:30.000",
      "level" : "restless",
      "seconds" : 120
    },{
      "dateTime" : "2018-06-28T06:34:30.000",
      "level" : "asleep",
      "seconds" : 60
    },{
      "dateTime" : "2018-06-28T06:35:30.000",
      "level" : "restless",
      "seconds" : 120
    }]
  }
},{
  "logId" : 18680194995,
  "dateOfSleep" : "2018-06-27",
  "startTime" : "2018-06-26T23:37:30.000",
  "endTime" : "2018-06-27T07:22:30.000",
  "duration" : 27900000,
  "minutesToFallAsleep" : 0,
  "minutesAsleep" : 414,
  "minutesAwake" : 51,
  "minutesAfterWakeup" : 0,
  "timeInBed" : 465,
  "efficiency" : 89,
  "type" : "classic",
  "infoCode" : 0,
  "levels" : {
    "summary" : {
      "restless" : {
        "count" : 10,
        "minutes" : 22
      },
      "awake" : {
        "count" : 2,
        "minutes" : 29
      },
      "asleep" : {
        "count" : 0,
        "minutes" : 414
      }
    },
    "data" : [{
      "dateTime" : "2018-06-26T23:37:30.000",
      "level" : "restless",
      "seconds" : 300
    },{
      "dateTime" : "2018-06-26T23:42:30.000",
      "level" : "awake",
      "seconds" : 60
    },{
      "dateTime" : "2018-06-26T23:43:30.000",
      "level" : "asleep",
      "seconds" : 3720
    },{
      "dateTime" : "2018-06-27T00:45:30.000",
      "level" : "restless",
      "seconds" : 60
    },{
      "dateTime" : "2018-06-27T00:46:30.000",
      "level" : "asleep",
      "seconds" : 6840
    },{
      "dateTime" : "2018-06-27T02:40:30.000",
      "level" : "restless",
      "seconds" : 60
    },{
      "dateTime" : "2018-06-27T02:41:30.000",
      "level" : "asleep",
      "seconds" : 7140
    },{
      "dateTime" : "2018-06-27T04:40:30.000",
      "level" : "restless",
      "seconds" : 120
    },{
      "dateTime" : "2018-06-27T04:42:30.000",
      "level" : "asleep",
      "seconds" : 120
    },{
      "dateTime" : "2018-06-27T04:44:30.000",
      "level" : "restless",
      "seconds" : 120
    },{
      "dateTime" : "2018-06-27T04:46:30.000",
      "level" : "asleep",
      "seconds" : 1080
    },{
      "dateTime" : "2018-06-27T05:04:30.000",
      "level" : "restless",
      "seconds" : 60
    },{
      "dateTime" : "2018-06-27T05:05:30.000",
      "level" : "asleep",
      "seconds" : 2880
    },{
      "dateTime" : "2018-06-27T05:53:30.000",
      "level" : "restless",
      "seconds" : 120
    },{
      "dateTime" : "2018-06-27T05:55:30.000",
      "level" : "asleep",
      "seconds" : 120
    },{
      "dateTime" : "2018-06-27T05:57:30.000",
      "level" : "restless",
      "seconds" : 60
    },{
      "dateTime" : "2018-06-27T05:58:30.000",
      "level" : "asleep",
      "seconds" : 2880
    },{
      "dateTime" : "2018-06-27T06:46:30.000",
      "level" : "restless",
      "seconds" : 360
    },{
      "dateTime" : "2018-06-27T06:52:30.000",
      "level" : "awake",
      "seconds" : 1800
    }]
  }
},{
  "logId" : 18680194994,
  "dateOfSleep" : "2018-06-26",
  "startTime" : "2018-06-25T23:02:30.000",
  "endTime" : "2018-06-26T06:47:30.000",
  "duration" : 27900000,
  "minutesToFallAsleep" : 0,
  "minutesAsleep" : 459,
  "minutesAwake" : 6,
  "minutesAfterWakeup" : 0,
  "timeInBed" : 465,
  "efficiency" : 99,
  "type" : "classic",
  "infoCode" : 0,
  "levels" : {
    "summary" : {
      "restless" : {
        "count" : 6,
        "minutes" : 6
      },
      "awake" : {
        "count" : 0,
        "minutes" : 0
      },
      "asleep" : {
        "count" : 0,
        "minutes" : 459
      }
    },
    "data" : [{
      "dateTime" : "2018-06-25T23:02:30.000",
      "level" : "restless",
      "seconds" : 60
    },{
      "dateTime" : "2018-06-25T23:03:30.000",
      "level" : "asleep",
      "seconds" : 7800
    },{
      "dateTime" : "2018-06-26T01:13:30.000",
      "level" : "restless",
      "seconds" : 60
    },{
      "dateTime" : "2018-06-26T01:14:30.000",
      "level" : "asleep",
      "seconds" : 8520
    },{
      "dateTime" : "2018-06-26T03:36:30.000",
      "level" : "restless",
      "seconds" : 60
    },{
      "dateTime" : "2018-06-26T03:37:30.000",
      "level" : "asleep",
      "seconds" : 2460
    },{
      "dateTime" : "2018-06-26T04:18:30.000",
      "level" : "restless",
      "seconds" : 60
    },{
      "dateTime" : "2018-06-26T04:19:30.000",
      "level" : "asleep",
      "seconds" : 6360
    },{
      "dateTime" : "2018-06-26T06:05:30.000",
      "level" : "restless",
      "seconds" : 60
    },{
      "dateTime" : "2018-06-26T06:06:30.000",
      "level" : "asleep",
      "seconds" : 120
    },{
      "dateTime" : "2018-06-26T06:08:30.000",
      "level" : "restless",
      "seconds" : 60
    },{
      "dateTime" : "2018-06-26T06:09:30.000",
      "level" : "asleep",
      "seconds" : 2280
    }]
  }
},{
  "logId" : 18659731603,
  "dateOfSleep" : "2018-06-25",
  "startTime" : "2018-06-25T01:00:00.000",
  "endTime" : "2018-06-25T06:33:30.000",
  "duration" : 19980000,
  "minutesToFallAsleep" : 0,
  "minutesAsleep" : 311,
  "minutesAwake" : 22,
  "minutesAfterWakeup" : 0,
  "timeInBed" : 333,
  "efficiency" : 93,
  "type" : "classic",
  "infoCode" : 0,
  "levels" : {
    "summary" : {
      "restless" : {
        "count" : 12,
        "minutes" : 22
      },
      "awake" : {
        "count" : 0,
        "minutes" : 0
      },
      "asleep" : {
        "count" : 0,
        "minutes" : 311
      }
    },
    "data" : [{
      "dateTime" : "2018-06-25T01:00:00.000",
      "level" : "asleep",
      "seconds" : 60
    },{
      "dateTime" : "2018-06-25T01:01:00.000",
      "level" : "restless",
      "seconds" : 240
    },{
      "dateTime" : "2018-06-25T01:05:00.000",
      "level" : "asleep",
      "seconds" : 60
    },{
      "dateTime" : "2018-06-25T01:06:00.000",
      "level" : "restless",
      "seconds" : 120
    },{
      "dateTime" : "2018-06-25T01:08:00.000",
      "level" : "asleep",
      "seconds" : 3780
    },{
      "dateTime" : "2018-06-25T02:11:00.000",
      "level" : "restless",
      "seconds" : 60
    },{
      "dateTime" : "2018-06-25T02:12:00.000",
      "level" : "asleep",
      "seconds" : 480
    },{
      "dateTime" : "2018-06-25T02:20:00.000",
      "level" : "restless",
      "seconds" : 60
    },{
      "dateTime" : "2018-06-25T02:21:00.000",
      "level" : "asleep",
      "seconds" : 4500
    },{
      "dateTime" : "2018-06-25T03:36:00.000",
      "level" : "restless",
      "seconds" : 60
    },{
      "dateTime" : "2018-06-25T03:37:00.000",
      "level" : "asleep",
      "seconds" : 240
    },{
      "dateTime" : "2018-06-25T03:41:00.000",
      "level" : "restless",
      "seconds" : 300
    },{
      "dateTime" : "2018-06-25T03:46:00.000",
      "level" : "asleep",
      "seconds" : 840
    },{
      "dateTime" : "2018-06-25T04:00:00.000",
      "level" : "restless",
      "seconds" : 180
    },{
      "dateTime" : "2018-06-25T04:03:00.000",
      "level" : "asleep",
      "seconds" : 60
    },{
      "dateTime" : "2018-06-25T04:04:00.000",
      "level" : "restless",
      "seconds" : 60
    },{
      "dateTime" : "2018-06-25T04:05:00.000",
      "level" : "asleep",
      "seconds" : 300
    },{
      "dateTime" : "2018-06-25T04:10:00.000",
      "level" : "restless",
      "seconds" : 60
    },{
      "dateTime" : "2018-06-25T04:11:00.000",
      "level" : "asleep",
      "seconds" : 1740
    },{
      "dateTime" : "2018-06-25T04:40:00.000",
      "level" : "restless",
      "seconds" : 60
    },{
      "dateTime" : "2018-06-25T04:41:00.000",
      "level" : "asleep",
      "seconds" : 2280
    },{
      "dateTime" : "2018-06-25T05:19:00.000",
      "level" : "restless",
      "seconds" : 60
    },{
      "dateTime" : "2018-06-25T05:20:00.000",
      "level" : "asleep",
      "seconds" : 120
    },{
      "dateTime" : "2018-06-25T05:22:00.000",
      "level" : "restless",
      "seconds" : 60
    },{
      "dateTime" : "2018-06-25T05:23:00.000",
      "level" : "asleep",
      "seconds" : 4200
    }]
  }
},{
  "logId" : 18649521380,
  "dateOfSleep" : "2018-06-24",
  "startTime" : "2018-06-24T06:46:00.000",
  "endTime" : "2018-06-24T09:19:30.000",
  "duration" : 9180000,
  "minutesToFallAsleep" : 0,
  "minutesAsleep" : 141,
  "minutesAwake" : 12,
  "minutesAfterWakeup" : 0,
  "timeInBed" : 153,
  "efficiency" : 92,
  "type" : "classic",
  "infoCode" : 0,
  "levels" : {
    "summary" : {
      "restless" : {
        "count" : 8,
        "minutes" : 12
      },
      "awake" : {
        "count" : 0,
        "minutes" : 0
      },
      "asleep" : {
        "count" : 0,
        "minutes" : 141
      }
    },
    "data" : [{
      "dateTime" : "2018-06-24T06:46:00.000",
      "level" : "asleep",
      "seconds" : 3720
    },{
      "dateTime" : "2018-06-24T07:48:00.000",
      "level" : "restless",
      "seconds" : 120
    },{
      "dateTime" : "2018-06-24T07:50:00.000",
      "level" : "asleep",
      "seconds" : 1140
    },{
      "dateTime" : "2018-06-24T08:09:00.000",
      "level" : "restless",
      "seconds" : 60
    },{
      "dateTime" : "2018-06-24T08:10:00.000",
      "level" : "asleep",
      "seconds" : 120
    },{
      "dateTime" : "2018-06-24T08:12:00.000",
      "level" : "restless",
      "seconds" : 60
    },{
      "dateTime" : "2018-06-24T08:13:00.000",
      "level" : "asleep",
      "seconds" : 900
    },{
      "dateTime" : "2018-06-24T08:28:00.000",
      "level" : "restless",
      "seconds" : 60
    },{
      "dateTime" : "2018-06-24T08:29:00.000",
      "level" : "asleep",
      "seconds" : 60
    },{
      "dateTime" : "2018-06-24T08:30:00.000",
      "level" : "restless",
      "seconds" : 60
    },{
      "dateTime" : "2018-06-24T08:31:00.000",
      "level" : "asleep",
      "seconds" : 660
    },{
      "dateTime" : "2018-06-24T08:42:00.000",
      "level" : "restless",
      "seconds" : 120
    },{
      "dateTime" : "2018-06-24T08:44:00.000",
      "level" : "asleep",
      "seconds" : 1560
    },{
      "dateTime" : "2018-06-24T09:10:00.000",
      "level" : "restless",
      "seconds" : 180
    },{
      "dateTime" : "2018-06-24T09:13:00.000",
      "level" : "asleep",
      "seconds" : 180
    },{
      "dateTime" : "2018-06-24T09:16:00.000",
      "level" : "restless",
      "seconds" : 60
    },{
      "dateTime" : "2018-06-24T09:17:00.000",
      "level" : "asleep",
      "seconds" : 120
    }]
  }
},{
  "logId" : 18649521379,
  "dateOfSleep" : "2018-06-24",
  "startTime" : "2018-06-23T23:28:00.000",
  "endTime" : "2018-06-24T05:22:30.000",
  "duration" : 21240000,
  "minutesToFallAsleep" : 0,
  "minutesAsleep" : 325,
  "minutesAwake" : 29,
  "minutesAfterWakeup" : 0,
  "timeInBed" : 354,
  "efficiency" : 92,
  "type" : "classic",
  "infoCode" : 0,
  "levels" : {
    "summary" : {
      "restless" : {
        "count" : 12,
        "minutes" : 29
      },
      "awake" : {
        "count" : 0,
        "minutes" : 0
      },
      "asleep" : {
        "count" : 0,
        "minutes" : 325
      }
    },
    "data" : [{
      "dateTime" : "2018-06-23T23:28:00.000",
      "level" : "asleep",
      "seconds" : 8400
    },{
      "dateTime" : "2018-06-24T01:48:00.000",
      "level" : "restless",
      "seconds" : 180
    },{
      "dateTime" : "2018-06-24T01:51:00.000",
      "level" : "asleep",
      "seconds" : 2520
    },{
      "dateTime" : "2018-06-24T02:33:00.000",
      "level" : "restless",
      "seconds" : 120
    },{
      "dateTime" : "2018-06-24T02:35:00.000",
      "level" : "asleep",
      "seconds" : 5040
    },{
      "dateTime" : "2018-06-24T03:59:00.000",
      "level" : "restless",
      "seconds" : 480
    },{
      "dateTime" : "2018-06-24T04:07:00.000",
      "level" : "asleep",
      "seconds" : 120
    },{
      "dateTime" : "2018-06-24T04:09:00.000",
      "level" : "restless",
      "seconds" : 120
    },{
      "dateTime" : "2018-06-24T04:11:00.000",
      "level" : "asleep",
      "seconds" : 120
    },{
      "dateTime" : "2018-06-24T04:13:00.000",
      "level" : "restless",
      "seconds" : 60
    },{
      "dateTime" : "2018-06-24T04:14:00.000",
      "level" : "asleep",
      "seconds" : 1560
    },{
      "dateTime" : "2018-06-24T04:40:00.000",
      "level" : "restless",
      "seconds" : 60
    },{
      "dateTime" : "2018-06-24T04:41:00.000",
      "level" : "asleep",
      "seconds" : 60
    },{
      "dateTime" : "2018-06-24T04:42:00.000",
      "level" : "restless",
      "seconds" : 180
    },{
      "dateTime" : "2018-06-24T04:45:00.000",
      "level" : "asleep",
      "seconds" : 120
    },{
      "dateTime" : "2018-06-24T04:47:00.000",
      "level" : "restless",
      "seconds" : 60
    },{
      "dateTime" : "2018-06-24T04:48:00.000",
      "level" : "asleep",
      "seconds" : 480
    },{
      "dateTime" : "2018-06-24T04:56:00.000",
      "level" : "restless",
      "seconds" : 120
    },{
      "dateTime" : "2018-06-24T04:58:00.000",
      "level" : "asleep",
      "seconds" : 360
    },{
      "dateTime" : "2018-06-24T05:04:00.000",
      "level" : "restless",
      "seconds" : 60
    },{
      "dateTime" : "2018-06-24T05:05:00.000",
      "level" : "asleep",
      "seconds" : 420
    },{
      "dateTime" : "2018-06-24T05:12:00.000",
      "level" : "restless",
      "seconds" : 120
    },{
      "dateTime" : "2018-06-24T05:14:00.000",
      "level" : "asleep",
      "seconds" : 60
    },{
      "dateTime" : "2018-06-24T05:15:00.000",
      "level" : "restless",
      "seconds" : 180
    },{
      "dateTime" : "2018-06-24T05:18:00.000",
      "level" : "asleep",
      "seconds" : 240
    }]
  }
},{
  "logId" : 18649521378,
  "dateOfSleep" : "2018-06-23",
  "startTime" : "2018-06-22T23:05:30.000",
  "endTime" : "2018-06-23T07:19:30.000",
  "duration" : 29640000,
  "minutesToFallAsleep" : 0,
  "minutesAsleep" : 482,
  "minutesAwake" : 7,
  "minutesAfterWakeup" : 5,
  "timeInBed" : 494,
  "efficiency" : 99,
  "type" : "classic",
  "infoCode" : 0,
  "levels" : {
    "summary" : {
      "restless" : {
        "count" : 6,
        "minutes" : 10
      },
      "awake" : {
        "count" : 2,
        "minutes" : 2
      },
      "asleep" : {
        "count" : 0,
        "minutes" : 482
      }
    },
    "data" : [{
      "dateTime" : "2018-06-22T23:05:30.000",
      "level" : "restless",
      "seconds" : 60
    },{
      "dateTime" : "2018-06-22T23:06:30.000",
      "level" : "awake",
      "seconds" : 60
    },{
      "dateTime" : "2018-06-22T23:07:30.000",
      "level" : "restless",
      "seconds" : 60
    },{
      "dateTime" : "2018-06-22T23:08:30.000",
      "level" : "asleep",
      "seconds" : 120
    },{
      "dateTime" : "2018-06-22T23:10:30.000",
      "level" : "restless",
      "seconds" : 120
    },{
      "dateTime" : "2018-06-22T23:12:30.000",
      "level" : "asleep",
      "seconds" : 24120
    },{
      "dateTime" : "2018-06-23T05:54:30.000",
      "level" : "restless",
      "seconds" : 60
    },{
      "dateTime" : "2018-06-23T05:55:30.000",
      "level" : "asleep",
      "seconds" : 180
    },{
      "dateTime" : "2018-06-23T05:58:30.000",
      "level" : "restless",
      "seconds" : 60
    },{
      "dateTime" : "2018-06-23T05:59:30.000",
      "level" : "asleep",
      "seconds" : 4500
    },{
      "dateTime" : "2018-06-23T07:14:30.000",
      "level" : "restless",
      "seconds" : 240
    },{
      "dateTime" : "2018-06-23T07:18:30.000",
      "level" : "awake",
      "seconds" : 60
    }]
  }
},{
  "logId" : 18628992296,
  "dateOfSleep" : "2018-06-22",
  "startTime" : "2018-06-22T00:56:30.000",
  "endTime" : "2018-06-22T06:49:30.000",
  "duration" : 21180000,
  "minutesToFallAsleep" : 0,
  "minutesAsleep" : 340,
  "minutesAwake" : 13,
  "minutesAfterWakeup" : 0,
  "timeInBed" : 353,
  "efficiency" : 96,
  "type" : "classic",
  "infoCode" : 0,
  "levels" : {
    "summary" : {
      "restless" : {
        "count" : 7,
        "minutes" : 13
      },
      "awake" : {
        "count" : 0,
        "minutes" : 0
      },
      "asleep" : {
        "count" : 0,
        "minutes" : 340
      }
    },
    "data" : [{
      "dateTime" : "2018-06-22T00:56:30.000",
      "level" : "asleep",
      "seconds" : 8760
    },{
      "dateTime" : "2018-06-22T03:22:30.000",
      "level" : "restless",
      "seconds" : 120
    },{
      "dateTime" : "2018-06-22T03:24:30.000",
      "level" : "asleep",
      "seconds" : 1620
    },{
      "dateTime" : "2018-06-22T03:51:30.000",
      "level" : "restless",
      "seconds" : 120
    },{
      "dateTime" : "2018-06-22T03:53:30.000",
      "level" : "asleep",
      "seconds" : 120
    },{
      "dateTime" : "2018-06-22T03:55:30.000",
      "level" : "restless",
      "seconds" : 60
    },{
      "dateTime" : "2018-06-22T03:56:30.000",
      "level" : "asleep",
      "seconds" : 1380
    },{
      "dateTime" : "2018-06-22T04:19:30.000",
      "level" : "restless",
      "seconds" : 60
    },{
      "dateTime" : "2018-06-22T04:20:30.000",
      "level" : "asleep",
      "seconds" : 600
    },{
      "dateTime" : "2018-06-22T04:30:30.000",
      "level" : "restless",
      "seconds" : 180
    },{
      "dateTime" : "2018-06-22T04:33:30.000",
      "level" : "asleep",
      "seconds" : 60
    },{
      "dateTime" : "2018-06-22T04:34:30.000",
      "level" : "restless",
      "seconds" : 120
    },{
      "dateTime" : "2018-06-22T04:36:30.000",
      "level" : "asleep",
      "seconds" : 7200
    },{
      "dateTime" : "2018-06-22T06:36:30.000",
      "level" : "restless",
      "seconds" : 120
    },{
      "dateTime" : "2018-06-22T06:38:30.000",
      "level" : "asleep",
      "seconds" : 660
    }]
  }
},{
  "logId" : 18622153141,
  "dateOfSleep" : "2018-06-21",
  "startTime" : "2018-06-21T13:59:30.000",
  "endTime" : "2018-06-21T16:22:00.000",
  "duration" : 8520000,
  "minutesToFallAsleep" : 0,
  "minutesAsleep" : 126,
  "minutesAwake" : 16,
  "minutesAfterWakeup" : 0,
  "timeInBed" : 142,
  "efficiency" : 89,
  "type" : "classic",
  "infoCode" : 0,
  "levels" : {
    "summary" : {
      "restless" : {
        "count" : 5,
        "minutes" : 15
      },
      "awake" : {
        "count" : 1,
        "minutes" : 1
      },
      "asleep" : {
        "count" : 0,
        "minutes" : 126
      }
    },
    "data" : [{
      "dateTime" : "2018-06-21T13:59:30.000",
      "level" : "asleep",
      "seconds" : 6540
    },{
      "dateTime" : "2018-06-21T15:48:30.000",
      "level" : "restless",
      "seconds" : 240
    },{
      "dateTime" : "2018-06-21T15:52:30.000",
      "level" : "asleep",
      "seconds" : 120
    },{
      "dateTime" : "2018-06-21T15:54:30.000",
      "level" : "restless",
      "seconds" : 360
    },{
      "dateTime" : "2018-06-21T16:00:30.000",
      "level" : "asleep",
      "seconds" : 120
    },{
      "dateTime" : "2018-06-21T16:02:30.000",
      "level" : "restless",
      "seconds" : 180
    },{
      "dateTime" : "2018-06-21T16:05:30.000",
      "level" : "asleep",
      "seconds" : 480
    },{
      "dateTime" : "2018-06-21T16:13:30.000",
      "level" : "restless",
      "seconds" : 60
    },{
      "dateTime" : "2018-06-21T16:14:30.000",
      "level" : "awake",
      "seconds" : 60
    },{
      "dateTime" : "2018-06-21T16:15:30.000",
      "level" : "restless",
      "seconds" : 60
    },{
      "dateTime" : "2018-06-21T16:16:30.000",
      "level" : "asleep",
      "seconds" : 300
    }]
  }
},{
  "logId" : 18607589907,
  "dateOfSleep" : "2018-06-20",
  "startTime" : "2018-06-20T00:21:30.000",
  "endTime" : "2018-06-20T06:36:30.000",
  "duration" : 22500000,
  "minutesToFallAsleep" : 0,
  "minutesAsleep" : 354,
  "minutesAwake" : 21,
  "minutesAfterWakeup" : 0,
  "timeInBed" : 375,
  "efficiency" : 94,
  "type" : "classic",
  "infoCode" : 0,
  "levels" : {
    "summary" : {
      "restless" : {
        "count" : 9,
        "minutes" : 21
      },
      "awake" : {
        "count" : 0,
        "minutes" : 0
      },
      "asleep" : {
        "count" : 0,
        "minutes" : 354
      }
    },
    "data" : [{
      "dateTime" : "2018-06-20T00:21:30.000",
      "level" : "restless",
      "seconds" : 120
    },{
      "dateTime" : "2018-06-20T00:23:30.000",
      "level" : "asleep",
      "seconds" : 3180
    },{
      "dateTime" : "2018-06-20T01:16:30.000",
      "level" : "restless",
      "seconds" : 60
    },{
      "dateTime" : "2018-06-20T01:17:30.000",
      "level" : "asleep",
      "seconds" : 5100
    },{
      "dateTime" : "2018-06-20T02:42:30.000",
      "level" : "restless",
      "seconds" : 180
    },{
      "dateTime" : "2018-06-20T02:45:30.000",
      "level" : "asleep",
      "seconds" : 240
    },{
      "dateTime" : "2018-06-20T02:49:30.000",
      "level" : "restless",
      "seconds" : 60
    },{
      "dateTime" : "2018-06-20T02:50:30.000",
      "level" : "asleep",
      "seconds" : 1200
    },{
      "dateTime" : "2018-06-20T03:10:30.000",
      "level" : "restless",
      "seconds" : 180
    },{
      "dateTime" : "2018-06-20T03:13:30.000",
      "level" : "asleep",
      "seconds" : 180
    },{
      "dateTime" : "2018-06-20T03:16:30.000",
      "level" : "restless",
      "seconds" : 60
    },{
      "dateTime" : "2018-06-20T03:17:30.000",
      "level" : "asleep",
      "seconds" : 9060
    },{
      "dateTime" : "2018-06-20T05:48:30.000",
      "level" : "restless",
      "seconds" : 60
    },{
      "dateTime" : "2018-06-20T05:49:30.000",
      "level" : "asleep",
      "seconds" : 1440
    },{
      "dateTime" : "2018-06-20T06:13:30.000",
      "level" : "restless",
      "seconds" : 120
    },{
      "dateTime" : "2018-06-20T06:15:30.000",
      "level" : "asleep",
      "seconds" : 780
    },{
      "dateTime" : "2018-06-20T06:28:30.000",
      "level" : "restless",
      "seconds" : 420
    },{
      "dateTime" : "2018-06-20T06:35:30.000",
      "level" : "asleep",
      "seconds" : 60
    }]
  }
},{
  "logId" : 18600898809,
  "dateOfSleep" : "2018-06-19",
  "startTime" : "2018-06-19T00:08:00.000",
  "endTime" : "2018-06-19T06:48:30.000",
  "duration" : 24000000,
  "minutesToFallAsleep" : 0,
  "minutesAsleep" : 379,
  "minutesAwake" : 21,
  "minutesAfterWakeup" : 0,
  "timeInBed" : 400,
  "efficiency" : 95,
  "type" : "classic",
  "infoCode" : 0,
  "levels" : {
    "summary" : {
      "restless" : {
        "count" : 12,
        "minutes" : 21
      },
      "awake" : {
        "count" : 0,
        "minutes" : 0
      },
      "asleep" : {
        "count" : 0,
        "minutes" : 379
      }
    },
    "data" : [{
      "dateTime" : "2018-06-19T00:08:00.000",
      "level" : "asleep",
      "seconds" : 2880
    },{
      "dateTime" : "2018-06-19T00:56:00.000",
      "level" : "restless",
      "seconds" : 60
    },{
      "dateTime" : "2018-06-19T00:57:00.000",
      "level" : "asleep",
      "seconds" : 3300
    },{
      "dateTime" : "2018-06-19T01:52:00.000",
      "level" : "restless",
      "seconds" : 300
    },{
      "dateTime" : "2018-06-19T01:57:00.000",
      "level" : "asleep",
      "seconds" : 5700
    },{
      "dateTime" : "2018-06-19T03:32:00.000",
      "level" : "restless",
      "seconds" : 120
    },{
      "dateTime" : "2018-06-19T03:34:00.000",
      "level" : "asleep",
      "seconds" : 360
    },{
      "dateTime" : "2018-06-19T03:40:00.000",
      "level" : "restless",
      "seconds" : 60
    },{
      "dateTime" : "2018-06-19T03:41:00.000",
      "level" : "asleep",
      "seconds" : 180
    },{
      "dateTime" : "2018-06-19T03:44:00.000",
      "level" : "restless",
      "seconds" : 60
    },{
      "dateTime" : "2018-06-19T03:45:00.000",
      "level" : "asleep",
      "seconds" : 2400
    },{
      "dateTime" : "2018-06-19T04:25:00.000",
      "level" : "restless",
      "seconds" : 60
    },{
      "dateTime" : "2018-06-19T04:26:00.000",
      "level" : "asleep",
      "seconds" : 300
    },{
      "dateTime" : "2018-06-19T04:31:00.000",
      "level" : "restless",
      "seconds" : 60
    },{
      "dateTime" : "2018-06-19T04:32:00.000",
      "level" : "asleep",
      "seconds" : 1680
    },{
      "dateTime" : "2018-06-19T05:00:00.000",
      "level" : "restless",
      "seconds" : 60
    },{
      "dateTime" : "2018-06-19T05:01:00.000",
      "level" : "asleep",
      "seconds" : 1680
    },{
      "dateTime" : "2018-06-19T05:29:00.000",
      "level" : "restless",
      "seconds" : 60
    },{
      "dateTime" : "2018-06-19T05:30:00.000",
      "level" : "asleep",
      "seconds" : 3060
    },{
      "dateTime" : "2018-06-19T06:21:00.000",
      "level" : "restless",
      "seconds" : 300
    },{
      "dateTime" : "2018-06-19T06:26:00.000",
      "level" : "asleep",
      "seconds" : 60
    },{
      "dateTime" : "2018-06-19T06:27:00.000",
      "level" : "restless",
      "seconds" : 60
    },{
      "dateTime" : "2018-06-19T06:28:00.000",
      "level" : "asleep",
      "seconds" : 360
    },{
      "dateTime" : "2018-06-19T06:34:00.000",
      "level" : "restless",
      "seconds" : 60
    },{
      "dateTime" : "2018-06-19T06:35:00.000",
      "level" : "asleep",
      "seconds" : 780
    }]
  }
},{
  "logId" : 18583332686,
  "dateOfSleep" : "2018-06-18",
  "startTime" : "2018-06-17T22:56:30.000",
  "endTime" : "2018-06-18T06:48:30.000",
  "duration" : 28320000,
  "minutesToFallAsleep" : 0,
  "minutesAsleep" : 436,
  "minutesAwake" : 36,
  "minutesAfterWakeup" : 0,
  "timeInBed" : 472,
  "efficiency" : 92,
  "type" : "classic",
  "infoCode" : 0,
  "levels" : {
    "summary" : {
      "restless" : {
        "count" : 20,
        "minutes" : 36
      },
      "awake" : {
        "count" : 0,
        "minutes" : 0
      },
      "asleep" : {
        "count" : 0,
        "minutes" : 436
      }
    },
    "data" : [{
      "dateTime" : "2018-06-17T22:56:30.000",
      "level" : "asleep",
      "seconds" : 480
    },{
      "dateTime" : "2018-06-17T23:04:30.000",
      "level" : "restless",
      "seconds" : 120
    },{
      "dateTime" : "2018-06-17T23:06:30.000",
      "level" : "asleep",
      "seconds" : 2160
    },{
      "dateTime" : "2018-06-17T23:42:30.000",
      "level" : "restless",
      "seconds" : 120
    },{
      "dateTime" : "2018-06-17T23:44:30.000",
      "level" : "asleep",
      "seconds" : 120
    },{
      "dateTime" : "2018-06-17T23:46:30.000",
      "level" : "restless",
      "seconds" : 60
    },{
      "dateTime" : "2018-06-17T23:47:30.000",
      "level" : "asleep",
      "seconds" : 600
    },{
      "dateTime" : "2018-06-17T23:57:30.000",
      "level" : "restless",
      "seconds" : 60
    },{
      "dateTime" : "2018-06-17T23:58:30.000",
      "level" : "asleep",
      "seconds" : 60
    },{
      "dateTime" : "2018-06-17T23:59:30.000",
      "level" : "restless",
      "seconds" : 60
    },{
      "dateTime" : "2018-06-18T00:00:30.000",
      "level" : "asleep",
      "seconds" : 1860
    },{
      "dateTime" : "2018-06-18T00:31:30.000",
      "level" : "restless",
      "seconds" : 300
    },{
      "dateTime" : "2018-06-18T00:36:30.000",
      "level" : "asleep",
      "seconds" : 8100
    },{
      "dateTime" : "2018-06-18T02:51:30.000",
      "level" : "restless",
      "seconds" : 120
    },{
      "dateTime" : "2018-06-18T02:53:30.000",
      "level" : "asleep",
      "seconds" : 1500
    },{
      "dateTime" : "2018-06-18T03:18:30.000",
      "level" : "restless",
      "seconds" : 120
    },{
      "dateTime" : "2018-06-18T03:20:30.000",
      "level" : "asleep",
      "seconds" : 120
    },{
      "dateTime" : "2018-06-18T03:22:30.000",
      "level" : "restless",
      "seconds" : 60
    },{
      "dateTime" : "2018-06-18T03:23:30.000",
      "level" : "asleep",
      "seconds" : 5580
    },{
      "dateTime" : "2018-06-18T04:56:30.000",
      "level" : "restless",
      "seconds" : 60
    },{
      "dateTime" : "2018-06-18T04:57:30.000",
      "level" : "asleep",
      "seconds" : 1020
    },{
      "dateTime" : "2018-06-18T05:14:30.000",
      "level" : "restless",
      "seconds" : 60
    },{
      "dateTime" : "2018-06-18T05:15:30.000",
      "level" : "asleep",
      "seconds" : 600
    },{
      "dateTime" : "2018-06-18T05:25:30.000",
      "level" : "restless",
      "seconds" : 60
    },{
      "dateTime" : "2018-06-18T05:26:30.000",
      "level" : "asleep",
      "seconds" : 180
    },{
      "dateTime" : "2018-06-18T05:29:30.000",
      "level" : "restless",
      "seconds" : 60
    },{
      "dateTime" : "2018-06-18T05:30:30.000",
      "level" : "asleep",
      "seconds" : 120
    },{
      "dateTime" : "2018-06-18T05:32:30.000",
      "level" : "restless",
      "seconds" : 60
    },{
      "dateTime" : "2018-06-18T05:33:30.000",
      "level" : "asleep",
      "seconds" : 600
    },{
      "dateTime" : "2018-06-18T05:43:30.000",
      "level" : "restless",
      "seconds" : 60
    },{
      "dateTime" : "2018-06-18T05:44:30.000",
      "level" : "asleep",
      "seconds" : 120
    },{
      "dateTime" : "2018-06-18T05:46:30.000",
      "level" : "restless",
      "seconds" : 60
    },{
      "dateTime" : "2018-06-18T05:47:30.000",
      "level" : "asleep",
      "seconds" : 1020
    },{
      "dateTime" : "2018-06-18T06:04:30.000",
      "level" : "restless",
      "seconds" : 180
    },{
      "dateTime" : "2018-06-18T06:07:30.000",
      "level" : "asleep",
      "seconds" : 900
    },{
      "dateTime" : "2018-06-18T06:22:30.000",
      "level" : "restless",
      "seconds" : 120
    },{
      "dateTime" : "2018-06-18T06:24:30.000",
      "level" : "asleep",
      "seconds" : 120
    },{
      "dateTime" : "2018-06-18T06:26:30.000",
      "level" : "restless",
      "seconds" : 120
    },{
      "dateTime" : "2018-06-18T06:28:30.000",
      "level" : "asleep",
      "seconds" : 600
    },{
      "dateTime" : "2018-06-18T06:38:30.000",
      "level" : "restless",
      "seconds" : 300
    },{
      "dateTime" : "2018-06-18T06:43:30.000",
      "level" : "asleep",
      "seconds" : 300
    }]
  }
},{
  "logId" : 18566421424,
  "dateOfSleep" : "2018-06-16",
  "startTime" : "2018-06-16T03:21:00.000",
  "endTime" : "2018-06-16T08:04:00.000",
  "duration" : 16980000,
  "minutesToFallAsleep" : 0,
  "minutesAsleep" : 276,
  "minutesAwake" : 7,
  "minutesAfterWakeup" : 0,
  "timeInBed" : 283,
  "efficiency" : 98,
  "type" : "classic",
  "infoCode" : 0,
  "levels" : {
    "summary" : {
      "restless" : {
        "count" : 3,
        "minutes" : 5
      },
      "awake" : {
        "count" : 1,
        "minutes" : 2
      },
      "asleep" : {
        "count" : 0,
        "minutes" : 276
      }
    },
    "data" : [{
      "dateTime" : "2018-06-16T03:21:00.000",
      "level" : "awake",
      "seconds" : 120
    },{
      "dateTime" : "2018-06-16T03:23:00.000",
      "level" : "restless",
      "seconds" : 60
    },{
      "dateTime" : "2018-06-16T03:24:00.000",
      "level" : "asleep",
      "seconds" : 14880
    },{
      "dateTime" : "2018-06-16T07:32:00.000",
      "level" : "restless",
      "seconds" : 180
    },{
      "dateTime" : "2018-06-16T07:35:00.000",
      "level" : "asleep",
      "seconds" : 60
    },{
      "dateTime" : "2018-06-16T07:36:00.000",
      "level" : "restless",
      "seconds" : 60
    },{
      "dateTime" : "2018-06-16T07:37:00.000",
      "level" : "asleep",
      "seconds" : 1620
    }]
  }
},{
  "logId" : 18552966923,
  "dateOfSleep" : "2018-06-15",
  "startTime" : "2018-06-14T23:00:30.000",
  "endTime" : "2018-06-15T06:49:00.000",
  "duration" : 28080000,
  "minutesToFallAsleep" : 0,
  "minutesAsleep" : 448,
  "minutesAwake" : 20,
  "minutesAfterWakeup" : 0,
  "timeInBed" : 468,
  "efficiency" : 96,
  "type" : "classic",
  "infoCode" : 0,
  "levels" : {
    "summary" : {
      "restless" : {
        "count" : 13,
        "minutes" : 20
      },
      "awake" : {
        "count" : 0,
        "minutes" : 0
      },
      "asleep" : {
        "count" : 0,
        "minutes" : 448
      }
    },
    "data" : [{
      "dateTime" : "2018-06-14T23:00:30.000",
      "level" : "restless",
      "seconds" : 180
    },{
      "dateTime" : "2018-06-14T23:03:30.000",
      "level" : "asleep",
      "seconds" : 60
    },{
      "dateTime" : "2018-06-14T23:04:30.000",
      "level" : "restless",
      "seconds" : 60
    },{
      "dateTime" : "2018-06-14T23:05:30.000",
      "level" : "asleep",
      "seconds" : 7620
    },{
      "dateTime" : "2018-06-15T01:12:30.000",
      "level" : "restless",
      "seconds" : 60
    },{
      "dateTime" : "2018-06-15T01:13:30.000",
      "level" : "asleep",
      "seconds" : 180
    },{
      "dateTime" : "2018-06-15T01:16:30.000",
      "level" : "restless",
      "seconds" : 60
    },{
      "dateTime" : "2018-06-15T01:17:30.000",
      "level" : "asleep",
      "seconds" : 7860
    },{
      "dateTime" : "2018-06-15T03:28:30.000",
      "level" : "restless",
      "seconds" : 60
    },{
      "dateTime" : "2018-06-15T03:29:30.000",
      "level" : "asleep",
      "seconds" : 120
    },{
      "dateTime" : "2018-06-15T03:31:30.000",
      "level" : "restless",
      "seconds" : 120
    },{
      "dateTime" : "2018-06-15T03:33:30.000",
      "level" : "asleep",
      "seconds" : 900
    },{
      "dateTime" : "2018-06-15T03:48:30.000",
      "level" : "restless",
      "seconds" : 180
    },{
      "dateTime" : "2018-06-15T03:51:30.000",
      "level" : "asleep",
      "seconds" : 60
    },{
      "dateTime" : "2018-06-15T03:52:30.000",
      "level" : "restless",
      "seconds" : 60
    },{
      "dateTime" : "2018-06-15T03:53:30.000",
      "level" : "asleep",
      "seconds" : 420
    },{
      "dateTime" : "2018-06-15T04:00:30.000",
      "level" : "restless",
      "seconds" : 120
    },{
      "dateTime" : "2018-06-15T04:02:30.000",
      "level" : "asleep",
      "seconds" : 2760
    },{
      "dateTime" : "2018-06-15T04:48:30.000",
      "level" : "restless",
      "seconds" : 60
    },{
      "dateTime" : "2018-06-15T04:49:30.000",
      "level" : "asleep",
      "seconds" : 2400
    },{
      "dateTime" : "2018-06-15T05:29:30.000",
      "level" : "restless",
      "seconds" : 60
    },{
      "dateTime" : "2018-06-15T05:30:30.000",
      "level" : "asleep",
      "seconds" : 3660
    },{
      "dateTime" : "2018-06-15T06:31:30.000",
      "level" : "restless",
      "seconds" : 120
    },{
      "dateTime" : "2018-06-15T06:33:30.000",
      "level" : "asleep",
      "seconds" : 120
    },{
      "dateTime" : "2018-06-15T06:35:30.000",
      "level" : "restless",
      "seconds" : 60
    },{
      "dateTime" : "2018-06-15T06:36:30.000",
      "level" : "asleep",
      "seconds" : 720
    }]
  }
},{
  "logId" : 18543226480,
  "dateOfSleep" : "2018-06-14",
  "startTime" : "2018-06-13T22:49:30.000",
  "endTime" : "2018-06-14T06:48:00.000",
  "duration" : 28680000,
  "minutesToFallAsleep" : 0,
  "minutesAsleep" : 444,
  "minutesAwake" : 34,
  "minutesAfterWakeup" : 0,
  "timeInBed" : 478,
  "efficiency" : 93,
  "type" : "classic",
  "infoCode" : 0,
  "levels" : {
    "summary" : {
      "restless" : {
        "count" : 16,
        "minutes" : 32
      },
      "awake" : {
        "count" : 1,
        "minutes" : 2
      },
      "asleep" : {
        "count" : 0,
        "minutes" : 444
      }
    },
    "data" : [{
      "dateTime" : "2018-06-13T22:49:30.000",
      "level" : "restless",
      "seconds" : 120
    },{
      "dateTime" : "2018-06-13T22:51:30.000",
      "level" : "awake",
      "seconds" : 120
    },{
      "dateTime" : "2018-06-13T22:53:30.000",
      "level" : "restless",
      "seconds" : 60
    },{
      "dateTime" : "2018-06-13T22:54:30.000",
      "level" : "asleep",
      "seconds" : 8460
    },{
      "dateTime" : "2018-06-14T01:15:30.000",
      "level" : "restless",
      "seconds" : 60
    },{
      "dateTime" : "2018-06-14T01:16:30.000",
      "level" : "asleep",
      "seconds" : 3060
    },{
      "dateTime" : "2018-06-14T02:07:30.000",
      "level" : "restless",
      "seconds" : 120
    },{
      "dateTime" : "2018-06-14T02:09:30.000",
      "level" : "asleep",
      "seconds" : 3420
    },{
      "dateTime" : "2018-06-14T03:06:30.000",
      "level" : "restless",
      "seconds" : 420
    },{
      "dateTime" : "2018-06-14T03:13:30.000",
      "level" : "asleep",
      "seconds" : 540
    },{
      "dateTime" : "2018-06-14T03:22:30.000",
      "level" : "restless",
      "seconds" : 120
    },{
      "dateTime" : "2018-06-14T03:24:30.000",
      "level" : "asleep",
      "seconds" : 600
    },{
      "dateTime" : "2018-06-14T03:34:30.000",
      "level" : "restless",
      "seconds" : 60
    },{
      "dateTime" : "2018-06-14T03:35:30.000",
      "level" : "asleep",
      "seconds" : 1260
    },{
      "dateTime" : "2018-06-14T03:56:30.000",
      "level" : "restless",
      "seconds" : 120
    },{
      "dateTime" : "2018-06-14T03:58:30.000",
      "level" : "asleep",
      "seconds" : 60
    },{
      "dateTime" : "2018-06-14T03:59:30.000",
      "level" : "restless",
      "seconds" : 180
    },{
      "dateTime" : "2018-06-14T04:02:30.000",
      "level" : "asleep",
      "seconds" : 660
    },{
      "dateTime" : "2018-06-14T04:13:30.000",
      "level" : "restless",
      "seconds" : 120
    },{
      "dateTime" : "2018-06-14T04:15:30.000",
      "level" : "asleep",
      "seconds" : 840
    },{
      "dateTime" : "2018-06-14T04:29:30.000",
      "level" : "restless",
      "seconds" : 60
    },{
      "dateTime" : "2018-06-14T04:30:30.000",
      "level" : "asleep",
      "seconds" : 2580
    },{
      "dateTime" : "2018-06-14T05:13:30.000",
      "level" : "restless",
      "seconds" : 180
    },{
      "dateTime" : "2018-06-14T05:16:30.000",
      "level" : "asleep",
      "seconds" : 180
    },{
      "dateTime" : "2018-06-14T05:19:30.000",
      "level" : "restless",
      "seconds" : 60
    },{
      "dateTime" : "2018-06-14T05:20:30.000",
      "level" : "asleep",
      "seconds" : 3240
    },{
      "dateTime" : "2018-06-14T06:14:30.000",
      "level" : "restless",
      "seconds" : 60
    },{
      "dateTime" : "2018-06-14T06:15:30.000",
      "level" : "asleep",
      "seconds" : 120
    },{
      "dateTime" : "2018-06-14T06:17:30.000",
      "level" : "restless",
      "seconds" : 60
    },{
      "dateTime" : "2018-06-14T06:18:30.000",
      "level" : "asleep",
      "seconds" : 60
    },{
      "dateTime" : "2018-06-14T06:19:30.000",
      "level" : "restless",
      "seconds" : 120
    },{
      "dateTime" : "2018-06-14T06:21:30.000",
      "level" : "asleep",
      "seconds" : 1560
    }]
  }
},{
  "logId" : 18530800795,
  "dateOfSleep" : "2018-06-13",
  "startTime" : "2018-06-12T23:00:30.000",
  "endTime" : "2018-06-13T06:48:30.000",
  "duration" : 28080000,
  "minutesToFallAsleep" : 0,
  "minutesAsleep" : 443,
  "minutesAwake" : 25,
  "minutesAfterWakeup" : 0,
  "timeInBed" : 468,
  "efficiency" : 95,
  "type" : "classic",
  "infoCode" : 0,
  "levels" : {
    "summary" : {
      "restless" : {
        "count" : 13,
        "minutes" : 25
      },
      "awake" : {
        "count" : 0,
        "minutes" : 0
      },
      "asleep" : {
        "count" : 0,
        "minutes" : 443
      }
    },
    "data" : [{
      "dateTime" : "2018-06-12T23:00:30.000",
      "level" : "restless",
      "seconds" : 60
    },{
      "dateTime" : "2018-06-12T23:01:30.000",
      "level" : "asleep",
      "seconds" : 3600
    },{
      "dateTime" : "2018-06-13T00:01:30.000",
      "level" : "restless",
      "seconds" : 120
    },{
      "dateTime" : "2018-06-13T00:03:30.000",
      "level" : "asleep",
      "seconds" : 120
    },{
      "dateTime" : "2018-06-13T00:05:30.000",
      "level" : "restless",
      "seconds" : 180
    },{
      "dateTime" : "2018-06-13T00:08:30.000",
      "level" : "asleep",
      "seconds" : 420
    },{
      "dateTime" : "2018-06-13T00:15:30.000",
      "level" : "restless",
      "seconds" : 60
    },{
      "dateTime" : "2018-06-13T00:16:30.000",
      "level" : "asleep",
      "seconds" : 960
    },{
      "dateTime" : "2018-06-13T00:32:30.000",
      "level" : "restless",
      "seconds" : 60
    },{
      "dateTime" : "2018-06-13T00:33:30.000",
      "level" : "asleep",
      "seconds" : 8040
    },{
      "dateTime" : "2018-06-13T02:47:30.000",
      "level" : "restless",
      "seconds" : 300
    },{
      "dateTime" : "2018-06-13T02:52:30.000",
      "level" : "asleep",
      "seconds" : 60
    },{
      "dateTime" : "2018-06-13T02:53:30.000",
      "level" : "restless",
      "seconds" : 60
    },{
      "dateTime" : "2018-06-13T02:54:30.000",
      "level" : "asleep",
      "seconds" : 3600
    },{
      "dateTime" : "2018-06-13T03:54:30.000",
      "level" : "restless",
      "seconds" : 120
    },{
      "dateTime" : "2018-06-13T03:56:30.000",
      "level" : "asleep",
      "seconds" : 720
    },{
      "dateTime" : "2018-06-13T04:08:30.000",
      "level" : "restless",
      "seconds" : 180
    },{
      "dateTime" : "2018-06-13T04:11:30.000",
      "level" : "asleep",
      "seconds" : 60
    },{
      "dateTime" : "2018-06-13T04:12:30.000",
      "level" : "restless",
      "seconds" : 60
    },{
      "dateTime" : "2018-06-13T04:13:30.000",
      "level" : "asleep",
      "seconds" : 1020
    },{
      "dateTime" : "2018-06-13T04:30:30.000",
      "level" : "restless",
      "seconds" : 60
    },{
      "dateTime" : "2018-06-13T04:31:30.000",
      "level" : "asleep",
      "seconds" : 6780
    },{
      "dateTime" : "2018-06-13T06:24:30.000",
      "level" : "restless",
      "seconds" : 180
    },{
      "dateTime" : "2018-06-13T06:27:30.000",
      "level" : "asleep",
      "seconds" : 60
    },{
      "dateTime" : "2018-06-13T06:28:30.000",
      "level" : "restless",
      "seconds" : 60
    },{
      "dateTime" : "2018-06-13T06:29:30.000",
      "level" : "asleep",
      "seconds" : 1140
    }]
  }
},{
  "logId" : 18519760734,
  "dateOfSleep" : "2018-06-12",
  "startTime" : "2018-06-11T23:00:00.000",
  "endTime" : "2018-06-12T06:48:30.000",
  "duration" : 28080000,
  "minutesToFallAsleep" : 0,
  "minutesAsleep" : 455,
  "minutesAwake" : 13,
  "minutesAfterWakeup" : 0,
  "timeInBed" : 468,
  "efficiency" : 97,
  "type" : "classic",
  "infoCode" : 0,
  "levels" : {
    "summary" : {
      "restless" : {
        "count" : 10,
        "minutes" : 13
      },
      "awake" : {
        "count" : 0,
        "minutes" : 0
      },
      "asleep" : {
        "count" : 0,
        "minutes" : 455
      }
    },
    "data" : [{
      "dateTime" : "2018-06-11T23:00:00.000",
      "level" : "asleep",
      "seconds" : 780
    },{
      "dateTime" : "2018-06-11T23:13:00.000",
      "level" : "restless",
      "seconds" : 60
    },{
      "dateTime" : "2018-06-11T23:14:00.000",
      "level" : "asleep",
      "seconds" : 2940
    },{
      "dateTime" : "2018-06-12T00:03:00.000",
      "level" : "restless",
      "seconds" : 60
    },{
      "dateTime" : "2018-06-12T00:04:00.000",
      "level" : "asleep",
      "seconds" : 3660
    },{
      "dateTime" : "2018-06-12T01:05:00.000",
      "level" : "restless",
      "seconds" : 120
    },{
      "dateTime" : "2018-06-12T01:07:00.000",
      "level" : "asleep",
      "seconds" : 900
    },{
      "dateTime" : "2018-06-12T01:22:00.000",
      "level" : "restless",
      "seconds" : 60
    },{
      "dateTime" : "2018-06-12T01:23:00.000",
      "level" : "asleep",
      "seconds" : 6180
    },{
      "dateTime" : "2018-06-12T03:06:00.000",
      "level" : "restless",
      "seconds" : 60
    },{
      "dateTime" : "2018-06-12T03:07:00.000",
      "level" : "asleep",
      "seconds" : 1440
    },{
      "dateTime" : "2018-06-12T03:31:00.000",
      "level" : "restless",
      "seconds" : 60
    },{
      "dateTime" : "2018-06-12T03:32:00.000",
      "level" : "asleep",
      "seconds" : 1020
    },{
      "dateTime" : "2018-06-12T03:49:00.000",
      "level" : "restless",
      "seconds" : 60
    },{
      "dateTime" : "2018-06-12T03:50:00.000",
      "level" : "asleep",
      "seconds" : 4980
    },{
      "dateTime" : "2018-06-12T05:13:00.000",
      "level" : "restless",
      "seconds" : 60
    },{
      "dateTime" : "2018-06-12T05:14:00.000",
      "level" : "asleep",
      "seconds" : 780
    },{
      "dateTime" : "2018-06-12T05:27:00.000",
      "level" : "restless",
      "seconds" : 60
    },{
      "dateTime" : "2018-06-12T05:28:00.000",
      "level" : "asleep",
      "seconds" : 3960
    },{
      "dateTime" : "2018-06-12T06:34:00.000",
      "level" : "restless",
      "seconds" : 180
    },{
      "dateTime" : "2018-06-12T06:37:00.000",
      "level" : "asleep",
      "seconds" : 660
    }]
  }
},{
  "logId" : 18508273212,
  "dateOfSleep" : "2018-06-11",
  "startTime" : "2018-06-10T23:20:00.000",
  "endTime" : "2018-06-11T07:43:00.000",
  "duration" : 30180000,
  "minutesToFallAsleep" : 0,
  "minutesAsleep" : 483,
  "minutesAwake" : 20,
  "minutesAfterWakeup" : 0,
  "timeInBed" : 503,
  "efficiency" : 96,
  "type" : "classic",
  "infoCode" : 0,
  "levels" : {
    "summary" : {
      "restless" : {
        "count" : 11,
        "minutes" : 20
      },
      "awake" : {
        "count" : 0,
        "minutes" : 0
      },
      "asleep" : {
        "count" : 0,
        "minutes" : 483
      }
    },
    "data" : [{
      "dateTime" : "2018-06-10T23:20:00.000",
      "level" : "asleep",
      "seconds" : 360
    },{
      "dateTime" : "2018-06-10T23:26:00.000",
      "level" : "restless",
      "seconds" : 60
    },{
      "dateTime" : "2018-06-10T23:27:00.000",
      "level" : "asleep",
      "seconds" : 60
    },{
      "dateTime" : "2018-06-10T23:28:00.000",
      "level" : "restless",
      "seconds" : 180
    },{
      "dateTime" : "2018-06-10T23:31:00.000",
      "level" : "asleep",
      "seconds" : 1980
    },{
      "dateTime" : "2018-06-11T00:04:00.000",
      "level" : "restless",
      "seconds" : 180
    },{
      "dateTime" : "2018-06-11T00:07:00.000",
      "level" : "asleep",
      "seconds" : 180
    },{
      "dateTime" : "2018-06-11T00:10:00.000",
      "level" : "restless",
      "seconds" : 60
    },{
      "dateTime" : "2018-06-11T00:11:00.000",
      "level" : "asleep",
      "seconds" : 3900
    },{
      "dateTime" : "2018-06-11T01:16:00.000",
      "level" : "restless",
      "seconds" : 120
    },{
      "dateTime" : "2018-06-11T01:18:00.000",
      "level" : "asleep",
      "seconds" : 2100
    },{
      "dateTime" : "2018-06-11T01:53:00.000",
      "level" : "restless",
      "seconds" : 60
    },{
      "dateTime" : "2018-06-11T01:54:00.000",
      "level" : "asleep",
      "seconds" : 2040
    },{
      "dateTime" : "2018-06-11T02:28:00.000",
      "level" : "restless",
      "seconds" : 120
    },{
      "dateTime" : "2018-06-11T02:30:00.000",
      "level" : "asleep",
      "seconds" : 180
    },{
      "dateTime" : "2018-06-11T02:33:00.000",
      "level" : "restless",
      "seconds" : 60
    },{
      "dateTime" : "2018-06-11T02:34:00.000",
      "level" : "asleep",
      "seconds" : 2160
    },{
      "dateTime" : "2018-06-11T03:10:00.000",
      "level" : "restless",
      "seconds" : 120
    },{
      "dateTime" : "2018-06-11T03:12:00.000",
      "level" : "asleep",
      "seconds" : 2340
    },{
      "dateTime" : "2018-06-11T03:51:00.000",
      "level" : "restless",
      "seconds" : 60
    },{
      "dateTime" : "2018-06-11T03:52:00.000",
      "level" : "asleep",
      "seconds" : 2460
    },{
      "dateTime" : "2018-06-11T04:33:00.000",
      "level" : "restless",
      "seconds" : 180
    },{
      "dateTime" : "2018-06-11T04:36:00.000",
      "level" : "asleep",
      "seconds" : 11220
    }]
  }
},{
  "logId" : 18499453291,
  "dateOfSleep" : "2018-06-10",
  "startTime" : "2018-06-10T03:22:00.000",
  "endTime" : "2018-06-10T09:57:30.000",
  "duration" : 23700000,
  "minutesToFallAsleep" : 0,
  "minutesAsleep" : 388,
  "minutesAwake" : 7,
  "minutesAfterWakeup" : 0,
  "timeInBed" : 395,
  "efficiency" : 98,
  "type" : "classic",
  "infoCode" : 0,
  "levels" : {
    "summary" : {
      "restless" : {
        "count" : 6,
        "minutes" : 7
      },
      "awake" : {
        "count" : 0,
        "minutes" : 0
      },
      "asleep" : {
        "count" : 0,
        "minutes" : 388
      }
    },
    "data" : [{
      "dateTime" : "2018-06-10T03:22:00.000",
      "level" : "restless",
      "seconds" : 120
    },{
      "dateTime" : "2018-06-10T03:24:00.000",
      "level" : "asleep",
      "seconds" : 5940
    },{
      "dateTime" : "2018-06-10T05:03:00.000",
      "level" : "restless",
      "seconds" : 60
    },{
      "dateTime" : "2018-06-10T05:04:00.000",
      "level" : "asleep",
      "seconds" : 8520
    },{
      "dateTime" : "2018-06-10T07:26:00.000",
      "level" : "restless",
      "seconds" : 60
    },{
      "dateTime" : "2018-06-10T07:27:00.000",
      "level" : "asleep",
      "seconds" : 900
    },{
      "dateTime" : "2018-06-10T07:42:00.000",
      "level" : "restless",
      "seconds" : 60
    },{
      "dateTime" : "2018-06-10T07:43:00.000",
      "level" : "asleep",
      "seconds" : 3000
    },{
      "dateTime" : "2018-06-10T08:33:00.000",
      "level" : "restless",
      "seconds" : 60
    },{
      "dateTime" : "2018-06-10T08:34:00.000",
      "level" : "asleep",
      "seconds" : 1380
    },{
      "dateTime" : "2018-06-10T08:57:00.000",
      "level" : "restless",
      "seconds" : 60
    },{
      "dateTime" : "2018-06-10T08:58:00.000",
      "level" : "asleep",
      "seconds" : 3540
    }]
  }
},{
  "logId" : 18488627224,
  "dateOfSleep" : "2018-06-09",
  "startTime" : "2018-06-09T04:30:30.000",
  "endTime" : "2018-06-09T08:39:30.000",
  "duration" : 14940000,
  "minutesToFallAsleep" : 0,
  "minutesAsleep" : 233,
  "minutesAwake" : 16,
  "minutesAfterWakeup" : 0,
  "timeInBed" : 249,
  "efficiency" : 94,
  "type" : "classic",
  "infoCode" : 0,
  "levels" : {
    "summary" : {
      "restless" : {
        "count" : 9,
        "minutes" : 16
      },
      "awake" : {
        "count" : 0,
        "minutes" : 0
      },
      "asleep" : {
        "count" : 0,
        "minutes" : 233
      }
    },
    "data" : [{
      "dateTime" : "2018-06-09T04:30:30.000",
      "level" : "asleep",
      "seconds" : 720
    },{
      "dateTime" : "2018-06-09T04:42:30.000",
      "level" : "restless",
      "seconds" : 60
    },{
      "dateTime" : "2018-06-09T04:43:30.000",
      "level" : "asleep",
      "seconds" : 3780
    },{
      "dateTime" : "2018-06-09T05:46:30.000",
      "level" : "restless",
      "seconds" : 120
    },{
      "dateTime" : "2018-06-09T05:48:30.000",
      "level" : "asleep",
      "seconds" : 3780
    },{
      "dateTime" : "2018-06-09T06:51:30.000",
      "level" : "restless",
      "seconds" : 60
    },{
      "dateTime" : "2018-06-09T06:52:30.000",
      "level" : "asleep",
      "seconds" : 120
    },{
      "dateTime" : "2018-06-09T06:54:30.000",
      "level" : "restless",
      "seconds" : 60
    },{
      "dateTime" : "2018-06-09T06:55:30.000",
      "level" : "asleep",
      "seconds" : 60
    },{
      "dateTime" : "2018-06-09T06:56:30.000",
      "level" : "restless",
      "seconds" : 360
    },{
      "dateTime" : "2018-06-09T07:02:30.000",
      "level" : "asleep",
      "seconds" : 2280
    },{
      "dateTime" : "2018-06-09T07:40:30.000",
      "level" : "restless",
      "seconds" : 120
    },{
      "dateTime" : "2018-06-09T07:42:30.000",
      "level" : "asleep",
      "seconds" : 240
    },{
      "dateTime" : "2018-06-09T07:46:30.000",
      "level" : "restless",
      "seconds" : 60
    },{
      "dateTime" : "2018-06-09T07:47:30.000",
      "level" : "asleep",
      "seconds" : 1260
    },{
      "dateTime" : "2018-06-09T08:08:30.000",
      "level" : "restless",
      "seconds" : 60
    },{
      "dateTime" : "2018-06-09T08:09:30.000",
      "level" : "asleep",
      "seconds" : 1440
    },{
      "dateTime" : "2018-06-09T08:33:30.000",
      "level" : "restless",
      "seconds" : 60
    },{
      "dateTime" : "2018-06-09T08:34:30.000",
      "level" : "asleep",
      "seconds" : 300
    }]
  }
}]