[{
  "dateTime" : "01/10/18 00:00:00",
  "value" : "0"
},{
  "dateTime" : "01/11/18 00:00:00",
  "value" : "70"
},{
  "dateTime" : "01/12/18 00:00:00",
  "value" : "102"
},{
  "dateTime" : "01/13/18 00:00:00",
  "value" : "85"
},{
  "dateTime" : "01/14/18 00:00:00",
  "value" : "67"
},{
  "dateTime" : "01/15/18 00:00:00",
  "value" : "62"
},{
  "dateTime" : "01/16/18 00:00:00",
  "value" : "98"
},{
  "dateTime" : "01/17/18 00:00:00",
  "value" : "59"
},{
  "dateTime" : "01/18/18 00:00:00",
  "value" : "111"
},{
  "dateTime" : "01/19/18 00:00:00",
  "value" : "81"
},{
  "dateTime" : "01/20/18 00:00:00",
  "value" : "122"
},{
  "dateTime" : "01/21/18 00:00:00",
  "value" : "85"
},{
  "dateTime" : "01/22/18 00:00:00",
  "value" : "89"
},{
  "dateTime" : "01/23/18 00:00:00",
  "value" : "144"
},{
  "dateTime" : "01/24/18 00:00:00",
  "value" : "60"
},{
  "dateTime" : "01/25/18 00:00:00",
  "value" : "47"
},{
  "dateTime" : "01/26/18 00:00:00",
  "value" : "15"
},{
  "dateTime" : "01/27/18 00:00:00",
  "value" : "79"
},{
  "dateTime" : "01/28/18 00:00:00",
  "value" : "83"
},{
  "dateTime" : "01/29/18 00:00:00",
  "value" : "36"
},{
  "dateTime" : "01/30/18 00:00:00",
  "value" : "35"
},{
  "dateTime" : "01/31/18 00:00:00",
  "value" : "92"
},{
  "dateTime" : "02/01/18 00:00:00",
  "value" : "36"
},{
  "dateTime" : "02/02/18 00:00:00",
  "value" : "74"
},{
  "dateTime" : "02/03/18 00:00:00",
  "value" : "74"
},{
  "dateTime" : "02/04/18 00:00:00",
  "value" : "0"
},{
  "dateTime" : "02/05/18 00:00:00",
  "value" : "85"
},{
  "dateTime" : "02/06/18 00:00:00",
  "value" : "113"
},{
  "dateTime" : "02/07/18 00:00:00",
  "value" : "30"
},{
  "dateTime" : "02/08/18 00:00:00",
  "value" : "72"
}]