[{
  "dateTime" : "10/07/18 00:00:00",
  "value" : "0"
},{
  "dateTime" : "10/08/18 00:00:00",
  "value" : "0"
},{
  "dateTime" : "10/09/18 00:00:00",
  "value" : "0"
},{
  "dateTime" : "10/10/18 00:00:00",
  "value" : "0"
},{
  "dateTime" : "10/11/18 00:00:00",
  "value" : "0"
},{
  "dateTime" : "10/12/18 00:00:00",
  "value" : "0"
},{
  "dateTime" : "10/13/18 00:00:00",
  "value" : "0"
},{
  "dateTime" : "10/14/18 00:00:00",
  "value" : "0"
},{
  "dateTime" : "10/15/18 00:00:00",
  "value" : "0"
},{
  "dateTime" : "10/16/18 00:00:00",
  "value" : "0"
},{
  "dateTime" : "10/17/18 00:00:00",
  "value" : "0"
},{
  "dateTime" : "10/18/18 00:00:00",
  "value" : "0"
},{
  "dateTime" : "10/19/18 00:00:00",
  "value" : "0"
},{
  "dateTime" : "10/20/18 00:00:00",
  "value" : "0"
},{
  "dateTime" : "10/21/18 00:00:00",
  "value" : "0"
},{
  "dateTime" : "10/22/18 00:00:00",
  "value" : "0"
},{
  "dateTime" : "10/23/18 00:00:00",
  "value" : "0"
},{
  "dateTime" : "10/24/18 00:00:00",
  "value" : "0"
},{
  "dateTime" : "10/25/18 00:00:00",
  "value" : "0"
},{
  "dateTime" : "10/26/18 00:00:00",
  "value" : "0"
},{
  "dateTime" : "10/27/18 00:00:00",
  "value" : "0"
},{
  "dateTime" : "10/28/18 00:00:00",
  "value" : "0"
},{
  "dateTime" : "10/29/18 00:00:00",
  "value" : "0"
},{
  "dateTime" : "10/30/18 00:00:00",
  "value" : "0"
},{
  "dateTime" : "10/31/18 00:00:00",
  "value" : "0"
},{
  "dateTime" : "11/01/18 00:00:00",
  "value" : "0"
},{
  "dateTime" : "11/02/18 00:00:00",
  "value" : "0"
},{
  "dateTime" : "11/03/18 00:00:00",
  "value" : "0"
},{
  "dateTime" : "11/04/18 00:00:00",
  "value" : "0"
},{
  "dateTime" : "11/05/18 00:00:00",
  "value" : "0"
}]