[{
  "dateTime" : "02/09/18 00:00:00",
  "value" : "46"
},{
  "dateTime" : "02/10/18 00:00:00",
  "value" : "25"
},{
  "dateTime" : "02/11/18 00:00:00",
  "value" : "77"
},{
  "dateTime" : "02/12/18 00:00:00",
  "value" : "82"
},{
  "dateTime" : "02/13/18 00:00:00",
  "value" : "84"
},{
  "dateTime" : "02/14/18 00:00:00",
  "value" : "78"
},{
  "dateTime" : "02/15/18 00:00:00",
  "value" : "69"
},{
  "dateTime" : "02/16/18 00:00:00",
  "value" : "160"
},{
  "dateTime" : "02/17/18 00:00:00",
  "value" : "27"
},{
  "dateTime" : "02/18/18 00:00:00",
  "value" : "38"
},{
  "dateTime" : "02/19/18 00:00:00",
  "value" : "94"
},{
  "dateTime" : "02/20/18 00:00:00",
  "value" : "36"
},{
  "dateTime" : "02/21/18 00:00:00",
  "value" : "90"
},{
  "dateTime" : "02/22/18 00:00:00",
  "value" : "27"
},{
  "dateTime" : "02/23/18 00:00:00",
  "value" : "62"
},{
  "dateTime" : "02/24/18 00:00:00",
  "value" : "26"
},{
  "dateTime" : "02/25/18 00:00:00",
  "value" : "107"
},{
  "dateTime" : "02/26/18 00:00:00",
  "value" : "85"
},{
  "dateTime" : "02/27/18 00:00:00",
  "value" : "31"
},{
  "dateTime" : "02/28/18 00:00:00",
  "value" : "31"
},{
  "dateTime" : "03/01/18 00:00:00",
  "value" : "55"
},{
  "dateTime" : "03/02/18 00:00:00",
  "value" : "55"
},{
  "dateTime" : "03/03/18 00:00:00",
  "value" : "61"
},{
  "dateTime" : "03/04/18 00:00:00",
  "value" : "34"
},{
  "dateTime" : "03/05/18 00:00:00",
  "value" : "129"
},{
  "dateTime" : "03/06/18 00:00:00",
  "value" : "39"
},{
  "dateTime" : "03/07/18 00:00:00",
  "value" : "47"
},{
  "dateTime" : "03/08/18 00:00:00",
  "value" : "46"
},{
  "dateTime" : "03/09/18 00:00:00",
  "value" : "73"
},{
  "dateTime" : "03/10/18 00:00:00",
  "value" : "92"
}]