Activities,,,,,,,,,
Date,Calories Burned,Steps,Distance,Floors,Minutes Sedentary,Minutes Lightly Active,Minutes Fairly Active,Minutes Very Active,Activity Calories
8/1/18,"2,223","14,862",6.29,25,702,271,65,8,"1,157"
8/2/18,"2,606","21,262",10.35,19,793,210,68,78,"1,537"
8/3/18,"2,951","28,019",11.86,28,310,437,123,22,"2,114"
8/4/18,"2,212","15,573",6.59,13,694,198,85,18,"1,138"
8/5/18,"2,093","13,197",5.58,25,637,206,59,13,987
8/6/18,"2,485","19,756",8.36,30,578,275,77,31,"1,464"
8/7/18,"2,232","11,833",5.01,10,850,323,52,4,"1,191"
8/8/18,"2,478","20,241",8.57,30,483,206,112,44,"1,450"
8/9/18,"3,087","30,974",13.11,34,576,492,123,24,"2,311"
8/10/18,"1,899","9,654",4.08,16,995,216,23,0,767
8/11/18,"3,455","33,976",15.12,78,375,239,129,97,"1,961"
8/12/18,"2,784","27,293",13.89,90,430,338,37,92,"1,852"
8/13/18,"2,255","17,267",7.31,62,478,222,67,40,"1,197"
8/14/18,"2,786","26,032",12.92,18,515,348,47,78,"1,851"
8/15/18,"2,220","15,141",7.45,45,667,213,30,49,"1,126"
8/16/18,"2,482","19,319",9.3,72,519,309,28,66,"1,488"
8/17/18,"2,474","17,647",7.47,41,455,383,44,26,"1,523"
8/18/18,"2,603","22,964",11.16,68,535,316,39,72,"1,635"
8/19/18,"2,299","16,076",6.8,40,631,347,33,24,"1,310"
8/20/18,"2,302","17,777",7.52,40,713,267,67,24,"1,279"
8/21/18,"2,625","23,256",10.24,64,415,282,81,66,"1,660"
8/22/18,"2,324","18,818",7.96,47,549,240,81,38,"1,295"
8/23/18,"2,058","11,405",4.83,29,560,244,18,17,957
8/24/18,"2,934","19,458",8.23,60,507,390,42,82,"2,041"
8/25/18,"2,351","16,025",6.78,45,463,407,21,17,"1,402"
8/26/18,"2,289","16,526",7.02,48,570,265,48,40,"1,245"
8/27/18,"2,215","13,696",5.8,42,540,274,39,22,"1,151"
8/28/18,"2,288","17,469",7.39,48,457,217,69,29,"1,203"
8/29/18,"2,700","26,407",12.91,74,632,263,63,83,"1,705"
8/30/18,"2,156","14,972",7.07,42,704,174,35,48,"1,010"
8/31/18,"2,709","21,272",9,128,526,242,94,80,"1,724"
9/1/17,"2,520","18,402",7.79,59,438,301,107,27,"1,553"
9/2/17,"2,857","27,273",11.62,70,644,355,111,48,"1,954"
9/3/17,"2,212","15,794",6.68,16,657,249,76,4,"1,151"
9/4/17,"2,843","28,438",12.1,125,475,351,100,55,"1,951"
9/5/17,"1,980","12,233",5.18,34,720,160,37,36,843
9/6/17,"2,734","25,835",13.49,75,569,227,46,100,"1,720"
9/7/17,"2,593","24,121",12.51,73,545,208,30,102,"1,550"
9/8/17,"2,646","21,628",9.21,64,337,307,136,32,"1,730"
9/9/17,"2,381","18,046",7.64,53,497,371,31,12,"1,409"
9/10/17,"2,247","15,101",7.25,113,564,172,31,66,"1,131"
9/11/17,"2,060","14,389",6.09,45,715,167,54,29,932
9/12/17,"2,482","22,449",11.68,66,621,158,49,91,"1,396"
9/13/17,"2,170","14,533",6.15,47,721,265,28,22,"1,086"
9/14/17,"2,379","19,809",9.42,57,577,214,47,60,"1,313"
9/15/17,"2,067","13,713",5.8,44,629,221,34,16,966
9/16/17,"2,898","31,413",14.24,14,808,275,137,66,"1,982"
9/17/17,"1,729","5,736",2.43,9,942,183,0,0,554
9/18/17,"2,086","15,616",6.61,9,775,134,92,19,969
9/19/17,"2,521","19,136",8.15,63,682,220,61,53,"1,302"
9/20/17,"2,072","13,002",5.5,43,624,227,26,16,949
9/21/17,"2,495","21,613",10.11,73,570,208,58,82,"1,443"
9/22/17,"2,710","28,806",12.19,81,453,257,112,63,"1,756"
9/23/17,"2,394","16,877",8.08,57,569,268,35,45,"1,359"
9/24/17,"2,306","18,040",8.04,59,632,184,41,75,"1,227"
9/25/17,"2,161","16,290",6.89,55,698,187,54,39,"1,059"
9/26/17,"1,943","11,559",4.89,38,600,176,38,9,790
9/27/17,"2,756","26,910",13.75,80,644,204,54,104,"1,724"
9/28/17,"2,091","13,314",5.63,39,644,235,40,17,997
9/29/17,"3,054","27,913",12.5,68,391,316,97,102,"2,176"
9/30/17,"2,415","21,313",9.66,48,676,200,90,54,"1,375"
10/1/17,"2,309","18,990",8.04,34,533,213,76,44,"1,261"
10/2/17,"2,237","18,062",7.64,65,633,205,62,39,"1,165"
10/3/17,"1,968","12,136",5.14,48,477,156,36,29,816
10/4/17,"2,452","20,601",10.25,66,687,212,19,72,"1,357"
10/5/17,"1,974","12,143",5.14,45,691,167,40,23,827
10/6/17,"2,692","18,650",7.92,54,566,238,62,82,"1,681"
10/7/17,"2,340","18,855",8.07,34,599,281,65,33,"1,334"
10/8/17,"1,879","9,329",3.95,35,825,185,18,15,722
10/9/17,"1,936","10,753",4.55,30,725,185,22,10,772
10/10/17,"2,967","33,054",17.39,94,559,200,39,147,"1,954"
10/11/17,"2,161","14,757",6.24,44,771,254,38,20,"1,088"
10/12/17,"2,046","13,368",5.66,48,611,169,54,32,923
10/13/17,"2,041","10,607",4.49,31,561,277,17,14,969
10/14/17,"2,397","18,968",8.03,43,595,256,88,40,"1,389"
10/15/17,"2,716","26,134",11.14,121,514,251,86,90,"1,754"
10/16/17,"2,097","14,328",6.06,44,694,210,54,19,"1,000"
10/17/17,"2,645","24,966",11.69,81,502,255,56,91,"1,658"
10/18/17,"2,148","15,185",6.43,54,695,202,29,43,"1,039"
10/19/17,"1,983","12,064",5.1,41,703,167,38,26,837
10/20/17,"2,380","21,524",9.11,70,595,178,86,64,"1,325"
10/21/17,"2,308","18,535",8.43,62,534,190,48,69,"1,235"
10/22/17,"2,010","9,892",4.19,35,663,271,16,11,927
10/23/17,"2,134","15,073",6.38,46,731,189,53,30,"1,019"
10/24/17,"2,221","16,197",6.85,52,756,241,60,27,"1,151"
10/25/17,"2,181","15,939",6.74,51,572,220,53,30,"1,092"
10/26/17,"2,184","14,677",6.24,41,614,281,31,25,"1,130"
10/27/17,"2,909","31,186",14.57,101,474,286,81,113,"1,984"
10/28/17,"1,928","11,913",5.04,31,758,145,31,27,783
10/29/17,"2,099","13,493",6.59,39,691,173,14,48,954
10/30/17,"2,116","13,881",5.87,39,636,221,38,27,"1,018"
10/31/17,"2,249","18,896",8.33,57,572,137,65,66,"1,134"
11/1/17,"2,144","16,286",6.92,49,607,182,43,41,"1,025"
11/2/17,"2,018","11,982",5.07,45,603,200,23,20,873
11/3/17,"2,168","12,968",5.51,51,601,181,88,22,"1,079"
11/4/17,"2,216","8,466",3.64,40,703,164,97,17,"1,122"
11/5/17,"2,599","24,700",11.58,105,569,207,54,95,"1,516"
11/6/17,"2,209","16,736",7.14,43,614,234,38,27,"1,127"
11/7/17,"2,395","20,279",9.23,76,647,234,44,64,"1,351"
11/8/17,"2,226","20,882",8.83,37,688,188,103,20,"1,169"
11/9/17,"2,387","18,182",7.69,58,534,331,53,39,"1,415"
11/10/17,"2,506","15,741",6.66,29,508,453,38,10,"1,601"
11/11/17,"2,902","31,396",13.29,258,483,322,62,108,"2,005"
11/12/17,"2,309","18,533",7.84,40,629,229,57,50,"1,265"
11/13/17,"2,293","17,551",7.43,46,658,280,46,28,"1,254"
11/14/17,"2,048","13,248",5.61,46,634,173,45,30,913
11/15/17,"2,454","19,778",8.37,54,587,311,45,41,"1,455"
11/16/17,"2,008","12,676",5.36,35,727,185,24,30,870
11/17/17,"2,361","18,162",9.17,66,628,176,30,79,"1,271"
11/18/17,"2,683","22,508",10.69,49,459,300,71,64,"1,713"
11/19/17,"2,279","17,489",7.56,48,552,216,32,66,"1,209"
11/20/17,"2,713","27,712",13.95,89,577,173,52,129,"1,684"
11/21/17,"2,201","16,892",7.15,31,644,171,87,32,"1,115"
11/22/17,"2,045","12,125",6.76,5,487,144,1,58,876
11/23/17,"2,390","19,487",9.02,5,621,220,59,64,"1,342"
11/24/17,"2,787","17,221",7.29,18,591,272,54,108,"1,827"
11/25/17,"2,120","12,764",5.4,7,572,266,52,5,"1,053"
11/26/17,"2,198","14,618",8.2,26,744,96,3,74,"1,032"
11/27/17,"2,078","13,821",5.85,42,759,189,33,27,946
11/28/17,"2,251","17,892",8.36,62,640,156,34,67,"1,136"
11/29/17,"1,947","11,154",4.72,36,695,152,25,27,777
11/30/17,"2,068","13,160",5.57,36,624,184,51,24,936
12/1/17,"2,021","9,857",4.22,35,651,277,10,10,926
12/2/17,"1,971","9,222",3.9,23,873,226,21,18,842
12/3/17,"2,315","18,262",8.89,53,752,201,18,75,"1,208"
12/4/17,"1,953","10,495",4.44,41,714,160,35,16,759
12/5/17,"2,207","17,560",7.43,58,741,164,71,47,"1,105"
12/6/17,"2,268","18,461",10.02,66,724,171,16,76,"1,146"
12/7/17,"2,197","15,501",6.58,48,639,235,49,34,"1,125"
12/8/17,"2,956","27,437",13.1,83,587,270,71,129,"2,024"
12/9/17,"1,783","6,811",2.88,25,748,184,2,10,597
12/10/17,"1,805","6,791",2.93,22,676,170,13,12,622
12/11/17,"2,237","16,771",7.1,56,644,235,55,28,"1,172"
12/12/17,"3,113","39,457",22,123,584,105,48,207,"2,113"
12/13/17,"2,376","19,410",8.21,44,580,269,74,26,"1,354"
12/14/17,"2,442","21,098",9.63,48,599,217,62,70,"1,410"
12/15/17,"2,504","25,113",10.63,7,474,139,159,33,"1,461"
12/16/17,"2,330","20,758",9.68,47,647,145,96,59,"1,256"
12/17/17,"2,185","13,339",5.64,11,473,260,50,13,"1,132"
12/18/17,"2,118","13,563",5.74,4,550,199,33,37,"1,012"
12/19/17,"2,697","28,992",15.56,77,572,109,39,156,"1,628"
12/20/17,"2,237","16,753",7.28,9,643,235,60,35,"1,184"
12/21/17,"1,833","7,719",3.27,0,863,205,10,0,679
12/22/17,"1,928","10,660",4.51,5,666,178,56,0,796
12/23/17,"2,798","28,346",12.72,29,810,320,135,42,"1,902"
12/24/17,"2,092","11,549",4.89,25,638,329,0,0,"1,035"
12/25/17,"1,948","9,663",4.09,18,674,269,0,0,842
12/26/17,"2,491","18,762",7.94,43,431,384,23,19,"1,520"
12/27/17,"2,266","13,747",5.82,40,662,297,22,13,"1,208"
12/28/17,"2,094","11,593",4.91,12,608,307,2,3,"1,017"
12/29/17,"2,464","17,627",7.46,63,763,380,41,21,"1,500"
12/30/17,"2,397","17,800",8.43,45,525,316,25,42,"1,384"
12/31/17,"3,081","18,965",8.13,12,800,348,76,20,"1,503"
1/1/18,"2,230","17,564",8.63,67,682,122,40,80,"1,106"
1/2/18,"2,684","26,262",12.12,8,306,236,125,52,"1,718"
1/3/18,"2,493","19,975",9.58,13,451,269,50,58,"1,464"
1/4/18,"2,012","13,661",5.78,8,647,145,90,3,886
1/5/18,"2,596","23,140",11.79,6,307,240,74,73,"1,590"
1/6/18,"2,423","19,993",8.46,68,571,301,63,34,"1,434"
1/7/18,"2,954","33,209",15.64,7,410,223,153,74,"2,024"
1/8/18,"2,223","15,719",7.7,4,674,191,34,51,"1,113"
1/9/18,"2,142","13,913",5.89,5,642,196,94,12,"1,062"
1/10/18,"1,953","11,663",4.94,5,564,143,72,13,816
1/11/18,"2,548","26,353",12.34,15,438,108,142,71,"1,506"
1/12/18,"2,598","25,738",11.76,3,534,157,94,101,"1,563"
1/13/18,"2,873","31,063",13.39,89,432,198,131,108,"1,924"
1/14/18,"2,133","16,419",6.95,5,519,145,64,55,"1,033"
1/15/18,"2,551","21,486",9.09,45,404,336,80,32,"1,609"
1/16/18,"2,816","29,473",14.67,95,523,223,60,125,"1,835"
1/17/18,"2,699","25,639",12.5,82,591,289,38,80,"1,721"
1/18/18,"2,363","18,725",7.92,43,563,282,45,34,"1,338"
1/19/18,"2,552","25,285",10.7,75,525,203,85,88,"1,543"
1/20/18,"2,226","14,069",6.13,42,655,312,23,26,"1,183"
1/21/18,"2,405","20,032",10.38,75,637,179,20,95,"1,316"
1/22/18,"2,174","16,393",6.94,46,663,205,45,34,"1,081"
1/23/18,"2,161","16,434",7.91,52,711,129,40,68,"1,024"
1/24/18,"2,791","30,500",14.02,85,482,204,109,98,"1,808"
1/25/18,"2,041","12,677",5.36,38,736,238,11,10,923
1/26/18,"3,301","39,701",21.71,102,436,235,51,178,"2,355"
1/27/18,"2,138","13,373",5.66,37,641,263,31,16,"1,065"
1/28/18,"2,329","20,052",8.61,55,602,214,72,49,"1,280"
1/29/18,"2,125","14,145",5.99,40,667,200,31,37,"1,016"
1/30/18,"2,590","25,955",12.05,81,552,150,79,103,"1,537"
1/31/18,"2,022","11,827",5,40,761,184,34,28,885
2/1/18,"2,543","13,164",5.62,48,584,302,17,69,"1,531"
2/2/18,"2,318","19,852",8.4,45,560,162,102,42,"1,245"
2/3/18,"2,772","25,790",11.65,92,473,371,46,62,"1,853"
2/4/18,"2,157","14,124",6.07,121,799,176,27,55,"1,033"
2/5/18,"2,176","16,230",6.87,48,706,188,48,49,"1,079"
2/6/18,"2,558","25,510",12.3,73,644,154,82,91,"1,504"
2/7/18,"2,048","12,964",5.49,46,596,194,23,32,917
2/8/18,"2,248","15,915",6.73,42,627,250,34,33,"1,170"
2/9/18,"2,887","31,215",14.08,71,529,255,105,100,"1,952"
2/10/18,"2,198","14,357",6.18,39,638,226,23,59,"1,117"
2/11/18,"2,246","17,282",9.36,65,701,169,5,68,"1,113"
2/12/18,"2,441","20,678",10.1,72,682,173,21,102,"1,357"
2/13/18,"2,086","14,224",6.02,39,518,166,48,42,968
2/14/18,"2,086","14,267",6.04,53,693,174,45,44,973
2/15/18,"2,218","15,187",6.46,54,598,255,38,33,"1,150"
2/16/18,"2,408","20,976",9.96,70,683,230,37,65,"1,357"
2/17/18,"2,539","23,407",9.9,57,520,259,108,38,"1,564"
2/18/18,"2,168","14,704",6.62,43,696,242,15,40,"1,089"
2/19/18,"2,087","14,212",6.01,47,648,169,51,39,971
2/20/18,"2,065","13,920",5.97,43,712,146,40,58,928
2/21/18,"2,489","22,901",12.06,63,632,198,26,91,"1,415"
2/22/18,"2,717","24,998",13.17,82,592,289,25,95,"1,724"
2/23/18,"2,525","24,265",11.17,76,696,181,65,97,"1,486"
2/24/18,"2,455","18,874",10.16,29,575,293,10,73,"1,441"
2/25/18,"2,150","11,643",4.98,108,900,207,27,42,"1,023"
2/26/18,"1,982","11,526",4.88,43,551,181,18,34,838
2/27/18,"1,943","10,757",4.55,31,722,184,27,20,794
2/28/18,"2,076","12,575",5.38,41,653,205,21,36,955
3/1/18,"2,278","18,830",7.97,68,488,162,71,62,"1,191"
3/2/18,"2,227","16,167",7.89,52,640,234,25,48,"1,146"
3/3/18,"2,164","16,203",6.91,45,594,173,59,48,"1,062"
3/4/18,"2,182","13,980",5.92,53,792,200,33,48,"1,080"
3/5/18,"1,975","11,693",4.95,42,588,175,33,27,829
3/6/18,"2,340","19,074",9.4,59,630,146,25,95,"1,221"
3/7/18,"2,188","17,624",7.57,46,668,155,69,44,"1,078"
3/8/18,"2,358","18,730",9.01,62,670,231,38,52,"1,289"
3/9/18,"2,858","30,973",14.42,99,524,191,102,127,"1,887"
3/10/18,"2,216","17,430",7.45,12,715,197,45,53,"1,132"
3/11/18,"2,134","16,110",6.84,40,577,137,70,47,"1,019"
3/12/18,"2,005","11,500",4.95,33,721,210,13,24,870
3/13/18,"1,862","9,864",4.17,29,705,116,36,30,678
3/14/18,"2,125","15,500",6.56,47,467,170,64,31,"1,001"
3/15/18,"2,398","15,514",6.56,41,692,315,44,26,"1,385"
3/16/18,"2,434","19,512",8.28,53,723,224,75,56,"1,390"
3/17/18,"2,226","14,520",7.3,41,553,209,18,55,"1,140"
3/18/18,"2,056","13,269",5.61,55,490,177,39,29,922
3/19/18,"2,309","19,002",9.2,68,617,199,34,64,"1,227"
3/20/18,"2,058","13,051",5.52,44,694,185,51,36,950
3/21/18,"2,185","15,685",7.28,54,694,179,21,61,"1,070"
3/22/18,"2,103","14,039",5.94,61,584,192,40,36,989
3/23/18,"2,048","11,173",4.73,32,728,233,24,19,943
3/24/18,"2,676","25,967",13.38,74,441,199,32,123,"1,656"
3/25/18,"2,516","21,959",9.29,150,461,250,42,84,"1,508"
3/26/18,"2,549","22,046",11.61,5,589,221,47,79,"1,510"
3/27/18,"2,285","16,241",6.91,34,679,308,39,26,"1,256"
3/28/18,"2,918","29,173",12.34,52,388,213,205,62,"2,011"
3/29/18,"2,622","25,004",10.58,88,461,297,91,42,"1,660"
3/30/18,"2,653","22,822",11.94,12,592,289,47,75,"1,661"
3/31/18,"2,711","25,368",11.06,75,482,298,93,64,"1,767"
4/1/18,"2,709","25,126",11.37,135,482,288,42,108,"1,753"
4/2/18,"2,038","13,538",5.73,45,688,160,52,31,899
4/3/18,"2,340","19,998",8.46,62,566,192,63,66,"1,275"
4/4/18,"2,058","12,497",5.29,41,659,197,40,27,939
4/5/18,"2,234","16,148",7.88,58,675,212,20,50,"1,131"
4/6/18,"2,063","11,241",4.76,21,662,264,24,24,988
4/7/18,"2,736","25,423",12.95,76,565,186,75,103,"1,709"
4/8/18,"2,825","28,116",14.24,104,645,241,54,106,"1,821"
4/9/18,"2,180","16,068",6.8,45,750,233,45,22,"1,092"
4/10/18,"2,810","28,526",14.55,81,561,192,56,133,"1,795"
4/11/18,"2,314","14,428",6.13,33,529,343,16,20,"1,301"
4/12/18,"1,930","10,277",4.35,34,721,165,26,25,764
4/13/18,"2,832","26,380",12.67,84,485,245,48,118,"1,850"
4/14/18,"3,282","35,207",17.23,139,576,284,108,128,"2,392"
4/15/18,"2,052","14,102",5.97,55,698,148,50,39,913
4/16/18,"2,196","14,846",6.28,51,591,221,35,38,"1,093"
4/17/18,"2,131","14,366",6.08,39,583,173,49,44,"1,012"
4/18/18,"2,304","18,895",9.24,64,624,193,34,63,"1,206"
4/19/18,"2,073","11,857",5.02,33,785,259,13,10,964
4/20/18,"2,424","20,562",8.7,56,564,268,71,41,"1,404"
4/21/18,"2,816","17,679",8.46,53,474,321,17,99,"1,869"
4/22/18,"2,324","18,744",8.19,50,668,222,47,52,"1,260"
4/23/18,"2,081","12,775",5.41,39,773,216,37,25,975
4/24/18,"2,237","18,418",7.79,40,603,152,94,47,"1,155"
4/25/18,"2,615","24,312",10.35,132,568,217,103,70,"1,619"
4/26/18,"2,481","19,283",9.25,70,"1,049",300,35,56,"1,478"
4/27/18,"2,455","19,726",8.35,58,566,294,69,38,"1,458"
4/28/18,"2,682","22,020",10.21,45,590,360,65,51,"1,754"
4/29/18,"2,694","27,561",16.32,66,554,117,14,147,"1,591"
4/30/18,"2,225","16,129",6.83,53,670,209,50,40,"1,139"
5/1/18,"2,724","28,198",12.83,70,545,181,116,102,"1,742"
5/2/18,"1,961","10,594",4.48,34,660,166,28,38,817
5/3/18,"2,230","16,620",7.62,46,651,195,28,63,"1,129"
5/4/18,"2,407","20,135",8.51,65,666,233,57,60,"1,367"
5/5/18,"4,683","38,975",17.14,124,528,191,41,64,"1,190"
5/6/18,"2,076","12,123",5.13,42,649,215,32,22,954
5/7/18,"2,240","16,450",7.27,60,714,196,41,52,"1,143"
5/8/18,"2,530","23,663",10.01,77,410,233,90,48,"1,513"
5/9/18,"2,206","17,366",7.35,78,692,163,55,61,"1,103"
5/10/18,"2,523","14,294",6.1,51,441,276,41,63,"1,509"
5/11/18,"3,401","33,470",15.1,163,394,291,110,166,"2,558"
5/12/18,"3,363","37,718",15.96,54,407,398,212,54,"2,615"
5/13/18,"2,632","26,015",11.1,10,500,235,161,34,"1,675"
5/14/18,"2,809","19,616",8.3,3,428,255,113,76,"1,871"
5/15/18,"2,887","24,480",10.98,68,496,257,101,96,"1,951"
5/16/18,"2,724","21,208",9.86,8,411,175,94,93,"1,711"
5/17/18,"2,066","11,118",4.7,42,635,281,13,13,997
5/18/18,"2,861","29,652",12.55,211,408,296,100,72,"1,940"
5/19/18,"2,495","24,614",12.56,64,549,130,65,106,"1,434"
5/20/18,"2,372","20,303",8.61,6,516,196,87,52,"1,320"
5/21/18,"2,238","10,614",4.49,20,508,350,15,8,"1,224"
5/22/18,"2,165","14,668",6.21,11,497,268,51,6,"1,106"
5/23/18,"2,638","25,927",12.71,75,603,185,56,109,"1,608"
5/24/18,"2,849","27,779",13.79,14,531,297,76,87,"1,910"
5/25/18,"2,311","12,055",5.1,5,644,409,12,0,"1,340"
5/26/18,"2,210","18,535",7.84,13,949,175,108,9,"1,135"
5/27/18,"3,015","35,352",14.96,28,354,375,186,19,"2,200"
5/28/18,"2,743","29,701",12.57,25,562,239,180,34,"1,805"
5/29/18,"2,753","28,950",12.45,29,505,259,133,64,"1,819"
5/30/18,"3,021","33,942",14.79,27,468,240,165,89,"2,124"
5/31/18,"3,261","41,134",17.46,13,674,379,236,17,"2,488"
6/1/18,"2,698","26,688",11.35,21,484,280,111,57,"1,754"
6/2/18,"3,011","29,174",12.35,24,415,475,105,21,"2,207"
6/3/18,"3,086","37,457",15.85,13,444,332,230,8,"2,261"
6/4/18,"3,179","36,193",15.46,54,308,362,188,53,"2,387"
6/5/18,"2,753","27,981",11.84,3,581,353,128,13,"1,841"
6/6/18,"2,727","25,864",10.94,25,408,408,84,9,"1,837"
6/7/18,"3,231","30,406",13.63,19,532,385,129,80,"2,396"
6/8/18,"2,804","23,976",10.15,27,600,383,132,13,"1,907"
6/9/18,"2,674","22,549",9.54,41,427,265,127,34,"1,669"
6/10/18,"3,470","32,370",14.89,69,645,399,145,103,"2,616"
6/11/18,"2,368","18,738",7.93,15,825,306,87,8,"1,364"
6/12/18,"2,416","19,086",8.08,30,413,286,88,13,"1,416"
6/13/18,"2,612","19,121",8.09,25,435,378,31,39,"1,669"
6/14/18,"2,506","13,720",5.81,21,736,302,40,32,"1,465"
6/15/18,"2,109","10,700",4.53,12,694,307,26,6,"1,052"
6/16/18,"2,526","15,628",6.61,51,560,380,25,47,"1,567"
6/17/18,"2,321","17,882",7.57,27,657,282,70,8,"1,280"
6/18/18,"2,696","21,194",9.59,47,634,376,62,42,"1,769"
6/19/18,"2,893","28,033",11.86,36,491,374,134,37,"2,037"
6/20/18,"2,404","19,467",8.33,29,586,257,98,28,"1,392"
6/21/18,"2,227","15,737",6.66,15,727,275,48,14,"1,164"
6/22/18,"2,993","30,331",12.83,29,473,418,136,24,"2,154"
6/23/18,"2,918","26,255",11.84,31,404,240,135,78,"1,975"
6/24/18,"2,177","14,324",6.06,24,628,258,55,20,"1,114"
6/25/18,"2,817","27,236",12.66,35,490,303,94,70,"1,873"
6/26/18,"2,445","22,540",9.54,35,669,227,117,31,"1,435"
6/27/18,"2,265","16,781",7.1,36,487,257,58,18,"1,204"
6/28/18,"2,601","19,911",8.43,25,642,415,66,14,"1,679"
6/29/18,"3,664","44,446",20.64,24,451,400,198,109,"2,937"
6/30/18,"2,881","29,366",12.6,31,304,303,140,50,"1,971"
7/1/18,"2,175","13,475",5.7,9,744,290,56,6,"1,122"
7/2/18,"2,220","17,007",7.21,24,647,231,88,18,"1,175"
7/3/18,"2,652","25,499",12.11,21,623,201,82,83,"1,623"
7/4/18,"1,916","8,966",3.79,13,773,168,38,6,730
7/5/18,"2,718","19,234",8.14,18,544,498,41,4,"1,823"
7/6/18,"3,061","29,172",12.34,96,573,478,78,44,"2,207"
7/7/18,"3,228","32,762",13.89,157,338,429,133,64,"2,416"
7/8/18,"2,568","23,719",11.18,28,540,215,85,64,"1,536"
7/9/18,"2,313","18,007",7.62,21,610,240,104,13,"1,284"
7/10/18,"2,225","17,920",7.58,20,579,186,93,25,"1,149"
7/11/18,"2,361","18,392",7.78,20,558,274,89,20,"1,349"
7/12/18,"2,270","14,504",6.14,23,750,355,8,9,"1,227"
7/13/18,"2,689","17,672",7.48,35,495,357,148,11,"1,793"
7/14/18,"2,038","11,318",4.79,30,634,266,18,7,944
7/15/18,"2,709","23,261",10.53,27,548,233,128,58,"1,737"
7/16/18,"2,754","26,983",11.43,51,614,280,143,45,"1,811"
7/17/18,"2,229","15,873",6.72,22,729,239,74,10,"1,158"
7/18/18,"2,034","12,382",5.24,27,659,207,55,6,918
7/19/18,"2,465","22,942",9.71,27,636,218,136,20,"1,452"
7/20/18,"2,868","20,937",8.92,26,333,186,127,97,"1,886"
7/21/18,"2,601","22,800",9.65,40,406,222,127,43,"1,610"
7/22/18,"2,100","13,926",5.89,9,731,230,52,6,997
7/23/18,"2,436","18,399",7.78,26,668,319,86,11,"1,443"
7/24/18,"2,398","15,084",6.38,21,534,320,69,14,"1,396"
7/25/18,"2,218","16,123",6.82,30,448,172,109,12,"1,110"
7/26/18,"2,363","15,398",6.52,36,699,399,5,3,"1,336"
7/27/18,"2,607","10,767",4.56,17,681,251,31,65,"1,532"
7/28/18,"2,801","21,514",9.1,16,315,264,107,88,"1,863"
7/29/18,"2,014","10,797",4.57,12,713,217,57,5,904
7/30/18,"3,217","37,001",15.66,32,501,282,237,61,"2,377"
7/31/18,"2,067","11,963",5.06,19,796,263,32,2,962
8/1/18,"2,223","14,862",6.29,25,702,271,65,8,"1,157"
8/2/18,"2,606","21,262",10.35,19,793,210,68,78,"1,537"
8/3/18,"2,951","28,019",11.86,28,310,437,123,22,"2,114"
8/4/18,"2,212","15,573",6.59,13,694,198,85,18,"1,138"
8/5/18,"2,093","13,197",5.58,25,637,206,59,13,987
8/6/18,"2,485","19,756",8.36,30,578,275,77,31,"1,464"
8/7/18,"2,232","11,833",5.01,10,850,323,52,4,"1,191"
8/8/18,"2,478","20,241",8.57,30,483,206,112,44,"1,450"
8/9/18,"3,087","30,974",13.11,34,576,492,123,24,"2,311"
8/10/18,"1,899","9,654",4.08,16,995,216,23,0,767
8/11/18,"3,455","33,976",15.12,78,375,239,129,97,"1,961"
8/12/18,"2,784","27,293",13.89,90,430,338,37,92,"1,852"
8/13/18,"2,255","17,267",7.31,62,478,222,67,40,"1,197"
8/14/18,"2,786","26,032",12.92,18,515,348,47,78,"1,851"
8/15/18,"2,220","15,141",7.45,45,667,213,30,49,"1,126"
8/16/18,"2,482","19,319",9.3,72,519,309,28,66,"1,488"
8/17/18,"2,474","17,647",7.47,41,455,383,44,26,"1,523"
8/18/18,"2,603","22,964",11.16,68,535,316,39,72,"1,635"
8/19/18,"2,299","16,076",6.8,40,631,347,33,24,"1,310"
8/20/18,"2,302","17,777",7.52,40,713,267,67,24,"1,279"
8/21/18,"2,625","23,256",10.24,64,415,282,81,66,"1,660"
8/22/18,"2,324","18,818",7.96,47,549,240,81,38,"1,295"
8/23/18,"2,058","11,405",4.83,29,560,244,18,17,957
8/24/18,"2,934","19,458",8.23,60,507,390,42,82,"2,041"
8/25/18,"2,351","16,025",6.78,45,463,407,21,17,"1,402"
8/26/18,"2,289","16,526",7.02,48,570,265,48,40,"1,245"
8/27/18,"2,215","13,696",5.8,42,540,274,39,22,"1,151"
8/28/18,"2,288","17,469",7.39,48,457,217,69,29,"1,203"
8/29/18,"2,700","26,407",12.91,74,632,263,63,83,"1,705"
8/30/18,"2,156","14,972",7.07,42,704,174,35,48,"1,010"
8/31/18,"2,709","21,272",9,128,526,242,94,80,"1,724"
9/1/18,"3,037","31,064",13.14,241,571,431,61,85,"2,197"
9/2/18,"2,047","12,374",5.26,14,555,212,40,17,946
9/3/18,"2,023","10,162",4.33,56,629,215,25,16,898
9/4/18,"2,753","26,367",11.41,54,529,259,132,56,"1,797"
9/5/18,"1,904","9,091",3.85,27,781,207,17,10,757
9/6/18,"1,878","10,384",4.39,25,319,142,33,16,698
9/7/18,"2,202","12,785",5.41,37,592,307,19,22,"1,163"
9/8/18,"3,004","21,766",9.29,90,398,333,59,109,"2,079"
9/9/18,"2,419","14,690",6.22,41,483,212,172,21,"1,427"
9/10/18,"2,174","13,571",5.74,38,644,301,30,9,"1,125"
9/11/18,"2,383","18,758",8.88,55,671,215,65,59,"1,335"
9/12/18,"1,938","10,706",4.56,33,706,219,14,8,803
9/13/18,"1,995","11,355",4.8,35,697,220,17,11,866
9/14/18,"2,003","12,440",5.29,71,681,140,46,39,856
9/15/18,"2,761","24,023",12.24,61,351,336,29,71,"1,800"
9/16/18,"1,970","10,844",4.59,17,650,241,36,1,869
9/17/18,"1,794","7,968",3.37,22,752,151,21,11,601
9/18/18,"2,063","13,175",5.58,43,616,172,52,32,942
9/19/18,"2,058","13,603",5.79,48,593,181,43,32,927
9/20/18,"1,838","9,096",3.87,30,709,148,19,20,652
9/21/18,"3,020","30,965",14.23,155,547,372,63,94,"2,148"
9/22/18,"2,064","14,221",6.02,43,635,176,58,33,957
9/23/18,"1,902","8,827",3.74,9,623,248,9,6,796
9/24/18,"1,854","14,648",7.27,45,552,101,43,54,896