[{
  "dateTime" : "12/25/18 00:00:00",
  "value" : {
    "demographicVO2Max" : 47.56743,
    "demographicVO2MaxError" : 3.0000000000000004,
    "filteredDemographicVO2Max" : 47.56743,
    "filteredDemographicVO2MaxError" : 3.0000000000000004
  }
},{
  "dateTime" : "12/26/18 00:00:00",
  "value" : {
    "demographicVO2Max" : 46.615300000000005,
    "demographicVO2MaxError" : 3.0000000000000004,
    "filteredDemographicVO2Max" : 47.087430000000005,
    "filteredDemographicVO2MaxError" : 1.5123900000000001
  }
},{
  "dateTime" : "12/27/18 00:00:00",
  "value" : {
    "demographicVO2Max" : 46.422720000000005,
    "demographicVO2MaxError" : 3.0000000000000004,
    "filteredDemographicVO2Max" : 46.85980000000001,
    "filteredDemographicVO2MaxError" : 1.0273400000000001
  }
},{
  "dateTime" : "12/28/18 00:00:00",
  "value" : {
    "demographicVO2Max" : 46.28045,
    "demographicVO2MaxError" : 3.0000000000000004,
    "filteredDemographicVO2Max" : 46.706720000000004,
    "filteredDemographicVO2MaxError" : 0.79268
  }
},{
  "dateTime" : "12/29/18 00:00:00",
  "value" : {
    "demographicVO2Max" : 46.205070000000006,
    "demographicVO2MaxError" : 3.0000000000000004,
    "filteredDemographicVO2Max" : 46.59671,
    "filteredDemographicVO2MaxError" : 0.65788
  }
},{
  "dateTime" : "12/30/18 00:00:00",
  "value" : {
    "demographicVO2Max" : 46.139920000000004,
    "demographicVO2MaxError" : 3.0000000000000004,
    "filteredDemographicVO2Max" : 46.5095,
    "filteredDemographicVO2MaxError" : 0.5727300000000001
  }
},{
  "dateTime" : "12/31/18 00:00:00",
  "value" : {
    "demographicVO2Max" : 45.6903,
    "demographicVO2MaxError" : 3.0000000000000004,
    "filteredDemographicVO2Max" : 46.368680000000005,
    "filteredDemographicVO2MaxError" : 0.51568
  }
},{
  "dateTime" : "01/01/19 00:00:00",
  "value" : {
    "demographicVO2Max" : 45.583980000000004,
    "demographicVO2MaxError" : 3.0000000000000004,
    "filteredDemographicVO2Max" : 46.24419,
    "filteredDemographicVO2MaxError" : 0.47593
  }
},{
  "dateTime" : "01/02/19 00:00:00",
  "value" : {
    "demographicVO2Max" : 46.660830000000004,
    "demographicVO2MaxError" : 3.0000000000000004,
    "filteredDemographicVO2Max" : 46.30633,
    "filteredDemographicVO2MaxError" : 0.44748000000000004
  }
},{
  "dateTime" : "01/03/19 00:00:00",
  "value" : {
    "demographicVO2Max" : 46.799580000000006,
    "demographicVO2MaxError" : 3.0000000000000004,
    "filteredDemographicVO2Max" : 46.37648,
    "filteredDemographicVO2MaxError" : 0.42671000000000003
  }
},{
  "dateTime" : "01/04/19 00:00:00",
  "value" : {
    "demographicVO2Max" : 46.86952,
    "demographicVO2MaxError" : 3.0000000000000004,
    "filteredDemographicVO2Max" : 46.44408000000001,
    "filteredDemographicVO2MaxError" : 0.41134000000000004
  }
},{
  "dateTime" : "01/05/19 00:00:00",
  "value" : {
    "demographicVO2Max" : 47.083000000000006,
    "demographicVO2MaxError" : 3.0000000000000004,
    "filteredDemographicVO2Max" : 46.529230000000005,
    "filteredDemographicVO2MaxError" : 0.39985000000000004
  }
},{
  "dateTime" : "01/06/19 00:00:00",
  "value" : {
    "demographicVO2Max" : 46.589710000000004,
    "demographicVO2MaxError" : 3.0000000000000004,
    "filteredDemographicVO2Max" : 46.537110000000006,
    "filteredDemographicVO2MaxError" : 0.39119000000000004
  }
},{
  "dateTime" : "01/07/19 00:00:00",
  "value" : {
    "demographicVO2Max" : 45.841860000000004,
    "demographicVO2MaxError" : 3.0000000000000004,
    "filteredDemographicVO2Max" : 46.447970000000005,
    "filteredDemographicVO2MaxError" : 0.38462
  }
},{
  "dateTime" : "01/08/19 00:00:00",
  "value" : {
    "demographicVO2Max" : 46.229260000000004,
    "demographicVO2MaxError" : 3.0000000000000004,
    "filteredDemographicVO2Max" : 46.42029,
    "filteredDemographicVO2MaxError" : 0.37962
  }
},{
  "dateTime" : "01/09/19 00:00:00",
  "value" : {
    "demographicVO2Max" : 45.56022,
    "demographicVO2MaxError" : 3.0000000000000004,
    "filteredDemographicVO2Max" : 46.31255,
    "filteredDemographicVO2MaxError" : 0.3758
  }
}]