[{
  "dateTime" : "01/10/19 00:00:00",
  "value" : {
    "demographicVO2Max" : 46.5996,
    "demographicVO2MaxError" : 3.0000000000000004,
    "filteredDemographicVO2Max" : 46.348220000000005,
    "filteredDemographicVO2MaxError" : 0.37287000000000003
  }
},{
  "dateTime" : "01/11/19 00:00:00",
  "value" : {
    "demographicVO2Max" : 45.29451,
    "demographicVO2MaxError" : 3.0000000000000004,
    "filteredDemographicVO2Max" : 46.21804,
    "filteredDemographicVO2MaxError" : 0.37062
  }
},{
  "dateTime" : "01/12/19 00:00:00",
  "value" : {
    "demographicVO2Max" : 44.55847000000001,
    "demographicVO2MaxError" : 3.0000000000000004,
    "filteredDemographicVO2Max" : 46.01397,
    "filteredDemographicVO2MaxError" : 0.36889000000000005
  }
},{
  "dateTime" : "01/13/19 00:00:00",
  "value" : {
    "demographicVO2Max" : 45.77872000000001,
    "demographicVO2MaxError" : 3.0000000000000004,
    "filteredDemographicVO2Max" : 45.98514,
    "filteredDemographicVO2MaxError" : 0.36756000000000005
  }
},{
  "dateTime" : "01/14/19 00:00:00",
  "value" : {
    "demographicVO2Max" : 46.81785000000001,
    "demographicVO2MaxError" : 3.0000000000000004,
    "filteredDemographicVO2Max" : 46.08688,
    "filteredDemographicVO2MaxError" : 0.36654000000000003
  }
},{
  "dateTime" : "01/15/19 00:00:00",
  "value" : {
    "demographicVO2Max" : 47.37823,
    "demographicVO2MaxError" : 3.0000000000000004,
    "filteredDemographicVO2Max" : 46.24432,
    "filteredDemographicVO2MaxError" : 0.36575
  }
},{
  "dateTime" : "01/16/19 00:00:00",
  "value" : {
    "demographicVO2Max" : 46.64974,
    "demographicVO2MaxError" : 3.0000000000000004,
    "filteredDemographicVO2Max" : 46.29366,
    "filteredDemographicVO2MaxError" : 0.36514
  }
},{
  "dateTime" : "01/17/19 00:00:00",
  "value" : {
    "demographicVO2Max" : 45.861900000000006,
    "demographicVO2MaxError" : 3.0000000000000004,
    "filteredDemographicVO2Max" : 46.241170000000004,
    "filteredDemographicVO2MaxError" : 0.36467000000000005
  }
},{
  "dateTime" : "01/18/19 00:00:00",
  "value" : {
    "demographicVO2Max" : 46.80536,
    "demographicVO2MaxError" : 3.0000000000000004,
    "filteredDemographicVO2Max" : 46.30968000000001,
    "filteredDemographicVO2MaxError" : 0.36431
  }
},{
  "dateTime" : "01/19/19 00:00:00",
  "value" : {
    "demographicVO2Max" : 45.69485,
    "demographicVO2MaxError" : 3.0000000000000004,
    "filteredDemographicVO2Max" : 46.23507,
    "filteredDemographicVO2MaxError" : 0.36403
  }
},{
  "dateTime" : "01/20/19 00:00:00",
  "value" : {
    "demographicVO2Max" : 46.409380000000006,
    "demographicVO2MaxError" : 3.0000000000000004,
    "filteredDemographicVO2Max" : 46.25620000000001,
    "filteredDemographicVO2MaxError" : 0.36381
  }
},{
  "dateTime" : "01/21/19 00:00:00",
  "value" : {
    "demographicVO2Max" : 45.276900000000005,
    "demographicVO2MaxError" : 3.0000000000000004,
    "filteredDemographicVO2Max" : 46.13749000000001,
    "filteredDemographicVO2MaxError" : 0.36364
  }
},{
  "dateTime" : "01/22/19 00:00:00",
  "value" : {
    "demographicVO2Max" : 44.754360000000005,
    "demographicVO2MaxError" : 3.0000000000000004,
    "filteredDemographicVO2Max" : 45.96989000000001,
    "filteredDemographicVO2MaxError" : 0.36351000000000006
  }
},{
  "dateTime" : "01/23/19 00:00:00",
  "value" : {
    "demographicVO2Max" : 45.042320000000004,
    "demographicVO2MaxError" : 3.0000000000000004,
    "filteredDemographicVO2Max" : 45.85752,
    "filteredDemographicVO2MaxError" : 0.36342
  }
},{
  "dateTime" : "01/24/19 00:00:00",
  "value" : {
    "demographicVO2Max" : 46.362320000000004,
    "demographicVO2MaxError" : 3.0000000000000004,
    "filteredDemographicVO2Max" : 45.91865000000001,
    "filteredDemographicVO2MaxError" : 0.36334000000000005
  }
},{
  "dateTime" : "01/25/19 00:00:00",
  "value" : {
    "demographicVO2Max" : 46.76006,
    "demographicVO2MaxError" : 3.0000000000000004,
    "filteredDemographicVO2Max" : 46.020540000000004,
    "filteredDemographicVO2MaxError" : 0.36328000000000005
  }
},{
  "dateTime" : "01/26/19 00:00:00",
  "value" : {
    "demographicVO2Max" : 47.77794,
    "demographicVO2MaxError" : 3.0000000000000004,
    "filteredDemographicVO2Max" : 46.233320000000006,
    "filteredDemographicVO2MaxError" : 0.36324
  }
},{
  "dateTime" : "01/27/19 00:00:00",
  "value" : {
    "demographicVO2Max" : 48.093810000000005,
    "demographicVO2MaxError" : 3.0000000000000004,
    "filteredDemographicVO2Max" : 46.458560000000006,
    "filteredDemographicVO2MaxError" : 0.3632
  }
},{
  "dateTime" : "01/28/19 00:00:00",
  "value" : {
    "demographicVO2Max" : 48.9909,
    "demographicVO2MaxError" : 3.0000000000000004,
    "filteredDemographicVO2Max" : 46.76512,
    "filteredDemographicVO2MaxError" : 0.36317000000000005
  }
},{
  "dateTime" : "01/29/19 00:00:00",
  "value" : {
    "demographicVO2Max" : 48.73734,
    "demographicVO2MaxError" : 3.0000000000000004,
    "filteredDemographicVO2Max" : 47.00386,
    "filteredDemographicVO2MaxError" : 0.36316000000000004
  }
},{
  "dateTime" : "01/30/19 00:00:00",
  "value" : {
    "demographicVO2Max" : 47.49109000000001,
    "demographicVO2MaxError" : 3.0000000000000004,
    "filteredDemographicVO2Max" : 47.062830000000005,
    "filteredDemographicVO2MaxError" : 0.36314
  }
},{
  "dateTime" : "01/31/19 00:00:00",
  "value" : {
    "demographicVO2Max" : 48.17401,
    "demographicVO2MaxError" : 3.0000000000000004,
    "filteredDemographicVO2Max" : 47.19733,
    "filteredDemographicVO2MaxError" : 0.36313
  }
},{
  "dateTime" : "02/01/19 00:00:00",
  "value" : {
    "demographicVO2Max" : 48.70398,
    "demographicVO2MaxError" : 3.0000000000000004,
    "filteredDemographicVO2Max" : 47.379690000000004,
    "filteredDemographicVO2MaxError" : 0.36312000000000005
  }
},{
  "dateTime" : "02/02/19 00:00:00",
  "value" : {
    "demographicVO2Max" : 47.93106,
    "demographicVO2MaxError" : 3.0000000000000004,
    "filteredDemographicVO2Max" : 47.44642,
    "filteredDemographicVO2MaxError" : 0.36311000000000004
  }
},{
  "dateTime" : "02/03/19 00:00:00",
  "value" : {
    "demographicVO2Max" : 47.7768,
    "demographicVO2MaxError" : 3.0000000000000004,
    "filteredDemographicVO2Max" : 47.48641000000001,
    "filteredDemographicVO2MaxError" : 0.36311000000000004
  }
},{
  "dateTime" : "02/04/19 00:00:00",
  "value" : {
    "demographicVO2Max" : 46.2242,
    "demographicVO2MaxError" : 3.0000000000000004,
    "filteredDemographicVO2Max" : 47.33363000000001,
    "filteredDemographicVO2MaxError" : 0.36310000000000003
  }
},{
  "dateTime" : "02/05/19 00:00:00",
  "value" : {
    "demographicVO2Max" : 46.52606,
    "demographicVO2MaxError" : 3.0000000000000004,
    "filteredDemographicVO2Max" : 47.23588,
    "filteredDemographicVO2MaxError" : 0.36310000000000003
  }
},{
  "dateTime" : "02/06/19 00:00:00",
  "value" : {
    "demographicVO2Max" : 45.691660000000006,
    "demographicVO2MaxError" : 3.0000000000000004,
    "filteredDemographicVO2Max" : 47.048970000000004,
    "filteredDemographicVO2MaxError" : 0.36310000000000003
  }
},{
  "dateTime" : "02/07/19 00:00:00",
  "value" : {
    "demographicVO2Max" : 44.676320000000004,
    "demographicVO2MaxError" : 3.0000000000000004,
    "filteredDemographicVO2Max" : 46.7618,
    "filteredDemographicVO2MaxError" : 0.36310000000000003
  }
},{
  "dateTime" : "02/08/19 00:00:00",
  "value" : {
    "demographicVO2Max" : 43.82274,
    "demographicVO2MaxError" : 3.0000000000000004,
    "filteredDemographicVO2Max" : 46.40607000000001,
    "filteredDemographicVO2MaxError" : 0.36310000000000003
  }
},{
  "dateTime" : "02/09/19 00:00:00",
  "value" : {
    "demographicVO2Max" : 43.38257,
    "demographicVO2MaxError" : 3.0000000000000004,
    "filteredDemographicVO2Max" : 46.04012,
    "filteredDemographicVO2MaxError" : 0.36310000000000003
  }
},{
  "dateTime" : "02/10/19 00:00:00",
  "value" : {
    "demographicVO2Max" : 42.741400000000006,
    "demographicVO2MaxError" : 3.0000000000000004,
    "filteredDemographicVO2Max" : 45.64086,
    "filteredDemographicVO2MaxError" : 0.36310000000000003
  }
},{
  "dateTime" : "02/11/19 00:00:00",
  "value" : {
    "demographicVO2Max" : 42.12456,
    "demographicVO2MaxError" : 3.0000000000000004,
    "filteredDemographicVO2Max" : 45.215270000000004,
    "filteredDemographicVO2MaxError" : 0.36310000000000003
  }
},{
  "dateTime" : "02/12/19 00:00:00",
  "value" : {
    "demographicVO2Max" : 42.78949,
    "demographicVO2MaxError" : 3.0000000000000004,
    "filteredDemographicVO2Max" : 44.921670000000006,
    "filteredDemographicVO2MaxError" : 0.36310000000000003
  }
},{
  "dateTime" : "02/13/19 00:00:00",
  "value" : {
    "demographicVO2Max" : 43.7616,
    "demographicVO2MaxError" : 3.0000000000000004,
    "filteredDemographicVO2Max" : 44.78126,
    "filteredDemographicVO2MaxError" : 0.36310000000000003
  }
},{
  "dateTime" : "02/14/19 00:00:00",
  "value" : {
    "demographicVO2Max" : 44.155770000000004,
    "demographicVO2MaxError" : 3.0000000000000004,
    "filteredDemographicVO2Max" : 44.70555,
    "filteredDemographicVO2MaxError" : 0.36310000000000003
  }
},{
  "dateTime" : "02/15/19 00:00:00",
  "value" : {
    "demographicVO2Max" : 42.58885,
    "demographicVO2MaxError" : 3.0000000000000004,
    "filteredDemographicVO2Max" : 44.44935,
    "filteredDemographicVO2MaxError" : 0.36310000000000003
  }
},{
  "dateTime" : "02/16/19 00:00:00",
  "value" : {
    "demographicVO2Max" : 41.452130000000004,
    "demographicVO2MaxError" : 3.0000000000000004,
    "filteredDemographicVO2Max" : 44.086580000000005,
    "filteredDemographicVO2MaxError" : 0.36310000000000003
  }
},{
  "dateTime" : "02/17/19 00:00:00",
  "value" : {
    "demographicVO2Max" : 41.37585000000001,
    "demographicVO2MaxError" : 3.0000000000000004,
    "filteredDemographicVO2Max" : 43.75849,
    "filteredDemographicVO2MaxError" : 0.36310000000000003
  }
},{
  "dateTime" : "02/18/19 00:00:00",
  "value" : {
    "demographicVO2Max" : 41.59066000000001,
    "demographicVO2MaxError" : 3.0000000000000004,
    "filteredDemographicVO2Max" : 43.49611,
    "filteredDemographicVO2MaxError" : 0.36310000000000003
  }
},{
  "dateTime" : "02/19/19 00:00:00",
  "value" : {
    "demographicVO2Max" : 40.112590000000004,
    "demographicVO2MaxError" : 3.0000000000000004,
    "filteredDemographicVO2Max" : 43.08659,
    "filteredDemographicVO2MaxError" : 0.36310000000000003
  }
},{
  "dateTime" : "02/20/19 00:00:00",
  "value" : {
    "demographicVO2Max" : 41.01632,
    "demographicVO2MaxError" : 3.0000000000000004,
    "filteredDemographicVO2Max" : 42.83601,
    "filteredDemographicVO2MaxError" : 0.36310000000000003
  }
},{
  "dateTime" : "02/21/19 00:00:00",
  "value" : {
    "demographicVO2Max" : 42.03774000000001,
    "demographicVO2MaxError" : 3.0000000000000004,
    "filteredDemographicVO2Max" : 42.73939,
    "filteredDemographicVO2MaxError" : 0.36310000000000003
  }
},{
  "dateTime" : "02/22/19 00:00:00",
  "value" : {
    "demographicVO2Max" : 43.07940000000001,
    "demographicVO2MaxError" : 3.0000000000000004,
    "filteredDemographicVO2Max" : 42.78054,
    "filteredDemographicVO2MaxError" : 0.36310000000000003
  }
},{
  "dateTime" : "02/23/19 00:00:00",
  "value" : {
    "demographicVO2Max" : 42.103120000000004,
    "demographicVO2MaxError" : 3.0000000000000004,
    "filteredDemographicVO2Max" : 42.698550000000004,
    "filteredDemographicVO2MaxError" : 0.36310000000000003
  }
},{
  "dateTime" : "02/24/19 00:00:00",
  "value" : {
    "demographicVO2Max" : 42.31179,
    "demographicVO2MaxError" : 3.0000000000000004,
    "filteredDemographicVO2Max" : 42.65173,
    "filteredDemographicVO2MaxError" : 0.36310000000000003
  }
},{
  "dateTime" : "02/25/19 00:00:00",
  "value" : {
    "demographicVO2Max" : 43.53291,
    "demographicVO2MaxError" : 3.0000000000000004,
    "filteredDemographicVO2Max" : 42.75838,
    "filteredDemographicVO2MaxError" : 0.36310000000000003
  }
}]