[{
  "logId" : 12444161158,
  "activityName" : "Walk",
  "activityTypeId" : 90013,
  "activityLevel" : [{
    "minutes" : 3,
    "name" : "sedentary"
  },{
    "minutes" : 13,
    "name" : "lightly"
  },{
    "minutes" : 5,
    "name" : "fairly"
  },{
    "minutes" : 17,
    "name" : "very"
  }],
  "calories" : 180,
  "duration" : 2304000,
  "activeDuration" : 2304000,
  "steps" : 2855,
  "logType" : "auto_detected",
  "manualValuesSpecified" : {
    "calories" : false,
    "distance" : false,
    "steps" : false
  },
  "lastModified" : "02/16/18 16:12:50",
  "startTime" : "02/16/18 02:19:13",
  "originalStartTime" : "02/16/18 02:19:13",
  "originalDuration" : 2304000,
  "hasGps" : false,
  "shouldFetchDetails" : false
},{
  "logId" : 12445672505,
  "activityName" : "Walk",
  "activityTypeId" : 90013,
  "activityLevel" : [{
    "minutes" : 0,
    "name" : "sedentary"
  },{
    "minutes" : 0,
    "name" : "lightly"
  },{
    "minutes" : 2,
    "name" : "fairly"
  },{
    "minutes" : 15,
    "name" : "very"
  }],
  "calories" : 103,
  "duration" : 1024000,
  "activeDuration" : 1024000,
  "steps" : 1779,
  "logType" : "auto_detected",
  "manualValuesSpecified" : {
    "calories" : false,
    "distance" : false,
    "steps" : false
  },
  "lastModified" : "02/16/18 17:46:20",
  "startTime" : "02/16/18 17:18:37",
  "originalStartTime" : "02/16/18 17:18:37",
  "originalDuration" : 1024000,
  "hasGps" : false,
  "shouldFetchDetails" : false
},{
  "logId" : 12450620648,
  "activityName" : "Walk",
  "activityTypeId" : 90013,
  "activityLevel" : [{
    "minutes" : 0,
    "name" : "sedentary"
  },{
    "minutes" : 2,
    "name" : "lightly"
  },{
    "minutes" : 6,
    "name" : "fairly"
  },{
    "minutes" : 24,
    "name" : "very"
  }],
  "calories" : 178,
  "duration" : 1946000,
  "activeDuration" : 1946000,
  "steps" : 2998,
  "logType" : "auto_detected",
  "manualValuesSpecified" : {
    "calories" : false,
    "distance" : false,
    "steps" : false
  },
  "lastModified" : "02/16/18 23:27:42",
  "startTime" : "02/16/18 22:39:28",
  "originalStartTime" : "02/16/18 22:39:28",
  "originalDuration" : 1946000,
  "hasGps" : false,
  "shouldFetchDetails" : false
},{
  "logId" : 12451701405,
  "activityName" : "Elliptical",
  "activityTypeId" : 20047,
  "activityLevel" : [{
    "minutes" : 0,
    "name" : "sedentary"
  },{
    "minutes" : 0,
    "name" : "lightly"
  },{
    "minutes" : 5,
    "name" : "fairly"
  },{
    "minutes" : 24,
    "name" : "very"
  }],
  "calories" : 170,
  "duration" : 1741000,
  "activeDuration" : 1741000,
  "steps" : 2871,
  "logType" : "auto_detected",
  "manualValuesSpecified" : {
    "calories" : false,
    "distance" : false,
    "steps" : false
  },
  "lastModified" : "02/17/18 01:00:40",
  "startTime" : "02/17/18 00:18:27",
  "originalStartTime" : "02/17/18 00:18:27",
  "originalDuration" : 1741000,
  "hasGps" : false,
  "shouldFetchDetails" : false
},{
  "logId" : 12453404510,
  "activityName" : "Walk",
  "activityTypeId" : 90013,
  "activityLevel" : [{
    "minutes" : 1,
    "name" : "sedentary"
  },{
    "minutes" : 0,
    "name" : "lightly"
  },{
    "minutes" : 5,
    "name" : "fairly"
  },{
    "minutes" : 17,
    "name" : "very"
  }],
  "calories" : 126,
  "duration" : 1382000,
  "activeDuration" : 1382000,
  "steps" : 2110,
  "logType" : "auto_detected",
  "manualValuesSpecified" : {
    "calories" : false,
    "distance" : false,
    "steps" : false
  },
  "lastModified" : "02/17/18 03:51:03",
  "startTime" : "02/17/18 03:14:15",
  "originalStartTime" : "02/17/18 03:14:15",
  "originalDuration" : 1382000,
  "hasGps" : false,
  "shouldFetchDetails" : false
},{
  "logId" : 12453785653,
  "activityName" : "Aerobic Workout",
  "activityTypeId" : 3001,
  "activityLevel" : [{
    "minutes" : 0,
    "name" : "sedentary"
  },{
    "minutes" : 4,
    "name" : "lightly"
  },{
    "minutes" : 10,
    "name" : "fairly"
  },{
    "minutes" : 1,
    "name" : "very"
  }],
  "calories" : 51,
  "duration" : 921000,
  "activeDuration" : 921000,
  "steps" : 696,
  "logType" : "auto_detected",
  "manualValuesSpecified" : {
    "calories" : false,
    "distance" : false,
    "steps" : false
  },
  "lastModified" : "02/17/18 04:24:08",
  "startTime" : "02/17/18 04:05:27",
  "originalStartTime" : "02/17/18 04:05:27",
  "originalDuration" : 921000,
  "hasGps" : false,
  "shouldFetchDetails" : false
},{
  "logId" : 12454151113,
  "activityName" : "Walk",
  "activityTypeId" : 90013,
  "activityLevel" : [{
    "minutes" : 0,
    "name" : "sedentary"
  },{
    "minutes" : 1,
    "name" : "lightly"
  },{
    "minutes" : 12,
    "name" : "fairly"
  },{
    "minutes" : 17,
    "name" : "very"
  }],
  "calories" : 160,
  "duration" : 1848000,
  "activeDuration" : 1848000,
  "steps" : 2658,
  "logType" : "auto_detected",
  "manualValuesSpecified" : {
    "calories" : false,
    "distance" : false,
    "steps" : false
  },
  "lastModified" : "02/17/18 05:09:59",
  "startTime" : "02/17/18 04:34:24",
  "originalStartTime" : "02/17/18 04:34:24",
  "originalDuration" : 1848000,
  "hasGps" : false,
  "shouldFetchDetails" : false
},{
  "logId" : 12455020072,
  "activityName" : "Walk",
  "activityTypeId" : 90013,
  "activityLevel" : [{
    "minutes" : 0,
    "name" : "sedentary"
  },{
    "minutes" : 2,
    "name" : "lightly"
  },{
    "minutes" : 2,
    "name" : "fairly"
  },{
    "minutes" : 13,
    "name" : "very"
  }],
  "calories" : 92,
  "duration" : 1024000,
  "activeDuration" : 1024000,
  "steps" : 1542,
  "logType" : "auto_detected",
  "manualValuesSpecified" : {
    "calories" : false,
    "distance" : false,
    "steps" : false
  },
  "lastModified" : "02/17/18 07:42:01",
  "startTime" : "02/17/18 07:14:53",
  "originalStartTime" : "02/17/18 07:14:53",
  "originalDuration" : 1024000,
  "hasGps" : false,
  "shouldFetchDetails" : false
},{
  "logId" : 12468820179,
  "activityName" : "Walk",
  "activityTypeId" : 90013,
  "activityLevel" : [{
    "minutes" : 2,
    "name" : "sedentary"
  },{
    "minutes" : 0,
    "name" : "lightly"
  },{
    "minutes" : 4,
    "name" : "fairly"
  },{
    "minutes" : 11,
    "name" : "very"
  }],
  "calories" : 88,
  "duration" : 1025000,
  "activeDuration" : 1025000,
  "steps" : 1482,
  "logType" : "auto_detected",
  "manualValuesSpecified" : {
    "calories" : false,
    "distance" : false,
    "steps" : false
  },
  "lastModified" : "02/18/18 00:56:58",
  "startTime" : "02/18/18 00:29:08",
  "originalStartTime" : "02/18/18 00:29:08",
  "originalDuration" : 1025000,
  "hasGps" : false,
  "shouldFetchDetails" : false
},{
  "logId" : 12500986893,
  "activityName" : "Walk",
  "activityTypeId" : 90013,
  "activityLevel" : [{
    "minutes" : 0,
    "name" : "sedentary"
  },{
    "minutes" : 1,
    "name" : "lightly"
  },{
    "minutes" : 4,
    "name" : "fairly"
  },{
    "minutes" : 13,
    "name" : "very"
  }],
  "calories" : 103,
  "duration" : 1075000,
  "activeDuration" : 1075000,
  "steps" : 1761,
  "logType" : "auto_detected",
  "manualValuesSpecified" : {
    "calories" : false,
    "distance" : false,
    "steps" : false
  },
  "lastModified" : "02/19/18 22:13:46",
  "startTime" : "02/18/18 10:00:53",
  "originalStartTime" : "02/18/18 10:00:53",
  "originalDuration" : 1075000,
  "hasGps" : false,
  "shouldFetchDetails" : false
},{
  "logId" : 12500986895,
  "activityName" : "Walk",
  "activityTypeId" : 90013,
  "activityLevel" : [{
    "minutes" : 0,
    "name" : "sedentary"
  },{
    "minutes" : 2,
    "name" : "lightly"
  },{
    "minutes" : 1,
    "name" : "fairly"
  },{
    "minutes" : 18,
    "name" : "very"
  }],
  "calories" : 126,
  "duration" : 1280000,
  "activeDuration" : 1280000,
  "steps" : 2140,
  "logType" : "auto_detected",
  "manualValuesSpecified" : {
    "calories" : false,
    "distance" : false,
    "steps" : false
  },
  "lastModified" : "02/19/18 22:13:46",
  "startTime" : "02/19/18 03:39:01",
  "originalStartTime" : "02/19/18 03:39:01",
  "originalDuration" : 1280000,
  "hasGps" : false,
  "shouldFetchDetails" : false
},{
  "logId" : 12502562493,
  "activityName" : "Elliptical",
  "activityTypeId" : 20047,
  "activityLevel" : [{
    "minutes" : 0,
    "name" : "sedentary"
  },{
    "minutes" : 0,
    "name" : "lightly"
  },{
    "minutes" : 3,
    "name" : "fairly"
  },{
    "minutes" : 32,
    "name" : "very"
  }],
  "calories" : 233,
  "duration" : 2100000,
  "activeDuration" : 2100000,
  "steps" : 3994,
  "logType" : "auto_detected",
  "manualValuesSpecified" : {
    "calories" : false,
    "distance" : false,
    "steps" : false
  },
  "lastModified" : "02/19/18 23:44:53",
  "startTime" : "02/19/18 22:55:17",
  "originalStartTime" : "02/19/18 22:55:17",
  "originalDuration" : 2100000,
  "hasGps" : false,
  "shouldFetchDetails" : false
},{
  "logId" : 12555547534,
  "activityName" : "Walk",
  "activityTypeId" : 90013,
  "activityLevel" : [{
    "minutes" : 0,
    "name" : "sedentary"
  },{
    "minutes" : 1,
    "name" : "lightly"
  },{
    "minutes" : 1,
    "name" : "fairly"
  },{
    "minutes" : 15,
    "name" : "very"
  }],
  "calories" : 103,
  "duration" : 1024000,
  "activeDuration" : 1024000,
  "steps" : 1783,
  "logType" : "auto_detected",
  "manualValuesSpecified" : {
    "calories" : false,
    "distance" : false,
    "steps" : false
  },
  "lastModified" : "02/22/18 15:58:35",
  "startTime" : "02/21/18 02:35:52",
  "originalStartTime" : "02/21/18 02:35:52",
  "originalDuration" : 1024000,
  "hasGps" : false,
  "shouldFetchDetails" : false
},{
  "logId" : 12555547535,
  "activityName" : "Walk",
  "activityTypeId" : 90013,
  "activityLevel" : [{
    "minutes" : 0,
    "name" : "sedentary"
  },{
    "minutes" : 2,
    "name" : "lightly"
  },{
    "minutes" : 2,
    "name" : "fairly"
  },{
    "minutes" : 15,
    "name" : "very"
  }],
  "calories" : 112,
  "duration" : 1178000,
  "activeDuration" : 1178000,
  "steps" : 1913,
  "logType" : "auto_detected",
  "manualValuesSpecified" : {
    "calories" : false,
    "distance" : false,
    "steps" : false
  },
  "lastModified" : "02/22/18 15:58:35",
  "startTime" : "02/21/18 16:38:58",
  "originalStartTime" : "02/21/18 16:38:58",
  "originalDuration" : 1178000,
  "hasGps" : false,
  "shouldFetchDetails" : false
},{
  "logId" : 12555547538,
  "activityName" : "Walk",
  "activityTypeId" : 90013,
  "activityLevel" : [{
    "minutes" : 0,
    "name" : "sedentary"
  },{
    "minutes" : 1,
    "name" : "lightly"
  },{
    "minutes" : 1,
    "name" : "fairly"
  },{
    "minutes" : 15,
    "name" : "very"
  }],
  "calories" : 105,
  "duration" : 1024000,
  "activeDuration" : 1024000,
  "steps" : 1801,
  "logType" : "auto_detected",
  "manualValuesSpecified" : {
    "calories" : false,
    "distance" : false,
    "steps" : false
  },
  "lastModified" : "02/22/18 15:58:35",
  "startTime" : "02/22/18 01:38:16",
  "originalStartTime" : "02/22/18 01:38:16",
  "originalDuration" : 1024000,
  "hasGps" : false,
  "shouldFetchDetails" : false
},{
  "logId" : 12555547539,
  "activityName" : "Walk",
  "activityTypeId" : 90013,
  "activityLevel" : [{
    "minutes" : 0,
    "name" : "sedentary"
  },{
    "minutes" : 1,
    "name" : "lightly"
  },{
    "minutes" : 5,
    "name" : "fairly"
  },{
    "minutes" : 10,
    "name" : "very"
  }],
  "calories" : 87,
  "duration" : 922000,
  "activeDuration" : 922000,
  "steps" : 1395,
  "logType" : "auto_detected",
  "manualValuesSpecified" : {
    "calories" : false,
    "distance" : false,
    "steps" : false
  },
  "lastModified" : "02/22/18 15:58:35",
  "startTime" : "02/22/18 02:32:53",
  "originalStartTime" : "02/22/18 02:32:53",
  "originalDuration" : 922000,
  "hasGps" : false,
  "shouldFetchDetails" : false
},{
  "logId" : 12555547542,
  "activityName" : "Elliptical",
  "activityTypeId" : 20047,
  "activityLevel" : [{
    "minutes" : 0,
    "name" : "sedentary"
  },{
    "minutes" : 0,
    "name" : "lightly"
  },{
    "minutes" : 4,
    "name" : "fairly"
  },{
    "minutes" : 30,
    "name" : "very"
  }],
  "calories" : 226,
  "duration" : 2048000,
  "activeDuration" : 2048000,
  "steps" : 3816,
  "logType" : "auto_detected",
  "manualValuesSpecified" : {
    "calories" : false,
    "distance" : false,
    "steps" : false
  },
  "lastModified" : "02/22/18 15:58:35",
  "startTime" : "02/22/18 02:48:15",
  "originalStartTime" : "02/22/18 02:48:15",
  "originalDuration" : 2048000,
  "hasGps" : false,
  "shouldFetchDetails" : false
},{
  "logId" : 12599312569,
  "activityName" : "Walk",
  "activityTypeId" : 90013,
  "activityLevel" : [{
    "minutes" : 0,
    "name" : "sedentary"
  },{
    "minutes" : 1,
    "name" : "lightly"
  },{
    "minutes" : 2,
    "name" : "fairly"
  },{
    "minutes" : 16,
    "name" : "very"
  }],
  "calories" : 114,
  "duration" : 1126000,
  "activeDuration" : 1126000,
  "steps" : 1947,
  "logType" : "auto_detected",
  "manualValuesSpecified" : {
    "calories" : false,
    "distance" : false,
    "steps" : false
  },
  "lastModified" : "02/24/18 22:58:05",
  "startTime" : "02/22/18 16:27:27",
  "originalStartTime" : "02/22/18 16:27:27",
  "originalDuration" : 1126000,
  "hasGps" : false,
  "shouldFetchDetails" : false
},{
  "logId" : 12599312573,
  "activityName" : "Walk",
  "activityTypeId" : 90013,
  "activityLevel" : [{
    "minutes" : 0,
    "name" : "sedentary"
  },{
    "minutes" : 2,
    "name" : "lightly"
  },{
    "minutes" : 1,
    "name" : "fairly"
  },{
    "minutes" : 16,
    "name" : "very"
  }],
  "calories" : 115,
  "duration" : 1126000,
  "activeDuration" : 1126000,
  "steps" : 1963,
  "logType" : "auto_detected",
  "manualValuesSpecified" : {
    "calories" : false,
    "distance" : false,
    "steps" : false
  },
  "lastModified" : "02/24/18 22:58:05",
  "startTime" : "02/23/18 17:06:17",
  "originalStartTime" : "02/23/18 17:06:17",
  "originalDuration" : 1126000,
  "hasGps" : false,
  "shouldFetchDetails" : false
},{
  "logId" : 12599312574,
  "activityName" : "Walk",
  "activityTypeId" : 90013,
  "activityLevel" : [{
    "minutes" : 0,
    "name" : "sedentary"
  },{
    "minutes" : 2,
    "name" : "lightly"
  },{
    "minutes" : 2,
    "name" : "fairly"
  },{
    "minutes" : 15,
    "name" : "very"
  }],
  "calories" : 111,
  "duration" : 1127000,
  "activeDuration" : 1127000,
  "steps" : 1877,
  "logType" : "auto_detected",
  "manualValuesSpecified" : {
    "calories" : false,
    "distance" : false,
    "steps" : false
  },
  "lastModified" : "02/24/18 22:58:05",
  "startTime" : "02/23/18 22:07:30",
  "originalStartTime" : "02/23/18 22:07:30",
  "originalDuration" : 1127000,
  "hasGps" : false,
  "shouldFetchDetails" : false
},{
  "logId" : 12616957082,
  "activityName" : "Walk",
  "activityTypeId" : 90013,
  "activityLevel" : [{
    "minutes" : 1,
    "name" : "sedentary"
  },{
    "minutes" : 0,
    "name" : "lightly"
  },{
    "minutes" : 6,
    "name" : "fairly"
  },{
    "minutes" : 10,
    "name" : "very"
  }],
  "calories" : 89,
  "duration" : 1075000,
  "activeDuration" : 1075000,
  "steps" : 1493,
  "logType" : "auto_detected",
  "manualValuesSpecified" : {
    "calories" : false,
    "distance" : false,
    "steps" : false
  },
  "lastModified" : "02/26/18 01:50:45",
  "startTime" : "02/25/18 05:40:14",
  "originalStartTime" : "02/25/18 05:40:14",
  "originalDuration" : 1075000,
  "hasGps" : false,
  "shouldFetchDetails" : false
},{
  "logId" : 12616957089,
  "activityName" : "Elliptical",
  "activityTypeId" : 20047,
  "activityLevel" : [{
    "minutes" : 0,
    "name" : "sedentary"
  },{
    "minutes" : 0,
    "name" : "lightly"
  },{
    "minutes" : 1,
    "name" : "fairly"
  },{
    "minutes" : 33,
    "name" : "very"
  }],
  "calories" : 283,
  "duration" : 2048000,
  "activeDuration" : 2048000,
  "steps" : 4396,
  "logType" : "auto_detected",
  "manualValuesSpecified" : {
    "calories" : false,
    "distance" : false,
    "steps" : false
  },
  "lastModified" : "02/26/18 01:50:45",
  "startTime" : "02/26/18 01:03:19",
  "originalStartTime" : "02/26/18 01:03:19",
  "originalDuration" : 2048000,
  "hasGps" : false,
  "shouldFetchDetails" : false
},{
  "logId" : 12617538148,
  "activityName" : "Walk",
  "activityTypeId" : 90013,
  "activityLevel" : [{
    "minutes" : 0,
    "name" : "sedentary"
  },{
    "minutes" : 1,
    "name" : "lightly"
  },{
    "minutes" : 0,
    "name" : "fairly"
  },{
    "minutes" : 17,
    "name" : "very"
  }],
  "calories" : 106,
  "duration" : 1127000,
  "activeDuration" : 1127000,
  "steps" : 1814,
  "logType" : "auto_detected",
  "manualValuesSpecified" : {
    "calories" : false,
    "distance" : false,
    "steps" : false
  },
  "lastModified" : "02/26/18 03:08:34",
  "startTime" : "02/26/18 02:42:19",
  "originalStartTime" : "02/26/18 02:42:19",
  "originalDuration" : 1127000,
  "hasGps" : false,
  "shouldFetchDetails" : false
},{
  "logId" : 12618699075,
  "activityName" : "Walk",
  "activityTypeId" : 90013,
  "activityLevel" : [{
    "minutes" : 0,
    "name" : "sedentary"
  },{
    "minutes" : 2,
    "name" : "lightly"
  },{
    "minutes" : 1,
    "name" : "fairly"
  },{
    "minutes" : 15,
    "name" : "very"
  }],
  "calories" : 107,
  "duration" : 1076000,
  "activeDuration" : 1076000,
  "steps" : 1801,
  "logType" : "auto_detected",
  "manualValuesSpecified" : {
    "calories" : false,
    "distance" : false,
    "steps" : false
  },
  "lastModified" : "02/26/18 05:35:22",
  "startTime" : "02/26/18 04:59:42",
  "originalStartTime" : "02/26/18 04:59:42",
  "originalDuration" : 1076000,
  "hasGps" : false,
  "shouldFetchDetails" : false
},{
  "logId" : 12627029557,
  "activityName" : "Walk",
  "activityTypeId" : 90013,
  "activityLevel" : [{
    "minutes" : 0,
    "name" : "sedentary"
  },{
    "minutes" : 2,
    "name" : "lightly"
  },{
    "minutes" : 1,
    "name" : "fairly"
  },{
    "minutes" : 17,
    "name" : "very"
  }],
  "calories" : 112,
  "duration" : 1177000,
  "activeDuration" : 1177000,
  "steps" : 1882,
  "logType" : "auto_detected",
  "manualValuesSpecified" : {
    "calories" : false,
    "distance" : false,
    "steps" : false
  },
  "lastModified" : "02/26/18 17:06:30",
  "startTime" : "02/26/18 16:30:55",
  "originalStartTime" : "02/26/18 16:30:55",
  "originalDuration" : 1177000,
  "hasGps" : false,
  "shouldFetchDetails" : false
},{
  "logId" : 12646566038,
  "activityName" : "Walk",
  "activityTypeId" : 90013,
  "activityLevel" : [{
    "minutes" : 0,
    "name" : "sedentary"
  },{
    "minutes" : 1,
    "name" : "lightly"
  },{
    "minutes" : 4,
    "name" : "fairly"
  },{
    "minutes" : 14,
    "name" : "very"
  }],
  "calories" : 112,
  "duration" : 1127000,
  "activeDuration" : 1127000,
  "steps" : 1913,
  "logType" : "auto_detected",
  "manualValuesSpecified" : {
    "calories" : false,
    "distance" : false,
    "steps" : false
  },
  "lastModified" : "02/27/18 16:54:54",
  "startTime" : "02/27/18 00:46:42",
  "originalStartTime" : "02/27/18 00:46:42",
  "originalDuration" : 1127000,
  "hasGps" : false,
  "shouldFetchDetails" : false
},{
  "logId" : 12646566039,
  "activityName" : "Walk",
  "activityTypeId" : 90013,
  "activityLevel" : [{
    "minutes" : 0,
    "name" : "sedentary"
  },{
    "minutes" : 2,
    "name" : "lightly"
  },{
    "minutes" : 3,
    "name" : "fairly"
  },{
    "minutes" : 12,
    "name" : "very"
  }],
  "calories" : 94,
  "duration" : 1024000,
  "activeDuration" : 1024000,
  "steps" : 1582,
  "logType" : "auto_detected",
  "manualValuesSpecified" : {
    "calories" : false,
    "distance" : false,
    "steps" : false
  },
  "lastModified" : "02/27/18 16:54:55",
  "startTime" : "02/27/18 02:36:47",
  "originalStartTime" : "02/27/18 02:36:47",
  "originalDuration" : 1024000,
  "hasGps" : false,
  "shouldFetchDetails" : false
},{
  "logId" : 12646566040,
  "activityName" : "Elliptical",
  "activityTypeId" : 20047,
  "activityLevel" : [{
    "minutes" : 0,
    "name" : "sedentary"
  },{
    "minutes" : 0,
    "name" : "lightly"
  },{
    "minutes" : 4,
    "name" : "fairly"
  },{
    "minutes" : 31,
    "name" : "very"
  }],
  "calories" : 276,
  "duration" : 2099000,
  "activeDuration" : 2099000,
  "steps" : 4303,
  "logType" : "auto_detected",
  "manualValuesSpecified" : {
    "calories" : false,
    "distance" : false,
    "steps" : false
  },
  "lastModified" : "02/27/18 16:54:55",
  "startTime" : "02/27/18 02:53:51",
  "originalStartTime" : "02/27/18 02:53:51",
  "originalDuration" : 2099000,
  "hasGps" : false,
  "shouldFetchDetails" : false
},{
  "logId" : 12648380644,
  "activityName" : "Walk",
  "activityTypeId" : 90013,
  "activityLevel" : [{
    "minutes" : 0,
    "name" : "sedentary"
  },{
    "minutes" : 1,
    "name" : "lightly"
  },{
    "minutes" : 2,
    "name" : "fairly"
  },{
    "minutes" : 14,
    "name" : "very"
  }],
  "calories" : 110,
  "duration" : 1074000,
  "activeDuration" : 1074000,
  "steps" : 1859,
  "logType" : "auto_detected",
  "manualValuesSpecified" : {
    "calories" : false,
    "distance" : false,
    "steps" : false
  },
  "lastModified" : "02/27/18 18:26:09",
  "startTime" : "02/27/18 17:59:15",
  "originalStartTime" : "02/27/18 17:59:15",
  "originalDuration" : 1074000,
  "hasGps" : false,
  "shouldFetchDetails" : false
},{
  "logId" : 12708594802,
  "activityName" : "Walk",
  "activityTypeId" : 90013,
  "activityLevel" : [{
    "minutes" : 0,
    "name" : "sedentary"
  },{
    "minutes" : 1,
    "name" : "lightly"
  },{
    "minutes" : 1,
    "name" : "fairly"
  },{
    "minutes" : 16,
    "name" : "very"
  }],
  "calories" : 109,
  "duration" : 1126000,
  "activeDuration" : 1126000,
  "steps" : 1858,
  "logType" : "auto_detected",
  "manualValuesSpecified" : {
    "calories" : false,
    "distance" : false,
    "steps" : false
  },
  "lastModified" : "03/02/18 16:41:29",
  "startTime" : "02/28/18 17:36:38",
  "originalStartTime" : "02/28/18 17:36:38",
  "originalDuration" : 1126000,
  "hasGps" : false,
  "shouldFetchDetails" : false
},{
  "logId" : 12708594809,
  "activityName" : "Walk",
  "activityTypeId" : 90013,
  "activityLevel" : [{
    "minutes" : 0,
    "name" : "sedentary"
  },{
    "minutes" : 1,
    "name" : "lightly"
  },{
    "minutes" : 3,
    "name" : "fairly"
  },{
    "minutes" : 12,
    "name" : "very"
  }],
  "calories" : 90,
  "duration" : 922000,
  "activeDuration" : 922000,
  "steps" : 1514,
  "logType" : "auto_detected",
  "manualValuesSpecified" : {
    "calories" : false,
    "distance" : false,
    "steps" : false
  },
  "lastModified" : "03/02/18 16:41:30",
  "startTime" : "03/01/18 04:09:48",
  "originalStartTime" : "03/01/18 04:09:48",
  "originalDuration" : 922000,
  "hasGps" : false,
  "shouldFetchDetails" : false
},{
  "logId" : 12708594810,
  "activityName" : "Walk",
  "activityTypeId" : 90013,
  "activityLevel" : [{
    "minutes" : 0,
    "name" : "sedentary"
  },{
    "minutes" : 0,
    "name" : "lightly"
  },{
    "minutes" : 5,
    "name" : "fairly"
  },{
    "minutes" : 16,
    "name" : "very"
  }],
  "calories" : 118,
  "duration" : 1229000,
  "activeDuration" : 1229000,
  "steps" : 1994,
  "logType" : "auto_detected",
  "manualValuesSpecified" : {
    "calories" : false,
    "distance" : false,
    "steps" : false
  },
  "lastModified" : "03/02/18 16:41:30",
  "startTime" : "03/01/18 16:45:51",
  "originalStartTime" : "03/01/18 16:45:51",
  "originalDuration" : 1229000,
  "hasGps" : false,
  "shouldFetchDetails" : false
},{
  "logId" : 12708594812,
  "activityName" : "Walk",
  "activityTypeId" : 90013,
  "activityLevel" : [{
    "minutes" : 0,
    "name" : "sedentary"
  },{
    "minutes" : 1,
    "name" : "lightly"
  },{
    "minutes" : 1,
    "name" : "fairly"
  },{
    "minutes" : 16,
    "name" : "very"
  }],
  "calories" : 109,
  "duration" : 1127000,
  "activeDuration" : 1127000,
  "steps" : 1868,
  "logType" : "auto_detected",
  "manualValuesSpecified" : {
    "calories" : false,
    "distance" : false,
    "steps" : false
  },
  "lastModified" : "03/02/18 16:41:30",
  "startTime" : "03/02/18 01:39:11",
  "originalStartTime" : "03/02/18 01:39:11",
  "originalDuration" : 1127000,
  "hasGps" : false,
  "shouldFetchDetails" : false
},{
  "logId" : 12708594815,
  "activityName" : "Aerobic Workout",
  "activityTypeId" : 3001,
  "activityLevel" : [{
    "minutes" : 0,
    "name" : "sedentary"
  },{
    "minutes" : 2,
    "name" : "lightly"
  },{
    "minutes" : 7,
    "name" : "fairly"
  },{
    "minutes" : 8,
    "name" : "very"
  }],
  "calories" : 84,
  "duration" : 1075000,
  "activeDuration" : 1075000,
  "steps" : 1364,
  "logType" : "auto_detected",
  "manualValuesSpecified" : {
    "calories" : false,
    "distance" : false,
    "steps" : false
  },
  "lastModified" : "03/02/18 16:41:30",
  "startTime" : "03/02/18 07:06:01",
  "originalStartTime" : "03/02/18 07:06:01",
  "originalDuration" : 1075000,
  "hasGps" : false,
  "shouldFetchDetails" : false
},{
  "logId" : 12708594817,
  "activityName" : "Walk",
  "activityTypeId" : 90013,
  "activityLevel" : [{
    "minutes" : 1,
    "name" : "sedentary"
  },{
    "minutes" : 1,
    "name" : "lightly"
  },{
    "minutes" : 1,
    "name" : "fairly"
  },{
    "minutes" : 12,
    "name" : "very"
  }],
  "calories" : 85,
  "duration" : 922000,
  "activeDuration" : 922000,
  "steps" : 1450,
  "logType" : "auto_detected",
  "manualValuesSpecified" : {
    "calories" : false,
    "distance" : false,
    "steps" : false
  },
  "lastModified" : "03/02/18 16:41:30",
  "startTime" : "03/02/18 09:07:11",
  "originalStartTime" : "03/02/18 09:07:11",
  "originalDuration" : 922000,
  "hasGps" : false,
  "shouldFetchDetails" : false
},{
  "logId" : 12748873068,
  "activityName" : "Walk",
  "activityTypeId" : 90013,
  "activityLevel" : [{
    "minutes" : 0,
    "name" : "sedentary"
  },{
    "minutes" : 1,
    "name" : "lightly"
  },{
    "minutes" : 4,
    "name" : "fairly"
  },{
    "minutes" : 19,
    "name" : "very"
  }],
  "calories" : 144,
  "duration" : 1433000,
  "activeDuration" : 1433000,
  "steps" : 2475,
  "logType" : "auto_detected",
  "manualValuesSpecified" : {
    "calories" : false,
    "distance" : false,
    "steps" : false
  },
  "lastModified" : "03/05/18 02:33:22",
  "startTime" : "03/02/18 17:35:48",
  "originalStartTime" : "03/02/18 17:35:48",
  "originalDuration" : 1433000,
  "hasGps" : false,
  "shouldFetchDetails" : false
},{
  "logId" : 12748873069,
  "activityName" : "Walk",
  "activityTypeId" : 90013,
  "activityLevel" : [{
    "minutes" : 0,
    "name" : "sedentary"
  },{
    "minutes" : 1,
    "name" : "lightly"
  },{
    "minutes" : 4,
    "name" : "fairly"
  },{
    "minutes" : 13,
    "name" : "very"
  }],
  "calories" : 97,
  "duration" : 1075000,
  "activeDuration" : 1075000,
  "steps" : 1646,
  "logType" : "auto_detected",
  "manualValuesSpecified" : {
    "calories" : false,
    "distance" : false,
    "steps" : false
  },
  "lastModified" : "03/05/18 02:33:22",
  "startTime" : "03/02/18 19:08:49",
  "originalStartTime" : "03/02/18 19:08:49",
  "originalDuration" : 1075000,
  "hasGps" : false,
  "shouldFetchDetails" : false
},{
  "logId" : 12748873072,
  "activityName" : "Walk",
  "activityTypeId" : 90013,
  "activityLevel" : [{
    "minutes" : 0,
    "name" : "sedentary"
  },{
    "minutes" : 2,
    "name" : "lightly"
  },{
    "minutes" : 2,
    "name" : "fairly"
  },{
    "minutes" : 26,
    "name" : "very"
  }],
  "calories" : 171,
  "duration" : 1843000,
  "activeDuration" : 1843000,
  "steps" : 2927,
  "logType" : "auto_detected",
  "manualValuesSpecified" : {
    "calories" : false,
    "distance" : false,
    "steps" : false
  },
  "lastModified" : "03/05/18 02:33:22",
  "startTime" : "03/03/18 08:53:08",
  "originalStartTime" : "03/03/18 08:53:08",
  "originalDuration" : 1843000,
  "hasGps" : false,
  "shouldFetchDetails" : false
},{
  "logId" : 12748873073,
  "activityName" : "Walk",
  "activityTypeId" : 90013,
  "activityLevel" : [{
    "minutes" : 0,
    "name" : "sedentary"
  },{
    "minutes" : 3,
    "name" : "lightly"
  },{
    "minutes" : 11,
    "name" : "fairly"
  },{
    "minutes" : 4,
    "name" : "very"
  }],
  "calories" : 79,
  "duration" : 1076000,
  "activeDuration" : 1076000,
  "steps" : 1260,
  "logType" : "auto_detected",
  "manualValuesSpecified" : {
    "calories" : false,
    "distance" : false,
    "steps" : false
  },
  "lastModified" : "03/05/18 02:33:22",
  "startTime" : "03/03/18 23:38:53",
  "originalStartTime" : "03/03/18 23:38:53",
  "originalDuration" : 1076000,
  "hasGps" : false,
  "shouldFetchDetails" : false
},{
  "logId" : 12748873075,
  "activityName" : "Walk",
  "activityTypeId" : 90013,
  "activityLevel" : [{
    "minutes" : 1,
    "name" : "sedentary"
  },{
    "minutes" : 0,
    "name" : "lightly"
  },{
    "minutes" : 5,
    "name" : "fairly"
  },{
    "minutes" : 17,
    "name" : "very"
  }],
  "calories" : 130,
  "duration" : 1383000,
  "activeDuration" : 1383000,
  "steps" : 2161,
  "logType" : "auto_detected",
  "manualValuesSpecified" : {
    "calories" : false,
    "distance" : false,
    "steps" : false
  },
  "lastModified" : "03/05/18 02:33:22",
  "startTime" : "03/04/18 02:50:02",
  "originalStartTime" : "03/04/18 02:50:02",
  "originalDuration" : 1383000,
  "hasGps" : false,
  "shouldFetchDetails" : false
},{
  "logId" : 12758969133,
  "activityName" : "Walk",
  "activityTypeId" : 90013,
  "activityLevel" : [{
    "minutes" : 0,
    "name" : "sedentary"
  },{
    "minutes" : 0,
    "name" : "lightly"
  },{
    "minutes" : 2,
    "name" : "fairly"
  },{
    "minutes" : 16,
    "name" : "very"
  }],
  "calories" : 111,
  "duration" : 1075000,
  "activeDuration" : 1075000,
  "steps" : 1936,
  "logType" : "auto_detected",
  "manualValuesSpecified" : {
    "calories" : false,
    "distance" : false,
    "steps" : false
  },
  "lastModified" : "03/05/18 17:29:22",
  "startTime" : "03/05/18 03:43:58",
  "originalStartTime" : "03/05/18 03:43:58",
  "originalDuration" : 1075000,
  "hasGps" : false,
  "shouldFetchDetails" : false
},{
  "logId" : 12758969135,
  "activityName" : "Walk",
  "activityTypeId" : 90013,
  "activityLevel" : [{
    "minutes" : 0,
    "name" : "sedentary"
  },{
    "minutes" : 1,
    "name" : "lightly"
  },{
    "minutes" : 1,
    "name" : "fairly"
  },{
    "minutes" : 16,
    "name" : "very"
  }],
  "calories" : 110,
  "duration" : 1076000,
  "activeDuration" : 1076000,
  "steps" : 1897,
  "logType" : "auto_detected",
  "manualValuesSpecified" : {
    "calories" : false,
    "distance" : false,
    "steps" : false
  },
  "lastModified" : "03/05/18 17:29:22",
  "startTime" : "03/05/18 06:03:54",
  "originalStartTime" : "03/05/18 06:03:54",
  "originalDuration" : 1076000,
  "hasGps" : false,
  "shouldFetchDetails" : false
},{
  "logId" : 12758969137,
  "activityName" : "Walk",
  "activityTypeId" : 90013,
  "activityLevel" : [{
    "minutes" : 1,
    "name" : "sedentary"
  },{
    "minutes" : 0,
    "name" : "lightly"
  },{
    "minutes" : 3,
    "name" : "fairly"
  },{
    "minutes" : 17,
    "name" : "very"
  }],
  "calories" : 123,
  "duration" : 1280000,
  "activeDuration" : 1280000,
  "steps" : 2104,
  "logType" : "auto_detected",
  "manualValuesSpecified" : {
    "calories" : false,
    "distance" : false,
    "steps" : false
  },
  "lastModified" : "03/05/18 17:29:22",
  "startTime" : "03/05/18 16:34:31",
  "originalStartTime" : "03/05/18 16:34:31",
  "originalDuration" : 1280000,
  "hasGps" : false,
  "shouldFetchDetails" : false
},{
  "logId" : 12776717532,
  "activityName" : "Elliptical",
  "activityTypeId" : 20047,
  "activityLevel" : [{
    "minutes" : 0,
    "name" : "sedentary"
  },{
    "minutes" : 1,
    "name" : "lightly"
  },{
    "minutes" : 4,
    "name" : "fairly"
  },{
    "minutes" : 26,
    "name" : "very"
  }],
  "calories" : 199,
  "duration" : 1843000,
  "activeDuration" : 1843000,
  "steps" : 3292,
  "logType" : "auto_detected",
  "manualValuesSpecified" : {
    "calories" : false,
    "distance" : false,
    "steps" : false
  },
  "lastModified" : "03/06/18 15:31:33",
  "startTime" : "03/06/18 01:52:36",
  "originalStartTime" : "03/06/18 01:52:36",
  "originalDuration" : 1843000,
  "hasGps" : false,
  "shouldFetchDetails" : false
},{
  "logId" : 12776717534,
  "activityName" : "Walk",
  "activityTypeId" : 90013,
  "activityLevel" : [{
    "minutes" : 0,
    "name" : "sedentary"
  },{
    "minutes" : 1,
    "name" : "lightly"
  },{
    "minutes" : 2,
    "name" : "fairly"
  },{
    "minutes" : 17,
    "name" : "very"
  }],
  "calories" : 117,
  "duration" : 1229000,
  "activeDuration" : 1229000,
  "steps" : 1999,
  "logType" : "auto_detected",
  "manualValuesSpecified" : {
    "calories" : false,
    "distance" : false,
    "steps" : false
  },
  "lastModified" : "03/06/18 15:31:33",
  "startTime" : "03/06/18 03:04:17",
  "originalStartTime" : "03/06/18 03:04:17",
  "originalDuration" : 1229000,
  "hasGps" : false,
  "shouldFetchDetails" : false
},{
  "logId" : 12776717535,
  "activityName" : "Walk",
  "activityTypeId" : 90013,
  "activityLevel" : [{
    "minutes" : 0,
    "name" : "sedentary"
  },{
    "minutes" : 1,
    "name" : "lightly"
  },{
    "minutes" : 1,
    "name" : "fairly"
  },{
    "minutes" : 19,
    "name" : "very"
  }],
  "calories" : 124,
  "duration" : 1280000,
  "activeDuration" : 1280000,
  "steps" : 2136,
  "logType" : "auto_detected",
  "manualValuesSpecified" : {
    "calories" : false,
    "distance" : false,
    "steps" : false
  },
  "lastModified" : "03/06/18 15:31:33",
  "startTime" : "03/06/18 05:05:27",
  "originalStartTime" : "03/06/18 05:05:27",
  "originalDuration" : 1280000,
  "hasGps" : false,
  "shouldFetchDetails" : false
},{
  "logId" : 12820855202,
  "activityName" : "Walk",
  "activityTypeId" : 90013,
  "activityLevel" : [{
    "minutes" : 0,
    "name" : "sedentary"
  },{
    "minutes" : 1,
    "name" : "lightly"
  },{
    "minutes" : 4,
    "name" : "fairly"
  },{
    "minutes" : 14,
    "name" : "very"
  }],
  "calories" : 110,
  "duration" : 1127000,
  "activeDuration" : 1127000,
  "steps" : 1878,
  "logType" : "auto_detected",
  "manualValuesSpecified" : {
    "calories" : false,
    "distance" : false,
    "steps" : false
  },
  "lastModified" : "03/08/18 18:14:55",
  "startTime" : "03/06/18 16:23:51",
  "originalStartTime" : "03/06/18 16:23:51",
  "originalDuration" : 1127000,
  "hasGps" : false,
  "shouldFetchDetails" : false
},{
  "logId" : 12820855208,
  "activityName" : "Walk",
  "activityTypeId" : 90013,
  "activityLevel" : [{
    "minutes" : 0,
    "name" : "sedentary"
  },{
    "minutes" : 1,
    "name" : "lightly"
  },{
    "minutes" : 2,
    "name" : "fairly"
  },{
    "minutes" : 17,
    "name" : "very"
  }],
  "calories" : 117,
  "duration" : 1229000,
  "activeDuration" : 1229000,
  "steps" : 2006,
  "logType" : "auto_detected",
  "manualValuesSpecified" : {
    "calories" : false,
    "distance" : false,
    "steps" : false
  },
  "lastModified" : "03/08/18 18:14:55",
  "startTime" : "03/07/18 04:45:24",
  "originalStartTime" : "03/07/18 04:45:24",
  "originalDuration" : 1229000,
  "hasGps" : false,
  "shouldFetchDetails" : false
},{
  "logId" : 12820855209,
  "activityName" : "Walk",
  "activityTypeId" : 90013,
  "activityLevel" : [{
    "minutes" : 0,
    "name" : "sedentary"
  },{
    "minutes" : 3,
    "name" : "lightly"
  },{
    "minutes" : 4,
    "name" : "fairly"
  },{
    "minutes" : 18,
    "name" : "very"
  }],
  "calories" : 138,
  "duration" : 1536000,
  "activeDuration" : 1536000,
  "steps" : 2348,
  "logType" : "auto_detected",
  "manualValuesSpecified" : {
    "calories" : false,
    "distance" : false,
    "steps" : false
  },
  "lastModified" : "03/08/18 18:14:55",
  "startTime" : "03/07/18 17:33:24",
  "originalStartTime" : "03/07/18 17:33:24",
  "originalDuration" : 1536000,
  "hasGps" : false,
  "shouldFetchDetails" : false
},{
  "logId" : 12820855212,
  "activityName" : "Walk",
  "activityTypeId" : 90013,
  "activityLevel" : [{
    "minutes" : 2,
    "name" : "sedentary"
  },{
    "minutes" : 2,
    "name" : "lightly"
  },{
    "minutes" : 4,
    "name" : "fairly"
  },{
    "minutes" : 10,
    "name" : "very"
  }],
  "calories" : 82,
  "duration" : 1127000,
  "activeDuration" : 1127000,
  "steps" : 1319,
  "logType" : "auto_detected",
  "manualValuesSpecified" : {
    "calories" : false,
    "distance" : false,
    "steps" : false
  },
  "lastModified" : "03/08/18 18:14:55",
  "startTime" : "03/07/18 22:03:03",
  "originalStartTime" : "03/07/18 22:03:03",
  "originalDuration" : 1127000,
  "hasGps" : false,
  "shouldFetchDetails" : false
},{
  "logId" : 12820855213,
  "activityName" : "Walk",
  "activityTypeId" : 90013,
  "activityLevel" : [{
    "minutes" : 0,
    "name" : "sedentary"
  },{
    "minutes" : 1,
    "name" : "lightly"
  },{
    "minutes" : 1,
    "name" : "fairly"
  },{
    "minutes" : 14,
    "name" : "very"
  }],
  "calories" : 96,
  "duration" : 973000,
  "activeDuration" : 973000,
  "steps" : 1632,
  "logType" : "auto_detected",
  "manualValuesSpecified" : {
    "calories" : false,
    "distance" : false,
    "steps" : false
  },
  "lastModified" : "03/08/18 18:14:55",
  "startTime" : "03/08/18 00:44:20",
  "originalStartTime" : "03/08/18 00:44:20",
  "originalDuration" : 973000,
  "hasGps" : false,
  "shouldFetchDetails" : false
},{
  "logId" : 12820855214,
  "activityName" : "Walk",
  "activityTypeId" : 90013,
  "activityLevel" : [{
    "minutes" : 0,
    "name" : "sedentary"
  },{
    "minutes" : 2,
    "name" : "lightly"
  },{
    "minutes" : 2,
    "name" : "fairly"
  },{
    "minutes" : 15,
    "name" : "very"
  }],
  "calories" : 111,
  "duration" : 1126000,
  "activeDuration" : 1126000,
  "steps" : 1885,
  "logType" : "auto_detected",
  "manualValuesSpecified" : {
    "calories" : false,
    "distance" : false,
    "steps" : false
  },
  "lastModified" : "03/08/18 18:14:55",
  "startTime" : "03/08/18 16:30:41",
  "originalStartTime" : "03/08/18 16:30:41",
  "originalDuration" : 1126000,
  "hasGps" : false,
  "shouldFetchDetails" : false
},{
  "logId" : 12833400119,
  "activityName" : "Walk",
  "activityTypeId" : 90013,
  "activityLevel" : [{
    "minutes" : 0,
    "name" : "sedentary"
  },{
    "minutes" : 2,
    "name" : "lightly"
  },{
    "minutes" : 2,
    "name" : "fairly"
  },{
    "minutes" : 14,
    "name" : "very"
  }],
  "calories" : 106,
  "duration" : 1075000,
  "activeDuration" : 1075000,
  "steps" : 1791,
  "logType" : "auto_detected",
  "manualValuesSpecified" : {
    "calories" : false,
    "distance" : false,
    "steps" : false
  },
  "lastModified" : "03/09/18 05:38:35",
  "startTime" : "03/08/18 21:59:10",
  "originalStartTime" : "03/08/18 21:59:10",
  "originalDuration" : 1075000,
  "hasGps" : false,
  "shouldFetchDetails" : false
},{
  "logId" : 12833400122,
  "activityName" : "Walk",
  "activityTypeId" : 90013,
  "activityLevel" : [{
    "minutes" : 2,
    "name" : "sedentary"
  },{
    "minutes" : 2,
    "name" : "lightly"
  },{
    "minutes" : 2,
    "name" : "fairly"
  },{
    "minutes" : 11,
    "name" : "very"
  }],
  "calories" : 87,
  "duration" : 1024000,
  "activeDuration" : 1024000,
  "steps" : 1458,
  "logType" : "auto_detected",
  "manualValuesSpecified" : {
    "calories" : false,
    "distance" : false,
    "steps" : false
  },
  "lastModified" : "03/09/18 05:38:35",
  "startTime" : "03/09/18 00:18:16",
  "originalStartTime" : "03/09/18 00:18:16",
  "originalDuration" : 1024000,
  "hasGps" : false,
  "shouldFetchDetails" : false
},{
  "logId" : 12857965835,
  "activityName" : "Walk",
  "activityTypeId" : 90013,
  "activityLevel" : [{
    "minutes" : 0,
    "name" : "sedentary"
  },{
    "minutes" : 1,
    "name" : "lightly"
  },{
    "minutes" : 1,
    "name" : "fairly"
  },{
    "minutes" : 14,
    "name" : "very"
  }],
  "calories" : 98,
  "duration" : 973000,
  "activeDuration" : 973000,
  "steps" : 1696,
  "logType" : "auto_detected",
  "manualValuesSpecified" : {
    "calories" : false,
    "distance" : false,
    "steps" : false
  },
  "lastModified" : "03/10/18 15:59:40",
  "startTime" : "03/09/18 16:58:26",
  "originalStartTime" : "03/09/18 16:58:26",
  "originalDuration" : 973000,
  "hasGps" : false,
  "shouldFetchDetails" : false
},{
  "logId" : 12857965836,
  "activityName" : "Walk",
  "activityTypeId" : 90013,
  "activityLevel" : [{
    "minutes" : 4,
    "name" : "sedentary"
  },{
    "minutes" : 9,
    "name" : "lightly"
  },{
    "minutes" : 2,
    "name" : "fairly"
  },{
    "minutes" : 8,
    "name" : "very"
  }],
  "calories" : 108,
  "duration" : 1382000,
  "activeDuration" : 1382000,
  "steps" : 1723,
  "logType" : "auto_detected",
  "manualValuesSpecified" : {
    "calories" : false,
    "distance" : false,
    "steps" : false
  },
  "lastModified" : "03/10/18 15:59:40",
  "startTime" : "03/09/18 19:36:18",
  "originalStartTime" : "03/09/18 19:36:18",
  "originalDuration" : 1382000,
  "hasGps" : false,
  "shouldFetchDetails" : false
},{
  "logId" : 12857965838,
  "activityName" : "Walk",
  "activityTypeId" : 90013,
  "activityLevel" : [{
    "minutes" : 1,
    "name" : "sedentary"
  },{
    "minutes" : 0,
    "name" : "lightly"
  },{
    "minutes" : 2,
    "name" : "fairly"
  },{
    "minutes" : 14,
    "name" : "very"
  }],
  "calories" : 101,
  "duration" : 1024000,
  "activeDuration" : 1024000,
  "steps" : 1748,
  "logType" : "auto_detected",
  "manualValuesSpecified" : {
    "calories" : false,
    "distance" : false,
    "steps" : false
  },
  "lastModified" : "03/10/18 15:59:40",
  "startTime" : "03/10/18 01:02:16",
  "originalStartTime" : "03/10/18 01:02:16",
  "originalDuration" : 1024000,
  "hasGps" : false,
  "shouldFetchDetails" : false
},{
  "logId" : 12857965839,
  "activityName" : "Walk",
  "activityTypeId" : 90013,
  "activityLevel" : [{
    "minutes" : 3,
    "name" : "sedentary"
  },{
    "minutes" : 12,
    "name" : "lightly"
  },{
    "minutes" : 0,
    "name" : "fairly"
  },{
    "minutes" : 0,
    "name" : "very"
  }],
  "calories" : 66,
  "duration" : 922000,
  "activeDuration" : 922000,
  "steps" : 1030,
  "logType" : "auto_detected",
  "manualValuesSpecified" : {
    "calories" : false,
    "distance" : false,
    "steps" : false
  },
  "lastModified" : "03/10/18 15:59:40",
  "startTime" : "03/10/18 02:35:17",
  "originalStartTime" : "03/10/18 02:35:17",
  "originalDuration" : 922000,
  "hasGps" : false,
  "shouldFetchDetails" : false
},{
  "logId" : 12857965842,
  "activityName" : "Walk",
  "activityTypeId" : 90013,
  "activityLevel" : [{
    "minutes" : 0,
    "name" : "sedentary"
  },{
    "minutes" : 2,
    "name" : "lightly"
  },{
    "minutes" : 2,
    "name" : "fairly"
  },{
    "minutes" : 15,
    "name" : "very"
  }],
  "calories" : 109,
  "duration" : 1178000,
  "activeDuration" : 1178000,
  "steps" : 1816,
  "logType" : "auto_detected",
  "manualValuesSpecified" : {
    "calories" : false,
    "distance" : false,
    "steps" : false
  },
  "lastModified" : "03/10/18 15:59:40",
  "startTime" : "03/10/18 06:03:30",
  "originalStartTime" : "03/10/18 06:03:30",
  "originalDuration" : 1178000,
  "hasGps" : false,
  "shouldFetchDetails" : false
},{
  "logId" : 12857965844,
  "activityName" : "Walk",
  "activityTypeId" : 90013,
  "activityLevel" : [{
    "minutes" : 0,
    "name" : "sedentary"
  },{
    "minutes" : 2,
    "name" : "lightly"
  },{
    "minutes" : 1,
    "name" : "fairly"
  },{
    "minutes" : 15,
    "name" : "very"
  }],
  "calories" : 108,
  "duration" : 1075000,
  "activeDuration" : 1075000,
  "steps" : 1840,
  "logType" : "auto_detected",
  "manualValuesSpecified" : {
    "calories" : false,
    "distance" : false,
    "steps" : false
  },
  "lastModified" : "03/10/18 15:59:40",
  "startTime" : "03/10/18 07:11:46",
  "originalStartTime" : "03/10/18 07:11:46",
  "originalDuration" : 1075000,
  "hasGps" : false,
  "shouldFetchDetails" : false
},{
  "logId" : 12859772822,
  "activityName" : "Walk",
  "activityTypeId" : 90013,
  "activityLevel" : [{
    "minutes" : 0,
    "name" : "sedentary"
  },{
    "minutes" : 2,
    "name" : "lightly"
  },{
    "minutes" : 1,
    "name" : "fairly"
  },{
    "minutes" : 18,
    "name" : "very"
  }],
  "calories" : 120,
  "duration" : 1280000,
  "activeDuration" : 1280000,
  "steps" : 2029,
  "logType" : "auto_detected",
  "manualValuesSpecified" : {
    "calories" : false,
    "distance" : false,
    "steps" : false
  },
  "lastModified" : "03/10/18 17:46:24",
  "startTime" : "03/10/18 17:14:14",
  "originalStartTime" : "03/10/18 17:14:14",
  "originalDuration" : 1280000,
  "hasGps" : false,
  "shouldFetchDetails" : false
},{
  "logId" : 12861232361,
  "activityName" : "Sport",
  "activityTypeId" : 15000,
  "activityLevel" : [{
    "minutes" : 1,
    "name" : "sedentary"
  },{
    "minutes" : 4,
    "name" : "lightly"
  },{
    "minutes" : 11,
    "name" : "fairly"
  },{
    "minutes" : 18,
    "name" : "very"
  }],
  "calories" : 166,
  "duration" : 2099000,
  "activeDuration" : 2099000,
  "steps" : 2724,
  "logType" : "auto_detected",
  "manualValuesSpecified" : {
    "calories" : false,
    "distance" : false,
    "steps" : false
  },
  "lastModified" : "03/10/18 19:32:32",
  "startTime" : "03/10/18 18:35:18",
  "originalStartTime" : "03/10/18 18:35:18",
  "originalDuration" : 2099000,
  "hasGps" : false,
  "shouldFetchDetails" : false
},{
  "logId" : 12862374926,
  "activityName" : "Walk",
  "activityTypeId" : 90013,
  "activityLevel" : [{
    "minutes" : 0,
    "name" : "sedentary"
  },{
    "minutes" : 2,
    "name" : "lightly"
  },{
    "minutes" : 10,
    "name" : "fairly"
  },{
    "minutes" : 16,
    "name" : "very"
  }],
  "calories" : 144,
  "duration" : 1689000,
  "activeDuration" : 1689000,
  "steps" : 2412,
  "logType" : "auto_detected",
  "manualValuesSpecified" : {
    "calories" : false,
    "distance" : false,
    "steps" : false
  },
  "lastModified" : "03/10/18 20:48:30",
  "startTime" : "03/10/18 20:06:36",
  "originalStartTime" : "03/10/18 20:06:36",
  "originalDuration" : 1689000,
  "hasGps" : false,
  "shouldFetchDetails" : false
},{
  "logId" : 12864102593,
  "activityName" : "Walk",
  "activityTypeId" : 90013,
  "activityLevel" : [{
    "minutes" : 0,
    "name" : "sedentary"
  },{
    "minutes" : 1,
    "name" : "lightly"
  },{
    "minutes" : 1,
    "name" : "fairly"
  },{
    "minutes" : 16,
    "name" : "very"
  }],
  "calories" : 104,
  "duration" : 1075000,
  "activeDuration" : 1075000,
  "steps" : 1776,
  "logType" : "auto_detected",
  "manualValuesSpecified" : {
    "calories" : false,
    "distance" : false,
    "steps" : false
  },
  "lastModified" : "03/10/18 22:35:05",
  "startTime" : "03/10/18 21:59:15",
  "originalStartTime" : "03/10/18 21:59:15",
  "originalDuration" : 1075000,
  "hasGps" : false,
  "shouldFetchDetails" : false
},{
  "logId" : 12884168277,
  "activityName" : "Walk",
  "activityTypeId" : 90013,
  "activityLevel" : [{
    "minutes" : 0,
    "name" : "sedentary"
  },{
    "minutes" : 1,
    "name" : "lightly"
  },{
    "minutes" : 0,
    "name" : "fairly"
  },{
    "minutes" : 18,
    "name" : "very"
  }],
  "calories" : 118,
  "duration" : 1178000,
  "activeDuration" : 1178000,
  "steps" : 2037,
  "logType" : "auto_detected",
  "manualValuesSpecified" : {
    "calories" : false,
    "distance" : false,
    "steps" : false
  },
  "lastModified" : "03/12/18 04:47:36",
  "startTime" : "03/12/18 01:34:43",
  "originalStartTime" : "03/12/18 01:34:43",
  "originalDuration" : 1178000,
  "hasGps" : false,
  "shouldFetchDetails" : false
},{
  "logId" : 12884143439,
  "activityName" : "Walk",
  "activityTypeId" : 90013,
  "activityLevel" : [{
    "minutes" : 0,
    "name" : "sedentary"
  },{
    "minutes" : 1,
    "name" : "lightly"
  },{
    "minutes" : 3,
    "name" : "fairly"
  },{
    "minutes" : 17,
    "name" : "very"
  }],
  "calories" : 124,
  "duration" : 1229000,
  "activeDuration" : 1229000,
  "steps" : 2103,
  "logType" : "auto_detected",
  "manualValuesSpecified" : {
    "calories" : false,
    "distance" : false,
    "steps" : false
  },
  "lastModified" : "03/12/18 05:02:49",
  "startTime" : "03/12/18 04:29:39",
  "originalStartTime" : "03/12/18 04:29:39",
  "originalDuration" : 1229000,
  "hasGps" : false,
  "shouldFetchDetails" : false
},{
  "logId" : 12892059675,
  "activityName" : "Walk",
  "activityTypeId" : 90013,
  "activityLevel" : [{
    "minutes" : 0,
    "name" : "sedentary"
  },{
    "minutes" : 3,
    "name" : "lightly"
  },{
    "minutes" : 2,
    "name" : "fairly"
  },{
    "minutes" : 15,
    "name" : "very"
  }],
  "calories" : 111,
  "duration" : 1228000,
  "activeDuration" : 1228000,
  "steps" : 1872,
  "logType" : "auto_detected",
  "manualValuesSpecified" : {
    "calories" : false,
    "distance" : false,
    "steps" : false
  },
  "lastModified" : "03/12/18 15:57:42",
  "startTime" : "03/12/18 15:22:28",
  "originalStartTime" : "03/12/18 15:22:28",
  "originalDuration" : 1228000,
  "hasGps" : false,
  "shouldFetchDetails" : false
},{
  "logId" : 13013855508,
  "activityName" : "Walk",
  "activityTypeId" : 90013,
  "activityLevel" : [{
    "minutes" : 0,
    "name" : "sedentary"
  },{
    "minutes" : 2,
    "name" : "lightly"
  },{
    "minutes" : 2,
    "name" : "fairly"
  },{
    "minutes" : 12,
    "name" : "very"
  }],
  "calories" : 92,
  "duration" : 973000,
  "activeDuration" : 973000,
  "steps" : 1564,
  "logType" : "auto_detected",
  "manualValuesSpecified" : {
    "calories" : false,
    "distance" : false,
    "steps" : false
  },
  "lastModified" : "03/18/18 20:00:51",
  "startTime" : "03/16/18 16:58:02",
  "originalStartTime" : "03/16/18 16:58:02",
  "originalDuration" : 973000,
  "hasGps" : false,
  "shouldFetchDetails" : false
},{
  "logId" : 13013855511,
  "activityName" : "Walk",
  "activityTypeId" : 90013,
  "activityLevel" : [{
    "minutes" : 0,
    "name" : "sedentary"
  },{
    "minutes" : 1,
    "name" : "lightly"
  },{
    "minutes" : 1,
    "name" : "fairly"
  },{
    "minutes" : 28,
    "name" : "very"
  }],
  "calories" : 181,
  "duration" : 1792000,
  "activeDuration" : 1792000,
  "steps" : 3138,
  "logType" : "auto_detected",
  "manualValuesSpecified" : {
    "calories" : false,
    "distance" : false,
    "steps" : false
  },
  "lastModified" : "03/18/18 20:00:51",
  "startTime" : "03/16/18 22:25:43",
  "originalStartTime" : "03/16/18 22:25:43",
  "originalDuration" : 1792000,
  "hasGps" : false,
  "shouldFetchDetails" : false
},{
  "logId" : 13013855517,
  "activityName" : "Walk",
  "activityTypeId" : 90013,
  "activityLevel" : [{
    "minutes" : 1,
    "name" : "sedentary"
  },{
    "minutes" : 2,
    "name" : "lightly"
  },{
    "minutes" : 6,
    "name" : "fairly"
  },{
    "minutes" : 21,
    "name" : "very"
  }],
  "calories" : 159,
  "duration" : 1843000,
  "activeDuration" : 1843000,
  "steps" : 2685,
  "logType" : "auto_detected",
  "manualValuesSpecified" : {
    "calories" : false,
    "distance" : false,
    "steps" : false
  },
  "lastModified" : "03/18/18 20:00:51",
  "startTime" : "03/18/18 01:50:05",
  "originalStartTime" : "03/18/18 01:50:05",
  "originalDuration" : 1843000,
  "hasGps" : false,
  "shouldFetchDetails" : false
},{
  "logId" : 13013855520,
  "activityName" : "Walk",
  "activityTypeId" : 90013,
  "activityLevel" : [{
    "minutes" : 0,
    "name" : "sedentary"
  },{
    "minutes" : 1,
    "name" : "lightly"
  },{
    "minutes" : 4,
    "name" : "fairly"
  },{
    "minutes" : 20,
    "name" : "very"
  }],
  "calories" : 138,
  "duration" : 1485000,
  "activeDuration" : 1485000,
  "steps" : 2338,
  "logType" : "auto_detected",
  "manualValuesSpecified" : {
    "calories" : false,
    "distance" : false,
    "steps" : false
  },
  "lastModified" : "03/18/18 20:00:51",
  "startTime" : "03/18/18 09:01:52",
  "originalStartTime" : "03/18/18 09:01:52",
  "originalDuration" : 1485000,
  "hasGps" : false,
  "shouldFetchDetails" : false
},{
  "logId" : 13018471669,
  "activityName" : "Walk",
  "activityTypeId" : 90013,
  "activityLevel" : [{
    "minutes" : 0,
    "name" : "sedentary"
  },{
    "minutes" : 2,
    "name" : "lightly"
  },{
    "minutes" : 0,
    "name" : "fairly"
  },{
    "minutes" : 15,
    "name" : "very"
  }],
  "calories" : 101,
  "duration" : 1024000,
  "activeDuration" : 1024000,
  "steps" : 1717,
  "logType" : "auto_detected",
  "manualValuesSpecified" : {
    "calories" : false,
    "distance" : false,
    "steps" : false
  },
  "lastModified" : "03/19/18 02:06:51",
  "startTime" : "03/19/18 01:43:51",
  "originalStartTime" : "03/19/18 01:43:51",
  "originalDuration" : 1024000,
  "hasGps" : false,
  "shouldFetchDetails" : false
},{
  "logId" : 13020129170,
  "activityName" : "Walk",
  "activityTypeId" : 90013,
  "activityLevel" : [{
    "minutes" : 0,
    "name" : "sedentary"
  },{
    "minutes" : 0,
    "name" : "lightly"
  },{
    "minutes" : 3,
    "name" : "fairly"
  },{
    "minutes" : 17,
    "name" : "very"
  }],
  "calories" : 122,
  "duration" : 1229000,
  "activeDuration" : 1229000,
  "steps" : 2096,
  "logType" : "auto_detected",
  "manualValuesSpecified" : {
    "calories" : false,
    "distance" : false,
    "steps" : false
  },
  "lastModified" : "03/19/18 04:46:37",
  "startTime" : "03/19/18 04:08:03",
  "originalStartTime" : "03/19/18 04:08:03",
  "originalDuration" : 1229000,
  "hasGps" : false,
  "shouldFetchDetails" : false
},{
  "logId" : 13041475116,
  "activityName" : "Walk",
  "activityTypeId" : 90013,
  "activityLevel" : [{
    "minutes" : 0,
    "name" : "sedentary"
  },{
    "minutes" : 6,
    "name" : "lightly"
  },{
    "minutes" : 4,
    "name" : "fairly"
  },{
    "minutes" : 18,
    "name" : "very"
  }],
  "calories" : 148,
  "duration" : 1690000,
  "activeDuration" : 1690000,
  "steps" : 2446,
  "logType" : "auto_detected",
  "manualValuesSpecified" : {
    "calories" : false,
    "distance" : false,
    "steps" : false
  },
  "lastModified" : "03/20/18 02:00:57",
  "startTime" : "03/19/18 15:19:38",
  "originalStartTime" : "03/19/18 15:19:38",
  "originalDuration" : 1690000,
  "hasGps" : false,
  "shouldFetchDetails" : false
},{
  "logId" : 13041475117,
  "activityName" : "Walk",
  "activityTypeId" : 90013,
  "activityLevel" : [{
    "minutes" : 0,
    "name" : "sedentary"
  },{
    "minutes" : 2,
    "name" : "lightly"
  },{
    "minutes" : 2,
    "name" : "fairly"
  },{
    "minutes" : 17,
    "name" : "very"
  }],
  "calories" : 120,
  "duration" : 1280000,
  "activeDuration" : 1280000,
  "steps" : 2059,
  "logType" : "auto_detected",
  "manualValuesSpecified" : {
    "calories" : false,
    "distance" : false,
    "steps" : false
  },
  "lastModified" : "03/20/18 02:00:57",
  "startTime" : "03/19/18 22:53:37",
  "originalStartTime" : "03/19/18 22:53:37",
  "originalDuration" : 1280000,
  "hasGps" : false,
  "shouldFetchDetails" : false
},{
  "logId" : 13042104149,
  "activityName" : "Walk",
  "activityTypeId" : 90013,
  "activityLevel" : [{
    "minutes" : 0,
    "name" : "sedentary"
  },{
    "minutes" : 0,
    "name" : "lightly"
  },{
    "minutes" : 3,
    "name" : "fairly"
  },{
    "minutes" : 23,
    "name" : "very"
  }],
  "calories" : 161,
  "duration" : 1592000,
  "activeDuration" : 1592000,
  "steps" : 2740,
  "logType" : "auto_detected",
  "manualValuesSpecified" : {
    "calories" : false,
    "distance" : false,
    "steps" : false
  },
  "lastModified" : "03/20/18 03:02:02",
  "startTime" : "03/20/18 02:21:45",
  "originalStartTime" : "03/20/18 02:21:45",
  "originalDuration" : 1592000,
  "hasGps" : false,
  "shouldFetchDetails" : false
},{
  "logId" : 13042391959,
  "activityName" : "Elliptical",
  "activityTypeId" : 20047,
  "activityLevel" : [{
    "minutes" : 0,
    "name" : "sedentary"
  },{
    "minutes" : 0,
    "name" : "lightly"
  },{
    "minutes" : 9,
    "name" : "fairly"
  },{
    "minutes" : 24,
    "name" : "very"
  }],
  "calories" : 184,
  "duration" : 1996000,
  "activeDuration" : 1996000,
  "steps" : 3128,
  "logType" : "auto_detected",
  "manualValuesSpecified" : {
    "calories" : false,
    "distance" : false,
    "steps" : false
  },
  "lastModified" : "03/20/18 03:32:28",
  "startTime" : "03/20/18 02:48:17",
  "originalStartTime" : "03/20/18 02:48:17",
  "originalDuration" : 1996000,
  "hasGps" : false,
  "shouldFetchDetails" : false
},{
  "logId" : 13096000876,
  "activityName" : "Walk",
  "activityTypeId" : 90013,
  "activityLevel" : [{
    "minutes" : 0,
    "name" : "sedentary"
  },{
    "minutes" : 1,
    "name" : "lightly"
  },{
    "minutes" : 2,
    "name" : "fairly"
  },{
    "minutes" : 17,
    "name" : "very"
  }],
  "calories" : 117,
  "duration" : 1229000,
  "activeDuration" : 1229000,
  "steps" : 1992,
  "logType" : "auto_detected",
  "manualValuesSpecified" : {
    "calories" : false,
    "distance" : false,
    "steps" : false
  },
  "lastModified" : "03/22/18 17:50:57",
  "startTime" : "03/20/18 18:15:51",
  "originalStartTime" : "03/20/18 18:15:51",
  "originalDuration" : 1229000,
  "hasGps" : false,
  "shouldFetchDetails" : false
},{
  "logId" : 13096000882,
  "activityName" : "Walk",
  "activityTypeId" : 90013,
  "activityLevel" : [{
    "minutes" : 0,
    "name" : "sedentary"
  },{
    "minutes" : 0,
    "name" : "lightly"
  },{
    "minutes" : 7,
    "name" : "fairly"
  },{
    "minutes" : 18,
    "name" : "very"
  }],
  "calories" : 136,
  "duration" : 1485000,
  "activeDuration" : 1485000,
  "steps" : 2313,
  "logType" : "auto_detected",
  "manualValuesSpecified" : {
    "calories" : false,
    "distance" : false,
    "steps" : false
  },
  "lastModified" : "03/22/18 17:50:58",
  "startTime" : "03/21/18 16:44:58",
  "originalStartTime" : "03/21/18 16:44:58",
  "originalDuration" : 1485000,
  "hasGps" : false,
  "shouldFetchDetails" : false
},{
  "logId" : 13096000885,
  "activityName" : "Walk",
  "activityTypeId" : 90013,
  "activityLevel" : [{
    "minutes" : 0,
    "name" : "sedentary"
  },{
    "minutes" : 0,
    "name" : "lightly"
  },{
    "minutes" : 2,
    "name" : "fairly"
  },{
    "minutes" : 14,
    "name" : "very"
  }],
  "calories" : 102,
  "duration" : 972000,
  "activeDuration" : 972000,
  "steps" : 1770,
  "logType" : "auto_detected",
  "manualValuesSpecified" : {
    "calories" : false,
    "distance" : false,
    "steps" : false
  },
  "lastModified" : "03/22/18 17:50:58",
  "startTime" : "03/21/18 23:43:58",
  "originalStartTime" : "03/21/18 23:43:58",
  "originalDuration" : 972000,
  "hasGps" : false,
  "shouldFetchDetails" : false
},{
  "logId" : 13096000889,
  "activityName" : "Walk",
  "activityTypeId" : 90013,
  "activityLevel" : [{
    "minutes" : 0,
    "name" : "sedentary"
  },{
    "minutes" : 3,
    "name" : "lightly"
  },{
    "minutes" : 2,
    "name" : "fairly"
  },{
    "minutes" : 13,
    "name" : "very"
  }],
  "calories" : 97,
  "duration" : 1075000,
  "activeDuration" : 1075000,
  "steps" : 1595,
  "logType" : "auto_detected",
  "manualValuesSpecified" : {
    "calories" : false,
    "distance" : false,
    "steps" : false
  },
  "lastModified" : "03/22/18 17:50:58",
  "startTime" : "03/22/18 03:47:10",
  "originalStartTime" : "03/22/18 03:47:10",
  "originalDuration" : 1075000,
  "hasGps" : false,
  "shouldFetchDetails" : false
},{
  "logId" : 13096000890,
  "activityName" : "Walk",
  "activityTypeId" : 90013,
  "activityLevel" : [{
    "minutes" : 0,
    "name" : "sedentary"
  },{
    "minutes" : 1,
    "name" : "lightly"
  },{
    "minutes" : 2,
    "name" : "fairly"
  },{
    "minutes" : 16,
    "name" : "very"
  }],
  "calories" : 115,
  "duration" : 1126000,
  "activeDuration" : 1126000,
  "steps" : 1956,
  "logType" : "auto_detected",
  "manualValuesSpecified" : {
    "calories" : false,
    "distance" : false,
    "steps" : false
  },
  "lastModified" : "03/22/18 17:50:58",
  "startTime" : "03/22/18 15:27:45",
  "originalStartTime" : "03/22/18 15:27:45",
  "originalDuration" : 1126000,
  "hasGps" : false,
  "shouldFetchDetails" : false
},{
  "logId" : 13121013035,
  "activityName" : "Walk",
  "activityTypeId" : 90013,
  "activityLevel" : [{
    "minutes" : 0,
    "name" : "sedentary"
  },{
    "minutes" : 1,
    "name" : "lightly"
  },{
    "minutes" : 3,
    "name" : "fairly"
  },{
    "minutes" : 13,
    "name" : "very"
  }],
  "calories" : 99,
  "duration" : 973000,
  "activeDuration" : 973000,
  "steps" : 1678,
  "logType" : "auto_detected",
  "manualValuesSpecified" : {
    "calories" : false,
    "distance" : false,
    "steps" : false
  },
  "lastModified" : "03/23/18 14:39:51",
  "startTime" : "03/23/18 00:51:49",
  "originalStartTime" : "03/23/18 00:51:49",
  "originalDuration" : 973000,
  "hasGps" : false,
  "shouldFetchDetails" : false
},{
  "logId" : 13121013038,
  "activityName" : "Elliptical",
  "activityTypeId" : 20047,
  "activityLevel" : [{
    "minutes" : 0,
    "name" : "sedentary"
  },{
    "minutes" : 1,
    "name" : "lightly"
  },{
    "minutes" : 3,
    "name" : "fairly"
  },{
    "minutes" : 31,
    "name" : "very"
  }],
  "calories" : 253,
  "duration" : 2100000,
  "activeDuration" : 2100000,
  "steps" : 4178,
  "logType" : "auto_detected",
  "manualValuesSpecified" : {
    "calories" : false,
    "distance" : false,
    "steps" : false
  },
  "lastModified" : "03/23/18 14:39:51",
  "startTime" : "03/23/18 03:04:56",
  "originalStartTime" : "03/23/18 03:04:56",
  "originalDuration" : 2100000,
  "hasGps" : false,
  "shouldFetchDetails" : false
},{
  "logId" : 13164963125,
  "activityName" : "Walk",
  "activityTypeId" : 90013,
  "activityLevel" : [{
    "minutes" : 0,
    "name" : "sedentary"
  },{
    "minutes" : 1,
    "name" : "lightly"
  },{
    "minutes" : 4,
    "name" : "fairly"
  },{
    "minutes" : 13,
    "name" : "very"
  }],
  "calories" : 101,
  "duration" : 1075000,
  "activeDuration" : 1075000,
  "steps" : 1712,
  "logType" : "auto_detected",
  "manualValuesSpecified" : {
    "calories" : false,
    "distance" : false,
    "steps" : false
  },
  "lastModified" : "03/25/18 23:03:29",
  "startTime" : "03/23/18 15:43:33",
  "originalStartTime" : "03/23/18 15:43:33",
  "originalDuration" : 1075000,
  "hasGps" : false,
  "shouldFetchDetails" : false
},{
  "logId" : 13164963127,
  "activityName" : "Walk",
  "activityTypeId" : 90013,
  "activityLevel" : [{
    "minutes" : 6,
    "name" : "sedentary"
  },{
    "minutes" : 23,
    "name" : "lightly"
  },{
    "minutes" : 0,
    "name" : "fairly"
  },{
    "minutes" : 0,
    "name" : "very"
  }],
  "calories" : 107,
  "duration" : 1792000,
  "activeDuration" : 1792000,
  "steps" : 1559,
  "logType" : "auto_detected",
  "manualValuesSpecified" : {
    "calories" : false,
    "distance" : false,
    "steps" : false
  },
  "lastModified" : "03/25/18 23:03:30",
  "startTime" : "03/23/18 18:01:47",
  "originalStartTime" : "03/23/18 18:01:47",
  "originalDuration" : 1792000,
  "hasGps" : false,
  "shouldFetchDetails" : false
},{
  "logId" : 13164963128,
  "activityName" : "Walk",
  "activityTypeId" : 90013,
  "activityLevel" : [{
    "minutes" : 0,
    "name" : "sedentary"
  },{
    "minutes" : 1,
    "name" : "lightly"
  },{
    "minutes" : 1,
    "name" : "fairly"
  },{
    "minutes" : 15,
    "name" : "very"
  }],
  "calories" : 106,
  "duration" : 1024000,
  "activeDuration" : 1024000,
  "steps" : 1831,
  "logType" : "auto_detected",
  "manualValuesSpecified" : {
    "calories" : false,
    "distance" : false,
    "steps" : false
  },
  "lastModified" : "03/25/18 23:03:30",
  "startTime" : "03/23/18 20:28:34",
  "originalStartTime" : "03/23/18 20:28:34",
  "originalDuration" : 1024000,
  "hasGps" : false,
  "shouldFetchDetails" : false
},{
  "logId" : 13164963130,
  "activityName" : "Walk",
  "activityTypeId" : 90013,
  "activityLevel" : [{
    "minutes" : 1,
    "name" : "sedentary"
  },{
    "minutes" : 4,
    "name" : "lightly"
  },{
    "minutes" : 19,
    "name" : "fairly"
  },{
    "minutes" : 35,
    "name" : "very"
  }],
  "calories" : 297,
  "duration" : 3584000,
  "activeDuration" : 3584000,
  "steps" : 4921,
  "logType" : "auto_detected",
  "manualValuesSpecified" : {
    "calories" : false,
    "distance" : false,
    "steps" : false
  },
  "lastModified" : "03/25/18 23:03:30",
  "startTime" : "03/24/18 00:08:43",
  "originalStartTime" : "03/24/18 00:08:43",
  "originalDuration" : 3584000,
  "hasGps" : false,
  "shouldFetchDetails" : false
},{
  "logId" : 13164963132,
  "activityName" : "Walk",
  "activityTypeId" : 90013,
  "activityLevel" : [{
    "minutes" : 0,
    "name" : "sedentary"
  },{
    "minutes" : 3,
    "name" : "lightly"
  },{
    "minutes" : 1,
    "name" : "fairly"
  },{
    "minutes" : 13,
    "name" : "very"
  }],
  "calories" : 90,
  "duration" : 1025000,
  "activeDuration" : 1025000,
  "steps" : 1475,
  "logType" : "auto_detected",
  "manualValuesSpecified" : {
    "calories" : false,
    "distance" : false,
    "steps" : false
  },
  "lastModified" : "03/25/18 23:03:30",
  "startTime" : "03/24/18 02:26:06",
  "originalStartTime" : "03/24/18 02:26:06",
  "originalDuration" : 1025000,
  "hasGps" : false,
  "shouldFetchDetails" : false
},{
  "logId" : 13164963133,
  "activityName" : "Walk",
  "activityTypeId" : 90013,
  "activityLevel" : [{
    "minutes" : 0,
    "name" : "sedentary"
  },{
    "minutes" : 0,
    "name" : "lightly"
  },{
    "minutes" : 3,
    "name" : "fairly"
  },{
    "minutes" : 13,
    "name" : "very"
  }],
  "calories" : 96,
  "duration" : 973000,
  "activeDuration" : 973000,
  "steps" : 1658,
  "logType" : "auto_detected",
  "manualValuesSpecified" : {
    "calories" : false,
    "distance" : false,
    "steps" : false
  },
  "lastModified" : "03/25/18 23:03:30",
  "startTime" : "03/24/18 15:39:42",
  "originalStartTime" : "03/24/18 15:39:42",
  "originalDuration" : 973000,
  "hasGps" : false,
  "shouldFetchDetails" : false
},{
  "logId" : 13164963135,
  "activityName" : "Walk",
  "activityTypeId" : 90013,
  "activityLevel" : [{
    "minutes" : 0,
    "name" : "sedentary"
  },{
    "minutes" : 2,
    "name" : "lightly"
  },{
    "minutes" : 4,
    "name" : "fairly"
  },{
    "minutes" : 10,
    "name" : "very"
  }],
  "calories" : 81,
  "duration" : 922000,
  "activeDuration" : 922000,
  "steps" : 1334,
  "logType" : "auto_detected",
  "manualValuesSpecified" : {
    "calories" : false,
    "distance" : false,
    "steps" : false
  },
  "lastModified" : "03/25/18 23:03:30",
  "startTime" : "03/24/18 17:11:52",
  "originalStartTime" : "03/24/18 17:11:52",
  "originalDuration" : 922000,
  "hasGps" : false,
  "shouldFetchDetails" : false
},{
  "logId" : 13164963137,
  "activityName" : "Walk",
  "activityTypeId" : 90013,
  "activityLevel" : [{
    "minutes" : 7,
    "name" : "sedentary"
  },{
    "minutes" : 10,
    "name" : "lightly"
  },{
    "minutes" : 14,
    "name" : "fairly"
  },{
    "minutes" : 50,
    "name" : "very"
  }],
  "calories" : 399,
  "duration" : 4915000,
  "activeDuration" : 4915000,
  "steps" : 6475,
  "logType" : "auto_detected",
  "manualValuesSpecified" : {
    "calories" : false,
    "distance" : false,
    "steps" : false
  },
  "lastModified" : "03/25/18 23:03:30",
  "startTime" : "03/24/18 17:52:50",
  "originalStartTime" : "03/24/18 17:52:50",
  "originalDuration" : 4915000,
  "hasGps" : false,
  "shouldFetchDetails" : false
},{
  "logId" : 13164963142,
  "activityName" : "Walk",
  "activityTypeId" : 90013,
  "activityLevel" : [{
    "minutes" : 2,
    "name" : "sedentary"
  },{
    "minutes" : 7,
    "name" : "lightly"
  },{
    "minutes" : 19,
    "name" : "fairly"
  },{
    "minutes" : 54,
    "name" : "very"
  }],
  "calories" : 430,
  "duration" : 4966000,
  "activeDuration" : 4966000,
  "steps" : 7203,
  "logType" : "auto_detected",
  "manualValuesSpecified" : {
    "calories" : false,
    "distance" : false,
    "steps" : false
  },
  "lastModified" : "03/25/18 23:03:30",
  "startTime" : "03/24/18 19:48:53",
  "originalStartTime" : "03/24/18 19:48:53",
  "originalDuration" : 4966000,
  "hasGps" : false,
  "shouldFetchDetails" : false
},{
  "logId" : 13164963144,
  "activityName" : "Walk",
  "activityTypeId" : 90013,
  "activityLevel" : [{
    "minutes" : 0,
    "name" : "sedentary"
  },{
    "minutes" : 3,
    "name" : "lightly"
  },{
    "minutes" : 16,
    "name" : "fairly"
  },{
    "minutes" : 31,
    "name" : "very"
  }],
  "calories" : 256,
  "duration" : 3020000,
  "activeDuration" : 3020000,
  "steps" : 4269,
  "logType" : "auto_detected",
  "manualValuesSpecified" : {
    "calories" : false,
    "distance" : false,
    "steps" : false
  },
  "lastModified" : "03/25/18 23:03:30",
  "startTime" : "03/24/18 22:12:15",
  "originalStartTime" : "03/24/18 22:12:15",
  "originalDuration" : 3020000,
  "hasGps" : false,
  "shouldFetchDetails" : false
},{
  "logId" : 13164963145,
  "activityName" : "Walk",
  "activityTypeId" : 90013,
  "activityLevel" : [{
    "minutes" : 0,
    "name" : "sedentary"
  },{
    "minutes" : 1,
    "name" : "lightly"
  },{
    "minutes" : 3,
    "name" : "fairly"
  },{
    "minutes" : 30,
    "name" : "very"
  }],
  "calories" : 206,
  "duration" : 2049000,
  "activeDuration" : 2049000,
  "steps" : 3565,
  "logType" : "auto_detected",
  "manualValuesSpecified" : {
    "calories" : false,
    "distance" : false,
    "steps" : false
  },
  "lastModified" : "03/25/18 23:03:30",
  "startTime" : "03/25/18 00:45:50",
  "originalStartTime" : "03/25/18 00:45:50",
  "originalDuration" : 2049000,
  "hasGps" : false,
  "shouldFetchDetails" : false
},{
  "logId" : 13164963150,
  "activityName" : "Walk",
  "activityTypeId" : 90013,
  "activityLevel" : [{
    "minutes" : 0,
    "name" : "sedentary"
  },{
    "minutes" : 0,
    "name" : "lightly"
  },{
    "minutes" : 2,
    "name" : "fairly"
  },{
    "minutes" : 31,
    "name" : "very"
  }],
  "calories" : 207,
  "duration" : 1997000,
  "activeDuration" : 1997000,
  "steps" : 3609,
  "logType" : "auto_detected",
  "manualValuesSpecified" : {
    "calories" : false,
    "distance" : false,
    "steps" : false
  },
  "lastModified" : "03/25/18 23:03:30",
  "startTime" : "03/25/18 16:52:40",
  "originalStartTime" : "03/25/18 16:52:40",
  "originalDuration" : 1997000,
  "hasGps" : false,
  "shouldFetchDetails" : false
},{
  "logId" : 13164963152,
  "activityName" : "Aerobic Workout",
  "activityTypeId" : 3001,
  "activityLevel" : [{
    "minutes" : 1,
    "name" : "sedentary"
  },{
    "minutes" : 11,
    "name" : "lightly"
  },{
    "minutes" : 3,
    "name" : "fairly"
  },{
    "minutes" : 43,
    "name" : "very"
  }],
  "calories" : 324,
  "duration" : 3482000,
  "activeDuration" : 3482000,
  "steps" : 5391,
  "logType" : "auto_detected",
  "manualValuesSpecified" : {
    "calories" : false,
    "distance" : false,
    "steps" : false
  },
  "lastModified" : "03/25/18 23:03:30",
  "startTime" : "03/25/18 17:25:57",
  "originalStartTime" : "03/25/18 17:25:57",
  "originalDuration" : 3482000,
  "hasGps" : false,
  "shouldFetchDetails" : false
},{
  "logId" : 13164963153,
  "activityName" : "Walk",
  "activityTypeId" : 90013,
  "activityLevel" : [{
    "minutes" : 0,
    "name" : "sedentary"
  },{
    "minutes" : 1,
    "name" : "lightly"
  },{
    "minutes" : 2,
    "name" : "fairly"
  },{
    "minutes" : 22,
    "name" : "very"
  }],
  "calories" : 155,
  "duration" : 1484000,
  "activeDuration" : 1484000,
  "steps" : 2686,
  "logType" : "auto_detected",
  "manualValuesSpecified" : {
    "calories" : false,
    "distance" : false,
    "steps" : false
  },
  "lastModified" : "03/25/18 23:03:30",
  "startTime" : "03/25/18 18:23:59",
  "originalStartTime" : "03/25/18 18:23:59",
  "originalDuration" : 1484000,
  "hasGps" : false,
  "shouldFetchDetails" : false
},{
  "logId" : 13164963154,
  "activityName" : "Walk",
  "activityTypeId" : 90013,
  "activityLevel" : [{
    "minutes" : 2,
    "name" : "sedentary"
  },{
    "minutes" : 10,
    "name" : "lightly"
  },{
    "minutes" : 15,
    "name" : "fairly"
  },{
    "minutes" : 73,
    "name" : "very"
  }],
  "calories" : 548,
  "duration" : 6041000,
  "activeDuration" : 6041000,
  "steps" : 9209,
  "logType" : "auto_detected",
  "manualValuesSpecified" : {
    "calories" : false,
    "distance" : false,
    "steps" : false
  },
  "lastModified" : "03/25/18 23:03:30",
  "startTime" : "03/25/18 19:19:27",
  "originalStartTime" : "03/25/18 19:19:27",
  "originalDuration" : 6041000,
  "hasGps" : false,
  "shouldFetchDetails" : false
},{
  "logId" : 13176705752,
  "activityName" : "Walk",
  "activityTypeId" : 90013,
  "activityLevel" : [{
    "minutes" : 0,
    "name" : "sedentary"
  },{
    "minutes" : 1,
    "name" : "lightly"
  },{
    "minutes" : 2,
    "name" : "fairly"
  },{
    "minutes" : 15,
    "name" : "very"
  }],
  "calories" : 109,
  "duration" : 1075000,
  "activeDuration" : 1075000,
  "steps" : 1861,
  "logType" : "auto_detected",
  "manualValuesSpecified" : {
    "calories" : false,
    "distance" : false,
    "steps" : false
  },
  "lastModified" : "03/26/18 16:08:42",
  "startTime" : "03/26/18 15:37:11",
  "originalStartTime" : "03/26/18 15:37:11",
  "originalDuration" : 1075000,
  "hasGps" : false,
  "shouldFetchDetails" : false
}]