[{
  "logId" : 13189596719,
  "activityName" : "Walk",
  "activityTypeId" : 90013,
  "activityLevel" : [{
    "minutes" : 0,
    "name" : "sedentary"
  },{
    "minutes" : 2,
    "name" : "lightly"
  },{
    "minutes" : 2,
    "name" : "fairly"
  },{
    "minutes" : 18,
    "name" : "very"
  }],
  "calories" : 126,
  "duration" : 1280000,
  "activeDuration" : 1280000,
  "steps" : 2124,
  "logType" : "auto_detected",
  "manualValuesSpecified" : {
    "calories" : false,
    "distance" : false,
    "steps" : false
  },
  "lastModified" : "03/27/18 00:58:53",
  "startTime" : "03/27/18 00:21:58",
  "originalStartTime" : "03/27/18 00:21:58",
  "originalDuration" : 1280000,
  "hasGps" : false,
  "shouldFetchDetails" : false
},{
  "logId" : 13190467520,
  "activityName" : "Elliptical",
  "activityTypeId" : 20047,
  "activityLevel" : [{
    "minutes" : 0,
    "name" : "sedentary"
  },{
    "minutes" : 0,
    "name" : "lightly"
  },{
    "minutes" : 9,
    "name" : "fairly"
  },{
    "minutes" : 16,
    "name" : "very"
  }],
  "calories" : 143,
  "duration" : 1484000,
  "activeDuration" : 1484000,
  "steps" : 2430,
  "logType" : "auto_detected",
  "manualValuesSpecified" : {
    "calories" : false,
    "distance" : false,
    "steps" : false
  },
  "lastModified" : "03/27/18 02:16:59",
  "startTime" : "03/27/18 01:15:45",
  "originalStartTime" : "03/27/18 01:15:45",
  "originalDuration" : 1484000,
  "hasGps" : false,
  "shouldFetchDetails" : false
},{
  "logId" : 13202538383,
  "activityName" : "Walk",
  "activityTypeId" : 90013,
  "activityLevel" : [{
    "minutes" : 0,
    "name" : "sedentary"
  },{
    "minutes" : 1,
    "name" : "lightly"
  },{
    "minutes" : 1,
    "name" : "fairly"
  },{
    "minutes" : 16,
    "name" : "very"
  }],
  "calories" : 109,
  "duration" : 1126000,
  "activeDuration" : 1126000,
  "steps" : 1857,
  "logType" : "auto_detected",
  "manualValuesSpecified" : {
    "calories" : false,
    "distance" : false,
    "steps" : false
  },
  "lastModified" : "03/27/18 18:11:06",
  "startTime" : "03/27/18 15:49:34",
  "originalStartTime" : "03/27/18 15:49:34",
  "originalDuration" : 1126000,
  "hasGps" : false,
  "shouldFetchDetails" : false
},{
  "logId" : 13222159937,
  "activityName" : "Walk",
  "activityTypeId" : 90013,
  "activityLevel" : [{
    "minutes" : 0,
    "name" : "sedentary"
  },{
    "minutes" : 17,
    "name" : "lightly"
  },{
    "minutes" : 0,
    "name" : "fairly"
  },{
    "minutes" : 0,
    "name" : "very"
  }],
  "calories" : 93,
  "duration" : 1076000,
  "activeDuration" : 1076000,
  "steps" : 1490,
  "logType" : "auto_detected",
  "manualValuesSpecified" : {
    "calories" : false,
    "distance" : false,
    "steps" : false
  },
  "lastModified" : "03/28/18 15:20:15",
  "startTime" : "03/28/18 01:42:38",
  "originalStartTime" : "03/28/18 01:42:38",
  "originalDuration" : 1076000,
  "hasGps" : false,
  "shouldFetchDetails" : false
},{
  "logId" : 13222159940,
  "activityName" : "Elliptical",
  "activityTypeId" : 20047,
  "activityLevel" : [{
    "minutes" : 0,
    "name" : "sedentary"
  },{
    "minutes" : 1,
    "name" : "lightly"
  },{
    "minutes" : 4,
    "name" : "fairly"
  },{
    "minutes" : 29,
    "name" : "very"
  }],
  "calories" : 205,
  "duration" : 1996000,
  "activeDuration" : 1996000,
  "steps" : 3471,
  "logType" : "auto_detected",
  "manualValuesSpecified" : {
    "calories" : false,
    "distance" : false,
    "steps" : false
  },
  "lastModified" : "03/28/18 15:20:15",
  "startTime" : "03/28/18 02:38:58",
  "originalStartTime" : "03/28/18 02:38:58",
  "originalDuration" : 1996000,
  "hasGps" : false,
  "shouldFetchDetails" : false
},{
  "logId" : 13222159941,
  "activityName" : "Walk",
  "activityTypeId" : 90013,
  "activityLevel" : [{
    "minutes" : 1,
    "name" : "sedentary"
  },{
    "minutes" : 1,
    "name" : "lightly"
  },{
    "minutes" : 1,
    "name" : "fairly"
  },{
    "minutes" : 13,
    "name" : "very"
  }],
  "calories" : 92,
  "duration" : 973000,
  "activeDuration" : 973000,
  "steps" : 1561,
  "logType" : "auto_detected",
  "manualValuesSpecified" : {
    "calories" : false,
    "distance" : false,
    "steps" : false
  },
  "lastModified" : "03/28/18 15:20:15",
  "startTime" : "03/28/18 03:12:14",
  "originalStartTime" : "03/28/18 03:12:14",
  "originalDuration" : 973000,
  "hasGps" : false,
  "shouldFetchDetails" : false
},{
  "logId" : 13256188234,
  "activityName" : "Walk",
  "activityTypeId" : 90013,
  "activityLevel" : [{
    "minutes" : 0,
    "name" : "sedentary"
  },{
    "minutes" : 2,
    "name" : "lightly"
  },{
    "minutes" : 6,
    "name" : "fairly"
  },{
    "minutes" : 22,
    "name" : "very"
  }],
  "calories" : 173,
  "duration" : 1792000,
  "activeDuration" : 1792000,
  "steps" : 2954,
  "logType" : "auto_detected",
  "manualValuesSpecified" : {
    "calories" : false,
    "distance" : false,
    "steps" : false
  },
  "lastModified" : "03/30/18 06:09:15",
  "startTime" : "03/28/18 16:42:54",
  "originalStartTime" : "03/28/18 16:42:54",
  "originalDuration" : 1792000,
  "hasGps" : false,
  "shouldFetchDetails" : false
},{
  "logId" : 13256188235,
  "activityName" : "Walk",
  "activityTypeId" : 90013,
  "activityLevel" : [{
    "minutes" : 0,
    "name" : "sedentary"
  },{
    "minutes" : 0,
    "name" : "lightly"
  },{
    "minutes" : 2,
    "name" : "fairly"
  },{
    "minutes" : 15,
    "name" : "very"
  }],
  "calories" : 106,
  "duration" : 1075000,
  "activeDuration" : 1075000,
  "steps" : 1822,
  "logType" : "auto_detected",
  "manualValuesSpecified" : {
    "calories" : false,
    "distance" : false,
    "steps" : false
  },
  "lastModified" : "03/30/18 06:09:16",
  "startTime" : "03/28/18 22:41:18",
  "originalStartTime" : "03/28/18 22:41:18",
  "originalDuration" : 1075000,
  "hasGps" : false,
  "shouldFetchDetails" : false
},{
  "logId" : 13256188236,
  "activityName" : "Walk",
  "activityTypeId" : 90013,
  "activityLevel" : [{
    "minutes" : 0,
    "name" : "sedentary"
  },{
    "minutes" : 2,
    "name" : "lightly"
  },{
    "minutes" : 1,
    "name" : "fairly"
  },{
    "minutes" : 21,
    "name" : "very"
  }],
  "calories" : 138,
  "duration" : 1433000,
  "activeDuration" : 1433000,
  "steps" : 2364,
  "logType" : "auto_detected",
  "manualValuesSpecified" : {
    "calories" : false,
    "distance" : false,
    "steps" : false
  },
  "lastModified" : "03/30/18 06:09:16",
  "startTime" : "03/29/18 00:47:36",
  "originalStartTime" : "03/29/18 00:47:36",
  "originalDuration" : 1433000,
  "hasGps" : false,
  "shouldFetchDetails" : false
},{
  "logId" : 13256188239,
  "activityName" : "Walk",
  "activityTypeId" : 90013,
  "activityLevel" : [{
    "minutes" : 0,
    "name" : "sedentary"
  },{
    "minutes" : 1,
    "name" : "lightly"
  },{
    "minutes" : 4,
    "name" : "fairly"
  },{
    "minutes" : 22,
    "name" : "very"
  }],
  "calories" : 154,
  "duration" : 1639000,
  "activeDuration" : 1639000,
  "steps" : 2638,
  "logType" : "auto_detected",
  "manualValuesSpecified" : {
    "calories" : false,
    "distance" : false,
    "steps" : false
  },
  "lastModified" : "03/30/18 06:09:16",
  "startTime" : "03/29/18 05:18:57",
  "originalStartTime" : "03/29/18 05:18:57",
  "originalDuration" : 1639000,
  "hasGps" : false,
  "shouldFetchDetails" : false
},{
  "logId" : 13256188240,
  "activityName" : "Walk",
  "activityTypeId" : 90013,
  "activityLevel" : [{
    "minutes" : 0,
    "name" : "sedentary"
  },{
    "minutes" : 2,
    "name" : "lightly"
  },{
    "minutes" : 1,
    "name" : "fairly"
  },{
    "minutes" : 18,
    "name" : "very"
  }],
  "calories" : 124,
  "duration" : 1280000,
  "activeDuration" : 1280000,
  "steps" : 2112,
  "logType" : "auto_detected",
  "manualValuesSpecified" : {
    "calories" : false,
    "distance" : false,
    "steps" : false
  },
  "lastModified" : "03/30/18 06:09:16",
  "startTime" : "03/29/18 15:46:09",
  "originalStartTime" : "03/29/18 15:46:09",
  "originalDuration" : 1280000,
  "hasGps" : false,
  "shouldFetchDetails" : false
},{
  "logId" : 13256188242,
  "activityName" : "Walk",
  "activityTypeId" : 90013,
  "activityLevel" : [{
    "minutes" : 5,
    "name" : "sedentary"
  },{
    "minutes" : 17,
    "name" : "lightly"
  },{
    "minutes" : 3,
    "name" : "fairly"
  },{
    "minutes" : 15,
    "name" : "very"
  }],
  "calories" : 190,
  "duration" : 2458000,
  "activeDuration" : 2458000,
  "steps" : 3016,
  "logType" : "auto_detected",
  "manualValuesSpecified" : {
    "calories" : false,
    "distance" : false,
    "steps" : false
  },
  "lastModified" : "03/30/18 06:09:16",
  "startTime" : "03/30/18 00:03:39",
  "originalStartTime" : "03/30/18 00:03:39",
  "originalDuration" : 2458000,
  "hasGps" : false,
  "shouldFetchDetails" : false
},{
  "logId" : 13263716773,
  "activityName" : "Walk",
  "activityTypeId" : 90013,
  "activityLevel" : [{
    "minutes" : 0,
    "name" : "sedentary"
  },{
    "minutes" : 1,
    "name" : "lightly"
  },{
    "minutes" : 2,
    "name" : "fairly"
  },{
    "minutes" : 21,
    "name" : "very"
  }],
  "calories" : 147,
  "duration" : 1485000,
  "activeDuration" : 1485000,
  "steps" : 2524,
  "logType" : "auto_detected",
  "manualValuesSpecified" : {
    "calories" : false,
    "distance" : false,
    "steps" : false
  },
  "lastModified" : "03/30/18 16:04:37",
  "startTime" : "03/30/18 15:38:04",
  "originalStartTime" : "03/30/18 15:38:04",
  "originalDuration" : 1485000,
  "hasGps" : false,
  "shouldFetchDetails" : false
},{
  "logId" : 13264922309,
  "activityName" : "Walk",
  "activityTypeId" : 90013,
  "activityLevel" : [{
    "minutes" : 1,
    "name" : "sedentary"
  },{
    "minutes" : 0,
    "name" : "lightly"
  },{
    "minutes" : 1,
    "name" : "fairly"
  },{
    "minutes" : 17,
    "name" : "very"
  }],
  "calories" : 111,
  "duration" : 1177000,
  "activeDuration" : 1177000,
  "steps" : 1935,
  "logType" : "auto_detected",
  "manualValuesSpecified" : {
    "calories" : false,
    "distance" : false,
    "steps" : false
  },
  "lastModified" : "03/30/18 17:23:58",
  "startTime" : "03/30/18 16:52:19",
  "originalStartTime" : "03/30/18 16:52:19",
  "originalDuration" : 1177000,
  "hasGps" : false,
  "shouldFetchDetails" : false
},{
  "logId" : 13281348354,
  "activityName" : "Walk",
  "activityTypeId" : 90013,
  "activityLevel" : [{
    "minutes" : 0,
    "name" : "sedentary"
  },{
    "minutes" : 19,
    "name" : "lightly"
  },{
    "minutes" : 0,
    "name" : "fairly"
  },{
    "minutes" : 0,
    "name" : "very"
  }],
  "calories" : 97,
  "duration" : 1126000,
  "activeDuration" : 1126000,
  "steps" : 1565,
  "logType" : "auto_detected",
  "manualValuesSpecified" : {
    "calories" : false,
    "distance" : false,
    "steps" : false
  },
  "lastModified" : "03/31/18 15:58:20",
  "startTime" : "03/30/18 20:48:41",
  "originalStartTime" : "03/30/18 20:48:41",
  "originalDuration" : 1126000,
  "hasGps" : false,
  "shouldFetchDetails" : false
},{
  "logId" : 13281348357,
  "activityName" : "Walk",
  "activityTypeId" : 90013,
  "activityLevel" : [{
    "minutes" : 0,
    "name" : "sedentary"
  },{
    "minutes" : 1,
    "name" : "lightly"
  },{
    "minutes" : 2,
    "name" : "fairly"
  },{
    "minutes" : 18,
    "name" : "very"
  }],
  "calories" : 121,
  "duration" : 1280000,
  "activeDuration" : 1280000,
  "steps" : 2063,
  "logType" : "auto_detected",
  "manualValuesSpecified" : {
    "calories" : false,
    "distance" : false,
    "steps" : false
  },
  "lastModified" : "03/31/18 15:58:20",
  "startTime" : "03/31/18 04:51:40",
  "originalStartTime" : "03/31/18 04:51:40",
  "originalDuration" : 1280000,
  "hasGps" : false,
  "shouldFetchDetails" : false
},{
  "logId" : 13283305199,
  "activityName" : "Walk",
  "activityTypeId" : 90013,
  "activityLevel" : [{
    "minutes" : 2,
    "name" : "sedentary"
  },{
    "minutes" : 10,
    "name" : "lightly"
  },{
    "minutes" : 1,
    "name" : "fairly"
  },{
    "minutes" : 16,
    "name" : "very"
  }],
  "calories" : 166,
  "duration" : 1741000,
  "activeDuration" : 1741000,
  "steps" : 2857,
  "logType" : "auto_detected",
  "manualValuesSpecified" : {
    "calories" : false,
    "distance" : false,
    "steps" : false
  },
  "lastModified" : "03/31/18 18:00:11",
  "startTime" : "03/31/18 17:21:45",
  "originalStartTime" : "03/31/18 17:21:45",
  "originalDuration" : 1741000,
  "hasGps" : false,
  "shouldFetchDetails" : false
},{
  "logId" : 13284479566,
  "activityName" : "Walk",
  "activityTypeId" : 90013,
  "activityLevel" : [{
    "minutes" : 3,
    "name" : "sedentary"
  },{
    "minutes" : 4,
    "name" : "lightly"
  },{
    "minutes" : 11,
    "name" : "fairly"
  },{
    "minutes" : 18,
    "name" : "very"
  }],
  "calories" : 167,
  "duration" : 2201000,
  "activeDuration" : 2201000,
  "steps" : 2642,
  "logType" : "auto_detected",
  "manualValuesSpecified" : {
    "calories" : false,
    "distance" : false,
    "steps" : false
  },
  "lastModified" : "03/31/18 19:16:19",
  "startTime" : "03/31/18 18:25:45",
  "originalStartTime" : "03/31/18 18:25:45",
  "originalDuration" : 2201000,
  "hasGps" : false,
  "shouldFetchDetails" : false
},{
  "logId" : 13297579151,
  "activityName" : "Walk",
  "activityTypeId" : 90013,
  "activityLevel" : [{
    "minutes" : 0,
    "name" : "sedentary"
  },{
    "minutes" : 3,
    "name" : "lightly"
  },{
    "minutes" : 7,
    "name" : "fairly"
  },{
    "minutes" : 30,
    "name" : "very"
  }],
  "calories" : 215,
  "duration" : 2407000,
  "activeDuration" : 2407000,
  "steps" : 3595,
  "logType" : "auto_detected",
  "manualValuesSpecified" : {
    "calories" : false,
    "distance" : false,
    "steps" : false
  },
  "lastModified" : "04/01/18 16:11:37",
  "startTime" : "03/31/18 20:55:56",
  "originalStartTime" : "03/31/18 20:55:56",
  "originalDuration" : 2407000,
  "hasGps" : false,
  "shouldFetchDetails" : false
},{
  "logId" : 13297579155,
  "activityName" : "Walk",
  "activityTypeId" : 90013,
  "activityLevel" : [{
    "minutes" : 0,
    "name" : "sedentary"
  },{
    "minutes" : 0,
    "name" : "lightly"
  },{
    "minutes" : 1,
    "name" : "fairly"
  },{
    "minutes" : 16,
    "name" : "very"
  }],
  "calories" : 110,
  "duration" : 1075000,
  "activeDuration" : 1075000,
  "steps" : 1923,
  "logType" : "auto_detected",
  "manualValuesSpecified" : {
    "calories" : false,
    "distance" : false,
    "steps" : false
  },
  "lastModified" : "04/01/18 16:11:38",
  "startTime" : "04/01/18 05:11:44",
  "originalStartTime" : "04/01/18 05:11:44",
  "originalDuration" : 1075000,
  "hasGps" : false,
  "shouldFetchDetails" : false
},{
  "logId" : 13300095289,
  "activityName" : "Elliptical",
  "activityTypeId" : 20047,
  "activityLevel" : [{
    "minutes" : 0,
    "name" : "sedentary"
  },{
    "minutes" : 0,
    "name" : "lightly"
  },{
    "minutes" : 6,
    "name" : "fairly"
  },{
    "minutes" : 27,
    "name" : "very"
  }],
  "calories" : 220,
  "duration" : 1998000,
  "activeDuration" : 1998000,
  "steps" : 3696,
  "logType" : "auto_detected",
  "manualValuesSpecified" : {
    "calories" : false,
    "distance" : false,
    "steps" : false
  },
  "lastModified" : "04/01/18 19:40:47",
  "startTime" : "04/01/18 19:02:01",
  "originalStartTime" : "04/01/18 19:02:01",
  "originalDuration" : 1998000,
  "hasGps" : false,
  "shouldFetchDetails" : false
},{
  "logId" : 13313609238,
  "activityName" : "Walk",
  "activityTypeId" : 90013,
  "activityLevel" : [{
    "minutes" : 0,
    "name" : "sedentary"
  },{
    "minutes" : 1,
    "name" : "lightly"
  },{
    "minutes" : 4,
    "name" : "fairly"
  },{
    "minutes" : 16,
    "name" : "very"
  }],
  "calories" : 116,
  "duration" : 1229000,
  "activeDuration" : 1229000,
  "steps" : 1945,
  "logType" : "auto_detected",
  "manualValuesSpecified" : {
    "calories" : false,
    "distance" : false,
    "steps" : false
  },
  "lastModified" : "04/02/18 16:03:32",
  "startTime" : "04/02/18 15:26:34",
  "originalStartTime" : "04/02/18 15:26:34",
  "originalDuration" : 1229000,
  "hasGps" : false,
  "shouldFetchDetails" : false
},{
  "logId" : 13334324801,
  "activityName" : "Walk",
  "activityTypeId" : 90013,
  "activityLevel" : [{
    "minutes" : 0,
    "name" : "sedentary"
  },{
    "minutes" : 0,
    "name" : "lightly"
  },{
    "minutes" : 4,
    "name" : "fairly"
  },{
    "minutes" : 15,
    "name" : "very"
  }],
  "calories" : 108,
  "duration" : 1127000,
  "activeDuration" : 1127000,
  "steps" : 1809,
  "logType" : "auto_detected",
  "manualValuesSpecified" : {
    "calories" : false,
    "distance" : false,
    "steps" : false
  },
  "lastModified" : "04/03/18 14:35:14",
  "startTime" : "04/02/18 23:48:17",
  "originalStartTime" : "04/02/18 23:48:17",
  "originalDuration" : 1127000,
  "hasGps" : false,
  "shouldFetchDetails" : false
},{
  "logId" : 13334324803,
  "activityName" : "Elliptical",
  "activityTypeId" : 20047,
  "activityLevel" : [{
    "minutes" : 0,
    "name" : "sedentary"
  },{
    "minutes" : 0,
    "name" : "lightly"
  },{
    "minutes" : 7,
    "name" : "fairly"
  },{
    "minutes" : 27,
    "name" : "very"
  }],
  "calories" : 203,
  "duration" : 2048000,
  "activeDuration" : 2048000,
  "steps" : 3486,
  "logType" : "auto_detected",
  "manualValuesSpecified" : {
    "calories" : false,
    "distance" : false,
    "steps" : false
  },
  "lastModified" : "04/03/18 14:35:14",
  "startTime" : "04/03/18 01:38:22",
  "originalStartTime" : "04/03/18 01:38:22",
  "originalDuration" : 2048000,
  "hasGps" : false,
  "shouldFetchDetails" : false
},{
  "logId" : 13350452983,
  "activityName" : "Walk",
  "activityTypeId" : 90013,
  "activityLevel" : [{
    "minutes" : 0,
    "name" : "sedentary"
  },{
    "minutes" : 1,
    "name" : "lightly"
  },{
    "minutes" : 1,
    "name" : "fairly"
  },{
    "minutes" : 18,
    "name" : "very"
  }],
  "calories" : 122,
  "duration" : 1229000,
  "activeDuration" : 1229000,
  "steps" : 2099,
  "logType" : "auto_detected",
  "manualValuesSpecified" : {
    "calories" : false,
    "distance" : false,
    "steps" : false
  },
  "lastModified" : "04/04/18 06:07:37",
  "startTime" : "04/03/18 15:25:18",
  "originalStartTime" : "04/03/18 15:25:18",
  "originalDuration" : 1229000,
  "hasGps" : false,
  "shouldFetchDetails" : false
},{
  "logId" : 13350452986,
  "activityName" : "Walk",
  "activityTypeId" : 90013,
  "activityLevel" : [{
    "minutes" : 13,
    "name" : "sedentary"
  },{
    "minutes" : 7,
    "name" : "lightly"
  },{
    "minutes" : 6,
    "name" : "fairly"
  },{
    "minutes" : 38,
    "name" : "very"
  }],
  "calories" : 294,
  "duration" : 3840000,
  "activeDuration" : 3840000,
  "steps" : 4718,
  "logType" : "auto_detected",
  "manualValuesSpecified" : {
    "calories" : false,
    "distance" : false,
    "steps" : false
  },
  "lastModified" : "04/04/18 06:07:37",
  "startTime" : "04/04/18 00:02:25",
  "originalStartTime" : "04/04/18 00:02:25",
  "originalDuration" : 3840000,
  "hasGps" : false,
  "shouldFetchDetails" : false
},{
  "logId" : 13350452987,
  "activityName" : "Walk",
  "activityTypeId" : 90013,
  "activityLevel" : [{
    "minutes" : 0,
    "name" : "sedentary"
  },{
    "minutes" : 1,
    "name" : "lightly"
  },{
    "minutes" : 4,
    "name" : "fairly"
  },{
    "minutes" : 21,
    "name" : "very"
  }],
  "calories" : 151,
  "duration" : 1536000,
  "activeDuration" : 1536000,
  "steps" : 2579,
  "logType" : "auto_detected",
  "manualValuesSpecified" : {
    "calories" : false,
    "distance" : false,
    "steps" : false
  },
  "lastModified" : "04/04/18 06:07:37",
  "startTime" : "04/04/18 03:02:28",
  "originalStartTime" : "04/04/18 03:02:28",
  "originalDuration" : 1536000,
  "hasGps" : false,
  "shouldFetchDetails" : false
},{
  "logId" : 13365349582,
  "activityName" : "Walk",
  "activityTypeId" : 90013,
  "activityLevel" : [{
    "minutes" : 1,
    "name" : "sedentary"
  },{
    "minutes" : 4,
    "name" : "lightly"
  },{
    "minutes" : 6,
    "name" : "fairly"
  },{
    "minutes" : 25,
    "name" : "very"
  }],
  "calories" : 199,
  "duration" : 2202000,
  "activeDuration" : 2202000,
  "steps" : 3321,
  "logType" : "auto_detected",
  "manualValuesSpecified" : {
    "calories" : false,
    "distance" : false,
    "steps" : false
  },
  "lastModified" : "04/04/18 23:50:26",
  "startTime" : "04/04/18 16:12:39",
  "originalStartTime" : "04/04/18 16:12:39",
  "originalDuration" : 2202000,
  "hasGps" : false,
  "shouldFetchDetails" : false
},{
  "logId" : 13365349584,
  "activityName" : "Walk",
  "activityTypeId" : 90013,
  "activityLevel" : [{
    "minutes" : 0,
    "name" : "sedentary"
  },{
    "minutes" : 1,
    "name" : "lightly"
  },{
    "minutes" : 4,
    "name" : "fairly"
  },{
    "minutes" : 14,
    "name" : "very"
  }],
  "calories" : 112,
  "duration" : 1126000,
  "activeDuration" : 1126000,
  "steps" : 1910,
  "logType" : "auto_detected",
  "manualValuesSpecified" : {
    "calories" : false,
    "distance" : false,
    "steps" : false
  },
  "lastModified" : "04/04/18 23:50:26",
  "startTime" : "04/04/18 20:51:42",
  "originalStartTime" : "04/04/18 20:51:42",
  "originalDuration" : 1126000,
  "hasGps" : false,
  "shouldFetchDetails" : false
},{
  "logId" : 13366943385,
  "activityName" : "Walk",
  "activityTypeId" : 90013,
  "activityLevel" : [{
    "minutes" : 1,
    "name" : "sedentary"
  },{
    "minutes" : 1,
    "name" : "lightly"
  },{
    "minutes" : 1,
    "name" : "fairly"
  },{
    "minutes" : 13,
    "name" : "very"
  }],
  "calories" : 93,
  "duration" : 972000,
  "activeDuration" : 972000,
  "steps" : 1590,
  "logType" : "auto_detected",
  "manualValuesSpecified" : {
    "calories" : false,
    "distance" : false,
    "steps" : false
  },
  "lastModified" : "04/05/18 02:02:49",
  "startTime" : "04/05/18 00:52:21",
  "originalStartTime" : "04/05/18 00:52:21",
  "originalDuration" : 972000,
  "hasGps" : false,
  "shouldFetchDetails" : false
},{
  "logId" : 13369547813,
  "activityName" : "Walk",
  "activityTypeId" : 90013,
  "activityLevel" : [{
    "minutes" : 0,
    "name" : "sedentary"
  },{
    "minutes" : 2,
    "name" : "lightly"
  },{
    "minutes" : 2,
    "name" : "fairly"
  },{
    "minutes" : 19,
    "name" : "very"
  }],
  "calories" : 135,
  "duration" : 1332000,
  "activeDuration" : 1332000,
  "steps" : 2292,
  "logType" : "auto_detected",
  "manualValuesSpecified" : {
    "calories" : false,
    "distance" : false,
    "steps" : false
  },
  "lastModified" : "04/05/18 04:50:09",
  "startTime" : "04/05/18 04:23:58",
  "originalStartTime" : "04/05/18 04:23:58",
  "originalDuration" : 1332000,
  "hasGps" : false,
  "shouldFetchDetails" : false
},{
  "logId" : 13387317161,
  "activityName" : "Walk",
  "activityTypeId" : 90013,
  "activityLevel" : [{
    "minutes" : 0,
    "name" : "sedentary"
  },{
    "minutes" : 0,
    "name" : "lightly"
  },{
    "minutes" : 4,
    "name" : "fairly"
  },{
    "minutes" : 17,
    "name" : "very"
  }],
  "calories" : 126,
  "duration" : 1229000,
  "activeDuration" : 1229000,
  "steps" : 2159,
  "logType" : "auto_detected",
  "manualValuesSpecified" : {
    "calories" : false,
    "distance" : false,
    "steps" : false
  },
  "lastModified" : "04/06/18 01:10:47",
  "startTime" : "04/05/18 15:35:32",
  "originalStartTime" : "04/05/18 15:35:32",
  "originalDuration" : 1229000,
  "hasGps" : false,
  "shouldFetchDetails" : false
},{
  "logId" : 13387317163,
  "activityName" : "Walk",
  "activityTypeId" : 90013,
  "activityLevel" : [{
    "minutes" : 0,
    "name" : "sedentary"
  },{
    "minutes" : 1,
    "name" : "lightly"
  },{
    "minutes" : 2,
    "name" : "fairly"
  },{
    "minutes" : 14,
    "name" : "very"
  }],
  "calories" : 106,
  "duration" : 1024000,
  "activeDuration" : 1024000,
  "steps" : 1831,
  "logType" : "auto_detected",
  "manualValuesSpecified" : {
    "calories" : false,
    "distance" : false,
    "steps" : false
  },
  "lastModified" : "04/06/18 01:10:47",
  "startTime" : "04/06/18 00:35:42",
  "originalStartTime" : "04/06/18 00:35:42",
  "originalDuration" : 1024000,
  "hasGps" : false,
  "shouldFetchDetails" : false
},{
  "logId" : 13388284777,
  "activityName" : "Walk",
  "activityTypeId" : 90013,
  "activityLevel" : [{
    "minutes" : 0,
    "name" : "sedentary"
  },{
    "minutes" : 1,
    "name" : "lightly"
  },{
    "minutes" : 2,
    "name" : "fairly"
  },{
    "minutes" : 19,
    "name" : "very"
  }],
  "calories" : 134,
  "duration" : 1378000,
  "activeDuration" : 1378000,
  "steps" : 2322,
  "logType" : "auto_detected",
  "manualValuesSpecified" : {
    "calories" : false,
    "distance" : false,
    "steps" : false
  },
  "lastModified" : "04/06/18 02:42:21",
  "startTime" : "04/06/18 02:07:01",
  "originalStartTime" : "04/06/18 02:07:01",
  "originalDuration" : 1378000,
  "hasGps" : false,
  "shouldFetchDetails" : false
},{
  "logId" : 13399196394,
  "activityName" : "Walk",
  "activityTypeId" : 90013,
  "activityLevel" : [{
    "minutes" : 0,
    "name" : "sedentary"
  },{
    "minutes" : 2,
    "name" : "lightly"
  },{
    "minutes" : 3,
    "name" : "fairly"
  },{
    "minutes" : 24,
    "name" : "very"
  }],
  "calories" : 168,
  "duration" : 1742000,
  "activeDuration" : 1742000,
  "steps" : 2869,
  "logType" : "auto_detected",
  "manualValuesSpecified" : {
    "calories" : false,
    "distance" : false,
    "steps" : false
  },
  "lastModified" : "04/06/18 17:50:10",
  "startTime" : "04/06/18 17:03:52",
  "originalStartTime" : "04/06/18 17:03:52",
  "originalDuration" : 1742000,
  "hasGps" : false,
  "shouldFetchDetails" : false
},{
  "logId" : 13406682436,
  "activityName" : "Walk",
  "activityTypeId" : 90013,
  "activityLevel" : [{
    "minutes" : 0,
    "name" : "sedentary"
  },{
    "minutes" : 0,
    "name" : "lightly"
  },{
    "minutes" : 2,
    "name" : "fairly"
  },{
    "minutes" : 15,
    "name" : "very"
  }],
  "calories" : 104,
  "duration" : 1024000,
  "activeDuration" : 1024000,
  "steps" : 1812,
  "logType" : "auto_detected",
  "manualValuesSpecified" : {
    "calories" : false,
    "distance" : false,
    "steps" : false
  },
  "lastModified" : "04/07/18 02:26:54",
  "startTime" : "04/07/18 02:04:53",
  "originalStartTime" : "04/07/18 02:04:53",
  "originalDuration" : 1024000,
  "hasGps" : false,
  "shouldFetchDetails" : false
},{
  "logId" : 13423733538,
  "activityName" : "Walk",
  "activityTypeId" : 90013,
  "activityLevel" : [{
    "minutes" : 5,
    "name" : "sedentary"
  },{
    "minutes" : 8,
    "name" : "lightly"
  },{
    "minutes" : 2,
    "name" : "fairly"
  },{
    "minutes" : 17,
    "name" : "very"
  }],
  "calories" : 157,
  "duration" : 1945000,
  "activeDuration" : 1945000,
  "steps" : 2552,
  "logType" : "auto_detected",
  "manualValuesSpecified" : {
    "calories" : false,
    "distance" : false,
    "steps" : false
  },
  "lastModified" : "04/08/18 00:55:34",
  "startTime" : "04/07/18 16:44:40",
  "originalStartTime" : "04/07/18 16:44:40",
  "originalDuration" : 1945000,
  "hasGps" : false,
  "shouldFetchDetails" : false
},{
  "logId" : 13427144373,
  "activityName" : "Walk",
  "activityTypeId" : 90013,
  "activityLevel" : [{
    "minutes" : 0,
    "name" : "sedentary"
  },{
    "minutes" : 2,
    "name" : "lightly"
  },{
    "minutes" : 1,
    "name" : "fairly"
  },{
    "minutes" : 24,
    "name" : "very"
  }],
  "calories" : 154,
  "duration" : 1639000,
  "activeDuration" : 1639000,
  "steps" : 2614,
  "logType" : "auto_detected",
  "manualValuesSpecified" : {
    "calories" : false,
    "distance" : false,
    "steps" : false
  },
  "lastModified" : "04/08/18 08:48:46",
  "startTime" : "04/08/18 08:06:17",
  "originalStartTime" : "04/08/18 08:06:17",
  "originalDuration" : 1639000,
  "hasGps" : false,
  "shouldFetchDetails" : false
},{
  "logId" : 13440551326,
  "activityName" : "Walk",
  "activityTypeId" : 90013,
  "activityLevel" : [{
    "minutes" : 1,
    "name" : "sedentary"
  },{
    "minutes" : 0,
    "name" : "lightly"
  },{
    "minutes" : 1,
    "name" : "fairly"
  },{
    "minutes" : 15,
    "name" : "very"
  }],
  "calories" : 103,
  "duration" : 1024000,
  "activeDuration" : 1024000,
  "steps" : 1781,
  "logType" : "auto_detected",
  "manualValuesSpecified" : {
    "calories" : false,
    "distance" : false,
    "steps" : false
  },
  "lastModified" : "04/09/18 01:43:37",
  "startTime" : "04/08/18 16:37:26",
  "originalStartTime" : "04/08/18 16:37:26",
  "originalDuration" : 1024000,
  "hasGps" : false,
  "shouldFetchDetails" : false
},{
  "logId" : 13440551328,
  "activityName" : "Walk",
  "activityTypeId" : 90013,
  "activityLevel" : [{
    "minutes" : 0,
    "name" : "sedentary"
  },{
    "minutes" : 1,
    "name" : "lightly"
  },{
    "minutes" : 2,
    "name" : "fairly"
  },{
    "minutes" : 15,
    "name" : "very"
  }],
  "calories" : 105,
  "duration" : 1126000,
  "activeDuration" : 1126000,
  "steps" : 1814,
  "logType" : "auto_detected",
  "manualValuesSpecified" : {
    "calories" : false,
    "distance" : false,
    "steps" : false
  },
  "lastModified" : "04/09/18 01:43:37",
  "startTime" : "04/08/18 22:11:05",
  "originalStartTime" : "04/08/18 22:11:05",
  "originalDuration" : 1126000,
  "hasGps" : false,
  "shouldFetchDetails" : false
},{
  "logId" : 13441379842,
  "activityName" : "Walk",
  "activityTypeId" : 90013,
  "activityLevel" : [{
    "minutes" : 0,
    "name" : "sedentary"
  },{
    "minutes" : 1,
    "name" : "lightly"
  },{
    "minutes" : 3,
    "name" : "fairly"
  },{
    "minutes" : 13,
    "name" : "very"
  }],
  "calories" : 96,
  "duration" : 1024000,
  "activeDuration" : 1024000,
  "steps" : 1623,
  "logType" : "auto_detected",
  "manualValuesSpecified" : {
    "calories" : false,
    "distance" : false,
    "steps" : false
  },
  "lastModified" : "04/09/18 03:15:50",
  "startTime" : "04/09/18 02:45:52",
  "originalStartTime" : "04/09/18 02:45:52",
  "originalDuration" : 1024000,
  "hasGps" : false,
  "shouldFetchDetails" : false
},{
  "logId" : 13442006584,
  "activityName" : "Walk",
  "activityTypeId" : 90013,
  "activityLevel" : [{
    "minutes" : 0,
    "name" : "sedentary"
  },{
    "minutes" : 1,
    "name" : "lightly"
  },{
    "minutes" : 1,
    "name" : "fairly"
  },{
    "minutes" : 14,
    "name" : "very"
  }],
  "calories" : 94,
  "duration" : 922000,
  "activeDuration" : 922000,
  "steps" : 1596,
  "logType" : "auto_detected",
  "manualValuesSpecified" : {
    "calories" : false,
    "distance" : false,
    "steps" : false
  },
  "lastModified" : "04/09/18 04:49:26",
  "startTime" : "04/09/18 04:18:53",
  "originalStartTime" : "04/09/18 04:18:53",
  "originalDuration" : 922000,
  "hasGps" : false,
  "shouldFetchDetails" : false
},{
  "logId" : 13493047865,
  "activityName" : "Walk",
  "activityTypeId" : 90013,
  "activityLevel" : [{
    "minutes" : 0,
    "name" : "sedentary"
  },{
    "minutes" : 1,
    "name" : "lightly"
  },{
    "minutes" : 6,
    "name" : "fairly"
  },{
    "minutes" : 15,
    "name" : "very"
  }],
  "calories" : 120,
  "duration" : 1280000,
  "activeDuration" : 1280000,
  "steps" : 2028,
  "logType" : "auto_detected",
  "manualValuesSpecified" : {
    "calories" : false,
    "distance" : false,
    "steps" : false
  },
  "lastModified" : "04/11/18 14:55:19",
  "startTime" : "04/09/18 15:28:45",
  "originalStartTime" : "04/09/18 15:28:45",
  "originalDuration" : 1280000,
  "hasGps" : false,
  "shouldFetchDetails" : false
},{
  "logId" : 13493047868,
  "activityName" : "Walk",
  "activityTypeId" : 90013,
  "activityLevel" : [{
    "minutes" : 0,
    "name" : "sedentary"
  },{
    "minutes" : 1,
    "name" : "lightly"
  },{
    "minutes" : 1,
    "name" : "fairly"
  },{
    "minutes" : 15,
    "name" : "very"
  }],
  "calories" : 103,
  "duration" : 1075000,
  "activeDuration" : 1075000,
  "steps" : 1762,
  "logType" : "auto_detected",
  "manualValuesSpecified" : {
    "calories" : false,
    "distance" : false,
    "steps" : false
  },
  "lastModified" : "04/11/18 14:55:19",
  "startTime" : "04/10/18 00:57:04",
  "originalStartTime" : "04/10/18 00:57:04",
  "originalDuration" : 1075000,
  "hasGps" : false,
  "shouldFetchDetails" : false
},{
  "logId" : 13493047870,
  "activityName" : "Walk",
  "activityTypeId" : 90013,
  "activityLevel" : [{
    "minutes" : 0,
    "name" : "sedentary"
  },{
    "minutes" : 1,
    "name" : "lightly"
  },{
    "minutes" : 4,
    "name" : "fairly"
  },{
    "minutes" : 13,
    "name" : "very"
  }],
  "calories" : 103,
  "duration" : 1024000,
  "activeDuration" : 1024000,
  "steps" : 1736,
  "logType" : "auto_detected",
  "manualValuesSpecified" : {
    "calories" : false,
    "distance" : false,
    "steps" : false
  },
  "lastModified" : "04/11/18 14:55:19",
  "startTime" : "04/10/18 15:12:58",
  "originalStartTime" : "04/10/18 15:12:58",
  "originalDuration" : 1024000,
  "hasGps" : false,
  "shouldFetchDetails" : false
},{
  "logId" : 13493047873,
  "activityName" : "Walk",
  "activityTypeId" : 90013,
  "activityLevel" : [{
    "minutes" : 0,
    "name" : "sedentary"
  },{
    "minutes" : 1,
    "name" : "lightly"
  },{
    "minutes" : 4,
    "name" : "fairly"
  },{
    "minutes" : 17,
    "name" : "very"
  }],
  "calories" : 128,
  "duration" : 1280000,
  "activeDuration" : 1280000,
  "steps" : 2208,
  "logType" : "auto_detected",
  "manualValuesSpecified" : {
    "calories" : false,
    "distance" : false,
    "steps" : false
  },
  "lastModified" : "04/11/18 14:55:19",
  "startTime" : "04/11/18 01:01:46",
  "originalStartTime" : "04/11/18 01:01:46",
  "originalDuration" : 1280000,
  "hasGps" : false,
  "shouldFetchDetails" : false
},{
  "logId" : 13493047874,
  "activityName" : "Walk",
  "activityTypeId" : 90013,
  "activityLevel" : [{
    "minutes" : 0,
    "name" : "sedentary"
  },{
    "minutes" : 0,
    "name" : "lightly"
  },{
    "minutes" : 3,
    "name" : "fairly"
  },{
    "minutes" : 15,
    "name" : "very"
  }],
  "calories" : 109,
  "duration" : 1127000,
  "activeDuration" : 1127000,
  "steps" : 1887,
  "logType" : "auto_detected",
  "manualValuesSpecified" : {
    "calories" : false,
    "distance" : false,
    "steps" : false
  },
  "lastModified" : "04/11/18 14:55:19",
  "startTime" : "04/11/18 03:43:02",
  "originalStartTime" : "04/11/18 03:43:02",
  "originalDuration" : 1127000,
  "hasGps" : false,
  "shouldFetchDetails" : false
},{
  "logId" : 13494638255,
  "activityName" : "Walk",
  "activityTypeId" : 90013,
  "activityLevel" : [{
    "minutes" : 0,
    "name" : "sedentary"
  },{
    "minutes" : 1,
    "name" : "lightly"
  },{
    "minutes" : 4,
    "name" : "fairly"
  },{
    "minutes" : 17,
    "name" : "very"
  }],
  "calories" : 125,
  "duration" : 1331000,
  "activeDuration" : 1331000,
  "steps" : 2129,
  "logType" : "auto_detected",
  "manualValuesSpecified" : {
    "calories" : false,
    "distance" : false,
    "steps" : false
  },
  "lastModified" : "04/11/18 16:29:43",
  "startTime" : "04/11/18 15:50:06",
  "originalStartTime" : "04/11/18 15:50:06",
  "originalDuration" : 1331000,
  "hasGps" : false,
  "shouldFetchDetails" : false
},{
  "logId" : 13497717472,
  "activityName" : "Walk",
  "activityTypeId" : 90013,
  "activityLevel" : [{
    "minutes" : 1,
    "name" : "sedentary"
  },{
    "minutes" : 0,
    "name" : "lightly"
  },{
    "minutes" : 4,
    "name" : "fairly"
  },{
    "minutes" : 20,
    "name" : "very"
  }],
  "calories" : 148,
  "duration" : 1536000,
  "activeDuration" : 1536000,
  "steps" : 2547,
  "logType" : "auto_detected",
  "manualValuesSpecified" : {
    "calories" : false,
    "distance" : false,
    "steps" : false
  },
  "lastModified" : "04/11/18 18:46:49",
  "startTime" : "04/11/18 18:18:35",
  "originalStartTime" : "04/11/18 18:18:35",
  "originalDuration" : 1536000,
  "hasGps" : false,
  "shouldFetchDetails" : false
},{
  "logId" : 13503998089,
  "activityName" : "Walk",
  "activityTypeId" : 90013,
  "activityLevel" : [{
    "minutes" : 0,
    "name" : "sedentary"
  },{
    "minutes" : 3,
    "name" : "lightly"
  },{
    "minutes" : 2,
    "name" : "fairly"
  },{
    "minutes" : 15,
    "name" : "very"
  }],
  "calories" : 111,
  "duration" : 1229000,
  "activeDuration" : 1229000,
  "steps" : 1865,
  "logType" : "auto_detected",
  "manualValuesSpecified" : {
    "calories" : false,
    "distance" : false,
    "steps" : false
  },
  "lastModified" : "04/12/18 00:37:07",
  "startTime" : "04/12/18 00:04:11",
  "originalStartTime" : "04/12/18 00:04:11",
  "originalDuration" : 1229000,
  "hasGps" : false,
  "shouldFetchDetails" : false
},{
  "logId" : 13506947048,
  "activityName" : "Walk",
  "activityTypeId" : 90013,
  "activityLevel" : [{
    "minutes" : 0,
    "name" : "sedentary"
  },{
    "minutes" : 2,
    "name" : "lightly"
  },{
    "minutes" : 0,
    "name" : "fairly"
  },{
    "minutes" : 15,
    "name" : "very"
  }],
  "calories" : 104,
  "duration" : 1024000,
  "activeDuration" : 1024000,
  "steps" : 1768,
  "logType" : "auto_detected",
  "manualValuesSpecified" : {
    "calories" : false,
    "distance" : false,
    "steps" : false
  },
  "lastModified" : "04/12/18 05:26:05",
  "startTime" : "04/12/18 04:57:44",
  "originalStartTime" : "04/12/18 04:57:44",
  "originalDuration" : 1024000,
  "hasGps" : false,
  "shouldFetchDetails" : false
},{
  "logId" : 13519997238,
  "activityName" : "Walk",
  "activityTypeId" : 90013,
  "activityLevel" : [{
    "minutes" : 0,
    "name" : "sedentary"
  },{
    "minutes" : 1,
    "name" : "lightly"
  },{
    "minutes" : 3,
    "name" : "fairly"
  },{
    "minutes" : 15,
    "name" : "very"
  }],
  "calories" : 113,
  "duration" : 1177000,
  "activeDuration" : 1177000,
  "steps" : 1922,
  "logType" : "auto_detected",
  "manualValuesSpecified" : {
    "calories" : false,
    "distance" : false,
    "steps" : false
  },
  "lastModified" : "04/12/18 20:11:02",
  "startTime" : "04/12/18 15:32:37",
  "originalStartTime" : "04/12/18 15:32:37",
  "originalDuration" : 1177000,
  "hasGps" : false,
  "shouldFetchDetails" : false
},{
  "logId" : 13526578820,
  "activityName" : "Walk",
  "activityTypeId" : 90013,
  "activityLevel" : [{
    "minutes" : 1,
    "name" : "sedentary"
  },{
    "minutes" : 0,
    "name" : "lightly"
  },{
    "minutes" : 2,
    "name" : "fairly"
  },{
    "minutes" : 14,
    "name" : "very"
  }],
  "calories" : 94,
  "duration" : 1024000,
  "activeDuration" : 1024000,
  "steps" : 1623,
  "logType" : "auto_detected",
  "manualValuesSpecified" : {
    "calories" : false,
    "distance" : false,
    "steps" : false
  },
  "lastModified" : "04/13/18 03:20:54",
  "startTime" : "04/13/18 02:47:36",
  "originalStartTime" : "04/13/18 02:47:36",
  "originalDuration" : 1024000,
  "hasGps" : false,
  "shouldFetchDetails" : false
},{
  "logId" : 13536231449,
  "activityName" : "Walk",
  "activityTypeId" : 90013,
  "activityLevel" : [{
    "minutes" : 0,
    "name" : "sedentary"
  },{
    "minutes" : 1,
    "name" : "lightly"
  },{
    "minutes" : 5,
    "name" : "fairly"
  },{
    "minutes" : 16,
    "name" : "very"
  }],
  "calories" : 122,
  "duration" : 1281000,
  "activeDuration" : 1281000,
  "steps" : 2073,
  "logType" : "auto_detected",
  "manualValuesSpecified" : {
    "calories" : false,
    "distance" : false,
    "steps" : false
  },
  "lastModified" : "04/13/18 15:51:55",
  "startTime" : "04/13/18 15:17:41",
  "originalStartTime" : "04/13/18 15:17:41",
  "originalDuration" : 1281000,
  "hasGps" : false,
  "shouldFetchDetails" : false
},{
  "logId" : 13546095406,
  "activityName" : "Walk",
  "activityTypeId" : 90013,
  "activityLevel" : [{
    "minutes" : 0,
    "name" : "sedentary"
  },{
    "minutes" : 1,
    "name" : "lightly"
  },{
    "minutes" : 3,
    "name" : "fairly"
  },{
    "minutes" : 14,
    "name" : "very"
  }],
  "calories" : 106,
  "duration" : 1024000,
  "activeDuration" : 1024000,
  "steps" : 1800,
  "logType" : "auto_detected",
  "manualValuesSpecified" : {
    "calories" : false,
    "distance" : false,
    "steps" : false
  },
  "lastModified" : "04/14/18 01:30:13",
  "startTime" : "04/14/18 00:57:58",
  "originalStartTime" : "04/14/18 00:57:58",
  "originalDuration" : 1024000,
  "hasGps" : false,
  "shouldFetchDetails" : false
},{
  "logId" : 13559990400,
  "activityName" : "Walk",
  "activityTypeId" : 90013,
  "activityLevel" : [{
    "minutes" : 0,
    "name" : "sedentary"
  },{
    "minutes" : 2,
    "name" : "lightly"
  },{
    "minutes" : 0,
    "name" : "fairly"
  },{
    "minutes" : 15,
    "name" : "very"
  }],
  "calories" : 96,
  "duration" : 1024000,
  "activeDuration" : 1024000,
  "steps" : 1626,
  "logType" : "auto_detected",
  "manualValuesSpecified" : {
    "calories" : false,
    "distance" : false,
    "steps" : false
  },
  "lastModified" : "04/14/18 20:06:44",
  "startTime" : "04/14/18 07:25:23",
  "originalStartTime" : "04/14/18 07:25:23",
  "originalDuration" : 1024000,
  "hasGps" : false,
  "shouldFetchDetails" : false
},{
  "logId" : 13559990402,
  "activityName" : "Walk",
  "activityTypeId" : 90013,
  "activityLevel" : [{
    "minutes" : 1,
    "name" : "sedentary"
  },{
    "minutes" : 1,
    "name" : "lightly"
  },{
    "minutes" : 1,
    "name" : "fairly"
  },{
    "minutes" : 14,
    "name" : "very"
  }],
  "calories" : 98,
  "duration" : 1024000,
  "activeDuration" : 1024000,
  "steps" : 1676,
  "logType" : "auto_detected",
  "manualValuesSpecified" : {
    "calories" : false,
    "distance" : false,
    "steps" : false
  },
  "lastModified" : "04/14/18 20:06:44",
  "startTime" : "04/14/18 16:46:01",
  "originalStartTime" : "04/14/18 16:46:01",
  "originalDuration" : 1024000,
  "hasGps" : false,
  "shouldFetchDetails" : false
},{
  "logId" : 13575071755,
  "activityName" : "Walk",
  "activityTypeId" : 90013,
  "activityLevel" : [{
    "minutes" : 0,
    "name" : "sedentary"
  },{
    "minutes" : 1,
    "name" : "lightly"
  },{
    "minutes" : 0,
    "name" : "fairly"
  },{
    "minutes" : 17,
    "name" : "very"
  }],
  "calories" : 109,
  "duration" : 1076000,
  "activeDuration" : 1076000,
  "steps" : 1874,
  "logType" : "auto_detected",
  "manualValuesSpecified" : {
    "calories" : false,
    "distance" : false,
    "steps" : false
  },
  "lastModified" : "04/15/18 17:37:39",
  "startTime" : "04/14/18 23:15:55",
  "originalStartTime" : "04/14/18 23:15:55",
  "originalDuration" : 1076000,
  "hasGps" : false,
  "shouldFetchDetails" : false
},{
  "logId" : 13575071756,
  "activityName" : "Walk",
  "activityTypeId" : 90013,
  "activityLevel" : [{
    "minutes" : 9,
    "name" : "sedentary"
  },{
    "minutes" : 6,
    "name" : "lightly"
  },{
    "minutes" : 18,
    "name" : "fairly"
  },{
    "minutes" : 19,
    "name" : "very"
  }],
  "calories" : 216,
  "duration" : 3123000,
  "activeDuration" : 3123000,
  "steps" : 3329,
  "logType" : "auto_detected",
  "manualValuesSpecified" : {
    "calories" : false,
    "distance" : false,
    "steps" : false
  },
  "lastModified" : "04/15/18 17:37:39",
  "startTime" : "04/15/18 03:40:28",
  "originalStartTime" : "04/15/18 03:40:28",
  "originalDuration" : 3123000,
  "hasGps" : false,
  "shouldFetchDetails" : false
},{
  "logId" : 13575071758,
  "activityName" : "Run",
  "activityTypeId" : 90009,
  "activityLevel" : [{
    "minutes" : 0,
    "name" : "sedentary"
  },{
    "minutes" : 0,
    "name" : "lightly"
  },{
    "minutes" : 1,
    "name" : "fairly"
  },{
    "minutes" : 21,
    "name" : "very"
  }],
  "calories" : 155,
  "duration" : 1280000,
  "activeDuration" : 1280000,
  "steps" : 2499,
  "logType" : "auto_detected",
  "manualValuesSpecified" : {
    "calories" : false,
    "distance" : false,
    "steps" : false
  },
  "lastModified" : "04/15/18 17:37:39",
  "startTime" : "04/15/18 05:46:45",
  "originalStartTime" : "04/15/18 05:46:45",
  "originalDuration" : 1280000,
  "hasGps" : false,
  "shouldFetchDetails" : false
},{
  "logId" : 13575071761,
  "activityName" : "Sport",
  "activityTypeId" : 15000,
  "activityLevel" : [{
    "minutes" : 2,
    "name" : "sedentary"
  },{
    "minutes" : 6,
    "name" : "lightly"
  },{
    "minutes" : 13,
    "name" : "fairly"
  },{
    "minutes" : 22,
    "name" : "very"
  }],
  "calories" : 215,
  "duration" : 2611000,
  "activeDuration" : 2611000,
  "steps" : 3395,
  "logType" : "auto_detected",
  "manualValuesSpecified" : {
    "calories" : false,
    "distance" : false,
    "steps" : false
  },
  "lastModified" : "04/15/18 17:37:39",
  "startTime" : "04/15/18 06:08:56",
  "originalStartTime" : "04/15/18 06:08:56",
  "originalDuration" : 2611000,
  "hasGps" : false,
  "shouldFetchDetails" : false
},{
  "logId" : 13575071764,
  "activityName" : "Walk",
  "activityTypeId" : 90013,
  "activityLevel" : [{
    "minutes" : 0,
    "name" : "sedentary"
  },{
    "minutes" : 1,
    "name" : "lightly"
  },{
    "minutes" : 3,
    "name" : "fairly"
  },{
    "minutes" : 13,
    "name" : "very"
  }],
  "calories" : 101,
  "duration" : 1024000,
  "activeDuration" : 1024000,
  "steps" : 1703,
  "logType" : "auto_detected",
  "manualValuesSpecified" : {
    "calories" : false,
    "distance" : false,
    "steps" : false
  },
  "lastModified" : "04/15/18 17:37:39",
  "startTime" : "04/15/18 06:52:27",
  "originalStartTime" : "04/15/18 06:52:27",
  "originalDuration" : 1024000,
  "hasGps" : false,
  "shouldFetchDetails" : false
},{
  "logId" : 13589499204,
  "activityName" : "Walk",
  "activityTypeId" : 90013,
  "activityLevel" : [{
    "minutes" : 0,
    "name" : "sedentary"
  },{
    "minutes" : 1,
    "name" : "lightly"
  },{
    "minutes" : 1,
    "name" : "fairly"
  },{
    "minutes" : 15,
    "name" : "very"
  }],
  "calories" : 103,
  "duration" : 1024000,
  "activeDuration" : 1024000,
  "steps" : 1765,
  "logType" : "auto_detected",
  "manualValuesSpecified" : {
    "calories" : false,
    "distance" : false,
    "steps" : false
  },
  "lastModified" : "04/16/18 14:44:34",
  "startTime" : "04/15/18 20:35:08",
  "originalStartTime" : "04/15/18 20:35:08",
  "originalDuration" : 1024000,
  "hasGps" : false,
  "shouldFetchDetails" : false
},{
  "logId" : 13589499210,
  "activityName" : "Walk",
  "activityTypeId" : 90013,
  "activityLevel" : [{
    "minutes" : 0,
    "name" : "sedentary"
  },{
    "minutes" : 1,
    "name" : "lightly"
  },{
    "minutes" : 9,
    "name" : "fairly"
  },{
    "minutes" : 16,
    "name" : "very"
  }],
  "calories" : 143,
  "duration" : 1587000,
  "activeDuration" : 1587000,
  "steps" : 2402,
  "logType" : "auto_detected",
  "manualValuesSpecified" : {
    "calories" : false,
    "distance" : false,
    "steps" : false
  },
  "lastModified" : "04/16/18 14:44:34",
  "startTime" : "04/16/18 04:15:05",
  "originalStartTime" : "04/16/18 04:15:05",
  "originalDuration" : 1587000,
  "hasGps" : false,
  "shouldFetchDetails" : false
},{
  "logId" : 13590875955,
  "activityName" : "Walk",
  "activityTypeId" : 90013,
  "activityLevel" : [{
    "minutes" : 0,
    "name" : "sedentary"
  },{
    "minutes" : 4,
    "name" : "lightly"
  },{
    "minutes" : 5,
    "name" : "fairly"
  },{
    "minutes" : 15,
    "name" : "very"
  }],
  "calories" : 130,
  "duration" : 1429000,
  "activeDuration" : 1429000,
  "steps" : 2131,
  "logType" : "auto_detected",
  "manualValuesSpecified" : {
    "calories" : false,
    "distance" : false,
    "steps" : false
  },
  "lastModified" : "04/16/18 16:01:19",
  "startTime" : "04/16/18 15:24:58",
  "originalStartTime" : "04/16/18 15:24:58",
  "originalDuration" : 1429000,
  "hasGps" : false,
  "shouldFetchDetails" : false
},{
  "logId" : 13606418926,
  "activityName" : "Walk",
  "activityTypeId" : 90013,
  "activityLevel" : [{
    "minutes" : 0,
    "name" : "sedentary"
  },{
    "minutes" : 2,
    "name" : "lightly"
  },{
    "minutes" : 0,
    "name" : "fairly"
  },{
    "minutes" : 16,
    "name" : "very"
  }],
  "calories" : 105,
  "duration" : 1080000,
  "activeDuration" : 1080000,
  "steps" : 1790,
  "logType" : "auto_detected",
  "manualValuesSpecified" : {
    "calories" : false,
    "distance" : false,
    "steps" : false
  },
  "lastModified" : "04/17/18 04:32:12",
  "startTime" : "04/17/18 03:58:23",
  "originalStartTime" : "04/17/18 03:58:23",
  "originalDuration" : 1080000,
  "hasGps" : false,
  "shouldFetchDetails" : false
},{
  "logId" : 13630204521,
  "activityName" : "Walk",
  "activityTypeId" : 90013,
  "activityLevel" : [{
    "minutes" : 0,
    "name" : "sedentary"
  },{
    "minutes" : 1,
    "name" : "lightly"
  },{
    "minutes" : 0,
    "name" : "fairly"
  },{
    "minutes" : 17,
    "name" : "very"
  }],
  "calories" : 107,
  "duration" : 1126000,
  "activeDuration" : 1126000,
  "steps" : 1835,
  "logType" : "auto_detected",
  "manualValuesSpecified" : {
    "calories" : false,
    "distance" : false,
    "steps" : false
  },
  "lastModified" : "04/18/18 05:19:53",
  "startTime" : "04/17/18 17:00:07",
  "originalStartTime" : "04/17/18 17:00:07",
  "originalDuration" : 1126000,
  "hasGps" : false,
  "shouldFetchDetails" : false
},{
  "logId" : 13630204522,
  "activityName" : "Walk",
  "activityTypeId" : 90013,
  "activityLevel" : [{
    "minutes" : 0,
    "name" : "sedentary"
  },{
    "minutes" : 0,
    "name" : "lightly"
  },{
    "minutes" : 3,
    "name" : "fairly"
  },{
    "minutes" : 16,
    "name" : "very"
  }],
  "calories" : 114,
  "duration" : 1178000,
  "activeDuration" : 1178000,
  "steps" : 1963,
  "logType" : "auto_detected",
  "manualValuesSpecified" : {
    "calories" : false,
    "distance" : false,
    "steps" : false
  },
  "lastModified" : "04/18/18 05:19:53",
  "startTime" : "04/18/18 04:26:11",
  "originalStartTime" : "04/18/18 04:26:11",
  "originalDuration" : 1178000,
  "hasGps" : false,
  "shouldFetchDetails" : false
},{
  "logId" : 13650297659,
  "activityName" : "Walk",
  "activityTypeId" : 90013,
  "activityLevel" : [{
    "minutes" : 0,
    "name" : "sedentary"
  },{
    "minutes" : 1,
    "name" : "lightly"
  },{
    "minutes" : 2,
    "name" : "fairly"
  },{
    "minutes" : 15,
    "name" : "very"
  }],
  "calories" : 109,
  "duration" : 1126000,
  "activeDuration" : 1126000,
  "steps" : 1873,
  "logType" : "auto_detected",
  "manualValuesSpecified" : {
    "calories" : false,
    "distance" : false,
    "steps" : false
  },
  "lastModified" : "04/18/18 22:54:31",
  "startTime" : "04/18/18 16:17:02",
  "originalStartTime" : "04/18/18 16:17:02",
  "originalDuration" : 1126000,
  "hasGps" : false,
  "shouldFetchDetails" : false
},{
  "logId" : 13650297661,
  "activityName" : "Walk",
  "activityTypeId" : 90013,
  "activityLevel" : [{
    "minutes" : 0,
    "name" : "sedentary"
  },{
    "minutes" : 0,
    "name" : "lightly"
  },{
    "minutes" : 3,
    "name" : "fairly"
  },{
    "minutes" : 16,
    "name" : "very"
  }],
  "calories" : 119,
  "duration" : 1177000,
  "activeDuration" : 1177000,
  "steps" : 2081,
  "logType" : "auto_detected",
  "manualValuesSpecified" : {
    "calories" : false,
    "distance" : false,
    "steps" : false
  },
  "lastModified" : "04/18/18 22:54:31",
  "startTime" : "04/18/18 20:43:17",
  "originalStartTime" : "04/18/18 20:43:17",
  "originalDuration" : 1177000,
  "hasGps" : false,
  "shouldFetchDetails" : false
},{
  "logId" : 13662070643,
  "activityName" : "Walk",
  "activityTypeId" : 90013,
  "activityLevel" : [{
    "minutes" : 0,
    "name" : "sedentary"
  },{
    "minutes" : 1,
    "name" : "lightly"
  },{
    "minutes" : 2,
    "name" : "fairly"
  },{
    "minutes" : 14,
    "name" : "very"
  }],
  "calories" : 103,
  "duration" : 1024000,
  "activeDuration" : 1024000,
  "steps" : 1775,
  "logType" : "auto_detected",
  "manualValuesSpecified" : {
    "calories" : false,
    "distance" : false,
    "steps" : false
  },
  "lastModified" : "04/19/18 14:54:58",
  "startTime" : "04/19/18 04:04:27",
  "originalStartTime" : "04/19/18 04:04:27",
  "originalDuration" : 1024000,
  "hasGps" : false,
  "shouldFetchDetails" : false
},{
  "logId" : 13663666625,
  "activityName" : "Walk",
  "activityTypeId" : 90013,
  "activityLevel" : [{
    "minutes" : 3,
    "name" : "sedentary"
  },{
    "minutes" : 10,
    "name" : "lightly"
  },{
    "minutes" : 2,
    "name" : "fairly"
  },{
    "minutes" : 17,
    "name" : "very"
  }],
  "calories" : 175,
  "duration" : 1945000,
  "activeDuration" : 1945000,
  "steps" : 2885,
  "logType" : "auto_detected",
  "manualValuesSpecified" : {
    "calories" : false,
    "distance" : false,
    "steps" : false
  },
  "lastModified" : "04/19/18 16:26:07",
  "startTime" : "04/19/18 15:45:54",
  "originalStartTime" : "04/19/18 15:45:54",
  "originalDuration" : 1945000,
  "hasGps" : false,
  "shouldFetchDetails" : false
},{
  "logId" : 13703550178,
  "activityName" : "Walk",
  "activityTypeId" : 90013,
  "activityLevel" : [{
    "minutes" : 1,
    "name" : "sedentary"
  },{
    "minutes" : 0,
    "name" : "lightly"
  },{
    "minutes" : 1,
    "name" : "fairly"
  },{
    "minutes" : 16,
    "name" : "very"
  }],
  "calories" : 108,
  "duration" : 1126000,
  "activeDuration" : 1126000,
  "steps" : 1865,
  "logType" : "auto_detected",
  "manualValuesSpecified" : {
    "calories" : false,
    "distance" : false,
    "steps" : false
  },
  "lastModified" : "04/21/18 13:07:45",
  "startTime" : "04/20/18 00:45:12",
  "originalStartTime" : "04/20/18 00:45:12",
  "originalDuration" : 1126000,
  "hasGps" : false,
  "shouldFetchDetails" : false
},{
  "logId" : 13729900970,
  "activityName" : "Walk",
  "activityTypeId" : 90013,
  "activityLevel" : [{
    "minutes" : 3,
    "name" : "sedentary"
  },{
    "minutes" : 13,
    "name" : "lightly"
  },{
    "minutes" : 0,
    "name" : "fairly"
  },{
    "minutes" : 0,
    "name" : "very"
  }],
  "calories" : 75,
  "duration" : 973000,
  "activeDuration" : 973000,
  "steps" : 1181,
  "logType" : "auto_detected",
  "manualValuesSpecified" : {
    "calories" : false,
    "distance" : false,
    "steps" : false
  },
  "lastModified" : "04/22/18 19:45:16",
  "startTime" : "04/21/18 16:13:13",
  "originalStartTime" : "04/21/18 16:13:13",
  "originalDuration" : 973000,
  "hasGps" : false,
  "shouldFetchDetails" : false
},{
  "logId" : 13729900975,
  "activityName" : "Outdoor Bike",
  "activityTypeId" : 1071,
  "activityLevel" : [{
    "minutes" : 5,
    "name" : "sedentary"
  },{
    "minutes" : 13,
    "name" : "lightly"
  },{
    "minutes" : 0,
    "name" : "fairly"
  },{
    "minutes" : 0,
    "name" : "very"
  }],
  "calories" : 38,
  "duration" : 1127000,
  "activeDuration" : 1127000,
  "logType" : "auto_detected",
  "manualValuesSpecified" : {
    "calories" : false,
    "distance" : false,
    "steps" : false
  },
  "lastModified" : "04/22/18 19:45:16",
  "startTime" : "04/22/18 02:16:31",
  "originalStartTime" : "04/22/18 02:16:31",
  "originalDuration" : 1127000,
  "hasGps" : false,
  "shouldFetchDetails" : false
},{
  "logId" : 13729900977,
  "activityName" : "Walk",
  "activityTypeId" : 90013,
  "activityLevel" : [{
    "minutes" : 1,
    "name" : "sedentary"
  },{
    "minutes" : 2,
    "name" : "lightly"
  },{
    "minutes" : 3,
    "name" : "fairly"
  },{
    "minutes" : 17,
    "name" : "very"
  }],
  "calories" : 129,
  "duration" : 1383000,
  "activeDuration" : 1383000,
  "steps" : 2207,
  "logType" : "auto_detected",
  "manualValuesSpecified" : {
    "calories" : false,
    "distance" : false,
    "steps" : false
  },
  "lastModified" : "04/22/18 19:45:16",
  "startTime" : "04/22/18 19:00:02",
  "originalStartTime" : "04/22/18 19:00:02",
  "originalDuration" : 1383000,
  "hasGps" : false,
  "shouldFetchDetails" : false
},{
  "logId" : 13770420237,
  "activityName" : "Walk",
  "activityTypeId" : 90013,
  "activityLevel" : [{
    "minutes" : 1,
    "name" : "sedentary"
  },{
    "minutes" : 3,
    "name" : "lightly"
  },{
    "minutes" : 1,
    "name" : "fairly"
  },{
    "minutes" : 14,
    "name" : "very"
  }],
  "calories" : 103,
  "duration" : 1177000,
  "activeDuration" : 1177000,
  "steps" : 1725,
  "logType" : "auto_detected",
  "manualValuesSpecified" : {
    "calories" : false,
    "distance" : false,
    "steps" : false
  },
  "lastModified" : "04/24/18 14:11:23",
  "startTime" : "04/23/18 15:22:02",
  "originalStartTime" : "04/23/18 15:22:02",
  "originalDuration" : 1177000,
  "hasGps" : false,
  "shouldFetchDetails" : false
},{
  "logId" : 13770420238,
  "activityName" : "Walk",
  "activityTypeId" : 90013,
  "activityLevel" : [{
    "minutes" : 0,
    "name" : "sedentary"
  },{
    "minutes" : 1,
    "name" : "lightly"
  },{
    "minutes" : 0,
    "name" : "fairly"
  },{
    "minutes" : 17,
    "name" : "very"
  }],
  "calories" : 107,
  "duration" : 1127000,
  "activeDuration" : 1127000,
  "steps" : 1812,
  "logType" : "auto_detected",
  "manualValuesSpecified" : {
    "calories" : false,
    "distance" : false,
    "steps" : false
  },
  "lastModified" : "04/24/18 14:11:23",
  "startTime" : "04/24/18 02:52:22",
  "originalStartTime" : "04/24/18 02:52:22",
  "originalDuration" : 1127000,
  "hasGps" : false,
  "shouldFetchDetails" : false
},{
  "logId" : 13770420239,
  "activityName" : "Walk",
  "activityTypeId" : 90013,
  "activityLevel" : [{
    "minutes" : 14,
    "name" : "sedentary"
  },{
    "minutes" : 3,
    "name" : "lightly"
  },{
    "minutes" : 8,
    "name" : "fairly"
  },{
    "minutes" : 32,
    "name" : "very"
  }],
  "calories" : 251,
  "duration" : 3431000,
  "activeDuration" : 3431000,
  "steps" : 4028,
  "logType" : "auto_detected",
  "manualValuesSpecified" : {
    "calories" : false,
    "distance" : false,
    "steps" : false
  },
  "lastModified" : "04/24/18 14:11:23",
  "startTime" : "04/24/18 03:40:09",
  "originalStartTime" : "04/24/18 03:40:09",
  "originalDuration" : 3431000,
  "hasGps" : false,
  "shouldFetchDetails" : false
},{
  "logId" : 13792919365,
  "activityName" : "Walk",
  "activityTypeId" : 90013,
  "activityLevel" : [{
    "minutes" : 0,
    "name" : "sedentary"
  },{
    "minutes" : 2,
    "name" : "lightly"
  },{
    "minutes" : 5,
    "name" : "fairly"
  },{
    "minutes" : 25,
    "name" : "very"
  }],
  "calories" : 183,
  "duration" : 1895000,
  "activeDuration" : 1895000,
  "steps" : 3119,
  "logType" : "auto_detected",
  "manualValuesSpecified" : {
    "calories" : false,
    "distance" : false,
    "steps" : false
  },
  "lastModified" : "04/25/18 15:34:15",
  "startTime" : "04/24/18 15:20:45",
  "originalStartTime" : "04/24/18 15:20:45",
  "originalDuration" : 1895000,
  "hasGps" : false,
  "shouldFetchDetails" : false
},{
  "logId" : 13792919371,
  "activityName" : "Walk",
  "activityTypeId" : 90013,
  "activityLevel" : [{
    "minutes" : 1,
    "name" : "sedentary"
  },{
    "minutes" : 1,
    "name" : "lightly"
  },{
    "minutes" : 5,
    "name" : "fairly"
  },{
    "minutes" : 16,
    "name" : "very"
  }],
  "calories" : 127,
  "duration" : 1382000,
  "activeDuration" : 1382000,
  "steps" : 2136,
  "logType" : "auto_detected",
  "manualValuesSpecified" : {
    "calories" : false,
    "distance" : false,
    "steps" : false
  },
  "lastModified" : "04/25/18 15:34:15",
  "startTime" : "04/25/18 00:11:32",
  "originalStartTime" : "04/25/18 00:11:32",
  "originalDuration" : 1382000,
  "hasGps" : false,
  "shouldFetchDetails" : false
},{
  "logId" : 13792919372,
  "activityName" : "Walk",
  "activityTypeId" : 90013,
  "activityLevel" : [{
    "minutes" : 9,
    "name" : "sedentary"
  },{
    "minutes" : 26,
    "name" : "lightly"
  },{
    "minutes" : 23,
    "name" : "fairly"
  },{
    "minutes" : 46,
    "name" : "very"
  }],
  "calories" : 475,
  "duration" : 6246000,
  "activeDuration" : 6246000,
  "steps" : 7433,
  "logType" : "auto_detected",
  "manualValuesSpecified" : {
    "calories" : false,
    "distance" : false,
    "steps" : false
  },
  "lastModified" : "04/25/18 15:34:15",
  "startTime" : "04/25/18 01:00:10",
  "originalStartTime" : "04/25/18 01:00:10",
  "originalDuration" : 6246000,
  "hasGps" : false,
  "shouldFetchDetails" : false
},{
  "logId" : 13805876921,
  "activityName" : "Walk",
  "activityTypeId" : 90013,
  "activityLevel" : [{
    "minutes" : 0,
    "name" : "sedentary"
  },{
    "minutes" : 1,
    "name" : "lightly"
  },{
    "minutes" : 4,
    "name" : "fairly"
  },{
    "minutes" : 12,
    "name" : "very"
  }],
  "calories" : 102,
  "duration" : 1024000,
  "activeDuration" : 1024000,
  "steps" : 1756,
  "logType" : "auto_detected",
  "manualValuesSpecified" : {
    "calories" : false,
    "distance" : false,
    "steps" : false
  },
  "lastModified" : "04/26/18 05:10:42",
  "startTime" : "04/25/18 15:46:47",
  "originalStartTime" : "04/25/18 15:46:47",
  "originalDuration" : 1024000,
  "hasGps" : false,
  "shouldFetchDetails" : false
},{
  "logId" : 13805876924,
  "activityName" : "Walk",
  "activityTypeId" : 90013,
  "activityLevel" : [{
    "minutes" : 0,
    "name" : "sedentary"
  },{
    "minutes" : 0,
    "name" : "lightly"
  },{
    "minutes" : 2,
    "name" : "fairly"
  },{
    "minutes" : 16,
    "name" : "very"
  }],
  "calories" : 110,
  "duration" : 1075000,
  "activeDuration" : 1075000,
  "steps" : 1903,
  "logType" : "auto_detected",
  "manualValuesSpecified" : {
    "calories" : false,
    "distance" : false,
    "steps" : false
  },
  "lastModified" : "04/26/18 05:10:42",
  "startTime" : "04/26/18 02:14:50",
  "originalStartTime" : "04/26/18 02:14:50",
  "originalDuration" : 1075000,
  "hasGps" : false,
  "shouldFetchDetails" : false
},{
  "logId" : 13822273963,
  "activityName" : "Walk",
  "activityTypeId" : 90013,
  "activityLevel" : [{
    "minutes" : 0,
    "name" : "sedentary"
  },{
    "minutes" : 1,
    "name" : "lightly"
  },{
    "minutes" : 4,
    "name" : "fairly"
  },{
    "minutes" : 15,
    "name" : "very"
  }],
  "calories" : 114,
  "duration" : 1229000,
  "activeDuration" : 1229000,
  "steps" : 1931,
  "logType" : "auto_detected",
  "manualValuesSpecified" : {
    "calories" : false,
    "distance" : false,
    "steps" : false
  },
  "lastModified" : "04/26/18 19:50:40",
  "startTime" : "04/26/18 15:25:02",
  "originalStartTime" : "04/26/18 15:25:02",
  "originalDuration" : 1229000,
  "hasGps" : false,
  "shouldFetchDetails" : false
},{
  "logId" : 13839651999,
  "activityName" : "Walk",
  "activityTypeId" : 90013,
  "activityLevel" : [{
    "minutes" : 0,
    "name" : "sedentary"
  },{
    "minutes" : 2,
    "name" : "lightly"
  },{
    "minutes" : 1,
    "name" : "fairly"
  },{
    "minutes" : 14,
    "name" : "very"
  }],
  "calories" : 102,
  "duration" : 1025000,
  "activeDuration" : 1025000,
  "steps" : 1688,
  "logType" : "auto_detected",
  "manualValuesSpecified" : {
    "calories" : false,
    "distance" : false,
    "steps" : false
  },
  "lastModified" : "04/27/18 16:49:36",
  "startTime" : "04/27/18 16:13:15",
  "originalStartTime" : "04/27/18 16:13:15",
  "originalDuration" : 1025000,
  "hasGps" : false,
  "shouldFetchDetails" : false
},{
  "logId" : 13847390594,
  "activityName" : "Walk",
  "activityTypeId" : 90013,
  "activityLevel" : [{
    "minutes" : 0,
    "name" : "sedentary"
  },{
    "minutes" : 2,
    "name" : "lightly"
  },{
    "minutes" : 3,
    "name" : "fairly"
  },{
    "minutes" : 12,
    "name" : "very"
  }],
  "calories" : 98,
  "duration" : 1024000,
  "activeDuration" : 1024000,
  "steps" : 1648,
  "logType" : "auto_detected",
  "manualValuesSpecified" : {
    "calories" : false,
    "distance" : false,
    "steps" : false
  },
  "lastModified" : "04/28/18 01:26:00",
  "startTime" : "04/28/18 00:58:04",
  "originalStartTime" : "04/28/18 00:58:04",
  "originalDuration" : 1024000,
  "hasGps" : false,
  "shouldFetchDetails" : false
},{
  "logId" : 13877224350,
  "activityName" : "Walk",
  "activityTypeId" : 90013,
  "activityLevel" : [{
    "minutes" : 0,
    "name" : "sedentary"
  },{
    "minutes" : 1,
    "name" : "lightly"
  },{
    "minutes" : 0,
    "name" : "fairly"
  },{
    "minutes" : 23,
    "name" : "very"
  }],
  "calories" : 148,
  "duration" : 1433000,
  "activeDuration" : 1433000,
  "steps" : 2556,
  "logType" : "auto_detected",
  "manualValuesSpecified" : {
    "calories" : false,
    "distance" : false,
    "steps" : false
  },
  "lastModified" : "04/29/18 15:54:54",
  "startTime" : "04/29/18 02:00:48",
  "originalStartTime" : "04/29/18 02:00:48",
  "originalDuration" : 1433000,
  "hasGps" : false,
  "shouldFetchDetails" : false
},{
  "logId" : 13877224352,
  "activityName" : "Walk",
  "activityTypeId" : 90013,
  "activityLevel" : [{
    "minutes" : 1,
    "name" : "sedentary"
  },{
    "minutes" : 0,
    "name" : "lightly"
  },{
    "minutes" : 1,
    "name" : "fairly"
  },{
    "minutes" : 25,
    "name" : "very"
  }],
  "calories" : 161,
  "duration" : 1639000,
  "activeDuration" : 1639000,
  "steps" : 2766,
  "logType" : "auto_detected",
  "manualValuesSpecified" : {
    "calories" : false,
    "distance" : false,
    "steps" : false
  },
  "lastModified" : "04/29/18 15:54:54",
  "startTime" : "04/29/18 04:49:45",
  "originalStartTime" : "04/29/18 04:49:45",
  "originalDuration" : 1639000,
  "hasGps" : false,
  "shouldFetchDetails" : false
},{
  "logId" : 13878310947,
  "activityName" : "Walk",
  "activityTypeId" : 90013,
  "activityLevel" : [{
    "minutes" : 1,
    "name" : "sedentary"
  },{
    "minutes" : 1,
    "name" : "lightly"
  },{
    "minutes" : 1,
    "name" : "fairly"
  },{
    "minutes" : 17,
    "name" : "very"
  }],
  "calories" : 132,
  "duration" : 1229000,
  "activeDuration" : 1229000,
  "steps" : 2106,
  "logType" : "auto_detected",
  "manualValuesSpecified" : {
    "calories" : false,
    "distance" : false,
    "steps" : false
  },
  "lastModified" : "04/29/18 17:11:09",
  "startTime" : "04/29/18 16:46:33",
  "originalStartTime" : "04/29/18 16:46:33",
  "originalDuration" : 1229000,
  "hasGps" : false,
  "shouldFetchDetails" : false
},{
  "logId" : 13893823344,
  "activityName" : "Walk",
  "activityTypeId" : 90013,
  "activityLevel" : [{
    "minutes" : 0,
    "name" : "sedentary"
  },{
    "minutes" : 2,
    "name" : "lightly"
  },{
    "minutes" : 1,
    "name" : "fairly"
  },{
    "minutes" : 16,
    "name" : "very"
  }],
  "calories" : 113,
  "duration" : 1126000,
  "activeDuration" : 1126000,
  "steps" : 1908,
  "logType" : "auto_detected",
  "manualValuesSpecified" : {
    "calories" : false,
    "distance" : false,
    "steps" : false
  },
  "lastModified" : "04/30/18 13:35:11",
  "startTime" : "04/29/18 18:38:21",
  "originalStartTime" : "04/29/18 18:38:21",
  "originalDuration" : 1126000,
  "hasGps" : false,
  "shouldFetchDetails" : false
},{
  "logId" : 13895568591,
  "activityName" : "Walk",
  "activityTypeId" : 90013,
  "activityLevel" : [{
    "minutes" : 0,
    "name" : "sedentary"
  },{
    "minutes" : 1,
    "name" : "lightly"
  },{
    "minutes" : 2,
    "name" : "fairly"
  },{
    "minutes" : 17,
    "name" : "very"
  }],
  "calories" : 121,
  "duration" : 1178000,
  "activeDuration" : 1178000,
  "steps" : 2060,
  "logType" : "auto_detected",
  "manualValuesSpecified" : {
    "calories" : false,
    "distance" : false,
    "steps" : false
  },
  "lastModified" : "04/30/18 15:21:44",
  "startTime" : "04/30/18 14:56:54",
  "originalStartTime" : "04/30/18 14:56:54",
  "originalDuration" : 1178000,
  "hasGps" : false,
  "shouldFetchDetails" : false
},{
  "logId" : 13988347697,
  "activityName" : "Walk",
  "activityTypeId" : 90013,
  "activityLevel" : [{
    "minutes" : 1,
    "name" : "sedentary"
  },{
    "minutes" : 0,
    "name" : "lightly"
  },{
    "minutes" : 1,
    "name" : "fairly"
  },{
    "minutes" : 15,
    "name" : "very"
  }],
  "calories" : 99,
  "duration" : 1024000,
  "activeDuration" : 1024000,
  "steps" : 1708,
  "logType" : "auto_detected",
  "manualValuesSpecified" : {
    "calories" : false,
    "distance" : false,
    "steps" : false
  },
  "lastModified" : "05/04/18 14:59:05",
  "startTime" : "05/02/18 16:00:03",
  "originalStartTime" : "05/02/18 16:00:03",
  "originalDuration" : 1024000,
  "hasGps" : false,
  "shouldFetchDetails" : false
},{
  "logId" : 13988347700,
  "activityName" : "Walk",
  "activityTypeId" : 90013,
  "activityLevel" : [{
    "minutes" : 0,
    "name" : "sedentary"
  },{
    "minutes" : 13,
    "name" : "lightly"
  },{
    "minutes" : 2,
    "name" : "fairly"
  },{
    "minutes" : 7,
    "name" : "very"
  }],
  "calories" : 112,
  "duration" : 1331000,
  "activeDuration" : 1331000,
  "steps" : 1774,
  "logType" : "auto_detected",
  "manualValuesSpecified" : {
    "calories" : false,
    "distance" : false,
    "steps" : false
  },
  "lastModified" : "05/04/18 14:59:05",
  "startTime" : "05/02/18 20:34:50",
  "originalStartTime" : "05/02/18 20:34:50",
  "originalDuration" : 1331000,
  "hasGps" : false,
  "shouldFetchDetails" : false
},{
  "logId" : 13988347704,
  "activityName" : "Walk",
  "activityTypeId" : 90013,
  "activityLevel" : [{
    "minutes" : 0,
    "name" : "sedentary"
  },{
    "minutes" : 3,
    "name" : "lightly"
  },{
    "minutes" : 7,
    "name" : "fairly"
  },{
    "minutes" : 14,
    "name" : "very"
  }],
  "calories" : 121,
  "duration" : 1485000,
  "activeDuration" : 1485000,
  "steps" : 1996,
  "logType" : "auto_detected",
  "manualValuesSpecified" : {
    "calories" : false,
    "distance" : false,
    "steps" : false
  },
  "lastModified" : "05/04/18 14:59:05",
  "startTime" : "05/03/18 01:30:05",
  "originalStartTime" : "05/03/18 01:30:05",
  "originalDuration" : 1485000,
  "hasGps" : false,
  "shouldFetchDetails" : false
},{
  "logId" : 13988347708,
  "activityName" : "Walk",
  "activityTypeId" : 90013,
  "activityLevel" : [{
    "minutes" : 0,
    "name" : "sedentary"
  },{
    "minutes" : 0,
    "name" : "lightly"
  },{
    "minutes" : 9,
    "name" : "fairly"
  },{
    "minutes" : 21,
    "name" : "very"
  }],
  "calories" : 170,
  "duration" : 1843000,
  "activeDuration" : 1843000,
  "steps" : 2850,
  "logType" : "auto_detected",
  "manualValuesSpecified" : {
    "calories" : false,
    "distance" : false,
    "steps" : false
  },
  "lastModified" : "05/04/18 14:59:05",
  "startTime" : "05/03/18 15:32:19",
  "originalStartTime" : "05/03/18 15:32:19",
  "originalDuration" : 1843000,
  "hasGps" : false,
  "shouldFetchDetails" : false
},{
  "logId" : 13988347710,
  "activityName" : "Walk",
  "activityTypeId" : 90013,
  "activityLevel" : [{
    "minutes" : 1,
    "name" : "sedentary"
  },{
    "minutes" : 1,
    "name" : "lightly"
  },{
    "minutes" : 4,
    "name" : "fairly"
  },{
    "minutes" : 11,
    "name" : "very"
  }],
  "calories" : 94,
  "duration" : 1024000,
  "activeDuration" : 1024000,
  "steps" : 1605,
  "logType" : "auto_detected",
  "manualValuesSpecified" : {
    "calories" : false,
    "distance" : false,
    "steps" : false
  },
  "lastModified" : "05/04/18 14:59:05",
  "startTime" : "05/03/18 23:28:29",
  "originalStartTime" : "05/03/18 23:28:29",
  "originalDuration" : 1024000,
  "hasGps" : false,
  "shouldFetchDetails" : false
},{
  "logId" : 13988347711,
  "activityName" : "Walk",
  "activityTypeId" : 90013,
  "activityLevel" : [{
    "minutes" : 0,
    "name" : "sedentary"
  },{
    "minutes" : 2,
    "name" : "lightly"
  },{
    "minutes" : 2,
    "name" : "fairly"
  },{
    "minutes" : 15,
    "name" : "very"
  }],
  "calories" : 111,
  "duration" : 1127000,
  "activeDuration" : 1127000,
  "steps" : 1896,
  "logType" : "auto_detected",
  "manualValuesSpecified" : {
    "calories" : false,
    "distance" : false,
    "steps" : false
  },
  "lastModified" : "05/04/18 14:59:05",
  "startTime" : "05/04/18 04:41:39",
  "originalStartTime" : "05/04/18 04:41:39",
  "originalDuration" : 1127000,
  "hasGps" : false,
  "shouldFetchDetails" : false
},{
  "logId" : 13989564055,
  "activityName" : "Walk",
  "activityTypeId" : 90013,
  "activityLevel" : [{
    "minutes" : 0,
    "name" : "sedentary"
  },{
    "minutes" : 3,
    "name" : "lightly"
  },{
    "minutes" : 3,
    "name" : "fairly"
  },{
    "minutes" : 15,
    "name" : "very"
  }],
  "calories" : 116,
  "duration" : 1228000,
  "activeDuration" : 1228000,
  "steps" : 1942,
  "logType" : "auto_detected",
  "manualValuesSpecified" : {
    "calories" : false,
    "distance" : false,
    "steps" : false
  },
  "lastModified" : "05/04/18 16:15:07",
  "startTime" : "05/04/18 15:39:37",
  "originalStartTime" : "05/04/18 15:39:37",
  "originalDuration" : 1228000,
  "hasGps" : false,
  "shouldFetchDetails" : false
},{
  "logId" : 13998260217,
  "activityName" : "Walk",
  "activityTypeId" : 90013,
  "activityLevel" : [{
    "minutes" : 3,
    "name" : "sedentary"
  },{
    "minutes" : 12,
    "name" : "lightly"
  },{
    "minutes" : 5,
    "name" : "fairly"
  },{
    "minutes" : 18,
    "name" : "very"
  }],
  "calories" : 193,
  "duration" : 2303000,
  "activeDuration" : 2303000,
  "steps" : 3151,
  "logType" : "auto_detected",
  "manualValuesSpecified" : {
    "calories" : false,
    "distance" : false,
    "steps" : false
  },
  "lastModified" : "05/05/18 02:24:07",
  "startTime" : "05/05/18 01:36:56",
  "originalStartTime" : "05/05/18 01:36:56",
  "originalDuration" : 2303000,
  "hasGps" : false,
  "shouldFetchDetails" : false
}]