[{
  "dateTime" : "01/10/18 00:00:00",
  "value" : "0"
},{
  "dateTime" : "01/11/18 00:00:00",
  "value" : "65"
},{
  "dateTime" : "01/12/18 00:00:00",
  "value" : "246"
},{
  "dateTime" : "01/13/18 00:00:00",
  "value" : "237"
},{
  "dateTime" : "01/14/18 00:00:00",
  "value" : "315"
},{
  "dateTime" : "01/15/18 00:00:00",
  "value" : "303"
},{
  "dateTime" : "01/16/18 00:00:00",
  "value" : "180"
},{
  "dateTime" : "01/17/18 00:00:00",
  "value" : "219"
},{
  "dateTime" : "01/18/18 00:00:00",
  "value" : "97"
},{
  "dateTime" : "01/19/18 00:00:00",
  "value" : "140"
},{
  "dateTime" : "01/20/18 00:00:00",
  "value" : "254"
},{
  "dateTime" : "01/21/18 00:00:00",
  "value" : "109"
},{
  "dateTime" : "01/22/18 00:00:00",
  "value" : "128"
},{
  "dateTime" : "01/23/18 00:00:00",
  "value" : "126"
},{
  "dateTime" : "01/24/18 00:00:00",
  "value" : "207"
},{
  "dateTime" : "01/25/18 00:00:00",
  "value" : "145"
},{
  "dateTime" : "01/26/18 00:00:00",
  "value" : "97"
},{
  "dateTime" : "01/27/18 00:00:00",
  "value" : "302"
},{
  "dateTime" : "01/28/18 00:00:00",
  "value" : "202"
},{
  "dateTime" : "01/29/18 00:00:00",
  "value" : "152"
},{
  "dateTime" : "01/30/18 00:00:00",
  "value" : "179"
},{
  "dateTime" : "01/31/18 00:00:00",
  "value" : "242"
},{
  "dateTime" : "02/01/18 00:00:00",
  "value" : "151"
},{
  "dateTime" : "02/02/18 00:00:00",
  "value" : "215"
},{
  "dateTime" : "02/03/18 00:00:00",
  "value" : "128"
},{
  "dateTime" : "02/04/18 00:00:00",
  "value" : "165"
},{
  "dateTime" : "02/05/18 00:00:00",
  "value" : "130"
},{
  "dateTime" : "02/06/18 00:00:00",
  "value" : "209"
},{
  "dateTime" : "02/07/18 00:00:00",
  "value" : "95"
},{
  "dateTime" : "02/08/18 00:00:00",
  "value" : "162"
}]