[{
  "dateTime" : "03/11/18 00:00:00",
  "value" : "138"
},{
  "dateTime" : "03/12/18 00:00:00",
  "value" : "70"
},{
  "dateTime" : "03/13/18 00:00:00",
  "value" : "35"
},{
  "dateTime" : "03/14/18 00:00:00",
  "value" : "274"
},{
  "dateTime" : "03/15/18 00:00:00",
  "value" : "162"
},{
  "dateTime" : "03/16/18 00:00:00",
  "value" : "253"
},{
  "dateTime" : "03/17/18 00:00:00",
  "value" : "252"
},{
  "dateTime" : "03/18/18 00:00:00",
  "value" : "184"
},{
  "dateTime" : "03/19/18 00:00:00",
  "value" : "179"
},{
  "dateTime" : "03/20/18 00:00:00",
  "value" : "126"
},{
  "dateTime" : "03/21/18 00:00:00",
  "value" : "284"
},{
  "dateTime" : "03/22/18 00:00:00",
  "value" : "174"
},{
  "dateTime" : "03/23/18 00:00:00",
  "value" : "260"
},{
  "dateTime" : "03/24/18 00:00:00",
  "value" : "319"
},{
  "dateTime" : "03/25/18 00:00:00",
  "value" : "170"
},{
  "dateTime" : "03/26/18 00:00:00",
  "value" : "287"
},{
  "dateTime" : "03/27/18 00:00:00",
  "value" : "196"
},{
  "dateTime" : "03/28/18 00:00:00",
  "value" : "210"
},{
  "dateTime" : "03/29/18 00:00:00",
  "value" : "181"
},{
  "dateTime" : "03/30/18 00:00:00",
  "value" : "209"
},{
  "dateTime" : "03/31/18 00:00:00",
  "value" : "225"
},{
  "dateTime" : "04/01/18 00:00:00",
  "value" : "271"
},{
  "dateTime" : "04/02/18 00:00:00",
  "value" : "138"
},{
  "dateTime" : "04/03/18 00:00:00",
  "value" : "168"
},{
  "dateTime" : "04/04/18 00:00:00",
  "value" : "198"
},{
  "dateTime" : "04/05/18 00:00:00",
  "value" : "192"
},{
  "dateTime" : "04/06/18 00:00:00",
  "value" : "266"
},{
  "dateTime" : "04/07/18 00:00:00",
  "value" : "343"
},{
  "dateTime" : "04/08/18 00:00:00",
  "value" : "265"
},{
  "dateTime" : "04/09/18 00:00:00",
  "value" : "115"
}]