[{
  "dateTime" : "06/09/18 00:00:00",
  "value" : "390"
},{
  "dateTime" : "06/10/18 00:00:00",
  "value" : "160"
},{
  "dateTime" : "06/11/18 00:00:00",
  "value" : "121"
},{
  "dateTime" : "06/12/18 00:00:00",
  "value" : "135"
},{
  "dateTime" : "06/13/18 00:00:00",
  "value" : "174"
},{
  "dateTime" : "06/14/18 00:00:00",
  "value" : "126"
},{
  "dateTime" : "06/15/18 00:00:00",
  "value" : "242"
},{
  "dateTime" : "06/16/18 00:00:00",
  "value" : "302"
},{
  "dateTime" : "06/17/18 00:00:00",
  "value" : "264"
},{
  "dateTime" : "06/18/18 00:00:00",
  "value" : "161"
},{
  "dateTime" : "06/19/18 00:00:00",
  "value" : "192"
},{
  "dateTime" : "06/20/18 00:00:00",
  "value" : "202"
},{
  "dateTime" : "06/21/18 00:00:00",
  "value" : "80"
},{
  "dateTime" : "06/22/18 00:00:00",
  "value" : "143"
},{
  "dateTime" : "06/23/18 00:00:00",
  "value" : "118"
},{
  "dateTime" : "06/24/18 00:00:00",
  "value" : "160"
},{
  "dateTime" : "06/25/18 00:00:00",
  "value" : "190"
},{
  "dateTime" : "06/26/18 00:00:00",
  "value" : "173"
},{
  "dateTime" : "06/27/18 00:00:00",
  "value" : "148"
},{
  "dateTime" : "06/28/18 00:00:00",
  "value" : "123"
},{
  "dateTime" : "06/29/18 00:00:00",
  "value" : "192"
},{
  "dateTime" : "06/30/18 00:00:00",
  "value" : "259"
},{
  "dateTime" : "07/01/18 00:00:00",
  "value" : "177"
},{
  "dateTime" : "07/02/18 00:00:00",
  "value" : "134"
},{
  "dateTime" : "07/03/18 00:00:00",
  "value" : "125"
},{
  "dateTime" : "07/04/18 00:00:00",
  "value" : "182"
},{
  "dateTime" : "07/05/18 00:00:00",
  "value" : "237"
},{
  "dateTime" : "07/06/18 00:00:00",
  "value" : "251"
},{
  "dateTime" : "07/07/18 00:00:00",
  "value" : "215"
},{
  "dateTime" : "07/08/18 00:00:00",
  "value" : "165"
}]