[{
  "dateTime" : "05/10/18 00:00:00",
  "value" : "127"
},{
  "dateTime" : "05/11/18 00:00:00",
  "value" : "406"
},{
  "dateTime" : "05/12/18 00:00:00",
  "value" : "405"
},{
  "dateTime" : "05/13/18 00:00:00",
  "value" : "302"
},{
  "dateTime" : "05/14/18 00:00:00",
  "value" : "318"
},{
  "dateTime" : "05/15/18 00:00:00",
  "value" : "221"
},{
  "dateTime" : "05/16/18 00:00:00",
  "value" : "345"
},{
  "dateTime" : "05/17/18 00:00:00",
  "value" : "322"
},{
  "dateTime" : "05/18/18 00:00:00",
  "value" : "278"
},{
  "dateTime" : "05/19/18 00:00:00",
  "value" : "283"
},{
  "dateTime" : "05/20/18 00:00:00",
  "value" : "293"
},{
  "dateTime" : "05/21/18 00:00:00",
  "value" : "226"
},{
  "dateTime" : "05/22/18 00:00:00",
  "value" : "284"
},{
  "dateTime" : "05/23/18 00:00:00",
  "value" : "340"
},{
  "dateTime" : "05/24/18 00:00:00",
  "value" : "280"
},{
  "dateTime" : "05/25/18 00:00:00",
  "value" : "367"
},{
  "dateTime" : "05/26/18 00:00:00",
  "value" : "427"
},{
  "dateTime" : "05/27/18 00:00:00",
  "value" : "240"
},{
  "dateTime" : "05/28/18 00:00:00",
  "value" : "354"
},{
  "dateTime" : "05/29/18 00:00:00",
  "value" : "328"
},{
  "dateTime" : "05/30/18 00:00:00",
  "value" : "128"
},{
  "dateTime" : "05/31/18 00:00:00",
  "value" : "139"
},{
  "dateTime" : "06/01/18 00:00:00",
  "value" : "171"
},{
  "dateTime" : "06/02/18 00:00:00",
  "value" : "256"
},{
  "dateTime" : "06/03/18 00:00:00",
  "value" : "201"
},{
  "dateTime" : "06/04/18 00:00:00",
  "value" : "156"
},{
  "dateTime" : "06/05/18 00:00:00",
  "value" : "171"
},{
  "dateTime" : "06/06/18 00:00:00",
  "value" : "165"
},{
  "dateTime" : "06/07/18 00:00:00",
  "value" : "120"
},{
  "dateTime" : "06/08/18 00:00:00",
  "value" : "207"
}]