[{
  "dateTime" : "02/04/19 00:00:00",
  "value" : "251"
},{
  "dateTime" : "02/05/19 00:00:00",
  "value" : "242"
},{
  "dateTime" : "02/06/19 00:00:00",
  "value" : "215"
},{
  "dateTime" : "02/07/19 00:00:00",
  "value" : "292"
},{
  "dateTime" : "02/08/19 00:00:00",
  "value" : "104"
},{
  "dateTime" : "02/09/19 00:00:00",
  "value" : "236"
},{
  "dateTime" : "02/10/19 00:00:00",
  "value" : "256"
},{
  "dateTime" : "02/11/19 00:00:00",
  "value" : "230"
},{
  "dateTime" : "02/12/19 00:00:00",
  "value" : "171"
},{
  "dateTime" : "02/13/19 00:00:00",
  "value" : "220"
},{
  "dateTime" : "02/14/19 00:00:00",
  "value" : "181"
},{
  "dateTime" : "02/15/19 00:00:00",
  "value" : "286"
},{
  "dateTime" : "02/16/19 00:00:00",
  "value" : "222"
},{
  "dateTime" : "02/17/19 00:00:00",
  "value" : "248"
},{
  "dateTime" : "02/18/19 00:00:00",
  "value" : "274"
},{
  "dateTime" : "02/19/19 00:00:00",
  "value" : "159"
},{
  "dateTime" : "02/20/19 00:00:00",
  "value" : "264"
},{
  "dateTime" : "02/21/19 00:00:00",
  "value" : "280"
},{
  "dateTime" : "02/22/19 00:00:00",
  "value" : "265"
},{
  "dateTime" : "02/23/19 00:00:00",
  "value" : "267"
},{
  "dateTime" : "02/24/19 00:00:00",
  "value" : "361"
},{
  "dateTime" : "02/25/19 00:00:00",
  "value" : "20"
},{
  "dateTime" : "02/26/19 00:00:00",
  "value" : "0"
},{
  "dateTime" : "02/27/19 00:00:00",
  "value" : "0"
},{
  "dateTime" : "02/28/19 00:00:00",
  "value" : "0"
},{
  "dateTime" : "03/01/19 00:00:00",
  "value" : "0"
},{
  "dateTime" : "03/02/19 00:00:00",
  "value" : "0"
},{
  "dateTime" : "03/03/19 00:00:00",
  "value" : "0"
},{
  "dateTime" : "03/04/19 00:00:00",
  "value" : "0"
},{
  "dateTime" : "03/05/19 00:00:00",
  "value" : "0"
}]