[{
  "dateTime" : "01/05/19 00:00:00",
  "value" : "333"
},{
  "dateTime" : "01/06/19 00:00:00",
  "value" : "164"
},{
  "dateTime" : "01/07/19 00:00:00",
  "value" : "167"
},{
  "dateTime" : "01/08/19 00:00:00",
  "value" : "160"
},{
  "dateTime" : "01/09/19 00:00:00",
  "value" : "233"
},{
  "dateTime" : "01/10/19 00:00:00",
  "value" : "324"
},{
  "dateTime" : "01/11/19 00:00:00",
  "value" : "281"
},{
  "dateTime" : "01/12/19 00:00:00",
  "value" : "194"
},{
  "dateTime" : "01/13/19 00:00:00",
  "value" : "163"
},{
  "dateTime" : "01/14/19 00:00:00",
  "value" : "203"
},{
  "dateTime" : "01/15/19 00:00:00",
  "value" : "253"
},{
  "dateTime" : "01/16/19 00:00:00",
  "value" : "274"
},{
  "dateTime" : "01/17/19 00:00:00",
  "value" : "268"
},{
  "dateTime" : "01/18/19 00:00:00",
  "value" : "244"
},{
  "dateTime" : "01/19/19 00:00:00",
  "value" : "204"
},{
  "dateTime" : "01/20/19 00:00:00",
  "value" : "253"
},{
  "dateTime" : "01/21/19 00:00:00",
  "value" : "174"
},{
  "dateTime" : "01/22/19 00:00:00",
  "value" : "205"
},{
  "dateTime" : "01/23/19 00:00:00",
  "value" : "258"
},{
  "dateTime" : "01/24/19 00:00:00",
  "value" : "234"
},{
  "dateTime" : "01/25/19 00:00:00",
  "value" : "187"
},{
  "dateTime" : "01/26/19 00:00:00",
  "value" : "170"
},{
  "dateTime" : "01/27/19 00:00:00",
  "value" : "231"
},{
  "dateTime" : "01/28/19 00:00:00",
  "value" : "213"
},{
  "dateTime" : "01/29/19 00:00:00",
  "value" : "131"
},{
  "dateTime" : "01/30/19 00:00:00",
  "value" : "288"
},{
  "dateTime" : "01/31/19 00:00:00",
  "value" : "147"
},{
  "dateTime" : "02/01/19 00:00:00",
  "value" : "321"
},{
  "dateTime" : "02/02/19 00:00:00",
  "value" : "345"
},{
  "dateTime" : "02/03/19 00:00:00",
  "value" : "162"
}]