[{
  "dateTime" : "07/09/18 00:00:00",
  "value" : "3"
},{
  "dateTime" : "07/10/18 00:00:00",
  "value" : "12"
},{
  "dateTime" : "07/11/18 00:00:00",
  "value" : "10"
},{
  "dateTime" : "07/12/18 00:00:00",
  "value" : "23"
},{
  "dateTime" : "07/13/18 00:00:00",
  "value" : "12"
},{
  "dateTime" : "07/14/18 00:00:00",
  "value" : "12"
},{
  "dateTime" : "07/15/18 00:00:00",
  "value" : "5"
},{
  "dateTime" : "07/16/18 00:00:00",
  "value" : "3"
},{
  "dateTime" : "07/17/18 00:00:00",
  "value" : "22"
},{
  "dateTime" : "07/18/18 00:00:00",
  "value" : "0"
},{
  "dateTime" : "07/19/18 00:00:00",
  "value" : "6"
},{
  "dateTime" : "07/20/18 00:00:00",
  "value" : "36"
},{
  "dateTime" : "07/21/18 00:00:00",
  "value" : "39"
},{
  "dateTime" : "07/22/18 00:00:00",
  "value" : "6"
},{
  "dateTime" : "07/23/18 00:00:00",
  "value" : "17"
},{
  "dateTime" : "07/24/18 00:00:00",
  "value" : "6"
},{
  "dateTime" : "07/25/18 00:00:00",
  "value" : "17"
},{
  "dateTime" : "07/26/18 00:00:00",
  "value" : "6"
},{
  "dateTime" : "07/27/18 00:00:00",
  "value" : "0"
},{
  "dateTime" : "07/28/18 00:00:00",
  "value" : "48"
},{
  "dateTime" : "07/29/18 00:00:00",
  "value" : "32"
},{
  "dateTime" : "07/30/18 00:00:00",
  "value" : "8"
},{
  "dateTime" : "07/31/18 00:00:00",
  "value" : "0"
},{
  "dateTime" : "08/01/18 00:00:00",
  "value" : "13"
},{
  "dateTime" : "08/02/18 00:00:00",
  "value" : "5"
},{
  "dateTime" : "08/03/18 00:00:00",
  "value" : "16"
},{
  "dateTime" : "08/04/18 00:00:00",
  "value" : "67"
},{
  "dateTime" : "08/05/18 00:00:00",
  "value" : "14"
},{
  "dateTime" : "08/06/18 00:00:00",
  "value" : "41"
},{
  "dateTime" : "08/07/18 00:00:00",
  "value" : "10"
}]