[{
  "dateTime" : "02/09/18 00:00:00",
  "value" : "9"
},{
  "dateTime" : "02/10/18 00:00:00",
  "value" : "7"
},{
  "dateTime" : "02/11/18 00:00:00",
  "value" : "30"
},{
  "dateTime" : "02/12/18 00:00:00",
  "value" : "18"
},{
  "dateTime" : "02/13/18 00:00:00",
  "value" : "24"
},{
  "dateTime" : "02/14/18 00:00:00",
  "value" : "42"
},{
  "dateTime" : "02/15/18 00:00:00",
  "value" : "16"
},{
  "dateTime" : "02/16/18 00:00:00",
  "value" : "73"
},{
  "dateTime" : "02/17/18 00:00:00",
  "value" : "5"
},{
  "dateTime" : "02/18/18 00:00:00",
  "value" : "32"
},{
  "dateTime" : "02/19/18 00:00:00",
  "value" : "18"
},{
  "dateTime" : "02/20/18 00:00:00",
  "value" : "3"
},{
  "dateTime" : "02/21/18 00:00:00",
  "value" : "33"
},{
  "dateTime" : "02/22/18 00:00:00",
  "value" : "6"
},{
  "dateTime" : "02/23/18 00:00:00",
  "value" : "23"
},{
  "dateTime" : "02/24/18 00:00:00",
  "value" : "26"
},{
  "dateTime" : "02/25/18 00:00:00",
  "value" : "30"
},{
  "dateTime" : "02/26/18 00:00:00",
  "value" : "19"
},{
  "dateTime" : "02/27/18 00:00:00",
  "value" : "7"
},{
  "dateTime" : "02/28/18 00:00:00",
  "value" : "12"
},{
  "dateTime" : "03/01/18 00:00:00",
  "value" : "25"
},{
  "dateTime" : "03/02/18 00:00:00",
  "value" : "19"
},{
  "dateTime" : "03/03/18 00:00:00",
  "value" : "26"
},{
  "dateTime" : "03/04/18 00:00:00",
  "value" : "8"
},{
  "dateTime" : "03/05/18 00:00:00",
  "value" : "23"
},{
  "dateTime" : "03/06/18 00:00:00",
  "value" : "16"
},{
  "dateTime" : "03/07/18 00:00:00",
  "value" : "14"
},{
  "dateTime" : "03/08/18 00:00:00",
  "value" : "8"
},{
  "dateTime" : "03/09/18 00:00:00",
  "value" : "12"
},{
  "dateTime" : "03/10/18 00:00:00",
  "value" : "53"
}]