[{
  "dateTime" : "06/09/18 00:00:00",
  "value" : "55"
},{
  "dateTime" : "06/10/18 00:00:00",
  "value" : "32"
},{
  "dateTime" : "06/11/18 00:00:00",
  "value" : "5"
},{
  "dateTime" : "06/12/18 00:00:00",
  "value" : "15"
},{
  "dateTime" : "06/13/18 00:00:00",
  "value" : "8"
},{
  "dateTime" : "06/14/18 00:00:00",
  "value" : "10"
},{
  "dateTime" : "06/15/18 00:00:00",
  "value" : "49"
},{
  "dateTime" : "06/16/18 00:00:00",
  "value" : "50"
},{
  "dateTime" : "06/17/18 00:00:00",
  "value" : "11"
},{
  "dateTime" : "06/18/18 00:00:00",
  "value" : "15"
},{
  "dateTime" : "06/19/18 00:00:00",
  "value" : "0"
},{
  "dateTime" : "06/20/18 00:00:00",
  "value" : "15"
},{
  "dateTime" : "06/21/18 00:00:00",
  "value" : "13"
},{
  "dateTime" : "06/22/18 00:00:00",
  "value" : "0"
},{
  "dateTime" : "06/23/18 00:00:00",
  "value" : "22"
},{
  "dateTime" : "06/24/18 00:00:00",
  "value" : "9"
},{
  "dateTime" : "06/25/18 00:00:00",
  "value" : "15"
},{
  "dateTime" : "06/26/18 00:00:00",
  "value" : "13"
},{
  "dateTime" : "06/27/18 00:00:00",
  "value" : "0"
},{
  "dateTime" : "06/28/18 00:00:00",
  "value" : "17"
},{
  "dateTime" : "06/29/18 00:00:00",
  "value" : "13"
},{
  "dateTime" : "06/30/18 00:00:00",
  "value" : "72"
},{
  "dateTime" : "07/01/18 00:00:00",
  "value" : "78"
},{
  "dateTime" : "07/02/18 00:00:00",
  "value" : "9"
},{
  "dateTime" : "07/03/18 00:00:00",
  "value" : "1"
},{
  "dateTime" : "07/04/18 00:00:00",
  "value" : "28"
},{
  "dateTime" : "07/05/18 00:00:00",
  "value" : "0"
},{
  "dateTime" : "07/06/18 00:00:00",
  "value" : "5"
},{
  "dateTime" : "07/07/18 00:00:00",
  "value" : "32"
},{
  "dateTime" : "07/08/18 00:00:00",
  "value" : "24"
}]