[{
  "dateTime" : "02/04/19 00:00:00",
  "value" : "24"
},{
  "dateTime" : "02/05/19 00:00:00",
  "value" : "47"
},{
  "dateTime" : "02/06/19 00:00:00",
  "value" : "30"
},{
  "dateTime" : "02/07/19 00:00:00",
  "value" : "43"
},{
  "dateTime" : "02/08/19 00:00:00",
  "value" : "10"
},{
  "dateTime" : "02/09/19 00:00:00",
  "value" : "0"
},{
  "dateTime" : "02/10/19 00:00:00",
  "value" : "27"
},{
  "dateTime" : "02/11/19 00:00:00",
  "value" : "49"
},{
  "dateTime" : "02/12/19 00:00:00",
  "value" : "18"
},{
  "dateTime" : "02/13/19 00:00:00",
  "value" : "33"
},{
  "dateTime" : "02/14/19 00:00:00",
  "value" : "13"
},{
  "dateTime" : "02/15/19 00:00:00",
  "value" : "39"
},{
  "dateTime" : "02/16/19 00:00:00",
  "value" : "25"
},{
  "dateTime" : "02/17/19 00:00:00",
  "value" : "46"
},{
  "dateTime" : "02/18/19 00:00:00",
  "value" : "0"
},{
  "dateTime" : "02/19/19 00:00:00",
  "value" : "58"
},{
  "dateTime" : "02/20/19 00:00:00",
  "value" : "30"
},{
  "dateTime" : "02/21/19 00:00:00",
  "value" : "51"
},{
  "dateTime" : "02/22/19 00:00:00",
  "value" : "30"
},{
  "dateTime" : "02/23/19 00:00:00",
  "value" : "21"
},{
  "dateTime" : "02/24/19 00:00:00",
  "value" : "2"
},{
  "dateTime" : "02/25/19 00:00:00",
  "value" : "5"
},{
  "dateTime" : "02/26/19 00:00:00",
  "value" : "0"
},{
  "dateTime" : "02/27/19 00:00:00",
  "value" : "0"
},{
  "dateTime" : "02/28/19 00:00:00",
  "value" : "0"
},{
  "dateTime" : "03/01/19 00:00:00",
  "value" : "0"
},{
  "dateTime" : "03/02/19 00:00:00",
  "value" : "0"
},{
  "dateTime" : "03/03/19 00:00:00",
  "value" : "0"
},{
  "dateTime" : "03/04/19 00:00:00",
  "value" : "0"
},{
  "dateTime" : "03/05/19 00:00:00",
  "value" : "0"
}]