[{
  "dateTime" : "01/10/19 00:00:00",
  "value" : {
    "date" : "01/10/19",
    "value" : 60.939547538757324,
    "error" : 7.78127384185791
  }
},{
  "dateTime" : "01/11/19 00:00:00",
  "value" : {
    "date" : "01/11/19",
    "value" : 63.55498027801514,
    "error" : 7.105327606201172
  }
},{
  "dateTime" : "01/12/19 00:00:00",
  "value" : {
    "date" : "01/12/19",
    "value" : 65.03001308441162,
    "error" : 10.138096809387207
  }
},{
  "dateTime" : "01/13/19 00:00:00",
  "value" : {
    "date" : "01/13/19",
    "value" : 62.58462142944336,
    "error" : 7.778559684753418
  }
},{
  "dateTime" : "01/14/19 00:00:00",
  "value" : {
    "date" : "01/14/19",
    "value" : 60.50216865539551,
    "error" : 7.104488372802734
  }
},{
  "dateTime" : "01/15/19 00:00:00",
  "value" : {
    "date" : "01/15/19",
    "value" : 59.37915802001953,
    "error" : 6.891134262084961
  }
},{
  "dateTime" : "01/16/19 00:00:00",
  "value" : {
    "date" : "01/16/19",
    "value" : 60.839073181152344,
    "error" : 9.971176147460938
  }
},{
  "dateTime" : "01/17/19 00:00:00",
  "value" : {
    "date" : "01/17/19",
    "value" : 62.41791820526123,
    "error" : 7.734249114990234
  }
},{
  "dateTime" : "01/18/19 00:00:00",
  "value" : {
    "date" : "01/18/19",
    "value" : 60.527201652526855,
    "error" : 9.599681854248047
  }
},{
  "dateTime" : "01/19/19 00:00:00",
  "value" : {
    "date" : "01/19/19",
    "value" : 62.75268268585205,
    "error" : 12.346494674682617
  }
},{
  "dateTime" : "01/20/19 00:00:00",
  "value" : {
    "date" : "01/20/19",
    "value" : 61.32076549530029,
    "error" : 8.323030471801758
  }
},{
  "dateTime" : "01/21/19 00:00:00",
  "value" : {
    "date" : "01/21/19",
    "value" : 63.59027290344238,
    "error" : 7.269659996032715
  }
},{
  "dateTime" : "01/22/19 00:00:00",
  "value" : {
    "date" : "01/22/19",
    "value" : 64.6374568939209,
    "error" : 11.486673355102539
  }
},{
  "dateTime" : "01/23/19 00:00:00",
  "value" : {
    "date" : "01/23/19",
    "value" : 64.06037044525146,
    "error" : 14.435067176818848
  }
},{
  "dateTime" : "01/24/19 00:00:00",
  "value" : {
    "date" : "01/24/19",
    "value" : 61.41507339477539,
    "error" : 15.636388778686523
  }
},{
  "dateTime" : "01/25/19 00:00:00",
  "value" : {
    "date" : "01/25/19",
    "value" : 60.61799621582031,
    "error" : 9.012411117553711
  }
},{
  "dateTime" : "01/26/19 00:00:00",
  "value" : {
    "date" : "01/26/19",
    "value" : 58.57812786102295,
    "error" : 10.27687931060791
  }
},{
  "dateTime" : "01/27/19 00:00:00",
  "value" : {
    "date" : "01/27/19",
    "value" : 57.94513130187988,
    "error" : 7.81503963470459
  }
},{
  "dateTime" : "01/28/19 00:00:00",
  "value" : {
    "date" : "01/28/19",
    "value" : 56.14733600616455,
    "error" : 9.943681716918945
  }
},{
  "dateTime" : "01/29/19 00:00:00",
  "value" : {
    "date" : "01/29/19",
    "value" : 56.655487060546875,
    "error" : 13.238265037536621
  }
},{
  "dateTime" : "01/30/19 00:00:00",
  "value" : {
    "date" : "01/30/19",
    "value" : 59.152995109558105,
    "error" : 8.522985458374023
  }
},{
  "dateTime" : "01/31/19 00:00:00",
  "value" : {
    "date" : "01/31/19",
    "value" : 57.78439903259277,
    "error" : 7.328789710998535
  }
},{
  "dateTime" : "02/01/19 00:00:00",
  "value" : {
    "date" : "02/01/19",
    "value" : 56.72233295440674,
    "error" : 6.963255882263184
  }
},{
  "dateTime" : "02/02/19 00:00:00",
  "value" : {
    "date" : "02/02/19",
    "value" : 58.27127552032471,
    "error" : 9.82159423828125
  }
},{
  "dateTime" : "02/03/19 00:00:00",
  "value" : {
    "date" : "02/03/19",
    "value" : 58.58042907714844,
    "error" : 13.142363548278809
  }
},{
  "dateTime" : "02/04/19 00:00:00",
  "value" : {
    "date" : "02/04/19",
    "value" : 61.69185447692871,
    "error" : 8.501983642578125
  }
},{
  "dateTime" : "02/05/19 00:00:00",
  "value" : {
    "date" : "02/05/19",
    "value" : 61.0869255065918,
    "error" : 7.3226165771484375
  }
},{
  "dateTime" : "02/06/19 00:00:00",
  "value" : {
    "date" : "02/06/19",
    "value" : 62.759074211120605,
    "error" : 9.838523864746094
  }
},{
  "dateTime" : "02/07/19 00:00:00",
  "value" : {
    "date" : "02/07/19",
    "value" : 64.79383659362793,
    "error" : 12.516874313354492
  }
},{
  "dateTime" : "02/08/19 00:00:00",
  "value" : {
    "date" : "02/08/19",
    "value" : 66.50442695617676,
    "error" : 8.362055778503418
  }
},{
  "dateTime" : "02/09/19 00:00:00",
  "value" : {
    "date" : "02/09/19",
    "value" : 67.38654232025146,
    "error" : 7.281264305114746
  }
},{
  "dateTime" : "02/10/19 00:00:00",
  "value" : {
    "date" : "02/10/19",
    "value" : 68.67146015167236,
    "error" : 6.948070526123047
  }
},{
  "dateTime" : "02/11/19 00:00:00",
  "value" : {
    "date" : "02/11/19",
    "value" : 69.90761184692383,
    "error" : 6.840154647827148
  }
},{
  "dateTime" : "02/12/19 00:00:00",
  "value" : {
    "date" : "02/12/19",
    "value" : 68.57508087158203,
    "error" : 10.313705444335938
  }
},{
  "dateTime" : "02/13/19 00:00:00",
  "value" : {
    "date" : "02/13/19",
    "value" : 66.6269702911377,
    "error" : 11.76957893371582
  }
},{
  "dateTime" : "02/14/19 00:00:00",
  "value" : {
    "date" : "02/14/19",
    "value" : 65.83704566955566,
    "error" : 14.770671844482422
  }
},{
  "dateTime" : "02/15/19 00:00:00",
  "value" : {
    "date" : "02/15/19",
    "value" : 68.97716808319092,
    "error" : 8.84329891204834
  }
},{
  "dateTime" : "02/16/19 00:00:00",
  "value" : {
    "date" : "02/16/19",
    "value" : 71.25518321990967,
    "error" : 9.313234329223633
  }
},{
  "dateTime" : "02/17/19 00:00:00",
  "value" : {
    "date" : "02/17/19",
    "value" : 71.40805721282959,
    "error" : 7.554842948913574
  }
},{
  "dateTime" : "02/18/19 00:00:00",
  "value" : {
    "date" : "02/18/19",
    "value" : 70.97756004333496,
    "error" : 11.328720092773438
  }
},{
  "dateTime" : "02/19/19 00:00:00",
  "value" : {
    "date" : "02/19/19",
    "value" : 73.93964767456055,
    "error" : 8.081343650817871
  }
},{
  "dateTime" : "02/20/19 00:00:00",
  "value" : {
    "date" : "02/20/19",
    "value" : 72.12854862213135,
    "error" : 11.242934226989746
  }
},{
  "dateTime" : "02/21/19 00:00:00",
  "value" : {
    "date" : "02/21/19",
    "value" : 70.08161163330078,
    "error" : 13.501611709594727
  }
},{
  "dateTime" : "02/22/19 00:00:00",
  "value" : {
    "date" : "02/22/19",
    "value" : 67.99410629272461,
    "error" : 14.224028587341309
  }
},{
  "dateTime" : "02/23/19 00:00:00",
  "value" : {
    "date" : "02/23/19",
    "value" : 69.95058536529541,
    "error" : 8.732233047485352
  }
},{
  "dateTime" : "02/24/19 00:00:00",
  "value" : {
    "date" : "02/24/19",
    "value" : 69.53241348266602,
    "error" : 12.278668403625488
  }
},{
  "dateTime" : "02/25/19 00:00:00",
  "value" : {
    "date" : "02/25/19",
    "value" : 67.0852689743042,
    "error" : 11.585582733154297
  }
},{
  "dateTime" : "02/26/19 00:00:00",
  "value" : {
    "date" : null,
    "value" : 0.0,
    "error" : 0.0
  }
},{
  "dateTime" : "02/27/19 00:00:00",
  "value" : {
    "date" : null,
    "value" : 0.0,
    "error" : 0.0
  }
},{
  "dateTime" : "02/28/19 00:00:00",
  "value" : {
    "date" : null,
    "value" : 0.0,
    "error" : 0.0
  }
},{
  "dateTime" : "03/01/19 00:00:00",
  "value" : {
    "date" : null,
    "value" : 0.0,
    "error" : 0.0
  }
},{
  "dateTime" : "03/02/19 00:00:00",
  "value" : {
    "date" : null,
    "value" : 0.0,
    "error" : 0.0
  }
},{
  "dateTime" : "03/03/19 00:00:00",
  "value" : {
    "date" : null,
    "value" : 0.0,
    "error" : 0.0
  }
},{
  "dateTime" : "03/04/19 00:00:00",
  "value" : {
    "date" : null,
    "value" : 0.0,
    "error" : 0.0
  }
},{
  "dateTime" : "03/05/19 00:00:00",
  "value" : {
    "date" : null,
    "value" : 0.0,
    "error" : 0.0
  }
},{
  "dateTime" : "03/06/19 00:00:00",
  "value" : {
    "date" : null,
    "value" : 0.0,
    "error" : 0.0
  }
},{
  "dateTime" : "03/07/19 00:00:00",
  "value" : {
    "date" : null,
    "value" : 0.0,
    "error" : 0.0
  }
},{
  "dateTime" : "03/08/19 00:00:00",
  "value" : {
    "date" : null,
    "value" : 0.0,
    "error" : 0.0
  }
},{
  "dateTime" : "03/09/19 00:00:00",
  "value" : {
    "date" : null,
    "value" : 0.0,
    "error" : 0.0
  }
},{
  "dateTime" : "03/10/19 00:00:00",
  "value" : {
    "date" : null,
    "value" : 0.0,
    "error" : 0.0
  }
},{
  "dateTime" : "03/11/19 00:00:00",
  "value" : {
    "date" : null,
    "value" : 0.0,
    "error" : 0.0
  }
},{
  "dateTime" : "03/12/19 00:00:00",
  "value" : {
    "date" : null,
    "value" : 0.0,
    "error" : 0.0
  }
},{
  "dateTime" : "03/13/19 00:00:00",
  "value" : {
    "date" : null,
    "value" : 0.0,
    "error" : 0.0
  }
},{
  "dateTime" : "03/14/19 00:00:00",
  "value" : {
    "date" : null,
    "value" : 0.0,
    "error" : 0.0
  }
},{
  "dateTime" : "03/15/19 00:00:00",
  "value" : {
    "date" : null,
    "value" : 0.0,
    "error" : 0.0
  }
},{
  "dateTime" : "03/16/19 00:00:00",
  "value" : {
    "date" : null,
    "value" : 0.0,
    "error" : 0.0
  }
},{
  "dateTime" : "03/17/19 00:00:00",
  "value" : {
    "date" : null,
    "value" : 0.0,
    "error" : 0.0
  }
},{
  "dateTime" : "03/18/19 00:00:00",
  "value" : {
    "date" : null,
    "value" : 0.0,
    "error" : 0.0
  }
},{
  "dateTime" : "03/19/19 00:00:00",
  "value" : {
    "date" : null,
    "value" : 0.0,
    "error" : 0.0
  }
},{
  "dateTime" : "03/20/19 00:00:00",
  "value" : {
    "date" : null,
    "value" : 0.0,
    "error" : 0.0
  }
},{
  "dateTime" : "03/21/19 00:00:00",
  "value" : {
    "date" : null,
    "value" : 0.0,
    "error" : 0.0
  }
},{
  "dateTime" : "03/22/19 00:00:00",
  "value" : {
    "date" : null,
    "value" : 0.0,
    "error" : 0.0
  }
},{
  "dateTime" : "03/23/19 00:00:00",
  "value" : {
    "date" : null,
    "value" : 0.0,
    "error" : 0.0
  }
},{
  "dateTime" : "03/24/19 00:00:00",
  "value" : {
    "date" : null,
    "value" : 0.0,
    "error" : 0.0
  }
},{
  "dateTime" : "03/25/19 00:00:00",
  "value" : {
    "date" : null,
    "value" : 0.0,
    "error" : 0.0
  }
},{
  "dateTime" : "03/26/19 00:00:00",
  "value" : {
    "date" : null,
    "value" : 0.0,
    "error" : 0.0
  }
},{
  "dateTime" : "03/27/19 00:00:00",
  "value" : {
    "date" : null,
    "value" : 0.0,
    "error" : 0.0
  }
},{
  "dateTime" : "03/28/19 00:00:00",
  "value" : {
    "date" : null,
    "value" : 0.0,
    "error" : 0.0
  }
},{
  "dateTime" : "03/29/19 00:00:00",
  "value" : {
    "date" : null,
    "value" : 0.0,
    "error" : 0.0
  }
},{
  "dateTime" : "03/30/19 00:00:00",
  "value" : {
    "date" : null,
    "value" : 0.0,
    "error" : 0.0
  }
},{
  "dateTime" : "03/31/19 00:00:00",
  "value" : {
    "date" : null,
    "value" : 0.0,
    "error" : 0.0
  }
},{
  "dateTime" : "04/01/19 00:00:00",
  "value" : {
    "date" : null,
    "value" : 0.0,
    "error" : 0.0
  }
},{
  "dateTime" : "04/02/19 00:00:00",
  "value" : {
    "date" : null,
    "value" : 0.0,
    "error" : 0.0
  }
},{
  "dateTime" : "04/03/19 00:00:00",
  "value" : {
    "date" : null,
    "value" : 0.0,
    "error" : 0.0
  }
},{
  "dateTime" : "04/04/19 00:00:00",
  "value" : {
    "date" : null,
    "value" : 0.0,
    "error" : 0.0
  }
},{
  "dateTime" : "04/05/19 00:00:00",
  "value" : {
    "date" : null,
    "value" : 0.0,
    "error" : 0.0
  }
},{
  "dateTime" : "04/06/19 00:00:00",
  "value" : {
    "date" : null,
    "value" : 0.0,
    "error" : 0.0
  }
},{
  "dateTime" : "04/07/19 00:00:00",
  "value" : {
    "date" : null,
    "value" : 0.0,
    "error" : 0.0
  }
},{
  "dateTime" : "04/08/19 00:00:00",
  "value" : {
    "date" : null,
    "value" : 0.0,
    "error" : 0.0
  }
},{
  "dateTime" : "04/09/19 00:00:00",
  "value" : {
    "date" : null,
    "value" : 0.0,
    "error" : 0.0
  }
},{
  "dateTime" : "04/10/19 00:00:00",
  "value" : {
    "date" : null,
    "value" : 0.0,
    "error" : 0.0
  }
},{
  "dateTime" : "04/11/19 00:00:00",
  "value" : {
    "date" : null,
    "value" : 0.0,
    "error" : 0.0
  }
},{
  "dateTime" : "04/12/19 00:00:00",
  "value" : {
    "date" : null,
    "value" : 0.0,
    "error" : 0.0
  }
},{
  "dateTime" : "04/13/19 00:00:00",
  "value" : {
    "date" : null,
    "value" : 0.0,
    "error" : 0.0
  }
},{
  "dateTime" : "04/14/19 00:00:00",
  "value" : {
    "date" : null,
    "value" : 0.0,
    "error" : 0.0
  }
},{
  "dateTime" : "04/15/19 00:00:00",
  "value" : {
    "date" : null,
    "value" : 0.0,
    "error" : 0.0
  }
},{
  "dateTime" : "04/16/19 00:00:00",
  "value" : {
    "date" : null,
    "value" : 0.0,
    "error" : 0.0
  }
},{
  "dateTime" : "04/17/19 00:00:00",
  "value" : {
    "date" : null,
    "value" : 0.0,
    "error" : 0.0
  }
},{
  "dateTime" : "04/18/19 00:00:00",
  "value" : {
    "date" : null,
    "value" : 0.0,
    "error" : 0.0
  }
},{
  "dateTime" : "04/19/19 00:00:00",
  "value" : {
    "date" : null,
    "value" : 0.0,
    "error" : 0.0
  }
},{
  "dateTime" : "04/20/19 00:00:00",
  "value" : {
    "date" : null,
    "value" : 0.0,
    "error" : 0.0
  }
},{
  "dateTime" : "04/21/19 00:00:00",
  "value" : {
    "date" : null,
    "value" : 0.0,
    "error" : 0.0
  }
},{
  "dateTime" : "04/22/19 00:00:00",
  "value" : {
    "date" : null,
    "value" : 0.0,
    "error" : 0.0
  }
},{
  "dateTime" : "04/23/19 00:00:00",
  "value" : {
    "date" : null,
    "value" : 0.0,
    "error" : 0.0
  }
},{
  "dateTime" : "04/24/19 00:00:00",
  "value" : {
    "date" : null,
    "value" : 0.0,
    "error" : 0.0
  }
},{
  "dateTime" : "04/25/19 00:00:00",
  "value" : {
    "date" : null,
    "value" : 0.0,
    "error" : 0.0
  }
},{
  "dateTime" : "04/26/19 00:00:00",
  "value" : {
    "date" : null,
    "value" : 0.0,
    "error" : 0.0
  }
},{
  "dateTime" : "04/27/19 00:00:00",
  "value" : {
    "date" : null,
    "value" : 0.0,
    "error" : 0.0
  }
},{
  "dateTime" : "04/28/19 00:00:00",
  "value" : {
    "date" : null,
    "value" : 0.0,
    "error" : 0.0
  }
},{
  "dateTime" : "04/29/19 00:00:00",
  "value" : {
    "date" : null,
    "value" : 0.0,
    "error" : 0.0
  }
},{
  "dateTime" : "04/30/19 00:00:00",
  "value" : {
    "date" : null,
    "value" : 0.0,
    "error" : 0.0
  }
},{
  "dateTime" : "05/01/19 00:00:00",
  "value" : {
    "date" : null,
    "value" : 0.0,
    "error" : 0.0
  }
},{
  "dateTime" : "05/02/19 00:00:00",
  "value" : {
    "date" : null,
    "value" : 0.0,
    "error" : 0.0
  }
},{
  "dateTime" : "05/03/19 00:00:00",
  "value" : {
    "date" : null,
    "value" : 0.0,
    "error" : 0.0
  }
},{
  "dateTime" : "05/04/19 00:00:00",
  "value" : {
    "date" : null,
    "value" : 0.0,
    "error" : 0.0
  }
},{
  "dateTime" : "05/05/19 00:00:00",
  "value" : {
    "date" : null,
    "value" : 0.0,
    "error" : 0.0
  }
},{
  "dateTime" : "05/06/19 00:00:00",
  "value" : {
    "date" : null,
    "value" : 0.0,
    "error" : 0.0
  }
},{
  "dateTime" : "05/07/19 00:00:00",
  "value" : {
    "date" : null,
    "value" : 0.0,
    "error" : 0.0
  }
},{
  "dateTime" : "05/08/19 00:00:00",
  "value" : {
    "date" : null,
    "value" : 0.0,
    "error" : 0.0
  }
},{
  "dateTime" : "05/09/19 00:00:00",
  "value" : {
    "date" : null,
    "value" : 0.0,
    "error" : 0.0
  }
},{
  "dateTime" : "05/10/19 00:00:00",
  "value" : {
    "date" : null,
    "value" : 0.0,
    "error" : 0.0
  }
},{
  "dateTime" : "05/11/19 00:00:00",
  "value" : {
    "date" : null,
    "value" : 0.0,
    "error" : 0.0
  }
},{
  "dateTime" : "05/12/19 00:00:00",
  "value" : {
    "date" : null,
    "value" : 0.0,
    "error" : 0.0
  }
},{
  "dateTime" : "05/13/19 00:00:00",
  "value" : {
    "date" : null,
    "value" : 0.0,
    "error" : 0.0
  }
},{
  "dateTime" : "05/14/19 00:00:00",
  "value" : {
    "date" : null,
    "value" : 0.0,
    "error" : 0.0
  }
},{
  "dateTime" : "05/15/19 00:00:00",
  "value" : {
    "date" : null,
    "value" : 0.0,
    "error" : 0.0
  }
},{
  "dateTime" : "05/16/19 00:00:00",
  "value" : {
    "date" : null,
    "value" : 0.0,
    "error" : 0.0
  }
},{
  "dateTime" : "05/17/19 00:00:00",
  "value" : {
    "date" : null,
    "value" : 0.0,
    "error" : 0.0
  }
},{
  "dateTime" : "05/18/19 00:00:00",
  "value" : {
    "date" : null,
    "value" : 0.0,
    "error" : 0.0
  }
},{
  "dateTime" : "05/19/19 00:00:00",
  "value" : {
    "date" : null,
    "value" : 0.0,
    "error" : 0.0
  }
},{
  "dateTime" : "05/20/19 00:00:00",
  "value" : {
    "date" : null,
    "value" : 0.0,
    "error" : 0.0
  }
},{
  "dateTime" : "05/21/19 00:00:00",
  "value" : {
    "date" : null,
    "value" : 0.0,
    "error" : 0.0
  }
},{
  "dateTime" : "05/22/19 00:00:00",
  "value" : {
    "date" : null,
    "value" : 0.0,
    "error" : 0.0
  }
},{
  "dateTime" : "05/23/19 00:00:00",
  "value" : {
    "date" : null,
    "value" : 0.0,
    "error" : 0.0
  }
},{
  "dateTime" : "05/24/19 00:00:00",
  "value" : {
    "date" : null,
    "value" : 0.0,
    "error" : 0.0
  }
},{
  "dateTime" : "05/25/19 00:00:00",
  "value" : {
    "date" : null,
    "value" : 0.0,
    "error" : 0.0
  }
},{
  "dateTime" : "05/26/19 00:00:00",
  "value" : {
    "date" : null,
    "value" : 0.0,
    "error" : 0.0
  }
},{
  "dateTime" : "05/27/19 00:00:00",
  "value" : {
    "date" : null,
    "value" : 0.0,
    "error" : 0.0
  }
},{
  "dateTime" : "05/28/19 00:00:00",
  "value" : {
    "date" : null,
    "value" : 0.0,
    "error" : 0.0
  }
},{
  "dateTime" : "05/29/19 00:00:00",
  "value" : {
    "date" : null,
    "value" : 0.0,
    "error" : 0.0
  }
},{
  "dateTime" : "05/30/19 00:00:00",
  "value" : {
    "date" : null,
    "value" : 0.0,
    "error" : 0.0
  }
},{
  "dateTime" : "05/31/19 00:00:00",
  "value" : {
    "date" : null,
    "value" : 0.0,
    "error" : 0.0
  }
},{
  "dateTime" : "06/01/19 00:00:00",
  "value" : {
    "date" : null,
    "value" : 0.0,
    "error" : 0.0
  }
},{
  "dateTime" : "06/02/19 00:00:00",
  "value" : {
    "date" : null,
    "value" : 0.0,
    "error" : 0.0
  }
},{
  "dateTime" : "06/03/19 00:00:00",
  "value" : {
    "date" : null,
    "value" : 0.0,
    "error" : 0.0
  }
},{
  "dateTime" : "06/04/19 00:00:00",
  "value" : {
    "date" : null,
    "value" : 0.0,
    "error" : 0.0
  }
},{
  "dateTime" : "06/05/19 00:00:00",
  "value" : {
    "date" : null,
    "value" : 0.0,
    "error" : 0.0
  }
},{
  "dateTime" : "06/06/19 00:00:00",
  "value" : {
    "date" : null,
    "value" : 0.0,
    "error" : 0.0
  }
},{
  "dateTime" : "06/07/19 00:00:00",
  "value" : {
    "date" : null,
    "value" : 0.0,
    "error" : 0.0
  }
},{
  "dateTime" : "06/08/19 00:00:00",
  "value" : {
    "date" : null,
    "value" : 0.0,
    "error" : 0.0
  }
},{
  "dateTime" : "06/09/19 00:00:00",
  "value" : {
    "date" : null,
    "value" : 0.0,
    "error" : 0.0
  }
},{
  "dateTime" : "06/10/19 00:00:00",
  "value" : {
    "date" : null,
    "value" : 0.0,
    "error" : 0.0
  }
},{
  "dateTime" : "06/11/19 00:00:00",
  "value" : {
    "date" : null,
    "value" : 0.0,
    "error" : 0.0
  }
},{
  "dateTime" : "06/12/19 00:00:00",
  "value" : {
    "date" : null,
    "value" : 0.0,
    "error" : 0.0
  }
},{
  "dateTime" : "06/13/19 00:00:00",
  "value" : {
    "date" : null,
    "value" : 0.0,
    "error" : 0.0
  }
},{
  "dateTime" : "06/14/19 00:00:00",
  "value" : {
    "date" : null,
    "value" : 0.0,
    "error" : 0.0
  }
},{
  "dateTime" : "06/15/19 00:00:00",
  "value" : {
    "date" : null,
    "value" : 0.0,
    "error" : 0.0
  }
},{
  "dateTime" : "06/16/19 00:00:00",
  "value" : {
    "date" : null,
    "value" : 0.0,
    "error" : 0.0
  }
},{
  "dateTime" : "06/17/19 00:00:00",
  "value" : {
    "date" : null,
    "value" : 0.0,
    "error" : 0.0
  }
},{
  "dateTime" : "06/18/19 00:00:00",
  "value" : {
    "date" : null,
    "value" : 0.0,
    "error" : 0.0
  }
},{
  "dateTime" : "06/19/19 00:00:00",
  "value" : {
    "date" : null,
    "value" : 0.0,
    "error" : 0.0
  }
},{
  "dateTime" : "06/20/19 00:00:00",
  "value" : {
    "date" : null,
    "value" : 0.0,
    "error" : 0.0
  }
},{
  "dateTime" : "06/21/19 00:00:00",
  "value" : {
    "date" : null,
    "value" : 0.0,
    "error" : 0.0
  }
},{
  "dateTime" : "06/22/19 00:00:00",
  "value" : {
    "date" : null,
    "value" : 0.0,
    "error" : 0.0
  }
},{
  "dateTime" : "06/23/19 00:00:00",
  "value" : {
    "date" : null,
    "value" : 0.0,
    "error" : 0.0
  }
},{
  "dateTime" : "06/24/19 00:00:00",
  "value" : {
    "date" : null,
    "value" : 0.0,
    "error" : 0.0
  }
},{
  "dateTime" : "06/25/19 00:00:00",
  "value" : {
    "date" : null,
    "value" : 0.0,
    "error" : 0.0
  }
},{
  "dateTime" : "06/26/19 00:00:00",
  "value" : {
    "date" : null,
    "value" : 0.0,
    "error" : 0.0
  }
},{
  "dateTime" : "06/27/19 00:00:00",
  "value" : {
    "date" : null,
    "value" : 0.0,
    "error" : 0.0
  }
},{
  "dateTime" : "06/28/19 00:00:00",
  "value" : {
    "date" : null,
    "value" : 0.0,
    "error" : 0.0
  }
},{
  "dateTime" : "06/29/19 00:00:00",
  "value" : {
    "date" : null,
    "value" : 0.0,
    "error" : 0.0
  }
},{
  "dateTime" : "06/30/19 00:00:00",
  "value" : {
    "date" : null,
    "value" : 0.0,
    "error" : 0.0
  }
},{
  "dateTime" : "07/01/19 00:00:00",
  "value" : {
    "date" : null,
    "value" : 0.0,
    "error" : 0.0
  }
},{
  "dateTime" : "07/02/19 00:00:00",
  "value" : {
    "date" : null,
    "value" : 0.0,
    "error" : 0.0
  }
},{
  "dateTime" : "07/03/19 00:00:00",
  "value" : {
    "date" : null,
    "value" : 0.0,
    "error" : 0.0
  }
},{
  "dateTime" : "07/04/19 00:00:00",
  "value" : {
    "date" : null,
    "value" : 0.0,
    "error" : 0.0
  }
},{
  "dateTime" : "07/05/19 00:00:00",
  "value" : {
    "date" : null,
    "value" : 0.0,
    "error" : 0.0
  }
},{
  "dateTime" : "07/06/19 00:00:00",
  "value" : {
    "date" : null,
    "value" : 0.0,
    "error" : 0.0
  }
},{
  "dateTime" : "07/07/19 00:00:00",
  "value" : {
    "date" : null,
    "value" : 0.0,
    "error" : 0.0
  }
},{
  "dateTime" : "07/08/19 00:00:00",
  "value" : {
    "date" : null,
    "value" : 0.0,
    "error" : 0.0
  }
},{
  "dateTime" : "07/09/19 00:00:00",
  "value" : {
    "date" : null,
    "value" : 0.0,
    "error" : 0.0
  }
},{
  "dateTime" : "07/10/19 00:00:00",
  "value" : {
    "date" : null,
    "value" : 0.0,
    "error" : 0.0
  }
},{
  "dateTime" : "07/11/19 00:00:00",
  "value" : {
    "date" : null,
    "value" : 0.0,
    "error" : 0.0
  }
},{
  "dateTime" : "07/12/19 00:00:00",
  "value" : {
    "date" : null,
    "value" : 0.0,
    "error" : 0.0
  }
},{
  "dateTime" : "07/13/19 00:00:00",
  "value" : {
    "date" : null,
    "value" : 0.0,
    "error" : 0.0
  }
},{
  "dateTime" : "07/14/19 00:00:00",
  "value" : {
    "date" : null,
    "value" : 0.0,
    "error" : 0.0
  }
},{
  "dateTime" : "07/15/19 00:00:00",
  "value" : {
    "date" : null,
    "value" : 0.0,
    "error" : 0.0
  }
},{
  "dateTime" : "07/16/19 00:00:00",
  "value" : {
    "date" : null,
    "value" : 0.0,
    "error" : 0.0
  }
},{
  "dateTime" : "07/17/19 00:00:00",
  "value" : {
    "date" : null,
    "value" : 0.0,
    "error" : 0.0
  }
},{
  "dateTime" : "07/18/19 00:00:00",
  "value" : {
    "date" : null,
    "value" : 0.0,
    "error" : 0.0
  }
},{
  "dateTime" : "07/19/19 00:00:00",
  "value" : {
    "date" : null,
    "value" : 0.0,
    "error" : 0.0
  }
},{
  "dateTime" : "07/20/19 00:00:00",
  "value" : {
    "date" : null,
    "value" : 0.0,
    "error" : 0.0
  }
},{
  "dateTime" : "07/21/19 00:00:00",
  "value" : {
    "date" : null,
    "value" : 0.0,
    "error" : 0.0
  }
},{
  "dateTime" : "07/22/19 00:00:00",
  "value" : {
    "date" : null,
    "value" : 0.0,
    "error" : 0.0
  }
},{
  "dateTime" : "07/23/19 00:00:00",
  "value" : {
    "date" : null,
    "value" : 0.0,
    "error" : 0.0
  }
},{
  "dateTime" : "07/24/19 00:00:00",
  "value" : {
    "date" : null,
    "value" : 0.0,
    "error" : 0.0
  }
},{
  "dateTime" : "07/25/19 00:00:00",
  "value" : {
    "date" : null,
    "value" : 0.0,
    "error" : 0.0
  }
},{
  "dateTime" : "07/26/19 00:00:00",
  "value" : {
    "date" : null,
    "value" : 0.0,
    "error" : 0.0
  }
},{
  "dateTime" : "07/27/19 00:00:00",
  "value" : {
    "date" : null,
    "value" : 0.0,
    "error" : 0.0
  }
},{
  "dateTime" : "07/28/19 00:00:00",
  "value" : {
    "date" : null,
    "value" : 0.0,
    "error" : 0.0
  }
},{
  "dateTime" : "07/29/19 00:00:00",
  "value" : {
    "date" : null,
    "value" : 0.0,
    "error" : 0.0
  }
},{
  "dateTime" : "07/30/19 00:00:00",
  "value" : {
    "date" : null,
    "value" : 0.0,
    "error" : 0.0
  }
},{
  "dateTime" : "07/31/19 00:00:00",
  "value" : {
    "date" : null,
    "value" : 0.0,
    "error" : 0.0
  }
},{
  "dateTime" : "08/01/19 00:00:00",
  "value" : {
    "date" : null,
    "value" : 0.0,
    "error" : 0.0
  }
},{
  "dateTime" : "08/02/19 00:00:00",
  "value" : {
    "date" : null,
    "value" : 0.0,
    "error" : 0.0
  }
},{
  "dateTime" : "08/03/19 00:00:00",
  "value" : {
    "date" : null,
    "value" : 0.0,
    "error" : 0.0
  }
},{
  "dateTime" : "08/04/19 00:00:00",
  "value" : {
    "date" : null,
    "value" : 0.0,
    "error" : 0.0
  }
},{
  "dateTime" : "08/05/19 00:00:00",
  "value" : {
    "date" : null,
    "value" : 0.0,
    "error" : 0.0
  }
},{
  "dateTime" : "08/06/19 00:00:00",
  "value" : {
    "date" : null,
    "value" : 0.0,
    "error" : 0.0
  }
},{
  "dateTime" : "08/07/19 00:00:00",
  "value" : {
    "date" : null,
    "value" : 0.0,
    "error" : 0.0
  }
},{
  "dateTime" : "08/08/19 00:00:00",
  "value" : {
    "date" : null,
    "value" : 0.0,
    "error" : 0.0
  }
},{
  "dateTime" : "08/09/19 00:00:00",
  "value" : {
    "date" : null,
    "value" : 0.0,
    "error" : 0.0
  }
},{
  "dateTime" : "08/10/19 00:00:00",
  "value" : {
    "date" : null,
    "value" : 0.0,
    "error" : 0.0
  }
},{
  "dateTime" : "08/11/19 00:00:00",
  "value" : {
    "date" : null,
    "value" : 0.0,
    "error" : 0.0
  }
},{
  "dateTime" : "08/12/19 00:00:00",
  "value" : {
    "date" : null,
    "value" : 0.0,
    "error" : 0.0
  }
},{
  "dateTime" : "08/13/19 00:00:00",
  "value" : {
    "date" : null,
    "value" : 0.0,
    "error" : 0.0
  }
},{
  "dateTime" : "08/14/19 00:00:00",
  "value" : {
    "date" : null,
    "value" : 0.0,
    "error" : 0.0
  }
},{
  "dateTime" : "08/15/19 00:00:00",
  "value" : {
    "date" : null,
    "value" : 0.0,
    "error" : 0.0
  }
},{
  "dateTime" : "08/16/19 00:00:00",
  "value" : {
    "date" : null,
    "value" : 0.0,
    "error" : 0.0
  }
},{
  "dateTime" : "08/17/19 00:00:00",
  "value" : {
    "date" : null,
    "value" : 0.0,
    "error" : 0.0
  }
},{
  "dateTime" : "08/18/19 00:00:00",
  "value" : {
    "date" : null,
    "value" : 0.0,
    "error" : 0.0
  }
},{
  "dateTime" : "08/19/19 00:00:00",
  "value" : {
    "date" : null,
    "value" : 0.0,
    "error" : 0.0
  }
},{
  "dateTime" : "08/20/19 00:00:00",
  "value" : {
    "date" : null,
    "value" : 0.0,
    "error" : 0.0
  }
},{
  "dateTime" : "08/21/19 00:00:00",
  "value" : {
    "date" : null,
    "value" : 0.0,
    "error" : 0.0
  }
},{
  "dateTime" : "08/22/19 00:00:00",
  "value" : {
    "date" : null,
    "value" : 0.0,
    "error" : 0.0
  }
},{
  "dateTime" : "08/23/19 00:00:00",
  "value" : {
    "date" : null,
    "value" : 0.0,
    "error" : 0.0
  }
},{
  "dateTime" : "08/24/19 00:00:00",
  "value" : {
    "date" : null,
    "value" : 0.0,
    "error" : 0.0
  }
},{
  "dateTime" : "08/25/19 00:00:00",
  "value" : {
    "date" : null,
    "value" : 0.0,
    "error" : 0.0
  }
},{
  "dateTime" : "08/26/19 00:00:00",
  "value" : {
    "date" : null,
    "value" : 0.0,
    "error" : 0.0
  }
},{
  "dateTime" : "08/27/19 00:00:00",
  "value" : {
    "date" : null,
    "value" : 0.0,
    "error" : 0.0
  }
},{
  "dateTime" : "08/28/19 00:00:00",
  "value" : {
    "date" : null,
    "value" : 0.0,
    "error" : 0.0
  }
},{
  "dateTime" : "08/29/19 00:00:00",
  "value" : {
    "date" : null,
    "value" : 0.0,
    "error" : 0.0
  }
},{
  "dateTime" : "08/30/19 00:00:00",
  "value" : {
    "date" : null,
    "value" : 0.0,
    "error" : 0.0
  }
},{
  "dateTime" : "08/31/19 00:00:00",
  "value" : {
    "date" : null,
    "value" : 0.0,
    "error" : 0.0
  }
},{
  "dateTime" : "09/01/19 00:00:00",
  "value" : {
    "date" : null,
    "value" : 0.0,
    "error" : 0.0
  }
},{
  "dateTime" : "09/02/19 00:00:00",
  "value" : {
    "date" : null,
    "value" : 0.0,
    "error" : 0.0
  }
},{
  "dateTime" : "09/03/19 00:00:00",
  "value" : {
    "date" : null,
    "value" : 0.0,
    "error" : 0.0
  }
},{
  "dateTime" : "09/04/19 00:00:00",
  "value" : {
    "date" : null,
    "value" : 0.0,
    "error" : 0.0
  }
},{
  "dateTime" : "09/05/19 00:00:00",
  "value" : {
    "date" : null,
    "value" : 0.0,
    "error" : 0.0
  }
},{
  "dateTime" : "09/06/19 00:00:00",
  "value" : {
    "date" : null,
    "value" : 0.0,
    "error" : 0.0
  }
},{
  "dateTime" : "09/07/19 00:00:00",
  "value" : {
    "date" : null,
    "value" : 0.0,
    "error" : 0.0
  }
},{
  "dateTime" : "09/08/19 00:00:00",
  "value" : {
    "date" : null,
    "value" : 0.0,
    "error" : 0.0
  }
},{
  "dateTime" : "09/09/19 00:00:00",
  "value" : {
    "date" : null,
    "value" : 0.0,
    "error" : 0.0
  }
},{
  "dateTime" : "09/10/19 00:00:00",
  "value" : {
    "date" : null,
    "value" : 0.0,
    "error" : 0.0
  }
},{
  "dateTime" : "09/11/19 00:00:00",
  "value" : {
    "date" : null,
    "value" : 0.0,
    "error" : 0.0
  }
},{
  "dateTime" : "09/12/19 00:00:00",
  "value" : {
    "date" : null,
    "value" : 0.0,
    "error" : 0.0
  }
},{
  "dateTime" : "09/13/19 00:00:00",
  "value" : {
    "date" : null,
    "value" : 0.0,
    "error" : 0.0
  }
},{
  "dateTime" : "09/14/19 00:00:00",
  "value" : {
    "date" : null,
    "value" : 0.0,
    "error" : 0.0
  }
},{
  "dateTime" : "09/15/19 00:00:00",
  "value" : {
    "date" : null,
    "value" : 0.0,
    "error" : 0.0
  }
},{
  "dateTime" : "09/16/19 00:00:00",
  "value" : {
    "date" : null,
    "value" : 0.0,
    "error" : 0.0
  }
},{
  "dateTime" : "09/17/19 00:00:00",
  "value" : {
    "date" : null,
    "value" : 0.0,
    "error" : 0.0
  }
},{
  "dateTime" : "09/18/19 00:00:00",
  "value" : {
    "date" : null,
    "value" : 0.0,
    "error" : 0.0
  }
},{
  "dateTime" : "09/19/19 00:00:00",
  "value" : {
    "date" : null,
    "value" : 0.0,
    "error" : 0.0
  }
},{
  "dateTime" : "09/20/19 00:00:00",
  "value" : {
    "date" : null,
    "value" : 0.0,
    "error" : 0.0
  }
},{
  "dateTime" : "09/21/19 00:00:00",
  "value" : {
    "date" : null,
    "value" : 0.0,
    "error" : 0.0
  }
},{
  "dateTime" : "09/22/19 00:00:00",
  "value" : {
    "date" : null,
    "value" : 0.0,
    "error" : 0.0
  }
},{
  "dateTime" : "09/23/19 00:00:00",
  "value" : {
    "date" : null,
    "value" : 0.0,
    "error" : 0.0
  }
},{
  "dateTime" : "09/24/19 00:00:00",
  "value" : {
    "date" : null,
    "value" : 0.0,
    "error" : 0.0
  }
},{
  "dateTime" : "09/25/19 00:00:00",
  "value" : {
    "date" : null,
    "value" : 0.0,
    "error" : 0.0
  }
},{
  "dateTime" : "09/26/19 00:00:00",
  "value" : {
    "date" : null,
    "value" : 0.0,
    "error" : 0.0
  }
},{
  "dateTime" : "09/27/19 00:00:00",
  "value" : {
    "date" : null,
    "value" : 0.0,
    "error" : 0.0
  }
},{
  "dateTime" : "09/28/19 00:00:00",
  "value" : {
    "date" : null,
    "value" : 0.0,
    "error" : 0.0
  }
},{
  "dateTime" : "09/29/19 00:00:00",
  "value" : {
    "date" : null,
    "value" : 0.0,
    "error" : 0.0
  }
},{
  "dateTime" : "09/30/19 00:00:00",
  "value" : {
    "date" : null,
    "value" : 0.0,
    "error" : 0.0
  }
},{
  "dateTime" : "10/01/19 00:00:00",
  "value" : {
    "date" : null,
    "value" : 0.0,
    "error" : 0.0
  }
},{
  "dateTime" : "10/02/19 00:00:00",
  "value" : {
    "date" : null,
    "value" : 0.0,
    "error" : 0.0
  }
},{
  "dateTime" : "10/03/19 00:00:00",
  "value" : {
    "date" : null,
    "value" : 0.0,
    "error" : 0.0
  }
},{
  "dateTime" : "10/04/19 00:00:00",
  "value" : {
    "date" : null,
    "value" : 0.0,
    "error" : 0.0
  }
},{
  "dateTime" : "10/05/19 00:00:00",
  "value" : {
    "date" : null,
    "value" : 0.0,
    "error" : 0.0
  }
},{
  "dateTime" : "10/06/19 00:00:00",
  "value" : {
    "date" : null,
    "value" : 0.0,
    "error" : 0.0
  }
},{
  "dateTime" : "10/07/19 00:00:00",
  "value" : {
    "date" : null,
    "value" : 0.0,
    "error" : 0.0
  }
},{
  "dateTime" : "10/08/19 00:00:00",
  "value" : {
    "date" : null,
    "value" : 0.0,
    "error" : 0.0
  }
},{
  "dateTime" : "10/09/19 00:00:00",
  "value" : {
    "date" : null,
    "value" : 0.0,
    "error" : 0.0
  }
},{
  "dateTime" : "10/10/19 00:00:00",
  "value" : {
    "date" : null,
    "value" : 0.0,
    "error" : 0.0
  }
},{
  "dateTime" : "10/11/19 00:00:00",
  "value" : {
    "date" : null,
    "value" : 0.0,
    "error" : 0.0
  }
},{
  "dateTime" : "10/12/19 00:00:00",
  "value" : {
    "date" : null,
    "value" : 0.0,
    "error" : 0.0
  }
},{
  "dateTime" : "10/13/19 00:00:00",
  "value" : {
    "date" : null,
    "value" : 0.0,
    "error" : 0.0
  }
},{
  "dateTime" : "10/14/19 00:00:00",
  "value" : {
    "date" : null,
    "value" : 0.0,
    "error" : 0.0
  }
},{
  "dateTime" : "10/15/19 00:00:00",
  "value" : {
    "date" : null,
    "value" : 0.0,
    "error" : 0.0
  }
},{
  "dateTime" : "10/16/19 00:00:00",
  "value" : {
    "date" : null,
    "value" : 0.0,
    "error" : 0.0
  }
},{
  "dateTime" : "10/17/19 00:00:00",
  "value" : {
    "date" : null,
    "value" : 0.0,
    "error" : 0.0
  }
},{
  "dateTime" : "10/18/19 00:00:00",
  "value" : {
    "date" : null,
    "value" : 0.0,
    "error" : 0.0
  }
},{
  "dateTime" : "10/19/19 00:00:00",
  "value" : {
    "date" : null,
    "value" : 0.0,
    "error" : 0.0
  }
},{
  "dateTime" : "10/20/19 00:00:00",
  "value" : {
    "date" : null,
    "value" : 0.0,
    "error" : 0.0
  }
},{
  "dateTime" : "10/21/19 00:00:00",
  "value" : {
    "date" : null,
    "value" : 0.0,
    "error" : 0.0
  }
},{
  "dateTime" : "10/22/19 00:00:00",
  "value" : {
    "date" : null,
    "value" : 0.0,
    "error" : 0.0
  }
},{
  "dateTime" : "10/23/19 00:00:00",
  "value" : {
    "date" : null,
    "value" : 0.0,
    "error" : 0.0
  }
},{
  "dateTime" : "10/24/19 00:00:00",
  "value" : {
    "date" : null,
    "value" : 0.0,
    "error" : 0.0
  }
},{
  "dateTime" : "10/25/19 00:00:00",
  "value" : {
    "date" : null,
    "value" : 0.0,
    "error" : 0.0
  }
},{
  "dateTime" : "10/26/19 00:00:00",
  "value" : {
    "date" : null,
    "value" : 0.0,
    "error" : 0.0
  }
},{
  "dateTime" : "10/27/19 00:00:00",
  "value" : {
    "date" : null,
    "value" : 0.0,
    "error" : 0.0
  }
},{
  "dateTime" : "10/28/19 00:00:00",
  "value" : {
    "date" : null,
    "value" : 0.0,
    "error" : 0.0
  }
},{
  "dateTime" : "10/29/19 00:00:00",
  "value" : {
    "date" : null,
    "value" : 0.0,
    "error" : 0.0
  }
},{
  "dateTime" : "10/30/19 00:00:00",
  "value" : {
    "date" : null,
    "value" : 0.0,
    "error" : 0.0
  }
},{
  "dateTime" : "10/31/19 00:00:00",
  "value" : {
    "date" : null,
    "value" : 0.0,
    "error" : 0.0
  }
},{
  "dateTime" : "11/01/19 00:00:00",
  "value" : {
    "date" : null,
    "value" : 0.0,
    "error" : 0.0
  }
},{
  "dateTime" : "11/02/19 00:00:00",
  "value" : {
    "date" : null,
    "value" : 0.0,
    "error" : 0.0
  }
},{
  "dateTime" : "11/03/19 00:00:00",
  "value" : {
    "date" : null,
    "value" : 0.0,
    "error" : 0.0
  }
},{
  "dateTime" : "11/04/19 00:00:00",
  "value" : {
    "date" : null,
    "value" : 0.0,
    "error" : 0.0
  }
},{
  "dateTime" : "11/05/19 00:00:00",
  "value" : {
    "date" : null,
    "value" : 0.0,
    "error" : 0.0
  }
},{
  "dateTime" : "11/06/19 00:00:00",
  "value" : {
    "date" : null,
    "value" : 0.0,
    "error" : 0.0
  }
},{
  "dateTime" : "11/07/19 00:00:00",
  "value" : {
    "date" : null,
    "value" : 0.0,
    "error" : 0.0
  }
},{
  "dateTime" : "11/08/19 00:00:00",
  "value" : {
    "date" : null,
    "value" : 0.0,
    "error" : 0.0
  }
},{
  "dateTime" : "11/09/19 00:00:00",
  "value" : {
    "date" : null,
    "value" : 0.0,
    "error" : 0.0
  }
},{
  "dateTime" : "11/10/19 00:00:00",
  "value" : {
    "date" : null,
    "value" : 0.0,
    "error" : 0.0
  }
},{
  "dateTime" : "11/11/19 00:00:00",
  "value" : {
    "date" : null,
    "value" : 0.0,
    "error" : 0.0
  }
},{
  "dateTime" : "11/12/19 00:00:00",
  "value" : {
    "date" : null,
    "value" : 0.0,
    "error" : 0.0
  }
},{
  "dateTime" : "11/13/19 00:00:00",
  "value" : {
    "date" : null,
    "value" : 0.0,
    "error" : 0.0
  }
},{
  "dateTime" : "11/14/19 00:00:00",
  "value" : {
    "date" : null,
    "value" : 0.0,
    "error" : 0.0
  }
},{
  "dateTime" : "11/15/19 00:00:00",
  "value" : {
    "date" : null,
    "value" : 0.0,
    "error" : 0.0
  }
},{
  "dateTime" : "11/16/19 00:00:00",
  "value" : {
    "date" : null,
    "value" : 0.0,
    "error" : 0.0
  }
},{
  "dateTime" : "11/17/19 00:00:00",
  "value" : {
    "date" : null,
    "value" : 0.0,
    "error" : 0.0
  }
},{
  "dateTime" : "11/18/19 00:00:00",
  "value" : {
    "date" : null,
    "value" : 0.0,
    "error" : 0.0
  }
},{
  "dateTime" : "11/19/19 00:00:00",
  "value" : {
    "date" : null,
    "value" : 0.0,
    "error" : 0.0
  }
},{
  "dateTime" : "11/20/19 00:00:00",
  "value" : {
    "date" : null,
    "value" : 0.0,
    "error" : 0.0
  }
},{
  "dateTime" : "11/21/19 00:00:00",
  "value" : {
    "date" : null,
    "value" : 0.0,
    "error" : 0.0
  }
},{
  "dateTime" : "11/22/19 00:00:00",
  "value" : {
    "date" : null,
    "value" : 0.0,
    "error" : 0.0
  }
},{
  "dateTime" : "11/23/19 00:00:00",
  "value" : {
    "date" : null,
    "value" : 0.0,
    "error" : 0.0
  }
},{
  "dateTime" : "11/24/19 00:00:00",
  "value" : {
    "date" : null,
    "value" : 0.0,
    "error" : 0.0
  }
},{
  "dateTime" : "11/25/19 00:00:00",
  "value" : {
    "date" : null,
    "value" : 0.0,
    "error" : 0.0
  }
},{
  "dateTime" : "11/26/19 00:00:00",
  "value" : {
    "date" : null,
    "value" : 0.0,
    "error" : 0.0
  }
},{
  "dateTime" : "11/27/19 00:00:00",
  "value" : {
    "date" : null,
    "value" : 0.0,
    "error" : 0.0
  }
},{
  "dateTime" : "11/28/19 00:00:00",
  "value" : {
    "date" : null,
    "value" : 0.0,
    "error" : 0.0
  }
},{
  "dateTime" : "11/29/19 00:00:00",
  "value" : {
    "date" : null,
    "value" : 0.0,
    "error" : 0.0
  }
},{
  "dateTime" : "11/30/19 00:00:00",
  "value" : {
    "date" : null,
    "value" : 0.0,
    "error" : 0.0
  }
},{
  "dateTime" : "12/01/19 00:00:00",
  "value" : {
    "date" : null,
    "value" : 0.0,
    "error" : 0.0
  }
},{
  "dateTime" : "12/02/19 00:00:00",
  "value" : {
    "date" : null,
    "value" : 0.0,
    "error" : 0.0
  }
},{
  "dateTime" : "12/03/19 00:00:00",
  "value" : {
    "date" : null,
    "value" : 0.0,
    "error" : 0.0
  }
},{
  "dateTime" : "12/04/19 00:00:00",
  "value" : {
    "date" : null,
    "value" : 0.0,
    "error" : 0.0
  }
},{
  "dateTime" : "12/05/19 00:00:00",
  "value" : {
    "date" : null,
    "value" : 0.0,
    "error" : 0.0
  }
},{
  "dateTime" : "12/06/19 00:00:00",
  "value" : {
    "date" : null,
    "value" : 0.0,
    "error" : 0.0
  }
},{
  "dateTime" : "12/07/19 00:00:00",
  "value" : {
    "date" : null,
    "value" : 0.0,
    "error" : 0.0
  }
},{
  "dateTime" : "12/08/19 00:00:00",
  "value" : {
    "date" : null,
    "value" : 0.0,
    "error" : 0.0
  }
},{
  "dateTime" : "12/09/19 00:00:00",
  "value" : {
    "date" : null,
    "value" : 0.0,
    "error" : 0.0
  }
},{
  "dateTime" : "12/10/19 00:00:00",
  "value" : {
    "date" : null,
    "value" : 0.0,
    "error" : 0.0
  }
},{
  "dateTime" : "12/11/19 00:00:00",
  "value" : {
    "date" : null,
    "value" : 0.0,
    "error" : 0.0
  }
},{
  "dateTime" : "12/12/19 00:00:00",
  "value" : {
    "date" : null,
    "value" : 0.0,
    "error" : 0.0
  }
},{
  "dateTime" : "12/13/19 00:00:00",
  "value" : {
    "date" : null,
    "value" : 0.0,
    "error" : 0.0
  }
},{
  "dateTime" : "12/14/19 00:00:00",
  "value" : {
    "date" : null,
    "value" : 0.0,
    "error" : 0.0
  }
},{
  "dateTime" : "12/15/19 00:00:00",
  "value" : {
    "date" : null,
    "value" : 0.0,
    "error" : 0.0
  }
},{
  "dateTime" : "12/16/19 00:00:00",
  "value" : {
    "date" : null,
    "value" : 0.0,
    "error" : 0.0
  }
},{
  "dateTime" : "12/17/19 00:00:00",
  "value" : {
    "date" : null,
    "value" : 0.0,
    "error" : 0.0
  }
},{
  "dateTime" : "12/18/19 00:00:00",
  "value" : {
    "date" : null,
    "value" : 0.0,
    "error" : 0.0
  }
},{
  "dateTime" : "12/19/19 00:00:00",
  "value" : {
    "date" : null,
    "value" : 0.0,
    "error" : 0.0
  }
},{
  "dateTime" : "12/20/19 00:00:00",
  "value" : {
    "date" : null,
    "value" : 0.0,
    "error" : 0.0
  }
},{
  "dateTime" : "12/21/19 00:00:00",
  "value" : {
    "date" : null,
    "value" : 0.0,
    "error" : 0.0
  }
},{
  "dateTime" : "12/22/19 00:00:00",
  "value" : {
    "date" : null,
    "value" : 0.0,
    "error" : 0.0
  }
},{
  "dateTime" : "12/23/19 00:00:00",
  "value" : {
    "date" : null,
    "value" : 0.0,
    "error" : 0.0
  }
},{
  "dateTime" : "12/24/19 00:00:00",
  "value" : {
    "date" : null,
    "value" : 0.0,
    "error" : 0.0
  }
},{
  "dateTime" : "12/25/19 00:00:00",
  "value" : {
    "date" : null,
    "value" : 0.0,
    "error" : 0.0
  }
},{
  "dateTime" : "12/26/19 00:00:00",
  "value" : {
    "date" : null,
    "value" : 0.0,
    "error" : 0.0
  }
},{
  "dateTime" : "12/27/19 00:00:00",
  "value" : {
    "date" : null,
    "value" : 0.0,
    "error" : 0.0
  }
},{
  "dateTime" : "12/28/19 00:00:00",
  "value" : {
    "date" : null,
    "value" : 0.0,
    "error" : 0.0
  }
},{
  "dateTime" : "12/29/19 00:00:00",
  "value" : {
    "date" : null,
    "value" : 0.0,
    "error" : 0.0
  }
},{
  "dateTime" : "12/30/19 00:00:00",
  "value" : {
    "date" : null,
    "value" : 0.0,
    "error" : 0.0
  }
},{
  "dateTime" : "12/31/19 00:00:00",
  "value" : {
    "date" : null,
    "value" : 0.0,
    "error" : 0.0
  }
},{
  "dateTime" : "01/01/20 00:00:00",
  "value" : {
    "date" : null,
    "value" : 0.0,
    "error" : 0.0
  }
},{
  "dateTime" : "01/02/20 00:00:00",
  "value" : {
    "date" : null,
    "value" : 0.0,
    "error" : 0.0
  }
},{
  "dateTime" : "01/03/20 00:00:00",
  "value" : {
    "date" : null,
    "value" : 0.0,
    "error" : 0.0
  }
},{
  "dateTime" : "01/04/20 00:00:00",
  "value" : {
    "date" : null,
    "value" : 0.0,
    "error" : 0.0
  }
},{
  "dateTime" : "01/05/20 00:00:00",
  "value" : {
    "date" : null,
    "value" : 0.0,
    "error" : 0.0
  }
},{
  "dateTime" : "01/06/20 00:00:00",
  "value" : {
    "date" : null,
    "value" : 0.0,
    "error" : 0.0
  }
},{
  "dateTime" : "01/07/20 00:00:00",
  "value" : {
    "date" : null,
    "value" : 0.0,
    "error" : 0.0
  }
},{
  "dateTime" : "01/08/20 00:00:00",
  "value" : {
    "date" : null,
    "value" : 0.0,
    "error" : 0.0
  }
},{
  "dateTime" : "01/09/20 00:00:00",
  "value" : {
    "date" : null,
    "value" : 0.0,
    "error" : 0.0
  }
}]