[{
  "dateTime" : "05/10/18 00:00:00",
  "value" : "652"
},{
  "dateTime" : "05/11/18 00:00:00",
  "value" : "627"
},{
  "dateTime" : "05/12/18 00:00:00",
  "value" : "470"
},{
  "dateTime" : "05/13/18 00:00:00",
  "value" : "523"
},{
  "dateTime" : "05/14/18 00:00:00",
  "value" : "661"
},{
  "dateTime" : "05/15/18 00:00:00",
  "value" : "532"
},{
  "dateTime" : "05/16/18 00:00:00",
  "value" : "523"
},{
  "dateTime" : "05/17/18 00:00:00",
  "value" : "597"
},{
  "dateTime" : "05/18/18 00:00:00",
  "value" : "519"
},{
  "dateTime" : "05/19/18 00:00:00",
  "value" : "583"
},{
  "dateTime" : "05/20/18 00:00:00",
  "value" : "510"
},{
  "dateTime" : "05/21/18 00:00:00",
  "value" : "990"
},{
  "dateTime" : "05/22/18 00:00:00",
  "value" : "835"
},{
  "dateTime" : "05/23/18 00:00:00",
  "value" : "647"
},{
  "dateTime" : "05/24/18 00:00:00",
  "value" : "646"
},{
  "dateTime" : "05/25/18 00:00:00",
  "value" : "657"
},{
  "dateTime" : "05/26/18 00:00:00",
  "value" : "1013"
},{
  "dateTime" : "05/27/18 00:00:00",
  "value" : "749"
},{
  "dateTime" : "05/28/18 00:00:00",
  "value" : "706"
},{
  "dateTime" : "05/29/18 00:00:00",
  "value" : "734"
},{
  "dateTime" : "05/30/18 00:00:00",
  "value" : "815"
},{
  "dateTime" : "05/31/18 00:00:00",
  "value" : "776"
},{
  "dateTime" : "06/01/18 00:00:00",
  "value" : "775"
},{
  "dateTime" : "06/02/18 00:00:00",
  "value" : "610"
},{
  "dateTime" : "06/03/18 00:00:00",
  "value" : "663"
},{
  "dateTime" : "06/04/18 00:00:00",
  "value" : "798"
},{
  "dateTime" : "06/05/18 00:00:00",
  "value" : "802"
},{
  "dateTime" : "06/06/18 00:00:00",
  "value" : "775"
},{
  "dateTime" : "06/07/18 00:00:00",
  "value" : "783"
},{
  "dateTime" : "06/08/18 00:00:00",
  "value" : "771"
}]