[{
  "dateTime" : "02/04/19 00:00:00",
  "value" : "668"
},{
  "dateTime" : "02/05/19 00:00:00",
  "value" : "622"
},{
  "dateTime" : "02/06/19 00:00:00",
  "value" : "644"
},{
  "dateTime" : "02/07/19 00:00:00",
  "value" : "548"
},{
  "dateTime" : "02/08/19 00:00:00",
  "value" : "593"
},{
  "dateTime" : "02/09/19 00:00:00",
  "value" : "806"
},{
  "dateTime" : "02/10/19 00:00:00",
  "value" : "728"
},{
  "dateTime" : "02/11/19 00:00:00",
  "value" : "696"
},{
  "dateTime" : "02/12/19 00:00:00",
  "value" : "733"
},{
  "dateTime" : "02/13/19 00:00:00",
  "value" : "624"
},{
  "dateTime" : "02/14/19 00:00:00",
  "value" : "782"
},{
  "dateTime" : "02/15/19 00:00:00",
  "value" : "590"
},{
  "dateTime" : "02/16/19 00:00:00",
  "value" : "562"
},{
  "dateTime" : "02/17/19 00:00:00",
  "value" : "620"
},{
  "dateTime" : "02/18/19 00:00:00",
  "value" : "648"
},{
  "dateTime" : "02/19/19 00:00:00",
  "value" : "693"
},{
  "dateTime" : "02/20/19 00:00:00",
  "value" : "607"
},{
  "dateTime" : "02/21/19 00:00:00",
  "value" : "558"
},{
  "dateTime" : "02/22/19 00:00:00",
  "value" : "612"
},{
  "dateTime" : "02/23/19 00:00:00",
  "value" : "500"
},{
  "dateTime" : "02/24/19 00:00:00",
  "value" : "713"
},{
  "dateTime" : "02/25/19 00:00:00",
  "value" : "637"
},{
  "dateTime" : "02/26/19 00:00:00",
  "value" : "1440"
},{
  "dateTime" : "02/27/19 00:00:00",
  "value" : "1440"
},{
  "dateTime" : "02/28/19 00:00:00",
  "value" : "1440"
},{
  "dateTime" : "03/01/19 00:00:00",
  "value" : "1440"
},{
  "dateTime" : "03/02/19 00:00:00",
  "value" : "1440"
},{
  "dateTime" : "03/03/19 00:00:00",
  "value" : "1440"
},{
  "dateTime" : "03/04/19 00:00:00",
  "value" : "1440"
},{
  "dateTime" : "03/05/19 00:00:00",
  "value" : "1440"
}]