[{
  "dateTime" : "01/05/19 00:00:00",
  "value" : "577"
},{
  "dateTime" : "01/06/19 00:00:00",
  "value" : "821"
},{
  "dateTime" : "01/07/19 00:00:00",
  "value" : "843"
},{
  "dateTime" : "01/08/19 00:00:00",
  "value" : "691"
},{
  "dateTime" : "01/09/19 00:00:00",
  "value" : "562"
},{
  "dateTime" : "01/10/19 00:00:00",
  "value" : "513"
},{
  "dateTime" : "01/11/19 00:00:00",
  "value" : "650"
},{
  "dateTime" : "01/12/19 00:00:00",
  "value" : "545"
},{
  "dateTime" : "01/13/19 00:00:00",
  "value" : "647"
},{
  "dateTime" : "01/14/19 00:00:00",
  "value" : "716"
},{
  "dateTime" : "01/15/19 00:00:00",
  "value" : "686"
},{
  "dateTime" : "01/16/19 00:00:00",
  "value" : "620"
},{
  "dateTime" : "01/17/19 00:00:00",
  "value" : "567"
},{
  "dateTime" : "01/18/19 00:00:00",
  "value" : "673"
},{
  "dateTime" : "01/19/19 00:00:00",
  "value" : "741"
},{
  "dateTime" : "01/20/19 00:00:00",
  "value" : "572"
},{
  "dateTime" : "01/21/19 00:00:00",
  "value" : "728"
},{
  "dateTime" : "01/22/19 00:00:00",
  "value" : "1193"
},{
  "dateTime" : "01/23/19 00:00:00",
  "value" : "575"
},{
  "dateTime" : "01/24/19 00:00:00",
  "value" : "708"
},{
  "dateTime" : "01/25/19 00:00:00",
  "value" : "784"
},{
  "dateTime" : "01/26/19 00:00:00",
  "value" : "681"
},{
  "dateTime" : "01/27/19 00:00:00",
  "value" : "585"
},{
  "dateTime" : "01/28/19 00:00:00",
  "value" : "651"
},{
  "dateTime" : "01/29/19 00:00:00",
  "value" : "763"
},{
  "dateTime" : "01/30/19 00:00:00",
  "value" : "486"
},{
  "dateTime" : "01/31/19 00:00:00",
  "value" : "699"
},{
  "dateTime" : "02/01/19 00:00:00",
  "value" : "539"
},{
  "dateTime" : "02/02/19 00:00:00",
  "value" : "563"
},{
  "dateTime" : "02/03/19 00:00:00",
  "value" : "880"
}]