[{
  "logId" : 20718479941,
  "dateOfSleep" : "2019-01-05",
  "startTime" : "2019-01-05T00:15:30.000",
  "endTime" : "2019-01-05T08:21:30.000",
  "duration" : 29160000,
  "minutesToFallAsleep" : 0,
  "minutesAsleep" : 422,
  "minutesAwake" : 64,
  "minutesAfterWakeup" : 0,
  "timeInBed" : 486,
  "efficiency" : 94,
  "type" : "stages",
  "infoCode" : 0,
  "levels" : {
    "summary" : {
      "deep" : {
        "count" : 2,
        "minutes" : 108,
        "thirtyDayAvgMinutes" : 100
      },
      "wake" : {
        "count" : 36,
        "minutes" : 64,
        "thirtyDayAvgMinutes" : 68
      },
      "light" : {
        "count" : 32,
        "minutes" : 212,
        "thirtyDayAvgMinutes" : 217
      },
      "rem" : {
        "count" : 16,
        "minutes" : 102,
        "thirtyDayAvgMinutes" : 107
      }
    },
    "data" : [{
      "dateTime" : "2019-01-05T00:15:30.000",
      "level" : "wake",
      "seconds" : 450
    },{
      "dateTime" : "2019-01-05T00:23:00.000",
      "level" : "light",
      "seconds" : 1050
    },{
      "dateTime" : "2019-01-05T00:40:30.000",
      "level" : "deep",
      "seconds" : 5130
    },{
      "dateTime" : "2019-01-05T02:06:00.000",
      "level" : "light",
      "seconds" : 660
    },{
      "dateTime" : "2019-01-05T02:17:00.000",
      "level" : "rem",
      "seconds" : 1170
    },{
      "dateTime" : "2019-01-05T02:36:30.000",
      "level" : "light",
      "seconds" : 780
    },{
      "dateTime" : "2019-01-05T02:49:30.000",
      "level" : "deep",
      "seconds" : 1350
    },{
      "dateTime" : "2019-01-05T03:12:00.000",
      "level" : "wake",
      "seconds" : 300
    },{
      "dateTime" : "2019-01-05T03:17:00.000",
      "level" : "light",
      "seconds" : 180
    },{
      "dateTime" : "2019-01-05T03:20:00.000",
      "level" : "rem",
      "seconds" : 1350
    },{
      "dateTime" : "2019-01-05T03:42:30.000",
      "level" : "wake",
      "seconds" : 210
    },{
      "dateTime" : "2019-01-05T03:46:00.000",
      "level" : "light",
      "seconds" : 660
    },{
      "dateTime" : "2019-01-05T03:57:00.000",
      "level" : "wake",
      "seconds" : 240
    },{
      "dateTime" : "2019-01-05T04:01:00.000",
      "level" : "light",
      "seconds" : 1800
    },{
      "dateTime" : "2019-01-05T04:31:00.000",
      "level" : "rem",
      "seconds" : 270
    },{
      "dateTime" : "2019-01-05T04:35:30.000",
      "level" : "light",
      "seconds" : 1980
    },{
      "dateTime" : "2019-01-05T05:08:30.000",
      "level" : "rem",
      "seconds" : 360
    },{
      "dateTime" : "2019-01-05T05:14:30.000",
      "level" : "light",
      "seconds" : 2070
    },{
      "dateTime" : "2019-01-05T05:49:00.000",
      "level" : "wake",
      "seconds" : 420
    },{
      "dateTime" : "2019-01-05T05:56:00.000",
      "level" : "light",
      "seconds" : 1920
    },{
      "dateTime" : "2019-01-05T06:28:00.000",
      "level" : "rem",
      "seconds" : 990
    },{
      "dateTime" : "2019-01-05T06:44:30.000",
      "level" : "light",
      "seconds" : 270
    },{
      "dateTime" : "2019-01-05T06:49:00.000",
      "level" : "rem",
      "seconds" : 1620
    },{
      "dateTime" : "2019-01-05T07:16:00.000",
      "level" : "light",
      "seconds" : 1260
    },{
      "dateTime" : "2019-01-05T07:37:00.000",
      "level" : "rem",
      "seconds" : 300
    },{
      "dateTime" : "2019-01-05T07:42:00.000",
      "level" : "light",
      "seconds" : 870
    },{
      "dateTime" : "2019-01-05T07:56:30.000",
      "level" : "wake",
      "seconds" : 330
    },{
      "dateTime" : "2019-01-05T08:02:00.000",
      "level" : "light",
      "seconds" : 270
    },{
      "dateTime" : "2019-01-05T08:06:30.000",
      "level" : "rem",
      "seconds" : 450
    },{
      "dateTime" : "2019-01-05T08:14:00.000",
      "level" : "light",
      "seconds" : 90
    },{
      "dateTime" : "2019-01-05T08:15:30.000",
      "level" : "wake",
      "seconds" : 360
    }],
    "shortData" : [{
      "dateTime" : "2019-01-05T02:05:30.000",
      "level" : "wake",
      "seconds" : 30
    },{
      "dateTime" : "2019-01-05T02:07:30.000",
      "level" : "wake",
      "seconds" : 30
    },{
      "dateTime" : "2019-01-05T02:21:00.000",
      "level" : "wake",
      "seconds" : 30
    },{
      "dateTime" : "2019-01-05T02:23:30.000",
      "level" : "wake",
      "seconds" : 30
    },{
      "dateTime" : "2019-01-05T03:24:00.000",
      "level" : "wake",
      "seconds" : 30
    },{
      "dateTime" : "2019-01-05T03:29:00.000",
      "level" : "wake",
      "seconds" : 120
    },{
      "dateTime" : "2019-01-05T03:38:00.000",
      "level" : "wake",
      "seconds" : 30
    },{
      "dateTime" : "2019-01-05T03:49:00.000",
      "level" : "wake",
      "seconds" : 60
    },{
      "dateTime" : "2019-01-05T04:12:00.000",
      "level" : "wake",
      "seconds" : 30
    },{
      "dateTime" : "2019-01-05T04:45:30.000",
      "level" : "wake",
      "seconds" : 30
    },{
      "dateTime" : "2019-01-05T04:52:30.000",
      "level" : "wake",
      "seconds" : 30
    },{
      "dateTime" : "2019-01-05T05:04:00.000",
      "level" : "wake",
      "seconds" : 150
    },{
      "dateTime" : "2019-01-05T05:14:30.000",
      "level" : "wake",
      "seconds" : 60
    },{
      "dateTime" : "2019-01-05T05:22:00.000",
      "level" : "wake",
      "seconds" : 60
    },{
      "dateTime" : "2019-01-05T05:36:00.000",
      "level" : "wake",
      "seconds" : 30
    },{
      "dateTime" : "2019-01-05T05:43:00.000",
      "level" : "wake",
      "seconds" : 60
    },{
      "dateTime" : "2019-01-05T06:04:30.000",
      "level" : "wake",
      "seconds" : 60
    },{
      "dateTime" : "2019-01-05T06:25:00.000",
      "level" : "wake",
      "seconds" : 60
    },{
      "dateTime" : "2019-01-05T06:36:00.000",
      "level" : "wake",
      "seconds" : 30
    },{
      "dateTime" : "2019-01-05T06:43:30.000",
      "level" : "wake",
      "seconds" : 60
    },{
      "dateTime" : "2019-01-05T06:46:30.000",
      "level" : "wake",
      "seconds" : 90
    },{
      "dateTime" : "2019-01-05T07:07:00.000",
      "level" : "wake",
      "seconds" : 30
    },{
      "dateTime" : "2019-01-05T07:12:30.000",
      "level" : "wake",
      "seconds" : 30
    },{
      "dateTime" : "2019-01-05T07:18:30.000",
      "level" : "wake",
      "seconds" : 30
    },{
      "dateTime" : "2019-01-05T07:23:30.000",
      "level" : "wake",
      "seconds" : 30
    },{
      "dateTime" : "2019-01-05T07:34:00.000",
      "level" : "wake",
      "seconds" : 120
    },{
      "dateTime" : "2019-01-05T07:47:00.000",
      "level" : "wake",
      "seconds" : 60
    },{
      "dateTime" : "2019-01-05T07:52:00.000",
      "level" : "wake",
      "seconds" : 90
    },{
      "dateTime" : "2019-01-05T08:05:00.000",
      "level" : "wake",
      "seconds" : 30
    }]
  }
},{
  "logId" : 20706973927,
  "dateOfSleep" : "2019-01-04",
  "startTime" : "2019-01-04T00:28:00.000",
  "endTime" : "2019-01-04T08:48:30.000",
  "duration" : 30000000,
  "minutesToFallAsleep" : 0,
  "minutesAsleep" : 421,
  "minutesAwake" : 79,
  "minutesAfterWakeup" : 1,
  "timeInBed" : 500,
  "efficiency" : 89,
  "type" : "stages",
  "infoCode" : 0,
  "levels" : {
    "summary" : {
      "deep" : {
        "count" : 3,
        "minutes" : 87,
        "thirtyDayAvgMinutes" : 102
      },
      "wake" : {
        "count" : 36,
        "minutes" : 79,
        "thirtyDayAvgMinutes" : 67
      },
      "light" : {
        "count" : 32,
        "minutes" : 227,
        "thirtyDayAvgMinutes" : 216
      },
      "rem" : {
        "count" : 13,
        "minutes" : 107,
        "thirtyDayAvgMinutes" : 107
      }
    },
    "data" : [{
      "dateTime" : "2019-01-04T00:28:00.000",
      "level" : "wake",
      "seconds" : 360
    },{
      "dateTime" : "2019-01-04T00:34:00.000",
      "level" : "light",
      "seconds" : 150
    },{
      "dateTime" : "2019-01-04T00:36:30.000",
      "level" : "deep",
      "seconds" : 3690
    },{
      "dateTime" : "2019-01-04T01:38:00.000",
      "level" : "light",
      "seconds" : 600
    },{
      "dateTime" : "2019-01-04T01:48:00.000",
      "level" : "rem",
      "seconds" : 360
    },{
      "dateTime" : "2019-01-04T01:54:00.000",
      "level" : "light",
      "seconds" : 840
    },{
      "dateTime" : "2019-01-04T02:08:00.000",
      "level" : "deep",
      "seconds" : 1320
    },{
      "dateTime" : "2019-01-04T02:30:00.000",
      "level" : "light",
      "seconds" : 300
    },{
      "dateTime" : "2019-01-04T02:35:00.000",
      "level" : "wake",
      "seconds" : 330
    },{
      "dateTime" : "2019-01-04T02:40:30.000",
      "level" : "light",
      "seconds" : 660
    },{
      "dateTime" : "2019-01-04T02:51:30.000",
      "level" : "rem",
      "seconds" : 960
    },{
      "dateTime" : "2019-01-04T03:07:30.000",
      "level" : "light",
      "seconds" : 2700
    },{
      "dateTime" : "2019-01-04T03:52:30.000",
      "level" : "deep",
      "seconds" : 360
    },{
      "dateTime" : "2019-01-04T03:58:30.000",
      "level" : "light",
      "seconds" : 1740
    },{
      "dateTime" : "2019-01-04T04:27:30.000",
      "level" : "rem",
      "seconds" : 840
    },{
      "dateTime" : "2019-01-04T04:41:30.000",
      "level" : "light",
      "seconds" : 2850
    },{
      "dateTime" : "2019-01-04T05:29:00.000",
      "level" : "rem",
      "seconds" : 1050
    },{
      "dateTime" : "2019-01-04T05:46:30.000",
      "level" : "wake",
      "seconds" : 390
    },{
      "dateTime" : "2019-01-04T05:53:00.000",
      "level" : "light",
      "seconds" : 900
    },{
      "dateTime" : "2019-01-04T06:08:00.000",
      "level" : "wake",
      "seconds" : 1140
    },{
      "dateTime" : "2019-01-04T06:27:00.000",
      "level" : "light",
      "seconds" : 2490
    },{
      "dateTime" : "2019-01-04T07:08:30.000",
      "level" : "rem",
      "seconds" : 2130
    },{
      "dateTime" : "2019-01-04T07:44:00.000",
      "level" : "light",
      "seconds" : 1950
    },{
      "dateTime" : "2019-01-04T08:16:30.000",
      "level" : "rem",
      "seconds" : 720
    },{
      "dateTime" : "2019-01-04T08:28:30.000",
      "level" : "wake",
      "seconds" : 570
    },{
      "dateTime" : "2019-01-04T08:38:00.000",
      "level" : "light",
      "seconds" : 60
    },{
      "dateTime" : "2019-01-04T08:39:00.000",
      "level" : "rem",
      "seconds" : 570
    }],
    "shortData" : [{
      "dateTime" : "2019-01-04T01:37:00.000",
      "level" : "wake",
      "seconds" : 60
    },{
      "dateTime" : "2019-01-04T01:40:00.000",
      "level" : "wake",
      "seconds" : 30
    },{
      "dateTime" : "2019-01-04T02:29:00.000",
      "level" : "wake",
      "seconds" : 60
    },{
      "dateTime" : "2019-01-04T02:47:30.000",
      "level" : "wake",
      "seconds" : 120
    },{
      "dateTime" : "2019-01-04T03:05:30.000",
      "level" : "wake",
      "seconds" : 30
    },{
      "dateTime" : "2019-01-04T03:08:30.000",
      "level" : "wake",
      "seconds" : 30
    },{
      "dateTime" : "2019-01-04T03:12:00.000",
      "level" : "wake",
      "seconds" : 90
    },{
      "dateTime" : "2019-01-04T03:59:00.000",
      "level" : "wake",
      "seconds" : 120
    },{
      "dateTime" : "2019-01-04T04:07:30.000",
      "level" : "wake",
      "seconds" : 30
    },{
      "dateTime" : "2019-01-04T04:22:30.000",
      "level" : "wake",
      "seconds" : 30
    },{
      "dateTime" : "2019-01-04T04:39:30.000",
      "level" : "wake",
      "seconds" : 30
    },{
      "dateTime" : "2019-01-04T04:42:00.000",
      "level" : "wake",
      "seconds" : 60
    },{
      "dateTime" : "2019-01-04T04:57:00.000",
      "level" : "wake",
      "seconds" : 150
    },{
      "dateTime" : "2019-01-04T05:19:00.000",
      "level" : "wake",
      "seconds" : 150
    },{
      "dateTime" : "2019-01-04T05:26:00.000",
      "level" : "wake",
      "seconds" : 180
    },{
      "dateTime" : "2019-01-04T05:58:30.000",
      "level" : "wake",
      "seconds" : 120
    },{
      "dateTime" : "2019-01-04T06:31:30.000",
      "level" : "wake",
      "seconds" : 30
    },{
      "dateTime" : "2019-01-04T06:37:00.000",
      "level" : "wake",
      "seconds" : 30
    },{
      "dateTime" : "2019-01-04T06:44:00.000",
      "level" : "wake",
      "seconds" : 30
    },{
      "dateTime" : "2019-01-04T07:00:30.000",
      "level" : "wake",
      "seconds" : 120
    },{
      "dateTime" : "2019-01-04T07:06:00.000",
      "level" : "wake",
      "seconds" : 150
    },{
      "dateTime" : "2019-01-04T07:11:00.000",
      "level" : "wake",
      "seconds" : 30
    },{
      "dateTime" : "2019-01-04T07:27:30.000",
      "level" : "wake",
      "seconds" : 30
    },{
      "dateTime" : "2019-01-04T07:33:30.000",
      "level" : "wake",
      "seconds" : 30
    },{
      "dateTime" : "2019-01-04T07:41:00.000",
      "level" : "wake",
      "seconds" : 30
    },{
      "dateTime" : "2019-01-04T07:48:00.000",
      "level" : "wake",
      "seconds" : 30
    },{
      "dateTime" : "2019-01-04T07:51:00.000",
      "level" : "wake",
      "seconds" : 30
    },{
      "dateTime" : "2019-01-04T07:54:00.000",
      "level" : "wake",
      "seconds" : 30
    },{
      "dateTime" : "2019-01-04T08:00:00.000",
      "level" : "wake",
      "seconds" : 30
    },{
      "dateTime" : "2019-01-04T08:05:30.000",
      "level" : "wake",
      "seconds" : 60
    },{
      "dateTime" : "2019-01-04T08:48:00.000",
      "level" : "wake",
      "seconds" : 30
    }]
  }
},{
  "logId" : 20693121036,
  "dateOfSleep" : "2019-01-03",
  "startTime" : "2019-01-03T00:21:30.000",
  "endTime" : "2019-01-03T08:47:30.000",
  "duration" : 30360000,
  "minutesToFallAsleep" : 0,
  "minutesAsleep" : 423,
  "minutesAwake" : 83,
  "minutesAfterWakeup" : 0,
  "timeInBed" : 506,
  "efficiency" : 92,
  "type" : "stages",
  "infoCode" : 0,
  "levels" : {
    "summary" : {
      "deep" : {
        "count" : 4,
        "minutes" : 90,
        "thirtyDayAvgMinutes" : 103
      },
      "wake" : {
        "count" : 37,
        "minutes" : 83,
        "thirtyDayAvgMinutes" : 65
      },
      "light" : {
        "count" : 38,
        "minutes" : 249,
        "thirtyDayAvgMinutes" : 212
      },
      "rem" : {
        "count" : 6,
        "minutes" : 84,
        "thirtyDayAvgMinutes" : 110
      }
    },
    "data" : [{
      "dateTime" : "2019-01-03T00:21:30.000",
      "level" : "wake",
      "seconds" : 300
    },{
      "dateTime" : "2019-01-03T00:26:30.000",
      "level" : "light",
      "seconds" : 2040
    },{
      "dateTime" : "2019-01-03T01:00:30.000",
      "level" : "wake",
      "seconds" : 300
    },{
      "dateTime" : "2019-01-03T01:05:30.000",
      "level" : "light",
      "seconds" : 750
    },{
      "dateTime" : "2019-01-03T01:18:00.000",
      "level" : "deep",
      "seconds" : 330
    },{
      "dateTime" : "2019-01-03T01:23:30.000",
      "level" : "light",
      "seconds" : 3630
    },{
      "dateTime" : "2019-01-03T02:24:00.000",
      "level" : "deep",
      "seconds" : 3720
    },{
      "dateTime" : "2019-01-03T03:26:00.000",
      "level" : "light",
      "seconds" : 390
    },{
      "dateTime" : "2019-01-03T03:32:30.000",
      "level" : "rem",
      "seconds" : 1260
    },{
      "dateTime" : "2019-01-03T03:53:30.000",
      "level" : "light",
      "seconds" : 1440
    },{
      "dateTime" : "2019-01-03T04:17:30.000",
      "level" : "deep",
      "seconds" : 960
    },{
      "dateTime" : "2019-01-03T04:33:30.000",
      "level" : "wake",
      "seconds" : 240
    },{
      "dateTime" : "2019-01-03T04:37:30.000",
      "level" : "light",
      "seconds" : 3030
    },{
      "dateTime" : "2019-01-03T05:28:00.000",
      "level" : "rem",
      "seconds" : 1140
    },{
      "dateTime" : "2019-01-03T05:47:00.000",
      "level" : "light",
      "seconds" : 1980
    },{
      "dateTime" : "2019-01-03T06:20:00.000",
      "level" : "deep",
      "seconds" : 360
    },{
      "dateTime" : "2019-01-03T06:26:00.000",
      "level" : "light",
      "seconds" : 480
    },{
      "dateTime" : "2019-01-03T06:34:00.000",
      "level" : "rem",
      "seconds" : 1680
    },{
      "dateTime" : "2019-01-03T07:02:00.000",
      "level" : "light",
      "seconds" : 2370
    },{
      "dateTime" : "2019-01-03T07:41:30.000",
      "level" : "rem",
      "seconds" : 300
    },{
      "dateTime" : "2019-01-03T07:46:30.000",
      "level" : "wake",
      "seconds" : 780
    },{
      "dateTime" : "2019-01-03T07:59:30.000",
      "level" : "light",
      "seconds" : 810
    },{
      "dateTime" : "2019-01-03T08:13:00.000",
      "level" : "rem",
      "seconds" : 840
    },{
      "dateTime" : "2019-01-03T08:27:00.000",
      "level" : "wake",
      "seconds" : 1230
    }],
    "shortData" : [{
      "dateTime" : "2019-01-03T00:47:30.000",
      "level" : "wake",
      "seconds" : 60
    },{
      "dateTime" : "2019-01-03T01:26:00.000",
      "level" : "wake",
      "seconds" : 60
    },{
      "dateTime" : "2019-01-03T01:29:00.000",
      "level" : "wake",
      "seconds" : 30
    },{
      "dateTime" : "2019-01-03T01:35:00.000",
      "level" : "wake",
      "seconds" : 30
    },{
      "dateTime" : "2019-01-03T01:45:00.000",
      "level" : "wake",
      "seconds" : 30
    },{
      "dateTime" : "2019-01-03T01:49:30.000",
      "level" : "wake",
      "seconds" : 30
    },{
      "dateTime" : "2019-01-03T02:08:30.000",
      "level" : "wake",
      "seconds" : 60
    },{
      "dateTime" : "2019-01-03T02:14:30.000",
      "level" : "wake",
      "seconds" : 60
    },{
      "dateTime" : "2019-01-03T03:26:30.000",
      "level" : "wake",
      "seconds" : 150
    },{
      "dateTime" : "2019-01-03T03:53:00.000",
      "level" : "wake",
      "seconds" : 30
    },{
      "dateTime" : "2019-01-03T03:59:30.000",
      "level" : "wake",
      "seconds" : 30
    },{
      "dateTime" : "2019-01-03T04:46:30.000",
      "level" : "wake",
      "seconds" : 30
    },{
      "dateTime" : "2019-01-03T05:12:00.000",
      "level" : "wake",
      "seconds" : 180
    },{
      "dateTime" : "2019-01-03T05:23:30.000",
      "level" : "wake",
      "seconds" : 120
    },{
      "dateTime" : "2019-01-03T05:40:00.000",
      "level" : "wake",
      "seconds" : 60
    },{
      "dateTime" : "2019-01-03T05:46:30.000",
      "level" : "wake",
      "seconds" : 30
    },{
      "dateTime" : "2019-01-03T05:49:00.000",
      "level" : "wake",
      "seconds" : 60
    },{
      "dateTime" : "2019-01-03T05:52:00.000",
      "level" : "wake",
      "seconds" : 30
    },{
      "dateTime" : "2019-01-03T05:57:00.000",
      "level" : "wake",
      "seconds" : 60
    },{
      "dateTime" : "2019-01-03T06:04:00.000",
      "level" : "wake",
      "seconds" : 30
    },{
      "dateTime" : "2019-01-03T06:27:30.000",
      "level" : "wake",
      "seconds" : 90
    },{
      "dateTime" : "2019-01-03T06:34:00.000",
      "level" : "wake",
      "seconds" : 60
    },{
      "dateTime" : "2019-01-03T07:03:00.000",
      "level" : "wake",
      "seconds" : 60
    },{
      "dateTime" : "2019-01-03T07:06:00.000",
      "level" : "wake",
      "seconds" : 60
    },{
      "dateTime" : "2019-01-03T07:11:30.000",
      "level" : "wake",
      "seconds" : 150
    },{
      "dateTime" : "2019-01-03T07:27:00.000",
      "level" : "wake",
      "seconds" : 150
    },{
      "dateTime" : "2019-01-03T07:31:00.000",
      "level" : "wake",
      "seconds" : 60
    },{
      "dateTime" : "2019-01-03T07:35:30.000",
      "level" : "wake",
      "seconds" : 30
    },{
      "dateTime" : "2019-01-03T07:38:00.000",
      "level" : "wake",
      "seconds" : 30
    },{
      "dateTime" : "2019-01-03T08:02:00.000",
      "level" : "wake",
      "seconds" : 60
    },{
      "dateTime" : "2019-01-03T08:06:00.000",
      "level" : "wake",
      "seconds" : 90
    },{
      "dateTime" : "2019-01-03T08:10:00.000",
      "level" : "wake",
      "seconds" : 120
    }]
  }
},{
  "logId" : 20681184268,
  "dateOfSleep" : "2019-01-02",
  "startTime" : "2019-01-02T00:30:30.000",
  "endTime" : "2019-01-02T09:21:30.000",
  "duration" : 31860000,
  "minutesToFallAsleep" : 0,
  "minutesAsleep" : 442,
  "minutesAwake" : 89,
  "minutesAfterWakeup" : 0,
  "timeInBed" : 531,
  "efficiency" : 94,
  "type" : "stages",
  "infoCode" : 0,
  "levels" : {
    "summary" : {
      "deep" : {
        "count" : 2,
        "minutes" : 100,
        "thirtyDayAvgMinutes" : 104
      },
      "wake" : {
        "count" : 38,
        "minutes" : 89,
        "thirtyDayAvgMinutes" : 61
      },
      "light" : {
        "count" : 38,
        "minutes" : 237,
        "thirtyDayAvgMinutes" : 209
      },
      "rem" : {
        "count" : 9,
        "minutes" : 105,
        "thirtyDayAvgMinutes" : 110
      }
    },
    "data" : [{
      "dateTime" : "2019-01-02T00:30:30.000",
      "level" : "wake",
      "seconds" : 390
    },{
      "dateTime" : "2019-01-02T00:37:00.000",
      "level" : "light",
      "seconds" : 210
    },{
      "dateTime" : "2019-01-02T00:40:30.000",
      "level" : "deep",
      "seconds" : 3600
    },{
      "dateTime" : "2019-01-02T01:40:30.000",
      "level" : "wake",
      "seconds" : 270
    },{
      "dateTime" : "2019-01-02T01:45:00.000",
      "level" : "light",
      "seconds" : 1530
    },{
      "dateTime" : "2019-01-02T02:10:30.000",
      "level" : "deep",
      "seconds" : 2400
    },{
      "dateTime" : "2019-01-02T02:50:30.000",
      "level" : "light",
      "seconds" : 180
    },{
      "dateTime" : "2019-01-02T02:53:30.000",
      "level" : "rem",
      "seconds" : 1620
    },{
      "dateTime" : "2019-01-02T03:20:30.000",
      "level" : "light",
      "seconds" : 3810
    },{
      "dateTime" : "2019-01-02T04:24:00.000",
      "level" : "rem",
      "seconds" : 1500
    },{
      "dateTime" : "2019-01-02T04:49:00.000",
      "level" : "light",
      "seconds" : 2850
    },{
      "dateTime" : "2019-01-02T05:36:30.000",
      "level" : "wake",
      "seconds" : 330
    },{
      "dateTime" : "2019-01-02T05:42:00.000",
      "level" : "light",
      "seconds" : 330
    },{
      "dateTime" : "2019-01-02T05:47:30.000",
      "level" : "rem",
      "seconds" : 960
    },{
      "dateTime" : "2019-01-02T06:03:30.000",
      "level" : "light",
      "seconds" : 60
    },{
      "dateTime" : "2019-01-02T06:04:30.000",
      "level" : "wake",
      "seconds" : 210
    },{
      "dateTime" : "2019-01-02T06:08:00.000",
      "level" : "light",
      "seconds" : 450
    },{
      "dateTime" : "2019-01-02T06:15:30.000",
      "level" : "rem",
      "seconds" : 270
    },{
      "dateTime" : "2019-01-02T06:20:00.000",
      "level" : "light",
      "seconds" : 900
    },{
      "dateTime" : "2019-01-02T06:35:00.000",
      "level" : "wake",
      "seconds" : 210
    },{
      "dateTime" : "2019-01-02T06:38:30.000",
      "level" : "light",
      "seconds" : 2010
    },{
      "dateTime" : "2019-01-02T07:12:00.000",
      "level" : "rem",
      "seconds" : 1230
    },{
      "dateTime" : "2019-01-02T07:32:30.000",
      "level" : "light",
      "seconds" : 1110
    },{
      "dateTime" : "2019-01-02T07:51:00.000",
      "level" : "rem",
      "seconds" : 810
    },{
      "dateTime" : "2019-01-02T08:04:30.000",
      "level" : "light",
      "seconds" : 90
    },{
      "dateTime" : "2019-01-02T08:06:00.000",
      "level" : "wake",
      "seconds" : 300
    },{
      "dateTime" : "2019-01-02T08:11:00.000",
      "level" : "light",
      "seconds" : 180
    },{
      "dateTime" : "2019-01-02T08:14:00.000",
      "level" : "wake",
      "seconds" : 240
    },{
      "dateTime" : "2019-01-02T08:18:00.000",
      "level" : "light",
      "seconds" : 1350
    },{
      "dateTime" : "2019-01-02T08:40:30.000",
      "level" : "wake",
      "seconds" : 390
    },{
      "dateTime" : "2019-01-02T08:47:00.000",
      "level" : "light",
      "seconds" : 720
    },{
      "dateTime" : "2019-01-02T08:59:00.000",
      "level" : "wake",
      "seconds" : 1350
    }],
    "shortData" : [{
      "dateTime" : "2019-01-02T02:51:00.000",
      "level" : "wake",
      "seconds" : 30
    },{
      "dateTime" : "2019-01-02T03:22:00.000",
      "level" : "wake",
      "seconds" : 30
    },{
      "dateTime" : "2019-01-02T03:44:00.000",
      "level" : "wake",
      "seconds" : 30
    },{
      "dateTime" : "2019-01-02T04:17:30.000",
      "level" : "wake",
      "seconds" : 90
    },{
      "dateTime" : "2019-01-02T05:04:00.000",
      "level" : "wake",
      "seconds" : 30
    },{
      "dateTime" : "2019-01-02T05:11:00.000",
      "level" : "wake",
      "seconds" : 60
    },{
      "dateTime" : "2019-01-02T05:15:00.000",
      "level" : "wake",
      "seconds" : 60
    },{
      "dateTime" : "2019-01-02T05:20:30.000",
      "level" : "wake",
      "seconds" : 30
    },{
      "dateTime" : "2019-01-02T05:25:00.000",
      "level" : "wake",
      "seconds" : 60
    },{
      "dateTime" : "2019-01-02T05:30:30.000",
      "level" : "wake",
      "seconds" : 30
    },{
      "dateTime" : "2019-01-02T06:02:30.000",
      "level" : "wake",
      "seconds" : 30
    },{
      "dateTime" : "2019-01-02T06:11:00.000",
      "level" : "wake",
      "seconds" : 30
    },{
      "dateTime" : "2019-01-02T06:14:00.000",
      "level" : "wake",
      "seconds" : 90
    },{
      "dateTime" : "2019-01-02T06:20:00.000",
      "level" : "wake",
      "seconds" : 60
    },{
      "dateTime" : "2019-01-02T06:26:30.000",
      "level" : "wake",
      "seconds" : 30
    },{
      "dateTime" : "2019-01-02T06:29:30.000",
      "level" : "wake",
      "seconds" : 90
    },{
      "dateTime" : "2019-01-02T06:41:00.000",
      "level" : "wake",
      "seconds" : 120
    },{
      "dateTime" : "2019-01-02T07:30:30.000",
      "level" : "wake",
      "seconds" : 30
    },{
      "dateTime" : "2019-01-02T07:33:30.000",
      "level" : "wake",
      "seconds" : 90
    },{
      "dateTime" : "2019-01-02T07:37:30.000",
      "level" : "wake",
      "seconds" : 120
    },{
      "dateTime" : "2019-01-02T07:41:00.000",
      "level" : "wake",
      "seconds" : 30
    },{
      "dateTime" : "2019-01-02T07:43:00.000",
      "level" : "wake",
      "seconds" : 180
    },{
      "dateTime" : "2019-01-02T07:57:30.000",
      "level" : "wake",
      "seconds" : 30
    },{
      "dateTime" : "2019-01-02T08:04:00.000",
      "level" : "wake",
      "seconds" : 30
    },{
      "dateTime" : "2019-01-02T08:27:30.000",
      "level" : "wake",
      "seconds" : 90
    },{
      "dateTime" : "2019-01-02T08:31:30.000",
      "level" : "wake",
      "seconds" : 90
    },{
      "dateTime" : "2019-01-02T08:34:30.000",
      "level" : "wake",
      "seconds" : 30
    },{
      "dateTime" : "2019-01-02T08:38:00.000",
      "level" : "wake",
      "seconds" : 30
    },{
      "dateTime" : "2019-01-02T08:50:00.000",
      "level" : "wake",
      "seconds" : 30
    }]
  }
},{
  "logId" : 20669200377,
  "dateOfSleep" : "2019-01-01",
  "startTime" : "2019-01-01T00:20:00.000",
  "endTime" : "2019-01-01T09:43:30.000",
  "duration" : 33780000,
  "minutesToFallAsleep" : 0,
  "minutesAsleep" : 473,
  "minutesAwake" : 90,
  "minutesAfterWakeup" : 5,
  "timeInBed" : 563,
  "efficiency" : 88,
  "type" : "stages",
  "infoCode" : 0,
  "levels" : {
    "summary" : {
      "deep" : {
        "count" : 4,
        "minutes" : 136,
        "thirtyDayAvgMinutes" : 98
      },
      "wake" : {
        "count" : 48,
        "minutes" : 90,
        "thirtyDayAvgMinutes" : 57
      },
      "light" : {
        "count" : 37,
        "minutes" : 210,
        "thirtyDayAvgMinutes" : 208
      },
      "rem" : {
        "count" : 20,
        "minutes" : 127,
        "thirtyDayAvgMinutes" : 108
      }
    },
    "data" : [{
      "dateTime" : "2019-01-01T00:20:00.000",
      "level" : "wake",
      "seconds" : 30
    },{
      "dateTime" : "2019-01-01T00:20:30.000",
      "level" : "light",
      "seconds" : 600
    },{
      "dateTime" : "2019-01-01T00:30:30.000",
      "level" : "deep",
      "seconds" : 1800
    },{
      "dateTime" : "2019-01-01T01:00:30.000",
      "level" : "light",
      "seconds" : 1560
    },{
      "dateTime" : "2019-01-01T01:26:30.000",
      "level" : "wake",
      "seconds" : 270
    },{
      "dateTime" : "2019-01-01T01:31:00.000",
      "level" : "light",
      "seconds" : 600
    },{
      "dateTime" : "2019-01-01T01:41:00.000",
      "level" : "deep",
      "seconds" : 2160
    },{
      "dateTime" : "2019-01-01T02:17:00.000",
      "level" : "light",
      "seconds" : 2490
    },{
      "dateTime" : "2019-01-01T02:58:30.000",
      "level" : "deep",
      "seconds" : 2310
    },{
      "dateTime" : "2019-01-01T03:37:00.000",
      "level" : "rem",
      "seconds" : 2790
    },{
      "dateTime" : "2019-01-01T04:23:30.000",
      "level" : "light",
      "seconds" : 300
    },{
      "dateTime" : "2019-01-01T04:28:30.000",
      "level" : "rem",
      "seconds" : 330
    },{
      "dateTime" : "2019-01-01T04:34:00.000",
      "level" : "light",
      "seconds" : 720
    },{
      "dateTime" : "2019-01-01T04:46:00.000",
      "level" : "deep",
      "seconds" : 2100
    },{
      "dateTime" : "2019-01-01T05:21:00.000",
      "level" : "rem",
      "seconds" : 1650
    },{
      "dateTime" : "2019-01-01T05:48:30.000",
      "level" : "light",
      "seconds" : 2280
    },{
      "dateTime" : "2019-01-01T06:26:30.000",
      "level" : "rem",
      "seconds" : 1260
    },{
      "dateTime" : "2019-01-01T06:47:30.000",
      "level" : "light",
      "seconds" : 90
    },{
      "dateTime" : "2019-01-01T06:49:00.000",
      "level" : "wake",
      "seconds" : 960
    },{
      "dateTime" : "2019-01-01T07:05:00.000",
      "level" : "light",
      "seconds" : 2520
    },{
      "dateTime" : "2019-01-01T07:47:00.000",
      "level" : "rem",
      "seconds" : 1290
    },{
      "dateTime" : "2019-01-01T08:08:30.000",
      "level" : "light",
      "seconds" : 1020
    },{
      "dateTime" : "2019-01-01T08:25:30.000",
      "level" : "rem",
      "seconds" : 840
    },{
      "dateTime" : "2019-01-01T08:39:30.000",
      "level" : "light",
      "seconds" : 2070
    },{
      "dateTime" : "2019-01-01T09:14:00.000",
      "level" : "wake",
      "seconds" : 1770
    }],
    "shortData" : [{
      "dateTime" : "2019-01-01T00:20:00.000",
      "level" : "wake",
      "seconds" : 180
    },{
      "dateTime" : "2019-01-01T00:25:00.000",
      "level" : "wake",
      "seconds" : 120
    },{
      "dateTime" : "2019-01-01T01:01:30.000",
      "level" : "wake",
      "seconds" : 90
    },{
      "dateTime" : "2019-01-01T01:13:30.000",
      "level" : "wake",
      "seconds" : 30
    },{
      "dateTime" : "2019-01-01T01:19:30.000",
      "level" : "wake",
      "seconds" : 90
    },{
      "dateTime" : "2019-01-01T01:35:30.000",
      "level" : "wake",
      "seconds" : 30
    },{
      "dateTime" : "2019-01-01T02:15:30.000",
      "level" : "wake",
      "seconds" : 90
    },{
      "dateTime" : "2019-01-01T02:18:30.000",
      "level" : "wake",
      "seconds" : 90
    },{
      "dateTime" : "2019-01-01T02:36:30.000",
      "level" : "wake",
      "seconds" : 60
    },{
      "dateTime" : "2019-01-01T02:43:30.000",
      "level" : "wake",
      "seconds" : 30
    },{
      "dateTime" : "2019-01-01T02:51:00.000",
      "level" : "wake",
      "seconds" : 30
    },{
      "dateTime" : "2019-01-01T03:35:00.000",
      "level" : "wake",
      "seconds" : 120
    },{
      "dateTime" : "2019-01-01T03:49:30.000",
      "level" : "wake",
      "seconds" : 60
    },{
      "dateTime" : "2019-01-01T04:00:30.000",
      "level" : "wake",
      "seconds" : 30
    },{
      "dateTime" : "2019-01-01T04:05:00.000",
      "level" : "wake",
      "seconds" : 30
    },{
      "dateTime" : "2019-01-01T04:14:00.000",
      "level" : "wake",
      "seconds" : 30
    },{
      "dateTime" : "2019-01-01T04:23:00.000",
      "level" : "wake",
      "seconds" : 30
    },{
      "dateTime" : "2019-01-01T04:38:30.000",
      "level" : "wake",
      "seconds" : 30
    },{
      "dateTime" : "2019-01-01T05:32:30.000",
      "level" : "wake",
      "seconds" : 30
    },{
      "dateTime" : "2019-01-01T05:36:30.000",
      "level" : "wake",
      "seconds" : 30
    },{
      "dateTime" : "2019-01-01T05:47:00.000",
      "level" : "wake",
      "seconds" : 30
    },{
      "dateTime" : "2019-01-01T05:49:00.000",
      "level" : "wake",
      "seconds" : 30
    },{
      "dateTime" : "2019-01-01T05:54:30.000",
      "level" : "wake",
      "seconds" : 30
    },{
      "dateTime" : "2019-01-01T06:17:00.000",
      "level" : "wake",
      "seconds" : 30
    },{
      "dateTime" : "2019-01-01T06:28:00.000",
      "level" : "wake",
      "seconds" : 30
    },{
      "dateTime" : "2019-01-01T06:34:00.000",
      "level" : "wake",
      "seconds" : 30
    },{
      "dateTime" : "2019-01-01T06:45:00.000",
      "level" : "wake",
      "seconds" : 30
    },{
      "dateTime" : "2019-01-01T06:47:00.000",
      "level" : "wake",
      "seconds" : 30
    },{
      "dateTime" : "2019-01-01T07:07:00.000",
      "level" : "wake",
      "seconds" : 30
    },{
      "dateTime" : "2019-01-01T07:10:30.000",
      "level" : "wake",
      "seconds" : 30
    },{
      "dateTime" : "2019-01-01T07:25:00.000",
      "level" : "wake",
      "seconds" : 30
    },{
      "dateTime" : "2019-01-01T07:47:30.000",
      "level" : "wake",
      "seconds" : 30
    },{
      "dateTime" : "2019-01-01T07:58:00.000",
      "level" : "wake",
      "seconds" : 30
    },{
      "dateTime" : "2019-01-01T08:04:30.000",
      "level" : "wake",
      "seconds" : 30
    },{
      "dateTime" : "2019-01-01T08:09:00.000",
      "level" : "wake",
      "seconds" : 120
    },{
      "dateTime" : "2019-01-01T08:12:30.000",
      "level" : "wake",
      "seconds" : 90
    },{
      "dateTime" : "2019-01-01T08:15:30.000",
      "level" : "wake",
      "seconds" : 60
    },{
      "dateTime" : "2019-01-01T08:18:30.000",
      "level" : "wake",
      "seconds" : 150
    },{
      "dateTime" : "2019-01-01T08:23:00.000",
      "level" : "wake",
      "seconds" : 30
    },{
      "dateTime" : "2019-01-01T08:38:00.000",
      "level" : "wake",
      "seconds" : 30
    },{
      "dateTime" : "2019-01-01T08:40:00.000",
      "level" : "wake",
      "seconds" : 30
    },{
      "dateTime" : "2019-01-01T08:44:30.000",
      "level" : "wake",
      "seconds" : 60
    },{
      "dateTime" : "2019-01-01T08:51:00.000",
      "level" : "wake",
      "seconds" : 30
    },{
      "dateTime" : "2019-01-01T09:00:00.000",
      "level" : "wake",
      "seconds" : 30
    },{
      "dateTime" : "2019-01-01T09:04:00.000",
      "level" : "wake",
      "seconds" : 150
    }]
  }
},{
  "logId" : 20658876230,
  "dateOfSleep" : "2018-12-31",
  "startTime" : "2018-12-30T23:41:00.000",
  "endTime" : "2018-12-31T08:10:30.000",
  "duration" : 30540000,
  "minutesToFallAsleep" : 0,
  "minutesAsleep" : 461,
  "minutesAwake" : 48,
  "minutesAfterWakeup" : 1,
  "timeInBed" : 509,
  "efficiency" : 95,
  "type" : "stages",
  "infoCode" : 0,
  "levels" : {
    "summary" : {
      "deep" : {
        "count" : 4,
        "minutes" : 140,
        "thirtyDayAvgMinutes" : 90
      },
      "wake" : {
        "count" : 31,
        "minutes" : 48,
        "thirtyDayAvgMinutes" : 58
      },
      "light" : {
        "count" : 25,
        "minutes" : 213,
        "thirtyDayAvgMinutes" : 207
      },
      "rem" : {
        "count" : 13,
        "minutes" : 108,
        "thirtyDayAvgMinutes" : 108
      }
    },
    "data" : [{
      "dateTime" : "2018-12-30T23:41:00.000",
      "level" : "wake",
      "seconds" : 300
    },{
      "dateTime" : "2018-12-30T23:46:00.000",
      "level" : "light",
      "seconds" : 510
    },{
      "dateTime" : "2018-12-30T23:54:30.000",
      "level" : "deep",
      "seconds" : 2310
    },{
      "dateTime" : "2018-12-31T00:33:00.000",
      "level" : "light",
      "seconds" : 2430
    },{
      "dateTime" : "2018-12-31T01:13:30.000",
      "level" : "deep",
      "seconds" : 3060
    },{
      "dateTime" : "2018-12-31T02:04:30.000",
      "level" : "light",
      "seconds" : 210
    },{
      "dateTime" : "2018-12-31T02:08:00.000",
      "level" : "rem",
      "seconds" : 600
    },{
      "dateTime" : "2018-12-31T02:18:00.000",
      "level" : "light",
      "seconds" : 2070
    },{
      "dateTime" : "2018-12-31T02:52:30.000",
      "level" : "deep",
      "seconds" : 360
    },{
      "dateTime" : "2018-12-31T02:58:30.000",
      "level" : "light",
      "seconds" : 1380
    },{
      "dateTime" : "2018-12-31T03:21:30.000",
      "level" : "rem",
      "seconds" : 2160
    },{
      "dateTime" : "2018-12-31T03:57:30.000",
      "level" : "light",
      "seconds" : 1350
    },{
      "dateTime" : "2018-12-31T04:20:00.000",
      "level" : "deep",
      "seconds" : 2880
    },{
      "dateTime" : "2018-12-31T05:08:00.000",
      "level" : "light",
      "seconds" : 2520
    },{
      "dateTime" : "2018-12-31T05:50:00.000",
      "level" : "rem",
      "seconds" : 2310
    },{
      "dateTime" : "2018-12-31T06:28:30.000",
      "level" : "light",
      "seconds" : 120
    },{
      "dateTime" : "2018-12-31T06:30:30.000",
      "level" : "wake",
      "seconds" : 210
    },{
      "dateTime" : "2018-12-31T06:34:00.000",
      "level" : "light",
      "seconds" : 600
    },{
      "dateTime" : "2018-12-31T06:44:00.000",
      "level" : "wake",
      "seconds" : 210
    },{
      "dateTime" : "2018-12-31T06:47:30.000",
      "level" : "light",
      "seconds" : 810
    },{
      "dateTime" : "2018-12-31T07:01:00.000",
      "level" : "rem",
      "seconds" : 1710
    },{
      "dateTime" : "2018-12-31T07:29:30.000",
      "level" : "light",
      "seconds" : 1770
    },{
      "dateTime" : "2018-12-31T07:59:00.000",
      "level" : "wake",
      "seconds" : 690
    }],
    "shortData" : [{
      "dateTime" : "2018-12-31T00:31:30.000",
      "level" : "wake",
      "seconds" : 90
    },{
      "dateTime" : "2018-12-31T00:38:00.000",
      "level" : "wake",
      "seconds" : 30
    },{
      "dateTime" : "2018-12-31T00:47:00.000",
      "level" : "wake",
      "seconds" : 150
    },{
      "dateTime" : "2018-12-31T01:02:00.000",
      "level" : "wake",
      "seconds" : 30
    },{
      "dateTime" : "2018-12-31T01:08:30.000",
      "level" : "wake",
      "seconds" : 30
    },{
      "dateTime" : "2018-12-31T02:02:30.000",
      "level" : "wake",
      "seconds" : 120
    },{
      "dateTime" : "2018-12-31T02:06:30.000",
      "level" : "wake",
      "seconds" : 60
    },{
      "dateTime" : "2018-12-31T02:18:00.000",
      "level" : "wake",
      "seconds" : 30
    },{
      "dateTime" : "2018-12-31T03:02:30.000",
      "level" : "wake",
      "seconds" : 120
    },{
      "dateTime" : "2018-12-31T03:16:30.000",
      "level" : "wake",
      "seconds" : 150
    },{
      "dateTime" : "2018-12-31T03:21:00.000",
      "level" : "wake",
      "seconds" : 30
    },{
      "dateTime" : "2018-12-31T03:30:30.000",
      "level" : "wake",
      "seconds" : 30
    },{
      "dateTime" : "2018-12-31T03:38:00.000",
      "level" : "wake",
      "seconds" : 30
    },{
      "dateTime" : "2018-12-31T03:52:00.000",
      "level" : "wake",
      "seconds" : 30
    },{
      "dateTime" : "2018-12-31T04:08:30.000",
      "level" : "wake",
      "seconds" : 60
    },{
      "dateTime" : "2018-12-31T05:08:30.000",
      "level" : "wake",
      "seconds" : 120
    },{
      "dateTime" : "2018-12-31T05:15:30.000",
      "level" : "wake",
      "seconds" : 30
    },{
      "dateTime" : "2018-12-31T05:20:00.000",
      "level" : "wake",
      "seconds" : 30
    },{
      "dateTime" : "2018-12-31T05:42:00.000",
      "level" : "wake",
      "seconds" : 60
    },{
      "dateTime" : "2018-12-31T05:55:00.000",
      "level" : "wake",
      "seconds" : 30
    },{
      "dateTime" : "2018-12-31T05:59:30.000",
      "level" : "wake",
      "seconds" : 30
    },{
      "dateTime" : "2018-12-31T06:19:30.000",
      "level" : "wake",
      "seconds" : 30
    },{
      "dateTime" : "2018-12-31T06:58:00.000",
      "level" : "wake",
      "seconds" : 60
    },{
      "dateTime" : "2018-12-31T07:12:00.000",
      "level" : "wake",
      "seconds" : 30
    },{
      "dateTime" : "2018-12-31T07:18:00.000",
      "level" : "wake",
      "seconds" : 30
    },{
      "dateTime" : "2018-12-31T07:27:00.000",
      "level" : "wake",
      "seconds" : 30
    },{
      "dateTime" : "2018-12-31T07:32:30.000",
      "level" : "wake",
      "seconds" : 30
    }]
  }
},{
  "logId" : 20658876229,
  "dateOfSleep" : "2018-12-30",
  "startTime" : "2018-12-29T23:59:00.000",
  "endTime" : "2018-12-30T07:44:00.000",
  "duration" : 27900000,
  "minutesToFallAsleep" : 0,
  "minutesAsleep" : 415,
  "minutesAwake" : 50,
  "minutesAfterWakeup" : 0,
  "timeInBed" : 465,
  "efficiency" : 97,
  "type" : "stages",
  "infoCode" : 0,
  "levels" : {
    "summary" : {
      "deep" : {
        "count" : 5,
        "minutes" : 114,
        "thirtyDayAvgMinutes" : 84
      },
      "wake" : {
        "count" : 25,
        "minutes" : 50,
        "thirtyDayAvgMinutes" : 60
      },
      "light" : {
        "count" : 24,
        "minutes" : 180,
        "thirtyDayAvgMinutes" : 214
      },
      "rem" : {
        "count" : 8,
        "minutes" : 121,
        "thirtyDayAvgMinutes" : 104
      }
    },
    "data" : [{
      "dateTime" : "2018-12-29T23:59:00.000",
      "level" : "wake",
      "seconds" : 600
    },{
      "dateTime" : "2018-12-30T00:09:00.000",
      "level" : "light",
      "seconds" : 360
    },{
      "dateTime" : "2018-12-30T00:15:00.000",
      "level" : "deep",
      "seconds" : 2610
    },{
      "dateTime" : "2018-12-30T00:58:30.000",
      "level" : "wake",
      "seconds" : 390
    },{
      "dateTime" : "2018-12-30T01:05:00.000",
      "level" : "light",
      "seconds" : 210
    },{
      "dateTime" : "2018-12-30T01:08:30.000",
      "level" : "rem",
      "seconds" : 390
    },{
      "dateTime" : "2018-12-30T01:15:00.000",
      "level" : "light",
      "seconds" : 690
    },{
      "dateTime" : "2018-12-30T01:26:30.000",
      "level" : "deep",
      "seconds" : 1380
    },{
      "dateTime" : "2018-12-30T01:49:30.000",
      "level" : "light",
      "seconds" : 390
    },{
      "dateTime" : "2018-12-30T01:56:00.000",
      "level" : "deep",
      "seconds" : 1440
    },{
      "dateTime" : "2018-12-30T02:20:00.000",
      "level" : "light",
      "seconds" : 270
    },{
      "dateTime" : "2018-12-30T02:24:30.000",
      "level" : "rem",
      "seconds" : 1290
    },{
      "dateTime" : "2018-12-30T02:46:00.000",
      "level" : "light",
      "seconds" : 2520
    },{
      "dateTime" : "2018-12-30T03:28:00.000",
      "level" : "deep",
      "seconds" : 780
    },{
      "dateTime" : "2018-12-30T03:41:00.000",
      "level" : "light",
      "seconds" : 750
    },{
      "dateTime" : "2018-12-30T03:53:30.000",
      "level" : "rem",
      "seconds" : 1320
    },{
      "dateTime" : "2018-12-30T04:15:30.000",
      "level" : "light",
      "seconds" : 3150
    },{
      "dateTime" : "2018-12-30T05:08:00.000",
      "level" : "rem",
      "seconds" : 2550
    },{
      "dateTime" : "2018-12-30T05:50:30.000",
      "level" : "light",
      "seconds" : 330
    },{
      "dateTime" : "2018-12-30T05:56:00.000",
      "level" : "wake",
      "seconds" : 840
    },{
      "dateTime" : "2018-12-30T06:10:00.000",
      "level" : "light",
      "seconds" : 540
    },{
      "dateTime" : "2018-12-30T06:19:00.000",
      "level" : "rem",
      "seconds" : 1980
    },{
      "dateTime" : "2018-12-30T06:52:00.000",
      "level" : "light",
      "seconds" : 2370
    },{
      "dateTime" : "2018-12-30T07:31:30.000",
      "level" : "deep",
      "seconds" : 750
    }],
    "shortData" : [{
      "dateTime" : "2018-12-30T01:15:00.000",
      "level" : "wake",
      "seconds" : 30
    },{
      "dateTime" : "2018-12-30T01:23:00.000",
      "level" : "wake",
      "seconds" : 30
    },{
      "dateTime" : "2018-12-30T01:48:00.000",
      "level" : "wake",
      "seconds" : 90
    },{
      "dateTime" : "2018-12-30T01:53:00.000",
      "level" : "wake",
      "seconds" : 30
    },{
      "dateTime" : "2018-12-30T02:19:00.000",
      "level" : "wake",
      "seconds" : 60
    },{
      "dateTime" : "2018-12-30T02:45:30.000",
      "level" : "wake",
      "seconds" : 30
    },{
      "dateTime" : "2018-12-30T02:52:00.000",
      "level" : "wake",
      "seconds" : 30
    },{
      "dateTime" : "2018-12-30T03:08:00.000",
      "level" : "wake",
      "seconds" : 30
    },{
      "dateTime" : "2018-12-30T03:41:30.000",
      "level" : "wake",
      "seconds" : 30
    },{
      "dateTime" : "2018-12-30T04:11:00.000",
      "level" : "wake",
      "seconds" : 30
    },{
      "dateTime" : "2018-12-30T04:14:30.000",
      "level" : "wake",
      "seconds" : 60
    },{
      "dateTime" : "2018-12-30T04:24:00.000",
      "level" : "wake",
      "seconds" : 30
    },{
      "dateTime" : "2018-12-30T04:36:30.000",
      "level" : "wake",
      "seconds" : 30
    },{
      "dateTime" : "2018-12-30T05:05:00.000",
      "level" : "wake",
      "seconds" : 30
    },{
      "dateTime" : "2018-12-30T05:07:30.000",
      "level" : "wake",
      "seconds" : 30
    },{
      "dateTime" : "2018-12-30T05:09:30.000",
      "level" : "wake",
      "seconds" : 30
    },{
      "dateTime" : "2018-12-30T05:34:00.000",
      "level" : "wake",
      "seconds" : 120
    },{
      "dateTime" : "2018-12-30T06:12:00.000",
      "level" : "wake",
      "seconds" : 60
    },{
      "dateTime" : "2018-12-30T06:54:00.000",
      "level" : "wake",
      "seconds" : 60
    },{
      "dateTime" : "2018-12-30T07:04:30.000",
      "level" : "wake",
      "seconds" : 60
    },{
      "dateTime" : "2018-12-30T07:09:00.000",
      "level" : "wake",
      "seconds" : 120
    },{
      "dateTime" : "2018-12-30T07:18:00.000",
      "level" : "wake",
      "seconds" : 150
    }]
  }
},{
  "logId" : 20635311100,
  "dateOfSleep" : "2018-12-29",
  "startTime" : "2018-12-29T00:57:00.000",
  "endTime" : "2018-12-29T09:30:30.000",
  "duration" : 30780000,
  "minutesToFallAsleep" : 0,
  "minutesAsleep" : 445,
  "minutesAwake" : 68,
  "minutesAfterWakeup" : 1,
  "timeInBed" : 513,
  "efficiency" : 95,
  "type" : "stages",
  "infoCode" : 0,
  "levels" : {
    "summary" : {
      "deep" : {
        "count" : 3,
        "minutes" : 68,
        "thirtyDayAvgMinutes" : 89
      },
      "wake" : {
        "count" : 34,
        "minutes" : 68,
        "thirtyDayAvgMinutes" : 58
      },
      "light" : {
        "count" : 32,
        "minutes" : 260,
        "thirtyDayAvgMinutes" : 199
      },
      "rem" : {
        "count" : 10,
        "minutes" : 117,
        "thirtyDayAvgMinutes" : 100
      }
    },
    "data" : [{
      "dateTime" : "2018-12-29T00:57:00.000",
      "level" : "wake",
      "seconds" : 360
    },{
      "dateTime" : "2018-12-29T01:03:00.000",
      "level" : "light",
      "seconds" : 720
    },{
      "dateTime" : "2018-12-29T01:15:00.000",
      "level" : "deep",
      "seconds" : 510
    },{
      "dateTime" : "2018-12-29T01:23:30.000",
      "level" : "light",
      "seconds" : 90
    },{
      "dateTime" : "2018-12-29T01:25:00.000",
      "level" : "wake",
      "seconds" : 360
    },{
      "dateTime" : "2018-12-29T01:31:00.000",
      "level" : "light",
      "seconds" : 2460
    },{
      "dateTime" : "2018-12-29T02:12:00.000",
      "level" : "rem",
      "seconds" : 1080
    },{
      "dateTime" : "2018-12-29T02:30:00.000",
      "level" : "light",
      "seconds" : 4020
    },{
      "dateTime" : "2018-12-29T03:37:00.000",
      "level" : "deep",
      "seconds" : 2880
    },{
      "dateTime" : "2018-12-29T04:25:00.000",
      "level" : "light",
      "seconds" : 300
    },{
      "dateTime" : "2018-12-29T04:30:00.000",
      "level" : "rem",
      "seconds" : 1320
    },{
      "dateTime" : "2018-12-29T04:52:00.000",
      "level" : "light",
      "seconds" : 510
    },{
      "dateTime" : "2018-12-29T05:00:30.000",
      "level" : "deep",
      "seconds" : 870
    },{
      "dateTime" : "2018-12-29T05:15:00.000",
      "level" : "light",
      "seconds" : 2070
    },{
      "dateTime" : "2018-12-29T05:49:30.000",
      "level" : "rem",
      "seconds" : 2850
    },{
      "dateTime" : "2018-12-29T06:37:00.000",
      "level" : "light",
      "seconds" : 2790
    },{
      "dateTime" : "2018-12-29T07:23:30.000",
      "level" : "rem",
      "seconds" : 1710
    },{
      "dateTime" : "2018-12-29T07:52:00.000",
      "level" : "light",
      "seconds" : 540
    },{
      "dateTime" : "2018-12-29T08:01:00.000",
      "level" : "wake",
      "seconds" : 240
    },{
      "dateTime" : "2018-12-29T08:05:00.000",
      "level" : "light",
      "seconds" : 1290
    },{
      "dateTime" : "2018-12-29T08:26:30.000",
      "level" : "wake",
      "seconds" : 720
    },{
      "dateTime" : "2018-12-29T08:38:30.000",
      "level" : "light",
      "seconds" : 60
    },{
      "dateTime" : "2018-12-29T08:39:30.000",
      "level" : "rem",
      "seconds" : 330
    },{
      "dateTime" : "2018-12-29T08:45:00.000",
      "level" : "light",
      "seconds" : 2010
    },{
      "dateTime" : "2018-12-29T09:18:30.000",
      "level" : "wake",
      "seconds" : 720
    }],
    "shortData" : [{
      "dateTime" : "2018-12-29T01:54:00.000",
      "level" : "wake",
      "seconds" : 120
    },{
      "dateTime" : "2018-12-29T02:42:30.000",
      "level" : "wake",
      "seconds" : 30
    },{
      "dateTime" : "2018-12-29T02:51:00.000",
      "level" : "wake",
      "seconds" : 90
    },{
      "dateTime" : "2018-12-29T03:07:00.000",
      "level" : "wake",
      "seconds" : 60
    },{
      "dateTime" : "2018-12-29T03:26:30.000",
      "level" : "wake",
      "seconds" : 90
    },{
      "dateTime" : "2018-12-29T04:24:00.000",
      "level" : "wake",
      "seconds" : 60
    },{
      "dateTime" : "2018-12-29T05:12:30.000",
      "level" : "wake",
      "seconds" : 150
    },{
      "dateTime" : "2018-12-29T05:24:00.000",
      "level" : "wake",
      "seconds" : 30
    },{
      "dateTime" : "2018-12-29T05:28:00.000",
      "level" : "wake",
      "seconds" : 30
    },{
      "dateTime" : "2018-12-29T05:53:30.000",
      "level" : "wake",
      "seconds" : 30
    },{
      "dateTime" : "2018-12-29T06:07:30.000",
      "level" : "wake",
      "seconds" : 30
    },{
      "dateTime" : "2018-12-29T06:17:00.000",
      "level" : "wake",
      "seconds" : 30
    },{
      "dateTime" : "2018-12-29T06:25:00.000",
      "level" : "wake",
      "seconds" : 30
    },{
      "dateTime" : "2018-12-29T06:33:30.000",
      "level" : "wake",
      "seconds" : 30
    },{
      "dateTime" : "2018-12-29T06:40:00.000",
      "level" : "wake",
      "seconds" : 30
    },{
      "dateTime" : "2018-12-29T06:44:30.000",
      "level" : "wake",
      "seconds" : 30
    },{
      "dateTime" : "2018-12-29T06:57:00.000",
      "level" : "wake",
      "seconds" : 60
    },{
      "dateTime" : "2018-12-29T07:21:30.000",
      "level" : "wake",
      "seconds" : 30
    },{
      "dateTime" : "2018-12-29T07:50:30.000",
      "level" : "wake",
      "seconds" : 90
    },{
      "dateTime" : "2018-12-29T07:54:00.000",
      "level" : "wake",
      "seconds" : 60
    },{
      "dateTime" : "2018-12-29T07:59:00.000",
      "level" : "wake",
      "seconds" : 30
    },{
      "dateTime" : "2018-12-29T08:10:00.000",
      "level" : "wake",
      "seconds" : 150
    },{
      "dateTime" : "2018-12-29T08:14:30.000",
      "level" : "wake",
      "seconds" : 60
    },{
      "dateTime" : "2018-12-29T08:20:00.000",
      "level" : "wake",
      "seconds" : 30
    },{
      "dateTime" : "2018-12-29T08:45:00.000",
      "level" : "wake",
      "seconds" : 120
    },{
      "dateTime" : "2018-12-29T08:55:00.000",
      "level" : "wake",
      "seconds" : 30
    },{
      "dateTime" : "2018-12-29T08:57:30.000",
      "level" : "wake",
      "seconds" : 30
    },{
      "dateTime" : "2018-12-29T09:03:30.000",
      "level" : "wake",
      "seconds" : 60
    },{
      "dateTime" : "2018-12-29T09:14:00.000",
      "level" : "wake",
      "seconds" : 60
    }]
  }
},{
  "logId" : 20635311099,
  "dateOfSleep" : "2018-12-28",
  "startTime" : "2018-12-28T00:15:00.000",
  "endTime" : "2018-12-28T08:35:00.000",
  "duration" : 30000000,
  "minutesToFallAsleep" : 0,
  "minutesAsleep" : 437,
  "minutesAwake" : 63,
  "minutesAfterWakeup" : 0,
  "timeInBed" : 500,
  "efficiency" : 87,
  "type" : "stages",
  "infoCode" : 0,
  "levels" : {
    "summary" : {
      "deep" : {
        "count" : 3,
        "minutes" : 95,
        "thirtyDayAvgMinutes" : 86
      },
      "wake" : {
        "count" : 36,
        "minutes" : 63,
        "thirtyDayAvgMinutes" : 55
      },
      "light" : {
        "count" : 35,
        "minutes" : 210,
        "thirtyDayAvgMinutes" : 194
      },
      "rem" : {
        "count" : 10,
        "minutes" : 132,
        "thirtyDayAvgMinutes" : 84
      }
    },
    "data" : [{
      "dateTime" : "2018-12-28T00:15:00.000",
      "level" : "wake",
      "seconds" : 330
    },{
      "dateTime" : "2018-12-28T00:20:30.000",
      "level" : "light",
      "seconds" : 270
    },{
      "dateTime" : "2018-12-28T00:25:00.000",
      "level" : "deep",
      "seconds" : 2730
    },{
      "dateTime" : "2018-12-28T01:10:30.000",
      "level" : "light",
      "seconds" : 90
    },{
      "dateTime" : "2018-12-28T01:12:00.000",
      "level" : "wake",
      "seconds" : 300
    },{
      "dateTime" : "2018-12-28T01:17:00.000",
      "level" : "light",
      "seconds" : 2340
    },{
      "dateTime" : "2018-12-28T01:56:00.000",
      "level" : "deep",
      "seconds" : 1290
    },{
      "dateTime" : "2018-12-28T02:17:30.000",
      "level" : "light",
      "seconds" : 660
    },{
      "dateTime" : "2018-12-28T02:28:30.000",
      "level" : "rem",
      "seconds" : 1320
    },{
      "dateTime" : "2018-12-28T02:50:30.000",
      "level" : "light",
      "seconds" : 2550
    },{
      "dateTime" : "2018-12-28T03:33:00.000",
      "level" : "rem",
      "seconds" : 2820
    },{
      "dateTime" : "2018-12-28T04:20:00.000",
      "level" : "light",
      "seconds" : 930
    },{
      "dateTime" : "2018-12-28T04:35:30.000",
      "level" : "deep",
      "seconds" : 1740
    },{
      "dateTime" : "2018-12-28T05:04:30.000",
      "level" : "wake",
      "seconds" : 240
    },{
      "dateTime" : "2018-12-28T05:08:30.000",
      "level" : "light",
      "seconds" : 780
    },{
      "dateTime" : "2018-12-28T05:21:30.000",
      "level" : "rem",
      "seconds" : 870
    },{
      "dateTime" : "2018-12-28T05:36:00.000",
      "level" : "light",
      "seconds" : 1590
    },{
      "dateTime" : "2018-12-28T06:02:30.000",
      "level" : "wake",
      "seconds" : 300
    },{
      "dateTime" : "2018-12-28T06:07:30.000",
      "level" : "light",
      "seconds" : 30
    },{
      "dateTime" : "2018-12-28T06:08:00.000",
      "level" : "rem",
      "seconds" : 1710
    },{
      "dateTime" : "2018-12-28T06:36:30.000",
      "level" : "wake",
      "seconds" : 660
    },{
      "dateTime" : "2018-12-28T06:47:30.000",
      "level" : "light",
      "seconds" : 2160
    },{
      "dateTime" : "2018-12-28T07:23:30.000",
      "level" : "wake",
      "seconds" : 240
    },{
      "dateTime" : "2018-12-28T07:27:30.000",
      "level" : "light",
      "seconds" : 240
    },{
      "dateTime" : "2018-12-28T07:31:30.000",
      "level" : "rem",
      "seconds" : 1350
    },{
      "dateTime" : "2018-12-28T07:54:00.000",
      "level" : "light",
      "seconds" : 2460
    }],
    "shortData" : [{
      "dateTime" : "2018-12-28T01:09:30.000",
      "level" : "wake",
      "seconds" : 60
    },{
      "dateTime" : "2018-12-28T01:20:00.000",
      "level" : "wake",
      "seconds" : 30
    },{
      "dateTime" : "2018-12-28T01:35:00.000",
      "level" : "wake",
      "seconds" : 30
    },{
      "dateTime" : "2018-12-28T01:47:00.000",
      "level" : "wake",
      "seconds" : 30
    },{
      "dateTime" : "2018-12-28T02:18:30.000",
      "level" : "wake",
      "seconds" : 30
    },{
      "dateTime" : "2018-12-28T02:39:00.000",
      "level" : "wake",
      "seconds" : 60
    },{
      "dateTime" : "2018-12-28T02:57:00.000",
      "level" : "wake",
      "seconds" : 30
    },{
      "dateTime" : "2018-12-28T02:59:30.000",
      "level" : "wake",
      "seconds" : 120
    },{
      "dateTime" : "2018-12-28T03:03:00.000",
      "level" : "wake",
      "seconds" : 30
    },{
      "dateTime" : "2018-12-28T03:17:00.000",
      "level" : "wake",
      "seconds" : 30
    },{
      "dateTime" : "2018-12-28T03:19:00.000",
      "level" : "wake",
      "seconds" : 180
    },{
      "dateTime" : "2018-12-28T03:25:30.000",
      "level" : "wake",
      "seconds" : 30
    },{
      "dateTime" : "2018-12-28T03:27:30.000",
      "level" : "wake",
      "seconds" : 30
    },{
      "dateTime" : "2018-12-28T04:08:00.000",
      "level" : "wake",
      "seconds" : 30
    },{
      "dateTime" : "2018-12-28T05:36:00.000",
      "level" : "wake",
      "seconds" : 30
    },{
      "dateTime" : "2018-12-28T05:58:00.000",
      "level" : "wake",
      "seconds" : 30
    },{
      "dateTime" : "2018-12-28T06:27:00.000",
      "level" : "wake",
      "seconds" : 30
    },{
      "dateTime" : "2018-12-28T06:50:00.000",
      "level" : "wake",
      "seconds" : 120
    },{
      "dateTime" : "2018-12-28T06:54:00.000",
      "level" : "wake",
      "seconds" : 60
    },{
      "dateTime" : "2018-12-28T07:02:30.000",
      "level" : "wake",
      "seconds" : 90
    },{
      "dateTime" : "2018-12-28T07:06:00.000",
      "level" : "wake",
      "seconds" : 30
    },{
      "dateTime" : "2018-12-28T07:10:30.000",
      "level" : "wake",
      "seconds" : 30
    },{
      "dateTime" : "2018-12-28T07:12:30.000",
      "level" : "wake",
      "seconds" : 30
    },{
      "dateTime" : "2018-12-28T07:46:30.000",
      "level" : "wake",
      "seconds" : 30
    },{
      "dateTime" : "2018-12-28T07:50:30.000",
      "level" : "wake",
      "seconds" : 30
    },{
      "dateTime" : "2018-12-28T07:56:00.000",
      "level" : "wake",
      "seconds" : 120
    },{
      "dateTime" : "2018-12-28T08:00:00.000",
      "level" : "wake",
      "seconds" : 120
    },{
      "dateTime" : "2018-12-28T08:05:00.000",
      "level" : "wake",
      "seconds" : 60
    },{
      "dateTime" : "2018-12-28T08:22:30.000",
      "level" : "wake",
      "seconds" : 180
    },{
      "dateTime" : "2018-12-28T08:31:00.000",
      "level" : "wake",
      "seconds" : 30
    }]
  }
},{
  "logId" : 20606925981,
  "dateOfSleep" : "2018-12-27",
  "startTime" : "2018-12-26T23:21:00.000",
  "endTime" : "2018-12-27T08:03:30.000",
  "duration" : 31320000,
  "minutesToFallAsleep" : 0,
  "minutesAsleep" : 458,
  "minutesAwake" : 64,
  "minutesAfterWakeup" : 0,
  "timeInBed" : 522,
  "efficiency" : 96,
  "type" : "stages",
  "infoCode" : 0,
  "levels" : {
    "summary" : {
      "deep" : {
        "count" : 4,
        "minutes" : 106,
        "thirtyDayAvgMinutes" : 66
      },
      "wake" : {
        "count" : 36,
        "minutes" : 64,
        "thirtyDayAvgMinutes" : 46
      },
      "light" : {
        "count" : 33,
        "minutes" : 254,
        "thirtyDayAvgMinutes" : 133
      },
      "rem" : {
        "count" : 12,
        "minutes" : 98,
        "thirtyDayAvgMinutes" : 70
      }
    },
    "data" : [{
      "dateTime" : "2018-12-26T23:21:00.000",
      "level" : "wake",
      "seconds" : 780
    },{
      "dateTime" : "2018-12-26T23:34:00.000",
      "level" : "light",
      "seconds" : 900
    },{
      "dateTime" : "2018-12-26T23:49:00.000",
      "level" : "deep",
      "seconds" : 330
    },{
      "dateTime" : "2018-12-26T23:54:30.000",
      "level" : "light",
      "seconds" : 750
    },{
      "dateTime" : "2018-12-27T00:07:00.000",
      "level" : "deep",
      "seconds" : 1020
    },{
      "dateTime" : "2018-12-27T00:24:00.000",
      "level" : "light",
      "seconds" : 900
    },{
      "dateTime" : "2018-12-27T00:39:00.000",
      "level" : "rem",
      "seconds" : 270
    },{
      "dateTime" : "2018-12-27T00:43:30.000",
      "level" : "light",
      "seconds" : 840
    },{
      "dateTime" : "2018-12-27T00:57:30.000",
      "level" : "deep",
      "seconds" : 4290
    },{
      "dateTime" : "2018-12-27T02:09:00.000",
      "level" : "light",
      "seconds" : 60
    },{
      "dateTime" : "2018-12-27T02:10:00.000",
      "level" : "rem",
      "seconds" : 1620
    },{
      "dateTime" : "2018-12-27T02:37:00.000",
      "level" : "light",
      "seconds" : 4950
    },{
      "dateTime" : "2018-12-27T03:59:30.000",
      "level" : "wake",
      "seconds" : 330
    },{
      "dateTime" : "2018-12-27T04:05:00.000",
      "level" : "rem",
      "seconds" : 1800
    },{
      "dateTime" : "2018-12-27T04:35:00.000",
      "level" : "light",
      "seconds" : 2550
    },{
      "dateTime" : "2018-12-27T05:17:30.000",
      "level" : "deep",
      "seconds" : 990
    },{
      "dateTime" : "2018-12-27T05:34:00.000",
      "level" : "light",
      "seconds" : 780
    },{
      "dateTime" : "2018-12-27T05:47:00.000",
      "level" : "rem",
      "seconds" : 1230
    },{
      "dateTime" : "2018-12-27T06:07:30.000",
      "level" : "light",
      "seconds" : 2730
    },{
      "dateTime" : "2018-12-27T06:53:00.000",
      "level" : "rem",
      "seconds" : 1080
    },{
      "dateTime" : "2018-12-27T07:11:00.000",
      "level" : "light",
      "seconds" : 120
    },{
      "dateTime" : "2018-12-27T07:13:00.000",
      "level" : "wake",
      "seconds" : 390
    },{
      "dateTime" : "2018-12-27T07:19:30.000",
      "level" : "light",
      "seconds" : 2100
    },{
      "dateTime" : "2018-12-27T07:54:30.000",
      "level" : "rem",
      "seconds" : 300
    },{
      "dateTime" : "2018-12-27T07:59:30.000",
      "level" : "light",
      "seconds" : 240
    }],
    "shortData" : [{
      "dateTime" : "2018-12-26T23:38:00.000",
      "level" : "wake",
      "seconds" : 30
    },{
      "dateTime" : "2018-12-26T23:56:00.000",
      "level" : "wake",
      "seconds" : 120
    },{
      "dateTime" : "2018-12-27T00:23:00.000",
      "level" : "wake",
      "seconds" : 60
    },{
      "dateTime" : "2018-12-27T00:30:00.000",
      "level" : "wake",
      "seconds" : 30
    },{
      "dateTime" : "2018-12-27T00:36:00.000",
      "level" : "wake",
      "seconds" : 30
    },{
      "dateTime" : "2018-12-27T00:48:30.000",
      "level" : "wake",
      "seconds" : 30
    },{
      "dateTime" : "2018-12-27T02:07:00.000",
      "level" : "wake",
      "seconds" : 120
    },{
      "dateTime" : "2018-12-27T02:17:00.000",
      "level" : "wake",
      "seconds" : 30
    },{
      "dateTime" : "2018-12-27T03:16:30.000",
      "level" : "wake",
      "seconds" : 30
    },{
      "dateTime" : "2018-12-27T03:21:00.000",
      "level" : "wake",
      "seconds" : 120
    },{
      "dateTime" : "2018-12-27T03:25:00.000",
      "level" : "wake",
      "seconds" : 120
    },{
      "dateTime" : "2018-12-27T03:54:30.000",
      "level" : "wake",
      "seconds" : 90
    },{
      "dateTime" : "2018-12-27T04:24:30.000",
      "level" : "wake",
      "seconds" : 30
    },{
      "dateTime" : "2018-12-27T04:33:00.000",
      "level" : "wake",
      "seconds" : 120
    },{
      "dateTime" : "2018-12-27T04:37:30.000",
      "level" : "wake",
      "seconds" : 60
    },{
      "dateTime" : "2018-12-27T04:49:30.000",
      "level" : "wake",
      "seconds" : 90
    },{
      "dateTime" : "2018-12-27T05:33:00.000",
      "level" : "wake",
      "seconds" : 60
    },{
      "dateTime" : "2018-12-27T05:39:00.000",
      "level" : "wake",
      "seconds" : 90
    },{
      "dateTime" : "2018-12-27T05:44:00.000",
      "level" : "wake",
      "seconds" : 180
    },{
      "dateTime" : "2018-12-27T05:50:00.000",
      "level" : "wake",
      "seconds" : 30
    },{
      "dateTime" : "2018-12-27T05:56:30.000",
      "level" : "wake",
      "seconds" : 30
    },{
      "dateTime" : "2018-12-27T06:06:30.000",
      "level" : "wake",
      "seconds" : 60
    },{
      "dateTime" : "2018-12-27T06:09:00.000",
      "level" : "wake",
      "seconds" : 120
    },{
      "dateTime" : "2018-12-27T06:14:00.000",
      "level" : "wake",
      "seconds" : 60
    },{
      "dateTime" : "2018-12-27T06:23:30.000",
      "level" : "wake",
      "seconds" : 90
    },{
      "dateTime" : "2018-12-27T06:27:00.000",
      "level" : "wake",
      "seconds" : 30
    },{
      "dateTime" : "2018-12-27T06:31:30.000",
      "level" : "wake",
      "seconds" : 30
    },{
      "dateTime" : "2018-12-27T06:48:30.000",
      "level" : "wake",
      "seconds" : 60
    },{
      "dateTime" : "2018-12-27T07:00:00.000",
      "level" : "wake",
      "seconds" : 30
    },{
      "dateTime" : "2018-12-27T07:08:30.000",
      "level" : "wake",
      "seconds" : 90
    },{
      "dateTime" : "2018-12-27T07:28:30.000",
      "level" : "wake",
      "seconds" : 180
    },{
      "dateTime" : "2018-12-27T07:45:00.000",
      "level" : "wake",
      "seconds" : 60
    },{
      "dateTime" : "2018-12-27T08:01:30.000",
      "level" : "wake",
      "seconds" : 30
    }]
  }
},{
  "logId" : 20598251479,
  "dateOfSleep" : "2018-12-26",
  "startTime" : "2018-12-25T23:26:30.000",
  "endTime" : "2018-12-26T04:42:00.000",
  "duration" : 18900000,
  "minutesToFallAsleep" : 0,
  "minutesAsleep" : 269,
  "minutesAwake" : 46,
  "minutesAfterWakeup" : 0,
  "timeInBed" : 315,
  "efficiency" : 95,
  "type" : "stages",
  "infoCode" : 0,
  "levels" : {
    "summary" : {
      "deep" : {
        "count" : 3,
        "minutes" : 66,
        "thirtyDayAvgMinutes" : 0
      },
      "wake" : {
        "count" : 15,
        "minutes" : 46,
        "thirtyDayAvgMinutes" : 0
      },
      "light" : {
        "count" : 16,
        "minutes" : 133,
        "thirtyDayAvgMinutes" : 0
      },
      "rem" : {
        "count" : 5,
        "minutes" : 70,
        "thirtyDayAvgMinutes" : 0
      }
    },
    "data" : [{
      "dateTime" : "2018-12-25T23:26:30.000",
      "level" : "wake",
      "seconds" : 570
    },{
      "dateTime" : "2018-12-25T23:36:00.000",
      "level" : "light",
      "seconds" : 420
    },{
      "dateTime" : "2018-12-25T23:43:00.000",
      "level" : "deep",
      "seconds" : 3030
    },{
      "dateTime" : "2018-12-26T00:33:30.000",
      "level" : "light",
      "seconds" : 270
    },{
      "dateTime" : "2018-12-26T00:38:00.000",
      "level" : "rem",
      "seconds" : 870
    },{
      "dateTime" : "2018-12-26T00:52:30.000",
      "level" : "light",
      "seconds" : 3240
    },{
      "dateTime" : "2018-12-26T01:46:30.000",
      "level" : "deep",
      "seconds" : 570
    },{
      "dateTime" : "2018-12-26T01:56:00.000",
      "level" : "light",
      "seconds" : 30
    },{
      "dateTime" : "2018-12-26T01:56:30.000",
      "level" : "rem",
      "seconds" : 2010
    },{
      "dateTime" : "2018-12-26T02:30:00.000",
      "level" : "light",
      "seconds" : 1080
    },{
      "dateTime" : "2018-12-26T02:48:00.000",
      "level" : "deep",
      "seconds" : 420
    },{
      "dateTime" : "2018-12-26T02:55:00.000",
      "level" : "light",
      "seconds" : 900
    },{
      "dateTime" : "2018-12-26T03:10:00.000",
      "level" : "wake",
      "seconds" : 300
    },{
      "dateTime" : "2018-12-26T03:15:00.000",
      "level" : "rem",
      "seconds" : 1080
    },{
      "dateTime" : "2018-12-26T03:33:00.000",
      "level" : "wake",
      "seconds" : 900
    },{
      "dateTime" : "2018-12-26T03:48:00.000",
      "level" : "light",
      "seconds" : 2580
    },{
      "dateTime" : "2018-12-26T04:31:00.000",
      "level" : "wake",
      "seconds" : 330
    },{
      "dateTime" : "2018-12-26T04:36:30.000",
      "level" : "light",
      "seconds" : 30
    },{
      "dateTime" : "2018-12-26T04:37:00.000",
      "level" : "rem",
      "seconds" : 300
    }],
    "shortData" : [{
      "dateTime" : "2018-12-26T00:32:30.000",
      "level" : "wake",
      "seconds" : 60
    },{
      "dateTime" : "2018-12-26T00:56:00.000",
      "level" : "wake",
      "seconds" : 60
    },{
      "dateTime" : "2018-12-26T01:11:30.000",
      "level" : "wake",
      "seconds" : 60
    },{
      "dateTime" : "2018-12-26T01:56:30.000",
      "level" : "wake",
      "seconds" : 30
    },{
      "dateTime" : "2018-12-26T01:58:30.000",
      "level" : "wake",
      "seconds" : 30
    },{
      "dateTime" : "2018-12-26T02:55:30.000",
      "level" : "wake",
      "seconds" : 150
    },{
      "dateTime" : "2018-12-26T03:05:00.000",
      "level" : "wake",
      "seconds" : 120
    },{
      "dateTime" : "2018-12-26T03:51:30.000",
      "level" : "wake",
      "seconds" : 30
    },{
      "dateTime" : "2018-12-26T03:57:30.000",
      "level" : "wake",
      "seconds" : 30
    },{
      "dateTime" : "2018-12-26T04:04:00.000",
      "level" : "wake",
      "seconds" : 60
    },{
      "dateTime" : "2018-12-26T04:16:00.000",
      "level" : "wake",
      "seconds" : 60
    }]
  }
}]