[{
  "logId" : 19237778067,
  "dateOfSleep" : "2018-08-19",
  "startTime" : "2018-08-19T00:15:30.000",
  "endTime" : "2018-08-19T08:26:00.000",
  "duration" : 29400000,
  "minutesToFallAsleep" : 0,
  "minutesAsleep" : 476,
  "minutesAwake" : 14,
  "minutesAfterWakeup" : 0,
  "timeInBed" : 490,
  "efficiency" : 97,
  "type" : "classic",
  "infoCode" : 0,
  "levels" : {
    "summary" : {
      "restless" : {
        "count" : 4,
        "minutes" : 11
      },
      "awake" : {
        "count" : 3,
        "minutes" : 3
      },
      "asleep" : {
        "count" : 0,
        "minutes" : 476
      }
    },
    "data" : [{
      "dateTime" : "2018-08-19T00:15:30.000",
      "level" : "asleep",
      "seconds" : 10920
    },{
      "dateTime" : "2018-08-19T03:17:30.000",
      "level" : "restless",
      "seconds" : 300
    },{
      "dateTime" : "2018-08-19T03:22:30.000",
      "level" : "asleep",
      "seconds" : 2580
    },{
      "dateTime" : "2018-08-19T04:05:30.000",
      "level" : "awake",
      "seconds" : 60
    },{
      "dateTime" : "2018-08-19T04:06:30.000",
      "level" : "asleep",
      "seconds" : 1260
    },{
      "dateTime" : "2018-08-19T04:27:30.000",
      "level" : "awake",
      "seconds" : 60
    },{
      "dateTime" : "2018-08-19T04:28:30.000",
      "level" : "asleep",
      "seconds" : 600
    },{
      "dateTime" : "2018-08-19T04:38:30.000",
      "level" : "restless",
      "seconds" : 60
    },{
      "dateTime" : "2018-08-19T04:39:30.000",
      "level" : "asleep",
      "seconds" : 4560
    },{
      "dateTime" : "2018-08-19T05:55:30.000",
      "level" : "restless",
      "seconds" : 240
    },{
      "dateTime" : "2018-08-19T05:59:30.000",
      "level" : "asleep",
      "seconds" : 1200
    },{
      "dateTime" : "2018-08-19T06:19:30.000",
      "level" : "restless",
      "seconds" : 60
    },{
      "dateTime" : "2018-08-19T06:20:30.000",
      "level" : "asleep",
      "seconds" : 60
    },{
      "dateTime" : "2018-08-19T06:21:30.000",
      "level" : "awake",
      "seconds" : 60
    },{
      "dateTime" : "2018-08-19T06:22:30.000",
      "level" : "asleep",
      "seconds" : 7380
    }]
  }
},{
  "logId" : 19227756724,
  "dateOfSleep" : "2018-08-18",
  "startTime" : "2018-08-18T00:41:00.000",
  "endTime" : "2018-08-18T08:07:30.000",
  "duration" : 26760000,
  "minutesToFallAsleep" : 0,
  "minutesAsleep" : 396,
  "minutesAwake" : 50,
  "minutesAfterWakeup" : 0,
  "timeInBed" : 446,
  "efficiency" : 89,
  "type" : "classic",
  "infoCode" : 0,
  "levels" : {
    "summary" : {
      "restless" : {
        "count" : 21,
        "minutes" : 42
      },
      "awake" : {
        "count" : 3,
        "minutes" : 8
      },
      "asleep" : {
        "count" : 0,
        "minutes" : 396
      }
    },
    "data" : [{
      "dateTime" : "2018-08-18T00:41:00.000",
      "level" : "restless",
      "seconds" : 60
    },{
      "dateTime" : "2018-08-18T00:42:00.000",
      "level" : "awake",
      "seconds" : 120
    },{
      "dateTime" : "2018-08-18T00:44:00.000",
      "level" : "restless",
      "seconds" : 120
    },{
      "dateTime" : "2018-08-18T00:46:00.000",
      "level" : "asleep",
      "seconds" : 3060
    },{
      "dateTime" : "2018-08-18T01:37:00.000",
      "level" : "restless",
      "seconds" : 180
    },{
      "dateTime" : "2018-08-18T01:40:00.000",
      "level" : "asleep",
      "seconds" : 840
    },{
      "dateTime" : "2018-08-18T01:54:00.000",
      "level" : "restless",
      "seconds" : 60
    },{
      "dateTime" : "2018-08-18T01:55:00.000",
      "level" : "asleep",
      "seconds" : 1440
    },{
      "dateTime" : "2018-08-18T02:19:00.000",
      "level" : "restless",
      "seconds" : 60
    },{
      "dateTime" : "2018-08-18T02:20:00.000",
      "level" : "asleep",
      "seconds" : 120
    },{
      "dateTime" : "2018-08-18T02:22:00.000",
      "level" : "restless",
      "seconds" : 60
    },{
      "dateTime" : "2018-08-18T02:23:00.000",
      "level" : "asleep",
      "seconds" : 240
    },{
      "dateTime" : "2018-08-18T02:27:00.000",
      "level" : "restless",
      "seconds" : 60
    },{
      "dateTime" : "2018-08-18T02:28:00.000",
      "level" : "asleep",
      "seconds" : 720
    },{
      "dateTime" : "2018-08-18T02:40:00.000",
      "level" : "restless",
      "seconds" : 60
    },{
      "dateTime" : "2018-08-18T02:41:00.000",
      "level" : "asleep",
      "seconds" : 1980
    },{
      "dateTime" : "2018-08-18T03:14:00.000",
      "level" : "restless",
      "seconds" : 60
    },{
      "dateTime" : "2018-08-18T03:15:00.000",
      "level" : "asleep",
      "seconds" : 60
    },{
      "dateTime" : "2018-08-18T03:16:00.000",
      "level" : "restless",
      "seconds" : 180
    },{
      "dateTime" : "2018-08-18T03:19:00.000",
      "level" : "asleep",
      "seconds" : 4680
    },{
      "dateTime" : "2018-08-18T04:37:00.000",
      "level" : "restless",
      "seconds" : 300
    },{
      "dateTime" : "2018-08-18T04:42:00.000",
      "level" : "asleep",
      "seconds" : 60
    },{
      "dateTime" : "2018-08-18T04:43:00.000",
      "level" : "restless",
      "seconds" : 120
    },{
      "dateTime" : "2018-08-18T04:45:00.000",
      "level" : "asleep",
      "seconds" : 3180
    },{
      "dateTime" : "2018-08-18T05:38:00.000",
      "level" : "restless",
      "seconds" : 120
    },{
      "dateTime" : "2018-08-18T05:40:00.000",
      "level" : "asleep",
      "seconds" : 180
    },{
      "dateTime" : "2018-08-18T05:43:00.000",
      "level" : "restless",
      "seconds" : 60
    },{
      "dateTime" : "2018-08-18T05:44:00.000",
      "level" : "asleep",
      "seconds" : 180
    },{
      "dateTime" : "2018-08-18T05:47:00.000",
      "level" : "restless",
      "seconds" : 60
    },{
      "dateTime" : "2018-08-18T05:48:00.000",
      "level" : "asleep",
      "seconds" : 120
    },{
      "dateTime" : "2018-08-18T05:50:00.000",
      "level" : "restless",
      "seconds" : 60
    },{
      "dateTime" : "2018-08-18T05:51:00.000",
      "level" : "asleep",
      "seconds" : 3180
    },{
      "dateTime" : "2018-08-18T06:44:00.000",
      "level" : "restless",
      "seconds" : 60
    },{
      "dateTime" : "2018-08-18T06:45:00.000",
      "level" : "asleep",
      "seconds" : 300
    },{
      "dateTime" : "2018-08-18T06:50:00.000",
      "level" : "restless",
      "seconds" : 120
    },{
      "dateTime" : "2018-08-18T06:52:00.000",
      "level" : "awake",
      "seconds" : 180
    },{
      "dateTime" : "2018-08-18T06:55:00.000",
      "level" : "restless",
      "seconds" : 420
    },{
      "dateTime" : "2018-08-18T07:02:00.000",
      "level" : "asleep",
      "seconds" : 840
    },{
      "dateTime" : "2018-08-18T07:16:00.000",
      "level" : "restless",
      "seconds" : 60
    },{
      "dateTime" : "2018-08-18T07:17:00.000",
      "level" : "asleep",
      "seconds" : 2520
    },{
      "dateTime" : "2018-08-18T07:59:00.000",
      "level" : "restless",
      "seconds" : 240
    },{
      "dateTime" : "2018-08-18T08:03:00.000",
      "level" : "awake",
      "seconds" : 240
    }]
  }
},{
  "logId" : 19227756723,
  "dateOfSleep" : "2018-08-17",
  "startTime" : "2018-08-16T23:45:30.000",
  "endTime" : "2018-08-17T06:53:30.000",
  "duration" : 25680000,
  "minutesToFallAsleep" : 0,
  "minutesAsleep" : 398,
  "minutesAwake" : 30,
  "minutesAfterWakeup" : 0,
  "timeInBed" : 428,
  "efficiency" : 93,
  "type" : "classic",
  "infoCode" : 0,
  "levels" : {
    "summary" : {
      "restless" : {
        "count" : 21,
        "minutes" : 30
      },
      "awake" : {
        "count" : 0,
        "minutes" : 0
      },
      "asleep" : {
        "count" : 0,
        "minutes" : 398
      }
    },
    "data" : [{
      "dateTime" : "2018-08-16T23:45:30.000",
      "level" : "restless",
      "seconds" : 60
    },{
      "dateTime" : "2018-08-16T23:46:30.000",
      "level" : "asleep",
      "seconds" : 900
    },{
      "dateTime" : "2018-08-17T00:01:30.000",
      "level" : "restless",
      "seconds" : 120
    },{
      "dateTime" : "2018-08-17T00:03:30.000",
      "level" : "asleep",
      "seconds" : 1620
    },{
      "dateTime" : "2018-08-17T00:30:30.000",
      "level" : "restless",
      "seconds" : 60
    },{
      "dateTime" : "2018-08-17T00:31:30.000",
      "level" : "asleep",
      "seconds" : 480
    },{
      "dateTime" : "2018-08-17T00:39:30.000",
      "level" : "restless",
      "seconds" : 60
    },{
      "dateTime" : "2018-08-17T00:40:30.000",
      "level" : "asleep",
      "seconds" : 1020
    },{
      "dateTime" : "2018-08-17T00:57:30.000",
      "level" : "restless",
      "seconds" : 300
    },{
      "dateTime" : "2018-08-17T01:02:30.000",
      "level" : "asleep",
      "seconds" : 960
    },{
      "dateTime" : "2018-08-17T01:18:30.000",
      "level" : "restless",
      "seconds" : 60
    },{
      "dateTime" : "2018-08-17T01:19:30.000",
      "level" : "asleep",
      "seconds" : 1260
    },{
      "dateTime" : "2018-08-17T01:40:30.000",
      "level" : "restless",
      "seconds" : 60
    },{
      "dateTime" : "2018-08-17T01:41:30.000",
      "level" : "asleep",
      "seconds" : 2820
    },{
      "dateTime" : "2018-08-17T02:28:30.000",
      "level" : "restless",
      "seconds" : 120
    },{
      "dateTime" : "2018-08-17T02:30:30.000",
      "level" : "asleep",
      "seconds" : 120
    },{
      "dateTime" : "2018-08-17T02:32:30.000",
      "level" : "restless",
      "seconds" : 60
    },{
      "dateTime" : "2018-08-17T02:33:30.000",
      "level" : "asleep",
      "seconds" : 1800
    },{
      "dateTime" : "2018-08-17T03:03:30.000",
      "level" : "restless",
      "seconds" : 60
    },{
      "dateTime" : "2018-08-17T03:04:30.000",
      "level" : "asleep",
      "seconds" : 1500
    },{
      "dateTime" : "2018-08-17T03:29:30.000",
      "level" : "restless",
      "seconds" : 60
    },{
      "dateTime" : "2018-08-17T03:30:30.000",
      "level" : "asleep",
      "seconds" : 3840
    },{
      "dateTime" : "2018-08-17T04:34:30.000",
      "level" : "restless",
      "seconds" : 60
    },{
      "dateTime" : "2018-08-17T04:35:30.000",
      "level" : "asleep",
      "seconds" : 780
    },{
      "dateTime" : "2018-08-17T04:48:30.000",
      "level" : "restless",
      "seconds" : 180
    },{
      "dateTime" : "2018-08-17T04:51:30.000",
      "level" : "asleep",
      "seconds" : 900
    },{
      "dateTime" : "2018-08-17T05:06:30.000",
      "level" : "restless",
      "seconds" : 60
    },{
      "dateTime" : "2018-08-17T05:07:30.000",
      "level" : "asleep",
      "seconds" : 300
    },{
      "dateTime" : "2018-08-17T05:12:30.000",
      "level" : "restless",
      "seconds" : 60
    },{
      "dateTime" : "2018-08-17T05:13:30.000",
      "level" : "asleep",
      "seconds" : 60
    },{
      "dateTime" : "2018-08-17T05:14:30.000",
      "level" : "restless",
      "seconds" : 120
    },{
      "dateTime" : "2018-08-17T05:16:30.000",
      "level" : "asleep",
      "seconds" : 2640
    },{
      "dateTime" : "2018-08-17T06:00:30.000",
      "level" : "restless",
      "seconds" : 60
    },{
      "dateTime" : "2018-08-17T06:01:30.000",
      "level" : "asleep",
      "seconds" : 840
    },{
      "dateTime" : "2018-08-17T06:15:30.000",
      "level" : "restless",
      "seconds" : 60
    },{
      "dateTime" : "2018-08-17T06:16:30.000",
      "level" : "asleep",
      "seconds" : 180
    },{
      "dateTime" : "2018-08-17T06:19:30.000",
      "level" : "restless",
      "seconds" : 60
    },{
      "dateTime" : "2018-08-17T06:20:30.000",
      "level" : "asleep",
      "seconds" : 600
    },{
      "dateTime" : "2018-08-17T06:30:30.000",
      "level" : "restless",
      "seconds" : 60
    },{
      "dateTime" : "2018-08-17T06:31:30.000",
      "level" : "asleep",
      "seconds" : 720
    },{
      "dateTime" : "2018-08-17T06:43:30.000",
      "level" : "restless",
      "seconds" : 60
    },{
      "dateTime" : "2018-08-17T06:44:30.000",
      "level" : "asleep",
      "seconds" : 540
    }]
  }
},{
  "logId" : 19227756722,
  "dateOfSleep" : "2018-08-16",
  "startTime" : "2018-08-16T00:06:30.000",
  "endTime" : "2018-08-16T07:08:00.000",
  "duration" : 25260000,
  "minutesToFallAsleep" : 0,
  "minutesAsleep" : 401,
  "minutesAwake" : 20,
  "minutesAfterWakeup" : 0,
  "timeInBed" : 421,
  "efficiency" : 95,
  "type" : "classic",
  "infoCode" : 0,
  "levels" : {
    "summary" : {
      "restless" : {
        "count" : 11,
        "minutes" : 16
      },
      "awake" : {
        "count" : 1,
        "minutes" : 4
      },
      "asleep" : {
        "count" : 0,
        "minutes" : 401
      }
    },
    "data" : [{
      "dateTime" : "2018-08-16T00:06:30.000",
      "level" : "restless",
      "seconds" : 120
    },{
      "dateTime" : "2018-08-16T00:08:30.000",
      "level" : "asleep",
      "seconds" : 7680
    },{
      "dateTime" : "2018-08-16T02:16:30.000",
      "level" : "restless",
      "seconds" : 60
    },{
      "dateTime" : "2018-08-16T02:17:30.000",
      "level" : "asleep",
      "seconds" : 180
    },{
      "dateTime" : "2018-08-16T02:20:30.000",
      "level" : "restless",
      "seconds" : 60
    },{
      "dateTime" : "2018-08-16T02:21:30.000",
      "level" : "asleep",
      "seconds" : 2520
    },{
      "dateTime" : "2018-08-16T03:03:30.000",
      "level" : "restless",
      "seconds" : 180
    },{
      "dateTime" : "2018-08-16T03:06:30.000",
      "level" : "awake",
      "seconds" : 240
    },{
      "dateTime" : "2018-08-16T03:10:30.000",
      "level" : "restless",
      "seconds" : 60
    },{
      "dateTime" : "2018-08-16T03:11:30.000",
      "level" : "asleep",
      "seconds" : 6720
    },{
      "dateTime" : "2018-08-16T05:03:30.000",
      "level" : "restless",
      "seconds" : 60
    },{
      "dateTime" : "2018-08-16T05:04:30.000",
      "level" : "asleep",
      "seconds" : 1260
    },{
      "dateTime" : "2018-08-16T05:25:30.000",
      "level" : "restless",
      "seconds" : 60
    },{
      "dateTime" : "2018-08-16T05:26:30.000",
      "level" : "asleep",
      "seconds" : 2820
    },{
      "dateTime" : "2018-08-16T06:13:30.000",
      "level" : "restless",
      "seconds" : 60
    },{
      "dateTime" : "2018-08-16T06:14:30.000",
      "level" : "asleep",
      "seconds" : 420
    },{
      "dateTime" : "2018-08-16T06:21:30.000",
      "level" : "restless",
      "seconds" : 180
    },{
      "dateTime" : "2018-08-16T06:24:30.000",
      "level" : "asleep",
      "seconds" : 1980
    },{
      "dateTime" : "2018-08-16T06:57:30.000",
      "level" : "restless",
      "seconds" : 60
    },{
      "dateTime" : "2018-08-16T06:58:30.000",
      "level" : "asleep",
      "seconds" : 240
    },{
      "dateTime" : "2018-08-16T07:02:30.000",
      "level" : "restless",
      "seconds" : 60
    },{
      "dateTime" : "2018-08-16T07:03:30.000",
      "level" : "asleep",
      "seconds" : 240
    }]
  }
},{
  "logId" : 19227756721,
  "dateOfSleep" : "2018-08-15",
  "startTime" : "2018-08-14T23:43:00.000",
  "endTime" : "2018-08-15T06:51:30.000",
  "duration" : 25680000,
  "minutesToFallAsleep" : 0,
  "minutesAsleep" : 385,
  "minutesAwake" : 43,
  "minutesAfterWakeup" : 0,
  "timeInBed" : 428,
  "efficiency" : 90,
  "type" : "classic",
  "infoCode" : 0,
  "levels" : {
    "summary" : {
      "restless" : {
        "count" : 25,
        "minutes" : 42
      },
      "awake" : {
        "count" : 1,
        "minutes" : 1
      },
      "asleep" : {
        "count" : 0,
        "minutes" : 385
      }
    },
    "data" : [{
      "dateTime" : "2018-08-14T23:43:00.000",
      "level" : "awake",
      "seconds" : 60
    },{
      "dateTime" : "2018-08-14T23:44:00.000",
      "level" : "restless",
      "seconds" : 60
    },{
      "dateTime" : "2018-08-14T23:45:00.000",
      "level" : "asleep",
      "seconds" : 4740
    },{
      "dateTime" : "2018-08-15T01:04:00.000",
      "level" : "restless",
      "seconds" : 60
    },{
      "dateTime" : "2018-08-15T01:05:00.000",
      "level" : "asleep",
      "seconds" : 2940
    },{
      "dateTime" : "2018-08-15T01:54:00.000",
      "level" : "restless",
      "seconds" : 120
    },{
      "dateTime" : "2018-08-15T01:56:00.000",
      "level" : "asleep",
      "seconds" : 60
    },{
      "dateTime" : "2018-08-15T01:57:00.000",
      "level" : "restless",
      "seconds" : 120
    },{
      "dateTime" : "2018-08-15T01:59:00.000",
      "level" : "asleep",
      "seconds" : 480
    },{
      "dateTime" : "2018-08-15T02:07:00.000",
      "level" : "restless",
      "seconds" : 240
    },{
      "dateTime" : "2018-08-15T02:11:00.000",
      "level" : "asleep",
      "seconds" : 240
    },{
      "dateTime" : "2018-08-15T02:15:00.000",
      "level" : "restless",
      "seconds" : 60
    },{
      "dateTime" : "2018-08-15T02:16:00.000",
      "level" : "asleep",
      "seconds" : 180
    },{
      "dateTime" : "2018-08-15T02:19:00.000",
      "level" : "restless",
      "seconds" : 60
    },{
      "dateTime" : "2018-08-15T02:20:00.000",
      "level" : "asleep",
      "seconds" : 420
    },{
      "dateTime" : "2018-08-15T02:27:00.000",
      "level" : "restless",
      "seconds" : 60
    },{
      "dateTime" : "2018-08-15T02:28:00.000",
      "level" : "asleep",
      "seconds" : 180
    },{
      "dateTime" : "2018-08-15T02:31:00.000",
      "level" : "restless",
      "seconds" : 60
    },{
      "dateTime" : "2018-08-15T02:32:00.000",
      "level" : "asleep",
      "seconds" : 240
    },{
      "dateTime" : "2018-08-15T02:36:00.000",
      "level" : "restless",
      "seconds" : 120
    },{
      "dateTime" : "2018-08-15T02:38:00.000",
      "level" : "asleep",
      "seconds" : 840
    },{
      "dateTime" : "2018-08-15T02:52:00.000",
      "level" : "restless",
      "seconds" : 300
    },{
      "dateTime" : "2018-08-15T02:57:00.000",
      "level" : "asleep",
      "seconds" : 780
    },{
      "dateTime" : "2018-08-15T03:10:00.000",
      "level" : "restless",
      "seconds" : 60
    },{
      "dateTime" : "2018-08-15T03:11:00.000",
      "level" : "asleep",
      "seconds" : 60
    },{
      "dateTime" : "2018-08-15T03:12:00.000",
      "level" : "restless",
      "seconds" : 60
    },{
      "dateTime" : "2018-08-15T03:13:00.000",
      "level" : "asleep",
      "seconds" : 960
    },{
      "dateTime" : "2018-08-15T03:29:00.000",
      "level" : "restless",
      "seconds" : 120
    },{
      "dateTime" : "2018-08-15T03:31:00.000",
      "level" : "asleep",
      "seconds" : 480
    },{
      "dateTime" : "2018-08-15T03:39:00.000",
      "level" : "restless",
      "seconds" : 60
    },{
      "dateTime" : "2018-08-15T03:40:00.000",
      "level" : "asleep",
      "seconds" : 1200
    },{
      "dateTime" : "2018-08-15T04:00:00.000",
      "level" : "restless",
      "seconds" : 60
    },{
      "dateTime" : "2018-08-15T04:01:00.000",
      "level" : "asleep",
      "seconds" : 1020
    },{
      "dateTime" : "2018-08-15T04:18:00.000",
      "level" : "restless",
      "seconds" : 60
    },{
      "dateTime" : "2018-08-15T04:19:00.000",
      "level" : "asleep",
      "seconds" : 120
    },{
      "dateTime" : "2018-08-15T04:21:00.000",
      "level" : "restless",
      "seconds" : 60
    },{
      "dateTime" : "2018-08-15T04:22:00.000",
      "level" : "asleep",
      "seconds" : 840
    },{
      "dateTime" : "2018-08-15T04:36:00.000",
      "level" : "restless",
      "seconds" : 60
    },{
      "dateTime" : "2018-08-15T04:37:00.000",
      "level" : "asleep",
      "seconds" : 180
    },{
      "dateTime" : "2018-08-15T04:40:00.000",
      "level" : "restless",
      "seconds" : 60
    },{
      "dateTime" : "2018-08-15T04:41:00.000",
      "level" : "asleep",
      "seconds" : 3120
    },{
      "dateTime" : "2018-08-15T05:33:00.000",
      "level" : "restless",
      "seconds" : 60
    },{
      "dateTime" : "2018-08-15T05:34:00.000",
      "level" : "asleep",
      "seconds" : 240
    },{
      "dateTime" : "2018-08-15T05:38:00.000",
      "level" : "restless",
      "seconds" : 60
    },{
      "dateTime" : "2018-08-15T05:39:00.000",
      "level" : "asleep",
      "seconds" : 60
    },{
      "dateTime" : "2018-08-15T05:40:00.000",
      "level" : "restless",
      "seconds" : 120
    },{
      "dateTime" : "2018-08-15T05:42:00.000",
      "level" : "asleep",
      "seconds" : 2400
    },{
      "dateTime" : "2018-08-15T06:22:00.000",
      "level" : "restless",
      "seconds" : 300
    },{
      "dateTime" : "2018-08-15T06:27:00.000",
      "level" : "asleep",
      "seconds" : 960
    },{
      "dateTime" : "2018-08-15T06:43:00.000",
      "level" : "restless",
      "seconds" : 120
    },{
      "dateTime" : "2018-08-15T06:45:00.000",
      "level" : "asleep",
      "seconds" : 360
    }]
  }
},{
  "logId" : 19184227354,
  "dateOfSleep" : "2018-08-14",
  "startTime" : "2018-08-14T00:15:00.000",
  "endTime" : "2018-08-14T06:45:30.000",
  "duration" : 23400000,
  "minutesToFallAsleep" : 0,
  "minutesAsleep" : 358,
  "minutesAwake" : 32,
  "minutesAfterWakeup" : 0,
  "timeInBed" : 390,
  "efficiency" : 92,
  "type" : "classic",
  "infoCode" : 0,
  "levels" : {
    "summary" : {
      "restless" : {
        "count" : 15,
        "minutes" : 30
      },
      "awake" : {
        "count" : 1,
        "minutes" : 2
      },
      "asleep" : {
        "count" : 0,
        "minutes" : 358
      }
    },
    "data" : [{
      "dateTime" : "2018-08-14T00:15:00.000",
      "level" : "awake",
      "seconds" : 120
    },{
      "dateTime" : "2018-08-14T00:17:00.000",
      "level" : "restless",
      "seconds" : 60
    },{
      "dateTime" : "2018-08-14T00:18:00.000",
      "level" : "asleep",
      "seconds" : 60
    },{
      "dateTime" : "2018-08-14T00:19:00.000",
      "level" : "restless",
      "seconds" : 60
    },{
      "dateTime" : "2018-08-14T00:20:00.000",
      "level" : "asleep",
      "seconds" : 60
    },{
      "dateTime" : "2018-08-14T00:21:00.000",
      "level" : "restless",
      "seconds" : 60
    },{
      "dateTime" : "2018-08-14T00:22:00.000",
      "level" : "asleep",
      "seconds" : 3300
    },{
      "dateTime" : "2018-08-14T01:17:00.000",
      "level" : "restless",
      "seconds" : 120
    },{
      "dateTime" : "2018-08-14T01:19:00.000",
      "level" : "asleep",
      "seconds" : 60
    },{
      "dateTime" : "2018-08-14T01:20:00.000",
      "level" : "restless",
      "seconds" : 120
    },{
      "dateTime" : "2018-08-14T01:22:00.000",
      "level" : "asleep",
      "seconds" : 9120
    },{
      "dateTime" : "2018-08-14T03:54:00.000",
      "level" : "restless",
      "seconds" : 420
    },{
      "dateTime" : "2018-08-14T04:01:00.000",
      "level" : "asleep",
      "seconds" : 2580
    },{
      "dateTime" : "2018-08-14T04:44:00.000",
      "level" : "restless",
      "seconds" : 60
    },{
      "dateTime" : "2018-08-14T04:45:00.000",
      "level" : "asleep",
      "seconds" : 360
    },{
      "dateTime" : "2018-08-14T04:51:00.000",
      "level" : "restless",
      "seconds" : 60
    },{
      "dateTime" : "2018-08-14T04:52:00.000",
      "level" : "asleep",
      "seconds" : 180
    },{
      "dateTime" : "2018-08-14T04:55:00.000",
      "level" : "restless",
      "seconds" : 120
    },{
      "dateTime" : "2018-08-14T04:57:00.000",
      "level" : "asleep",
      "seconds" : 60
    },{
      "dateTime" : "2018-08-14T04:58:00.000",
      "level" : "restless",
      "seconds" : 60
    },{
      "dateTime" : "2018-08-14T04:59:00.000",
      "level" : "asleep",
      "seconds" : 3180
    },{
      "dateTime" : "2018-08-14T05:52:00.000",
      "level" : "restless",
      "seconds" : 300
    },{
      "dateTime" : "2018-08-14T05:57:00.000",
      "level" : "asleep",
      "seconds" : 60
    },{
      "dateTime" : "2018-08-14T05:58:00.000",
      "level" : "restless",
      "seconds" : 60
    },{
      "dateTime" : "2018-08-14T05:59:00.000",
      "level" : "asleep",
      "seconds" : 60
    },{
      "dateTime" : "2018-08-14T06:00:00.000",
      "level" : "restless",
      "seconds" : 60
    },{
      "dateTime" : "2018-08-14T06:01:00.000",
      "level" : "asleep",
      "seconds" : 1020
    },{
      "dateTime" : "2018-08-14T06:18:00.000",
      "level" : "restless",
      "seconds" : 180
    },{
      "dateTime" : "2018-08-14T06:21:00.000",
      "level" : "asleep",
      "seconds" : 60
    },{
      "dateTime" : "2018-08-14T06:22:00.000",
      "level" : "restless",
      "seconds" : 60
    },{
      "dateTime" : "2018-08-14T06:23:00.000",
      "level" : "asleep",
      "seconds" : 1320
    }]
  }
},{
  "logId" : 19184227353,
  "dateOfSleep" : "2018-08-13",
  "startTime" : "2018-08-12T23:32:30.000",
  "endTime" : "2018-08-13T06:51:30.000",
  "duration" : 26340000,
  "minutesToFallAsleep" : 0,
  "minutesAsleep" : 420,
  "minutesAwake" : 19,
  "minutesAfterWakeup" : 0,
  "timeInBed" : 439,
  "efficiency" : 96,
  "type" : "classic",
  "infoCode" : 0,
  "levels" : {
    "summary" : {
      "restless" : {
        "count" : 14,
        "minutes" : 19
      },
      "awake" : {
        "count" : 0,
        "minutes" : 0
      },
      "asleep" : {
        "count" : 0,
        "minutes" : 420
      }
    },
    "data" : [{
      "dateTime" : "2018-08-12T23:32:30.000",
      "level" : "asleep",
      "seconds" : 300
    },{
      "dateTime" : "2018-08-12T23:37:30.000",
      "level" : "restless",
      "seconds" : 60
    },{
      "dateTime" : "2018-08-12T23:38:30.000",
      "level" : "asleep",
      "seconds" : 180
    },{
      "dateTime" : "2018-08-12T23:41:30.000",
      "level" : "restless",
      "seconds" : 60
    },{
      "dateTime" : "2018-08-12T23:42:30.000",
      "level" : "asleep",
      "seconds" : 4800
    },{
      "dateTime" : "2018-08-13T01:02:30.000",
      "level" : "restless",
      "seconds" : 60
    },{
      "dateTime" : "2018-08-13T01:03:30.000",
      "level" : "asleep",
      "seconds" : 1800
    },{
      "dateTime" : "2018-08-13T01:33:30.000",
      "level" : "restless",
      "seconds" : 180
    },{
      "dateTime" : "2018-08-13T01:36:30.000",
      "level" : "asleep",
      "seconds" : 60
    },{
      "dateTime" : "2018-08-13T01:37:30.000",
      "level" : "restless",
      "seconds" : 120
    },{
      "dateTime" : "2018-08-13T01:39:30.000",
      "level" : "asleep",
      "seconds" : 300
    },{
      "dateTime" : "2018-08-13T01:44:30.000",
      "level" : "restless",
      "seconds" : 60
    },{
      "dateTime" : "2018-08-13T01:45:30.000",
      "level" : "asleep",
      "seconds" : 300
    },{
      "dateTime" : "2018-08-13T01:50:30.000",
      "level" : "restless",
      "seconds" : 60
    },{
      "dateTime" : "2018-08-13T01:51:30.000",
      "level" : "asleep",
      "seconds" : 6180
    },{
      "dateTime" : "2018-08-13T03:34:30.000",
      "level" : "restless",
      "seconds" : 60
    },{
      "dateTime" : "2018-08-13T03:35:30.000",
      "level" : "asleep",
      "seconds" : 1800
    },{
      "dateTime" : "2018-08-13T04:05:30.000",
      "level" : "restless",
      "seconds" : 60
    },{
      "dateTime" : "2018-08-13T04:06:30.000",
      "level" : "asleep",
      "seconds" : 120
    },{
      "dateTime" : "2018-08-13T04:08:30.000",
      "level" : "restless",
      "seconds" : 60
    },{
      "dateTime" : "2018-08-13T04:09:30.000",
      "level" : "asleep",
      "seconds" : 1680
    },{
      "dateTime" : "2018-08-13T04:37:30.000",
      "level" : "restless",
      "seconds" : 60
    },{
      "dateTime" : "2018-08-13T04:38:30.000",
      "level" : "asleep",
      "seconds" : 4500
    },{
      "dateTime" : "2018-08-13T05:53:30.000",
      "level" : "restless",
      "seconds" : 60
    },{
      "dateTime" : "2018-08-13T05:54:30.000",
      "level" : "asleep",
      "seconds" : 120
    },{
      "dateTime" : "2018-08-13T05:56:30.000",
      "level" : "restless",
      "seconds" : 60
    },{
      "dateTime" : "2018-08-13T05:57:30.000",
      "level" : "asleep",
      "seconds" : 780
    },{
      "dateTime" : "2018-08-13T06:10:30.000",
      "level" : "restless",
      "seconds" : 180
    },{
      "dateTime" : "2018-08-13T06:13:30.000",
      "level" : "asleep",
      "seconds" : 2280
    }]
  }
},{
  "logId" : 19184227352,
  "dateOfSleep" : "2018-08-12",
  "startTime" : "2018-08-12T01:20:30.000",
  "endTime" : "2018-08-12T09:56:00.000",
  "duration" : 30900000,
  "minutesToFallAsleep" : 0,
  "minutesAsleep" : 467,
  "minutesAwake" : 48,
  "minutesAfterWakeup" : 0,
  "timeInBed" : 515,
  "efficiency" : 91,
  "type" : "classic",
  "infoCode" : 0,
  "levels" : {
    "summary" : {
      "restless" : {
        "count" : 16,
        "minutes" : 34
      },
      "awake" : {
        "count" : 2,
        "minutes" : 14
      },
      "asleep" : {
        "count" : 0,
        "minutes" : 467
      }
    },
    "data" : [{
      "dateTime" : "2018-08-12T01:20:30.000",
      "level" : "asleep",
      "seconds" : 180
    },{
      "dateTime" : "2018-08-12T01:23:30.000",
      "level" : "restless",
      "seconds" : 120
    },{
      "dateTime" : "2018-08-12T01:25:30.000",
      "level" : "asleep",
      "seconds" : 10980
    },{
      "dateTime" : "2018-08-12T04:28:30.000",
      "level" : "restless",
      "seconds" : 60
    },{
      "dateTime" : "2018-08-12T04:29:30.000",
      "level" : "asleep",
      "seconds" : 3000
    },{
      "dateTime" : "2018-08-12T05:19:30.000",
      "level" : "restless",
      "seconds" : 60
    },{
      "dateTime" : "2018-08-12T05:20:30.000",
      "level" : "asleep",
      "seconds" : 4740
    },{
      "dateTime" : "2018-08-12T06:39:30.000",
      "level" : "restless",
      "seconds" : 60
    },{
      "dateTime" : "2018-08-12T06:40:30.000",
      "level" : "asleep",
      "seconds" : 240
    },{
      "dateTime" : "2018-08-12T06:44:30.000",
      "level" : "restless",
      "seconds" : 60
    },{
      "dateTime" : "2018-08-12T06:45:30.000",
      "level" : "asleep",
      "seconds" : 2460
    },{
      "dateTime" : "2018-08-12T07:26:30.000",
      "level" : "restless",
      "seconds" : 120
    },{
      "dateTime" : "2018-08-12T07:28:30.000",
      "level" : "awake",
      "seconds" : 780
    },{
      "dateTime" : "2018-08-12T07:41:30.000",
      "level" : "restless",
      "seconds" : 60
    },{
      "dateTime" : "2018-08-12T07:42:30.000",
      "level" : "asleep",
      "seconds" : 480
    },{
      "dateTime" : "2018-08-12T07:50:30.000",
      "level" : "restless",
      "seconds" : 360
    },{
      "dateTime" : "2018-08-12T07:56:30.000",
      "level" : "asleep",
      "seconds" : 300
    },{
      "dateTime" : "2018-08-12T08:01:30.000",
      "level" : "restless",
      "seconds" : 240
    },{
      "dateTime" : "2018-08-12T08:05:30.000",
      "level" : "awake",
      "seconds" : 60
    },{
      "dateTime" : "2018-08-12T08:06:30.000",
      "level" : "restless",
      "seconds" : 180
    },{
      "dateTime" : "2018-08-12T08:09:30.000",
      "level" : "asleep",
      "seconds" : 120
    },{
      "dateTime" : "2018-08-12T08:11:30.000",
      "level" : "restless",
      "seconds" : 180
    },{
      "dateTime" : "2018-08-12T08:14:30.000",
      "level" : "asleep",
      "seconds" : 60
    },{
      "dateTime" : "2018-08-12T08:15:30.000",
      "level" : "restless",
      "seconds" : 240
    },{
      "dateTime" : "2018-08-12T08:19:30.000",
      "level" : "asleep",
      "seconds" : 1680
    },{
      "dateTime" : "2018-08-12T08:47:30.000",
      "level" : "restless",
      "seconds" : 60
    },{
      "dateTime" : "2018-08-12T08:48:30.000",
      "level" : "asleep",
      "seconds" : 120
    },{
      "dateTime" : "2018-08-12T08:50:30.000",
      "level" : "restless",
      "seconds" : 60
    },{
      "dateTime" : "2018-08-12T08:51:30.000",
      "level" : "asleep",
      "seconds" : 3540
    },{
      "dateTime" : "2018-08-12T09:50:30.000",
      "level" : "restless",
      "seconds" : 120
    },{
      "dateTime" : "2018-08-12T09:52:30.000",
      "level" : "asleep",
      "seconds" : 60
    },{
      "dateTime" : "2018-08-12T09:53:30.000",
      "level" : "restless",
      "seconds" : 60
    },{
      "dateTime" : "2018-08-12T09:54:30.000",
      "level" : "asleep",
      "seconds" : 60
    }]
  }
},{
  "logId" : 19184227351,
  "dateOfSleep" : "2018-08-11",
  "startTime" : "2018-08-11T02:11:30.000",
  "endTime" : "2018-08-11T07:09:00.000",
  "duration" : 17820000,
  "minutesToFallAsleep" : 0,
  "minutesAsleep" : 284,
  "minutesAwake" : 13,
  "minutesAfterWakeup" : 0,
  "timeInBed" : 297,
  "efficiency" : 96,
  "type" : "classic",
  "infoCode" : 0,
  "levels" : {
    "summary" : {
      "restless" : {
        "count" : 7,
        "minutes" : 13
      },
      "awake" : {
        "count" : 0,
        "minutes" : 0
      },
      "asleep" : {
        "count" : 0,
        "minutes" : 284
      }
    },
    "data" : [{
      "dateTime" : "2018-08-11T02:11:30.000",
      "level" : "asleep",
      "seconds" : 180
    },{
      "dateTime" : "2018-08-11T02:14:30.000",
      "level" : "restless",
      "seconds" : 240
    },{
      "dateTime" : "2018-08-11T02:18:30.000",
      "level" : "asleep",
      "seconds" : 3720
    },{
      "dateTime" : "2018-08-11T03:20:30.000",
      "level" : "restless",
      "seconds" : 120
    },{
      "dateTime" : "2018-08-11T03:22:30.000",
      "level" : "asleep",
      "seconds" : 1740
    },{
      "dateTime" : "2018-08-11T03:51:30.000",
      "level" : "restless",
      "seconds" : 60
    },{
      "dateTime" : "2018-08-11T03:52:30.000",
      "level" : "asleep",
      "seconds" : 6780
    },{
      "dateTime" : "2018-08-11T05:45:30.000",
      "level" : "restless",
      "seconds" : 60
    },{
      "dateTime" : "2018-08-11T05:46:30.000",
      "level" : "asleep",
      "seconds" : 3480
    },{
      "dateTime" : "2018-08-11T06:44:30.000",
      "level" : "restless",
      "seconds" : 60
    },{
      "dateTime" : "2018-08-11T06:45:30.000",
      "level" : "asleep",
      "seconds" : 720
    },{
      "dateTime" : "2018-08-11T06:57:30.000",
      "level" : "restless",
      "seconds" : 120
    },{
      "dateTime" : "2018-08-11T06:59:30.000",
      "level" : "asleep",
      "seconds" : 180
    },{
      "dateTime" : "2018-08-11T07:02:30.000",
      "level" : "restless",
      "seconds" : 120
    },{
      "dateTime" : "2018-08-11T07:04:30.000",
      "level" : "asleep",
      "seconds" : 240
    }]
  }
},{
  "logId" : 19141178060,
  "dateOfSleep" : "2018-08-10",
  "startTime" : "2018-08-09T23:48:30.000",
  "endTime" : "2018-08-10T07:11:30.000",
  "duration" : 26580000,
  "minutesToFallAsleep" : 0,
  "minutesAsleep" : 395,
  "minutesAwake" : 48,
  "minutesAfterWakeup" : 0,
  "timeInBed" : 443,
  "efficiency" : 89,
  "type" : "classic",
  "infoCode" : 0,
  "levels" : {
    "summary" : {
      "restless" : {
        "count" : 24,
        "minutes" : 47
      },
      "awake" : {
        "count" : 1,
        "minutes" : 1
      },
      "asleep" : {
        "count" : 0,
        "minutes" : 395
      }
    },
    "data" : [{
      "dateTime" : "2018-08-09T23:48:30.000",
      "level" : "restless",
      "seconds" : 60
    },{
      "dateTime" : "2018-08-09T23:49:30.000",
      "level" : "asleep",
      "seconds" : 4080
    },{
      "dateTime" : "2018-08-10T00:57:30.000",
      "level" : "restless",
      "seconds" : 60
    },{
      "dateTime" : "2018-08-10T00:58:30.000",
      "level" : "asleep",
      "seconds" : 3900
    },{
      "dateTime" : "2018-08-10T02:03:30.000",
      "level" : "restless",
      "seconds" : 60
    },{
      "dateTime" : "2018-08-10T02:04:30.000",
      "level" : "asleep",
      "seconds" : 1500
    },{
      "dateTime" : "2018-08-10T02:29:30.000",
      "level" : "restless",
      "seconds" : 60
    },{
      "dateTime" : "2018-08-10T02:30:30.000",
      "level" : "asleep",
      "seconds" : 1080
    },{
      "dateTime" : "2018-08-10T02:48:30.000",
      "level" : "restless",
      "seconds" : 60
    },{
      "dateTime" : "2018-08-10T02:49:30.000",
      "level" : "asleep",
      "seconds" : 60
    },{
      "dateTime" : "2018-08-10T02:50:30.000",
      "level" : "restless",
      "seconds" : 180
    },{
      "dateTime" : "2018-08-10T02:53:30.000",
      "level" : "asleep",
      "seconds" : 120
    },{
      "dateTime" : "2018-08-10T02:55:30.000",
      "level" : "restless",
      "seconds" : 120
    },{
      "dateTime" : "2018-08-10T02:57:30.000",
      "level" : "asleep",
      "seconds" : 900
    },{
      "dateTime" : "2018-08-10T03:12:30.000",
      "level" : "restless",
      "seconds" : 120
    },{
      "dateTime" : "2018-08-10T03:14:30.000",
      "level" : "asleep",
      "seconds" : 120
    },{
      "dateTime" : "2018-08-10T03:16:30.000",
      "level" : "restless",
      "seconds" : 60
    },{
      "dateTime" : "2018-08-10T03:17:30.000",
      "level" : "asleep",
      "seconds" : 420
    },{
      "dateTime" : "2018-08-10T03:24:30.000",
      "level" : "restless",
      "seconds" : 120
    },{
      "dateTime" : "2018-08-10T03:26:30.000",
      "level" : "asleep",
      "seconds" : 60
    },{
      "dateTime" : "2018-08-10T03:27:30.000",
      "level" : "restless",
      "seconds" : 180
    },{
      "dateTime" : "2018-08-10T03:30:30.000",
      "level" : "asleep",
      "seconds" : 960
    },{
      "dateTime" : "2018-08-10T03:46:30.000",
      "level" : "restless",
      "seconds" : 60
    },{
      "dateTime" : "2018-08-10T03:47:30.000",
      "level" : "asleep",
      "seconds" : 540
    },{
      "dateTime" : "2018-08-10T03:56:30.000",
      "level" : "restless",
      "seconds" : 180
    },{
      "dateTime" : "2018-08-10T03:59:30.000",
      "level" : "asleep",
      "seconds" : 1800
    },{
      "dateTime" : "2018-08-10T04:29:30.000",
      "level" : "restless",
      "seconds" : 60
    },{
      "dateTime" : "2018-08-10T04:30:30.000",
      "level" : "asleep",
      "seconds" : 60
    },{
      "dateTime" : "2018-08-10T04:31:30.000",
      "level" : "restless",
      "seconds" : 60
    },{
      "dateTime" : "2018-08-10T04:32:30.000",
      "level" : "asleep",
      "seconds" : 60
    },{
      "dateTime" : "2018-08-10T04:33:30.000",
      "level" : "restless",
      "seconds" : 60
    },{
      "dateTime" : "2018-08-10T04:34:30.000",
      "level" : "asleep",
      "seconds" : 480
    },{
      "dateTime" : "2018-08-10T04:42:30.000",
      "level" : "restless",
      "seconds" : 120
    },{
      "dateTime" : "2018-08-10T04:44:30.000",
      "level" : "asleep",
      "seconds" : 420
    },{
      "dateTime" : "2018-08-10T04:51:30.000",
      "level" : "restless",
      "seconds" : 60
    },{
      "dateTime" : "2018-08-10T04:52:30.000",
      "level" : "asleep",
      "seconds" : 180
    },{
      "dateTime" : "2018-08-10T04:55:30.000",
      "level" : "restless",
      "seconds" : 60
    },{
      "dateTime" : "2018-08-10T04:56:30.000",
      "level" : "asleep",
      "seconds" : 3480
    },{
      "dateTime" : "2018-08-10T05:54:30.000",
      "level" : "restless",
      "seconds" : 60
    },{
      "dateTime" : "2018-08-10T05:55:30.000",
      "level" : "asleep",
      "seconds" : 60
    },{
      "dateTime" : "2018-08-10T05:56:30.000",
      "level" : "restless",
      "seconds" : 240
    },{
      "dateTime" : "2018-08-10T06:00:30.000",
      "level" : "asleep",
      "seconds" : 1800
    },{
      "dateTime" : "2018-08-10T06:30:30.000",
      "level" : "restless",
      "seconds" : 120
    },{
      "dateTime" : "2018-08-10T06:32:30.000",
      "level" : "asleep",
      "seconds" : 1560
    },{
      "dateTime" : "2018-08-10T06:58:30.000",
      "level" : "restless",
      "seconds" : 540
    },{
      "dateTime" : "2018-08-10T07:07:30.000",
      "level" : "awake",
      "seconds" : 60
    },{
      "dateTime" : "2018-08-10T07:08:30.000",
      "level" : "restless",
      "seconds" : 180
    }]
  }
},{
  "logId" : 19141178059,
  "dateOfSleep" : "2018-08-09",
  "startTime" : "2018-08-08T23:13:00.000",
  "endTime" : "2018-08-09T06:53:30.000",
  "duration" : 27600000,
  "minutesToFallAsleep" : 0,
  "minutesAsleep" : 422,
  "minutesAwake" : 38,
  "minutesAfterWakeup" : 0,
  "timeInBed" : 460,
  "efficiency" : 92,
  "type" : "classic",
  "infoCode" : 0,
  "levels" : {
    "summary" : {
      "restless" : {
        "count" : 10,
        "minutes" : 38
      },
      "awake" : {
        "count" : 0,
        "minutes" : 0
      },
      "asleep" : {
        "count" : 0,
        "minutes" : 422
      }
    },
    "data" : [{
      "dateTime" : "2018-08-08T23:13:00.000",
      "level" : "asleep",
      "seconds" : 4260
    },{
      "dateTime" : "2018-08-09T00:24:00.000",
      "level" : "restless",
      "seconds" : 180
    },{
      "dateTime" : "2018-08-09T00:27:00.000",
      "level" : "asleep",
      "seconds" : 1740
    },{
      "dateTime" : "2018-08-09T00:56:00.000",
      "level" : "restless",
      "seconds" : 120
    },{
      "dateTime" : "2018-08-09T00:58:00.000",
      "level" : "asleep",
      "seconds" : 780
    },{
      "dateTime" : "2018-08-09T01:11:00.000",
      "level" : "restless",
      "seconds" : 300
    },{
      "dateTime" : "2018-08-09T01:16:00.000",
      "level" : "asleep",
      "seconds" : 1980
    },{
      "dateTime" : "2018-08-09T01:49:00.000",
      "level" : "restless",
      "seconds" : 120
    },{
      "dateTime" : "2018-08-09T01:51:00.000",
      "level" : "asleep",
      "seconds" : 2820
    },{
      "dateTime" : "2018-08-09T02:38:00.000",
      "level" : "restless",
      "seconds" : 180
    },{
      "dateTime" : "2018-08-09T02:41:00.000",
      "level" : "asleep",
      "seconds" : 4320
    },{
      "dateTime" : "2018-08-09T03:53:00.000",
      "level" : "restless",
      "seconds" : 180
    },{
      "dateTime" : "2018-08-09T03:56:00.000",
      "level" : "asleep",
      "seconds" : 5460
    },{
      "dateTime" : "2018-08-09T05:27:00.000",
      "level" : "restless",
      "seconds" : 240
    },{
      "dateTime" : "2018-08-09T05:31:00.000",
      "level" : "asleep",
      "seconds" : 1860
    },{
      "dateTime" : "2018-08-09T06:02:00.000",
      "level" : "restless",
      "seconds" : 720
    },{
      "dateTime" : "2018-08-09T06:14:00.000",
      "level" : "asleep",
      "seconds" : 420
    },{
      "dateTime" : "2018-08-09T06:21:00.000",
      "level" : "restless",
      "seconds" : 120
    },{
      "dateTime" : "2018-08-09T06:23:00.000",
      "level" : "asleep",
      "seconds" : 540
    },{
      "dateTime" : "2018-08-09T06:32:00.000",
      "level" : "restless",
      "seconds" : 120
    },{
      "dateTime" : "2018-08-09T06:34:00.000",
      "level" : "asleep",
      "seconds" : 1140
    }]
  }
},{
  "logId" : 19123967906,
  "dateOfSleep" : "2018-08-08",
  "startTime" : "2018-08-07T23:42:00.000",
  "endTime" : "2018-08-08T06:52:30.000",
  "duration" : 25800000,
  "minutesToFallAsleep" : 0,
  "minutesAsleep" : 390,
  "minutesAwake" : 39,
  "minutesAfterWakeup" : 1,
  "timeInBed" : 430,
  "efficiency" : 91,
  "type" : "classic",
  "infoCode" : 0,
  "levels" : {
    "summary" : {
      "restless" : {
        "count" : 26,
        "minutes" : 39
      },
      "awake" : {
        "count" : 1,
        "minutes" : 1
      },
      "asleep" : {
        "count" : 0,
        "minutes" : 390
      }
    },
    "data" : [{
      "dateTime" : "2018-08-07T23:42:00.000",
      "level" : "asleep",
      "seconds" : 2520
    },{
      "dateTime" : "2018-08-08T00:24:00.000",
      "level" : "restless",
      "seconds" : 120
    },{
      "dateTime" : "2018-08-08T00:26:00.000",
      "level" : "asleep",
      "seconds" : 240
    },{
      "dateTime" : "2018-08-08T00:30:00.000",
      "level" : "restless",
      "seconds" : 60
    },{
      "dateTime" : "2018-08-08T00:31:00.000",
      "level" : "asleep",
      "seconds" : 600
    },{
      "dateTime" : "2018-08-08T00:41:00.000",
      "level" : "restless",
      "seconds" : 60
    },{
      "dateTime" : "2018-08-08T00:42:00.000",
      "level" : "asleep",
      "seconds" : 60
    },{
      "dateTime" : "2018-08-08T00:43:00.000",
      "level" : "restless",
      "seconds" : 120
    },{
      "dateTime" : "2018-08-08T00:45:00.000",
      "level" : "awake",
      "seconds" : 60
    },{
      "dateTime" : "2018-08-08T00:46:00.000",
      "level" : "asleep",
      "seconds" : 1080
    },{
      "dateTime" : "2018-08-08T01:04:00.000",
      "level" : "restless",
      "seconds" : 120
    },{
      "dateTime" : "2018-08-08T01:06:00.000",
      "level" : "asleep",
      "seconds" : 120
    },{
      "dateTime" : "2018-08-08T01:08:00.000",
      "level" : "restless",
      "seconds" : 60
    },{
      "dateTime" : "2018-08-08T01:09:00.000",
      "level" : "asleep",
      "seconds" : 540
    },{
      "dateTime" : "2018-08-08T01:18:00.000",
      "level" : "restless",
      "seconds" : 120
    },{
      "dateTime" : "2018-08-08T01:20:00.000",
      "level" : "asleep",
      "seconds" : 660
    },{
      "dateTime" : "2018-08-08T01:31:00.000",
      "level" : "restless",
      "seconds" : 60
    },{
      "dateTime" : "2018-08-08T01:32:00.000",
      "level" : "asleep",
      "seconds" : 540
    },{
      "dateTime" : "2018-08-08T01:41:00.000",
      "level" : "restless",
      "seconds" : 60
    },{
      "dateTime" : "2018-08-08T01:42:00.000",
      "level" : "asleep",
      "seconds" : 60
    },{
      "dateTime" : "2018-08-08T01:43:00.000",
      "level" : "restless",
      "seconds" : 60
    },{
      "dateTime" : "2018-08-08T01:44:00.000",
      "level" : "asleep",
      "seconds" : 1260
    },{
      "dateTime" : "2018-08-08T02:05:00.000",
      "level" : "restless",
      "seconds" : 120
    },{
      "dateTime" : "2018-08-08T02:07:00.000",
      "level" : "asleep",
      "seconds" : 1200
    },{
      "dateTime" : "2018-08-08T02:27:00.000",
      "level" : "restless",
      "seconds" : 120
    },{
      "dateTime" : "2018-08-08T02:29:00.000",
      "level" : "asleep",
      "seconds" : 600
    },{
      "dateTime" : "2018-08-08T02:39:00.000",
      "level" : "restless",
      "seconds" : 180
    },{
      "dateTime" : "2018-08-08T02:42:00.000",
      "level" : "asleep",
      "seconds" : 1020
    },{
      "dateTime" : "2018-08-08T02:59:00.000",
      "level" : "restless",
      "seconds" : 60
    },{
      "dateTime" : "2018-08-08T03:00:00.000",
      "level" : "asleep",
      "seconds" : 1200
    },{
      "dateTime" : "2018-08-08T03:20:00.000",
      "level" : "restless",
      "seconds" : 60
    },{
      "dateTime" : "2018-08-08T03:21:00.000",
      "level" : "asleep",
      "seconds" : 2700
    },{
      "dateTime" : "2018-08-08T04:06:00.000",
      "level" : "restless",
      "seconds" : 60
    },{
      "dateTime" : "2018-08-08T04:07:00.000",
      "level" : "asleep",
      "seconds" : 1020
    },{
      "dateTime" : "2018-08-08T04:24:00.000",
      "level" : "restless",
      "seconds" : 120
    },{
      "dateTime" : "2018-08-08T04:26:00.000",
      "level" : "asleep",
      "seconds" : 540
    },{
      "dateTime" : "2018-08-08T04:35:00.000",
      "level" : "restless",
      "seconds" : 180
    },{
      "dateTime" : "2018-08-08T04:38:00.000",
      "level" : "asleep",
      "seconds" : 60
    },{
      "dateTime" : "2018-08-08T04:39:00.000",
      "level" : "restless",
      "seconds" : 60
    },{
      "dateTime" : "2018-08-08T04:40:00.000",
      "level" : "asleep",
      "seconds" : 720
    },{
      "dateTime" : "2018-08-08T04:52:00.000",
      "level" : "restless",
      "seconds" : 60
    },{
      "dateTime" : "2018-08-08T04:53:00.000",
      "level" : "asleep",
      "seconds" : 120
    },{
      "dateTime" : "2018-08-08T04:55:00.000",
      "level" : "restless",
      "seconds" : 60
    },{
      "dateTime" : "2018-08-08T04:56:00.000",
      "level" : "asleep",
      "seconds" : 3000
    },{
      "dateTime" : "2018-08-08T05:46:00.000",
      "level" : "restless",
      "seconds" : 60
    },{
      "dateTime" : "2018-08-08T05:47:00.000",
      "level" : "asleep",
      "seconds" : 900
    },{
      "dateTime" : "2018-08-08T06:02:00.000",
      "level" : "restless",
      "seconds" : 180
    },{
      "dateTime" : "2018-08-08T06:05:00.000",
      "level" : "asleep",
      "seconds" : 60
    },{
      "dateTime" : "2018-08-08T06:06:00.000",
      "level" : "restless",
      "seconds" : 60
    },{
      "dateTime" : "2018-08-08T06:07:00.000",
      "level" : "asleep",
      "seconds" : 480
    },{
      "dateTime" : "2018-08-08T06:15:00.000",
      "level" : "restless",
      "seconds" : 60
    },{
      "dateTime" : "2018-08-08T06:16:00.000",
      "level" : "asleep",
      "seconds" : 2100
    },{
      "dateTime" : "2018-08-08T06:51:00.000",
      "level" : "restless",
      "seconds" : 60
    }]
  }
}]