[{
  "dateTime" : "06/09/18 00:00:00",
  "value" : "75"
},{
  "dateTime" : "06/10/18 00:00:00",
  "value" : "57"
},{
  "dateTime" : "06/11/18 00:00:00",
  "value" : "24"
},{
  "dateTime" : "06/12/18 00:00:00",
  "value" : "56"
},{
  "dateTime" : "06/13/18 00:00:00",
  "value" : "47"
},{
  "dateTime" : "06/14/18 00:00:00",
  "value" : "69"
},{
  "dateTime" : "06/15/18 00:00:00",
  "value" : "124"
},{
  "dateTime" : "06/16/18 00:00:00",
  "value" : "94"
},{
  "dateTime" : "06/17/18 00:00:00",
  "value" : "28"
},{
  "dateTime" : "06/18/18 00:00:00",
  "value" : "54"
},{
  "dateTime" : "06/19/18 00:00:00",
  "value" : "0"
},{
  "dateTime" : "06/20/18 00:00:00",
  "value" : "48"
},{
  "dateTime" : "06/21/18 00:00:00",
  "value" : "88"
},{
  "dateTime" : "06/22/18 00:00:00",
  "value" : "0"
},{
  "dateTime" : "06/23/18 00:00:00",
  "value" : "109"
},{
  "dateTime" : "06/24/18 00:00:00",
  "value" : "54"
},{
  "dateTime" : "06/25/18 00:00:00",
  "value" : "51"
},{
  "dateTime" : "06/26/18 00:00:00",
  "value" : "63"
},{
  "dateTime" : "06/27/18 00:00:00",
  "value" : "0"
},{
  "dateTime" : "06/28/18 00:00:00",
  "value" : "60"
},{
  "dateTime" : "06/29/18 00:00:00",
  "value" : "32"
},{
  "dateTime" : "06/30/18 00:00:00",
  "value" : "136"
},{
  "dateTime" : "07/01/18 00:00:00",
  "value" : "177"
},{
  "dateTime" : "07/02/18 00:00:00",
  "value" : "24"
},{
  "dateTime" : "07/03/18 00:00:00",
  "value" : "19"
},{
  "dateTime" : "07/04/18 00:00:00",
  "value" : "61"
},{
  "dateTime" : "07/05/18 00:00:00",
  "value" : "0"
},{
  "dateTime" : "07/06/18 00:00:00",
  "value" : "19"
},{
  "dateTime" : "07/07/18 00:00:00",
  "value" : "38"
},{
  "dateTime" : "07/08/18 00:00:00",
  "value" : "33"
}]