[{
  "dateTime" : "03/11/18 00:00:00",
  "value" : "56"
},{
  "dateTime" : "03/12/18 00:00:00",
  "value" : "16"
},{
  "dateTime" : "03/13/18 00:00:00",
  "value" : "0"
},{
  "dateTime" : "03/14/18 00:00:00",
  "value" : "63"
},{
  "dateTime" : "03/15/18 00:00:00",
  "value" : "60"
},{
  "dateTime" : "03/16/18 00:00:00",
  "value" : "53"
},{
  "dateTime" : "03/17/18 00:00:00",
  "value" : "31"
},{
  "dateTime" : "03/18/18 00:00:00",
  "value" : "67"
},{
  "dateTime" : "03/19/18 00:00:00",
  "value" : "94"
},{
  "dateTime" : "03/20/18 00:00:00",
  "value" : "31"
},{
  "dateTime" : "03/21/18 00:00:00",
  "value" : "61"
},{
  "dateTime" : "03/22/18 00:00:00",
  "value" : "85"
},{
  "dateTime" : "03/23/18 00:00:00",
  "value" : "78"
},{
  "dateTime" : "03/24/18 00:00:00",
  "value" : "201"
},{
  "dateTime" : "03/25/18 00:00:00",
  "value" : "171"
},{
  "dateTime" : "03/26/18 00:00:00",
  "value" : "74"
},{
  "dateTime" : "03/27/18 00:00:00",
  "value" : "70"
},{
  "dateTime" : "03/28/18 00:00:00",
  "value" : "102"
},{
  "dateTime" : "03/29/18 00:00:00",
  "value" : "41"
},{
  "dateTime" : "03/30/18 00:00:00",
  "value" : "58"
},{
  "dateTime" : "03/31/18 00:00:00",
  "value" : "95"
},{
  "dateTime" : "04/01/18 00:00:00",
  "value" : "64"
},{
  "dateTime" : "04/02/18 00:00:00",
  "value" : "81"
},{
  "dateTime" : "04/03/18 00:00:00",
  "value" : "81"
},{
  "dateTime" : "04/04/18 00:00:00",
  "value" : "77"
},{
  "dateTime" : "04/05/18 00:00:00",
  "value" : "54"
},{
  "dateTime" : "04/06/18 00:00:00",
  "value" : "46"
},{
  "dateTime" : "04/07/18 00:00:00",
  "value" : "58"
},{
  "dateTime" : "04/08/18 00:00:00",
  "value" : "97"
},{
  "dateTime" : "04/09/18 00:00:00",
  "value" : "33"
}]