[{
  "dateTime" : "07/09/18 00:00:00",
  "value" : "24"
},{
  "dateTime" : "07/10/18 00:00:00",
  "value" : "61"
},{
  "dateTime" : "07/11/18 00:00:00",
  "value" : "61"
},{
  "dateTime" : "07/12/18 00:00:00",
  "value" : "44"
},{
  "dateTime" : "07/13/18 00:00:00",
  "value" : "6"
},{
  "dateTime" : "07/14/18 00:00:00",
  "value" : "1"
},{
  "dateTime" : "07/15/18 00:00:00",
  "value" : "5"
},{
  "dateTime" : "07/16/18 00:00:00",
  "value" : "18"
},{
  "dateTime" : "07/17/18 00:00:00",
  "value" : "98"
},{
  "dateTime" : "07/18/18 00:00:00",
  "value" : "0"
},{
  "dateTime" : "07/19/18 00:00:00",
  "value" : "57"
},{
  "dateTime" : "07/20/18 00:00:00",
  "value" : "31"
},{
  "dateTime" : "07/21/18 00:00:00",
  "value" : "32"
},{
  "dateTime" : "07/22/18 00:00:00",
  "value" : "1"
},{
  "dateTime" : "07/23/18 00:00:00",
  "value" : "56"
},{
  "dateTime" : "07/24/18 00:00:00",
  "value" : "29"
},{
  "dateTime" : "07/25/18 00:00:00",
  "value" : "9"
},{
  "dateTime" : "07/26/18 00:00:00",
  "value" : "22"
},{
  "dateTime" : "07/27/18 00:00:00",
  "value" : "0"
},{
  "dateTime" : "07/28/18 00:00:00",
  "value" : "109"
},{
  "dateTime" : "07/29/18 00:00:00",
  "value" : "74"
},{
  "dateTime" : "07/30/18 00:00:00",
  "value" : "54"
},{
  "dateTime" : "07/31/18 00:00:00",
  "value" : "0"
},{
  "dateTime" : "08/01/18 00:00:00",
  "value" : "46"
},{
  "dateTime" : "08/02/18 00:00:00",
  "value" : "35"
},{
  "dateTime" : "08/03/18 00:00:00",
  "value" : "32"
},{
  "dateTime" : "08/04/18 00:00:00",
  "value" : "45"
},{
  "dateTime" : "08/05/18 00:00:00",
  "value" : "68"
},{
  "dateTime" : "08/06/18 00:00:00",
  "value" : "55"
},{
  "dateTime" : "08/07/18 00:00:00",
  "value" : "22"
}]