[{
  "dateTime" : "02/04/19 00:00:00",
  "value" : "34"
},{
  "dateTime" : "02/05/19 00:00:00",
  "value" : "68"
},{
  "dateTime" : "02/06/19 00:00:00",
  "value" : "61"
},{
  "dateTime" : "02/07/19 00:00:00",
  "value" : "46"
},{
  "dateTime" : "02/08/19 00:00:00",
  "value" : "35"
},{
  "dateTime" : "02/09/19 00:00:00",
  "value" : "0"
},{
  "dateTime" : "02/10/19 00:00:00",
  "value" : "24"
},{
  "dateTime" : "02/11/19 00:00:00",
  "value" : "35"
},{
  "dateTime" : "02/12/19 00:00:00",
  "value" : "37"
},{
  "dateTime" : "02/13/19 00:00:00",
  "value" : "31"
},{
  "dateTime" : "02/14/19 00:00:00",
  "value" : "16"
},{
  "dateTime" : "02/15/19 00:00:00",
  "value" : "87"
},{
  "dateTime" : "02/16/19 00:00:00",
  "value" : "26"
},{
  "dateTime" : "02/17/19 00:00:00",
  "value" : "42"
},{
  "dateTime" : "02/18/19 00:00:00",
  "value" : "0"
},{
  "dateTime" : "02/19/19 00:00:00",
  "value" : "37"
},{
  "dateTime" : "02/20/19 00:00:00",
  "value" : "47"
},{
  "dateTime" : "02/21/19 00:00:00",
  "value" : "64"
},{
  "dateTime" : "02/22/19 00:00:00",
  "value" : "31"
},{
  "dateTime" : "02/23/19 00:00:00",
  "value" : "79"
},{
  "dateTime" : "02/24/19 00:00:00",
  "value" : "9"
},{
  "dateTime" : "02/25/19 00:00:00",
  "value" : "13"
},{
  "dateTime" : "02/26/19 00:00:00",
  "value" : "0"
},{
  "dateTime" : "02/27/19 00:00:00",
  "value" : "0"
},{
  "dateTime" : "02/28/19 00:00:00",
  "value" : "0"
},{
  "dateTime" : "03/01/19 00:00:00",
  "value" : "0"
},{
  "dateTime" : "03/02/19 00:00:00",
  "value" : "0"
},{
  "dateTime" : "03/03/19 00:00:00",
  "value" : "0"
},{
  "dateTime" : "03/04/19 00:00:00",
  "value" : "0"
},{
  "dateTime" : "03/05/19 00:00:00",
  "value" : "0"
}]