[{
  "dateTime" : "04/10/18 00:00:00",
  "value" : "53"
},{
  "dateTime" : "04/11/18 00:00:00",
  "value" : "82"
},{
  "dateTime" : "04/12/18 00:00:00",
  "value" : "48"
},{
  "dateTime" : "04/13/18 00:00:00",
  "value" : "45"
},{
  "dateTime" : "04/14/18 00:00:00",
  "value" : "136"
},{
  "dateTime" : "04/15/18 00:00:00",
  "value" : "39"
},{
  "dateTime" : "04/16/18 00:00:00",
  "value" : "32"
},{
  "dateTime" : "04/17/18 00:00:00",
  "value" : "40"
},{
  "dateTime" : "04/18/18 00:00:00",
  "value" : "61"
},{
  "dateTime" : "04/19/18 00:00:00",
  "value" : "43"
},{
  "dateTime" : "04/20/18 00:00:00",
  "value" : "0"
},{
  "dateTime" : "04/21/18 00:00:00",
  "value" : "13"
},{
  "dateTime" : "04/22/18 00:00:00",
  "value" : "53"
},{
  "dateTime" : "04/23/18 00:00:00",
  "value" : "68"
},{
  "dateTime" : "04/24/18 00:00:00",
  "value" : "103"
},{
  "dateTime" : "04/25/18 00:00:00",
  "value" : "39"
},{
  "dateTime" : "04/26/18 00:00:00",
  "value" : "41"
},{
  "dateTime" : "04/27/18 00:00:00",
  "value" : "41"
},{
  "dateTime" : "04/28/18 00:00:00",
  "value" : "64"
},{
  "dateTime" : "04/29/18 00:00:00",
  "value" : "63"
},{
  "dateTime" : "04/30/18 00:00:00",
  "value" : "33"
},{
  "dateTime" : "05/01/18 00:00:00",
  "value" : "50"
},{
  "dateTime" : "05/02/18 00:00:00",
  "value" : "39"
},{
  "dateTime" : "05/03/18 00:00:00",
  "value" : "58"
},{
  "dateTime" : "05/04/18 00:00:00",
  "value" : "35"
},{
  "dateTime" : "05/05/18 00:00:00",
  "value" : "32"
},{
  "dateTime" : "05/06/18 00:00:00",
  "value" : "60"
},{
  "dateTime" : "05/07/18 00:00:00",
  "value" : "80"
},{
  "dateTime" : "05/08/18 00:00:00",
  "value" : "104"
},{
  "dateTime" : "05/09/18 00:00:00",
  "value" : "83"
}]